Omega_m,s,q_BAO,sigma8_0,mu0,Sigma0,kappa_BW
0.3014409901169675,2.720358793946839,30.20265983813637,0.7273475249310095,0.0,-0.279641206053161,1.0
0.29766949678881327,2.577871629086169,30.458489962096795,0.7845785730302063,0.0,-0.42212837091383104,1.0
0.3070217299991215,2.634409820694376,30.37384200142441,0.7702652515274256,0.0,-0.3655901793056242,1.0
0.28218786099012133,2.4956946141834093,30.21625740898826,0.799630385371994,0.0,-0.5043053858165907,1.0
0.3015703571161367,2.6529916547300827,30.401965429376407,0.7753324287762375,0.0,-0.3470083452699173,1.0
0.3036200691009519,2.5349542188076573,30.730856808384313,0.7839123066641595,0.0,-0.46504578119234274,1.0
0.2833257630537527,2.632073945823037,30.055179422287114,0.7624114753471739,0.0,-0.3679260541769631,1.0
0.30807231143019675,2.640790683671981,30.495790323402623,0.7456981763124773,0.0,-0.3592093163280188,1.0
0.2999335371078715,2.6253406863983577,30.428378538084562,0.7677565896595118,0.0,-0.3746593136016423,1.0
0.28928050062178085,2.5948100059892445,30.04493121609673,0.7649409589551264,0.0,-0.4051899940107555,1.0
0.31389482509203154,2.687405287652106,30.521989426598005,0.7516043900636415,0.0,-0.3125947123478938,1.0
0.28595286815286286,2.5947654436089875,29.973784121799426,0.7486755480981062,0.0,-0.40523455639101247,1.0
0.3147043763262319,2.681349900622387,30.46248194199411,0.7854553322422806,0.0,-0.3186500993776131,1.0
0.30438099028373666,2.5844902837012325,30.434925924784995,0.788820559138326,0.0,-0.41550971629876754,1.0
0.3048782140619109,2.5630554523057247,30.64279623435195,0.780614942346805,0.0,-0.43694454769427526,1.0
0.28529771572157925,2.584281126497036,30.06126916674874,0.7542563347696,0.0,-0.4157188735029642,1.0
0.3017429587550908,2.72280746093479,30.2071221795695,0.7269316969742982,0.0,-0.27719253906521013,1.0
0.29766949678881327,2.577871629086169,30.458489962096795,0.7845785730302063,0.0,-0.42212837091383104,1.0
0.31757918787702816,2.693380895609602,30.440834893117962,0.7577814471097263,0.0,-0.3066191043903981,1.0
0.2833685656038995,2.501764717589131,30.228635908520797,0.7970775946805801,0.0,-0.4982352824108691,1.0
0.29867874867875527,2.6449174115649496,30.373804992452637,0.7808995816203241,0.0,-0.35508258843505036,1.0
0.3038982144659177,2.5411667206177437,30.711388749246947,0.7831833393114812,0.0,-0.45883327938225626,1.0
0.2833257630537527,2.632073945823037,30.055179422287114,0.7624114753471739,0.0,-0.3679260541769631,1.0
0.3117796086087351,2.6478283196884775,30.526497099584432,0.7356503373718921,0.0,-0.35217168031152246,1.0
0.2999335371078715,2.6253406863983577,30.428378538084562,0.7677565896595118,0.0,-0.3746593136016423,1.0
0.2960192664073011,2.618282689807777,30.139207750163788,0.7632360645538547,0.0,-0.3817173101922231,1.0
0.3071909261359713,2.668685979177986,30.456702328505838,0.764511265578743,0.0,-0.3313140208220142,1.0
0.28668658077662956,2.600715127296758,29.98462655981349,0.7476651841641215,0.0,-0.39928487270324187,1.0
0.3147043763262319,2.681349900622387,30.46248194199411,0.7854553322422806,0.0,-0.3186500993776131,1.0
0.30085060015621473,2.583523430671184,30.374149192046673,0.7821189615018954,0.0,-0.41647656932881594,1.0
0.3048782140619109,2.5630554523057247,30.64279623435195,0.780614942346805,0.0,-0.43694454769427526,1.0
0.2831805566736854,2.578684210509937,30.06995405456309,0.7485766283996709,0.0,-0.421315789490063,1.0
0.3017429587550908,2.72280746093479,30.2071221795695,0.7269316969742982,0.0,-0.27719253906521013,1.0
0.29766949678881327,2.577871629086169,30.458489962096795,0.7845785730302063,0.0,-0.42212837091383104,1.0
0.31757918787702816,2.693380895609602,30.440834893117962,0.7577814471097263,0.0,-0.3066191043903981,1.0
0.2833981351148159,2.4896670380639456,30.253592940122903,0.804705688996443,0.0,-0.5103329619360544,1.0
0.29867874867875527,2.6449174115649496,30.373804992452637,0.7808995816203241,0.0,-0.35508258843505036,1.0
0.304163838855811,2.5470995608188316,30.692797063092456,0.7824871871094443,0.0,-0.4529004391811684,1.0
0.2895870094444034,2.6084138538064034,30.231230282428385,0.7720877327932971,0.0,-0.39158614619359655,1.0
0.3117796086087351,2.6478283196884775,30.526497099584432,0.7356503373718921,0.0,-0.35217168031152246,1.0
0.2999335371078715,2.6253406863983577,30.428378538084562,0.7677565896595118,0.0,-0.3746593136016423,1.0
0.29806044263347353,2.6253925799122526,30.167764169269063,0.7627196510100738,0.0,-0.3746074200877474,1.0
0.31139951161234797,2.700351726794521,30.492629312494564,0.7574014789851209,0.0,-0.29964827320547904,1.0
0.28668658077662956,2.600715127296758,29.98462655981349,0.7476651841641215,0.0,-0.39928487270324187,1.0
0.3147043763262319,2.681349900622387,30.46248194199411,0.7854553322422806,0.0,-0.3186500993776131,1.0
0.30085060015621473,2.583523430671184,30.374149192046673,0.7821189615018954,0.0,-0.41647656932881594,1.0
0.30513563708507074,2.5688051112926185,30.624778581464543,0.7799402844040623,0.0,-0.43119488870738154,1.0
0.2831805566736854,2.578684210509937,30.06995405456309,0.7485766283996709,0.0,-0.421315789490063,1.0
0.3017429587550908,2.72280746093479,30.2071221795695,0.7269316969742982,0.0,-0.27719253906521013,1.0
0.2979867931495793,2.576368187294261,30.469937586764637,0.784476393450694,0.0,-0.423631812705739,1.0
0.31757918787702816,2.693380895609602,30.440834893117962,0.7577814471097263,0.0,-0.3066191043903981,1.0
0.2833981351148159,2.4896670380639456,30.253592940122903,0.804705688996443,0.0,-0.5103329619360544,1.0
0.29867874867875527,2.6449174115649496,30.373804992452637,0.7808995816203241,0.0,-0.35508258843505036,1.0
0.304163838855811,2.5470995608188316,30.692797063092456,0.7824871871094443,0.0,-0.4529004391811684,1.0
0.280574957544699,2.5722302426662047,30.089905212141602,0.7633531181156713,0.0,-0.4277697573337953,1.0
0.31206012272426975,2.6090656953340043,30.551491752083486,0.719597849955524,0.0,-0.39093430466599566,1.0
0.2999335371078715,2.6253406863983577,30.428378538084562,0.7677565896595118,0.0,-0.3746593136016423,1.0
0.29829767691155745,2.6253860074085833,30.200771933954353,0.7633575977450544,0.0,-0.3746139925914167,1.0
0.31139951161234797,2.700351726794521,30.492629312494564,0.7574014789851209,0.0,-0.29964827320547904,1.0
0.28668658077662956,2.600715127296758,29.98462655981349,0.7476651841641215,0.0,-0.39928487270324187,1.0
0.3122170814226133,2.6741915051521863,30.420060072840972,0.7821004914749051,0.0,-0.3258084948478137,1.0
0.30085060015621473,2.583523430671184,30.374149192046673,0.7821189615018954,0.0,-0.41647656932881594,1.0
0.30513563708507074,2.5688051112926185,30.624778581464543,0.7799402844040623,0.0,-0.43119488870738154,1.0
0.2863217214766434,2.603073019648812,30.093165904218555,0.7449138321485365,0.0,-0.3969269803511879,1.0
0.3017429587550908,2.72280746093479,30.2071221795695,0.7269316969742982,0.0,-0.27719253906521013,1.0
0.29762285436720926,2.5403142500662486,30.52049918768377,0.7863576422989571,0.0,-0.45968574993375144,1.0
0.31757918787702816,2.693380895609602,30.440834893117962,0.7577814471097263,0.0,-0.3066191043903981,1.0
0.2833981351148159,2.4896670380639456,30.253592940122903,0.804705688996443,0.0,-0.5103329619360544,1.0
0.29854501472821743,2.6470038770872413,30.36798860485863,0.782300347037044,0.0,-0.3529961229127587,1.0
0.304163838855811,2.5470995608188316,30.692797063092456,0.7824871871094443,0.0,-0.4529004391811684,1.0
0.280574957544699,2.5722302426662047,30.089905212141602,0.7633531181156713,0.0,-0.4277697573337953,1.0
0.30562720550480144,2.6294865984384406,30.321644463561963,0.7299378256798427,0.0,-0.37051340156155943,1.0
0.300566756010836,2.6154614492728148,30.455918639582205,0.7611240843239643,0.0,-0.38453855072718524,1.0
0.2929315490768444,2.6697881849376297,29.868030324530974,0.7503442408085943,0.0,-0.3302118150623703,1.0
0.31139951161234797,2.700351726794521,30.492629312494564,0.7574014789851209,0.0,-0.29964827320547904,1.0
0.28732321302774705,2.6222136716855355,29.932555554304805,0.7366223302657081,0.0,-0.37778632831446446,1.0
0.3144459447675434,2.7073615562225126,30.35562553686915,0.7827804101649575,0.0,-0.2926384437774874,1.0
0.30082425752389697,2.583463405769812,30.373732433007653,0.7822658875322919,0.0,-0.41653659423018796,1.0
0.29984056599379433,2.584681789461357,30.419002538404175,0.7670632247768562,0.0,-0.41531821053864304,1.0
0.29025048076362164,2.6064897300695242,30.193212567813216,0.7493845955310754,0.0,-0.3935102699304758,1.0
0.30208757338430237,2.724881047206001,30.22038407728619,0.7260160313308909,0.0,-0.2751189527939988,1.0
0.29221219593779485,2.534701486592549,30.37797554256969,0.7895592568316473,0.0,-0.465298513407451,1.0
0.3198734397986375,2.6907929213927937,30.421605820089884,0.7579225131725246,0.0,-0.3092070786072063,1.0
0.28311396051200854,2.488881085199277,30.2475825174205,0.8050097448583327,0.0,-0.5111189148007229,1.0
0.29854501472821743,2.6470038770872413,30.36798860485863,0.782300347037044,0.0,-0.3529961229127587,1.0
0.30349982105173623,2.548954142097599,30.63851307659246,0.7844371210292818,0.0,-0.4510458579024008,1.0
0.2948547052804725,2.6292005652638974,30.201930857583022,0.7715435150423336,0.0,-0.37079943473610255,1.0
0.2975052640327302,2.5945351609825376,30.264655348372422,0.7139834345585266,0.0,-0.40546483901746244,1.0
0.29598332362714147,2.582219064700471,30.401205655116566,0.7726492842660918,0.0,-0.417780935299529,1.0
0.2929315490768444,2.6697881849376297,29.868030324530974,0.7503442408085943,0.0,-0.3302118150623703,1.0
0.30626772150668063,2.656047339558254,30.461964310049314,0.7660023155467415,0.0,-0.343952660441746,1.0
0.2865803507987683,2.6244410609556508,29.903686584014665,0.7348157669443737,0.0,-0.3755589390443492,1.0
0.3144459447675434,2.7073615562225126,30.35562553686915,0.7827804101649575,0.0,-0.2926384437774874,1.0
0.300649227784586,2.556915761310512,30.40547479737557,0.7928080840805232,0.0,-0.443084238689488,1.0
0.29984056599379433,2.584681789461357,30.419002538404175,0.7670632247768562,0.0,-0.41531821053864304,1.0
0.29025048076362164,2.6064897300695242,30.193212567813216,0.7493845955310754,0.0,-0.3935102699304758,1.0
0.30208757338430237,2.724881047206001,30.22038407728619,0.7260160313308909,0.0,-0.2751189527939988,1.0
0.29170787099380213,2.5321616126186473,30.37074771738954,0.7904156939476439,0.0,-0.46783838738135275,1.0
0.3198734397986375,2.6907929213927937,30.421605820089884,0.7579225131725246,0.0,-0.3092070786072063,1.0
0.28783081353809,2.503496134309625,30.336832679631513,0.7999995623681363,0.0,-0.4965038656903751,1.0
0.29925755670788506,2.6484667854930057,30.36977985369951,0.7814859301288812,0.0,-0.35153321450699426,1.0
0.30308887108033455,2.5507728374579672,30.625538751909023,0.7837926438337106,0.0,-0.44922716254203277,1.0
0.2941023787153903,2.6390398885793935,30.18412732817175,0.7878811938805602,0.0,-0.36096011142060647,1.0
0.30094558320920795,2.6170374939301695,30.28564975700819,0.7342112460010405,0.0,-0.3829625060698305,1.0
0.2932741682460084,2.5274045891127597,30.42720789042356,0.7653376952313532,0.0,-0.47259541088724033,1.0
0.29965500440159165,2.671772655566337,30.056281386282972,0.7646199809732624,0.0,-0.32822734443366297,1.0
0.3045066681564429,2.6277548910900888,30.446656373183238,0.773634952980591,0.0,-0.37224510890991125,1.0
0.2865803507987683,2.6244410609556508,29.903686584014665,0.7348157669443737,0.0,-0.3755589390443492,1.0
0.3097703515039523,2.6747582646399826,30.339502548621994,0.7860976379121307,0.0,-0.32524173536001744,1.0
0.2996750219806868,2.550131404881943,30.404657341974037,0.794575944611091,0.0,-0.449868595118057,1.0
0.29984056599379433,2.584681789461357,30.419002538404175,0.7670632247768562,0.0,-0.41531821053864304,1.0
0.29025048076362164,2.6064897300695242,30.193212567813216,0.7493845955310754,0.0,-0.3935102699304758,1.0
0.30208757338430237,2.724881047206001,30.22038407728619,0.7260160313308909,0.0,-0.2751189527939988,1.0
0.28876588818766596,2.5051307441902373,30.397849312507613,0.8083154201603227,0.0,-0.4948692558097627,1.0
0.31454188696076324,2.653664057424714,30.417132117871688,0.767597513866413,0.0,-0.3463359425752861,1.0
0.2814574760456188,2.45600573507784,30.294859210823233,0.8100758407556361,0.0,-0.5439942649221599,1.0
0.29853331788794946,2.6471425002275035,30.34314279846382,0.7788140726986076,0.0,-0.3528574997724965,1.0
0.30308887108033455,2.5507728374579672,30.625538751909023,0.7837926438337106,0.0,-0.44922716254203277,1.0
0.2899008921219449,2.685910581859296,30.009075088540087,0.8046175231356592,0.0,-0.3140894181407039,1.0
0.29848650493728945,2.610413076874602,30.26186936620139,0.728172880913853,0.0,-0.3895869231253979,1.0
0.2932741682460084,2.5274045891127597,30.42720789042356,0.7653376952313532,0.0,-0.47259541088724033,1.0
0.29965500440159165,2.671772655566337,30.056281386282972,0.7646199809732624,0.0,-0.32822734443366297,1.0
0.3045066681564429,2.6277548910900888,30.446656373183238,0.773634952980591,0.0,-0.37224510890991125,1.0
0.28646770758065465,2.6250802888278724,29.89937712426776,0.7343016968593823,0.0,-0.37491971117212763,1.0
0.30589572334188975,2.6401477918988854,30.360102803965546,0.7812215367379388,0.0,-0.3598522081011146,1.0
0.29962725866523116,2.5458228072918763,30.40055802748645,0.7999971521667893,0.0,-0.45417719270812373,1.0
0.29993884136108345,2.5739298270757667,30.427299794614708,0.764632051380428,0.0,-0.4260701729242333,1.0
0.2898986692573784,2.6085935467770884,30.185319482858578,0.7476976342007756,0.0,-0.39140645322291157,1.0
0.30208757338430237,2.724881047206001,30.22038407728619,0.7260160313308909,0.0,-0.2751189527939988,1.0
0.29365273409383663,2.5379786932392996,30.466714716785628,0.80713829659201,0.0,-0.4620213067607004,1.0
0.31454188696076324,2.653664057424714,30.417132117871688,0.767597513866413,0.0,-0.3463359425752861,1.0
0.2814574760456188,2.45600573507784,30.294859210823233,0.8100758407556361,0.0,-0.5439942649221599,1.0
0.29806261209723833,2.6716612150442125,30.314958861180475,0.7835635910709835,0.0,-0.3283387849557875,1.0
0.30308887108033455,2.5507728374579672,30.625538751909023,0.7837926438337106,0.0,-0.44922716254203277,1.0
0.2899008921219449,2.685910581859296,30.009075088540087,0.8046175231356592,0.0,-0.3140894181407039,1.0
0.29919238421099875,2.601265867031926,30.31764647603467,0.7367034577157618,0.0,-0.39873413296807403,1.0
0.2938407585588432,2.5290471887471657,30.42483116458115,0.7684287440362488,0.0,-0.4709528112528343,1.0
0.3005254207940047,2.641101626369864,30.2005767212213,0.769479866810779,0.0,-0.3588983736301361,1.0
0.31027991275079103,2.604767613552018,30.619619711809484,0.761388431108403,0.0,-0.3952323864479821,1.0
0.28646770758065465,2.6250802888278724,29.89937712426776,0.7343016968593823,0.0,-0.37491971117212763,1.0
0.306391122966922,2.629124900632938,30.378278717618585,0.7884031832022219,0.0,-0.370875099367062,1.0
0.29962725866523116,2.5458228072918763,30.40055802748645,0.7999971521667893,0.0,-0.45417719270812373,1.0
0.29860606600258993,2.5625288005178635,30.43742552803095,0.7597219156066081,0.0,-0.43747119948213653,1.0
0.2898986692573784,2.6085935467770884,30.185319482858578,0.7476976342007756,0.0,-0.39140645322291157,1.0
0.30126135792215075,2.7222389824515756,30.20605804790747,0.7313449446321584,0.0,-0.2777610175484244,1.0
0.2943489128974797,2.52558327956599,30.527917502102177,0.8128244050423256,0.0,-0.47441672043400995,1.0
0.30820602194950947,2.686379732143982,30.31643305605111,0.7503021648399132,0.0,-0.31362026785601804,1.0
0.28552992470562477,2.4800266333980447,30.337602652100173,0.7963794994949985,0.0,-0.5199733666019553,1.0
0.29806261209723833,2.6716612150442125,30.314958861180475,0.7835635910709835,0.0,-0.3283387849557875,1.0
0.30308887108033455,2.5507728374579672,30.625538751909023,0.7837926438337106,0.0,-0.44922716254203277,1.0
0.2948874928457925,2.701856691101261,30.09553944528761,0.7724550133029094,0.0,-0.2981433088987391,1.0
0.29966176350892026,2.6322769746917984,30.22175689504367,0.7182759426751448,0.0,-0.36772302530820156,1.0
0.2950136689774007,2.548708588636893,30.38548282299389,0.7686131771175412,0.0,-0.451291411363107,1.0
0.3005254207940047,2.641101626369864,30.2005767212213,0.769479866810779,0.0,-0.3588983736301361,1.0
0.3118266428405091,2.6163814170452406,30.618346578118462,0.756569481150006,0.0,-0.38361858295475937,1.0
0.28761701902887005,2.645444167127592,29.93610020881734,0.7578410036336343,0.0,-0.3545558328724079,1.0
0.306391122966922,2.629124900632938,30.378278717618585,0.7884031832022219,0.0,-0.370875099367062,1.0
0.29962725866523116,2.5458228072918763,30.40055802748645,0.7999971521667893,0.0,-0.45417719270812373,1.0
0.29860606600258993,2.5625288005178635,30.43742552803095,0.7597219156066081,0.0,-0.43747119948213653,1.0
0.2908531866029984,2.6103392840710944,30.194298390715385,0.7484684256025005,0.0,-0.3896607159289056,1.0
0.3018301310044437,2.730996217882349,30.201302026701015,0.7289936074262112,0.0,-0.2690037821176512,1.0
0.2943489128974797,2.52558327956599,30.527917502102177,0.8128244050423256,0.0,-0.47441672043400995,1.0
0.30898222573655904,2.671373201799478,30.38115853442768,0.7516457782147972,0.0,-0.328626798200522,1.0
0.28552992470562477,2.4800266333980447,30.337602652100173,0.7963794994949985,0.0,-0.5199733666019553,1.0
0.29920628034493124,2.6670679566528643,30.34016767574024,0.7813206211904892,0.0,-0.33293204334713566,1.0
0.3021967387968318,2.5531124159110807,30.588101951275288,0.7790022785676786,0.0,-0.44688758408891927,1.0
0.2948874928457925,2.701856691101261,30.09553944528761,0.7724550133029094,0.0,-0.2981433088987391,1.0
0.2932709244221423,2.5634248284382974,30.27414580228633,0.7535967010483795,0.0,-0.43657517156170256,1.0
0.29491335316715145,2.588718590739665,30.364901084778747,0.7416415696237165,0.0,-0.4112814092603352,1.0
0.29457496816481127,2.6198016700827598,30.073514132870542,0.7820284475213534,0.0,-0.38019832991724023,1.0
0.31001654402782497,2.6027424899400464,30.596293387384947,0.7621174610539249,0.0,-0.3972575100599536,1.0
0.28761701902887005,2.645444167127592,29.93610020881734,0.7578410036336343,0.0,-0.3545558328724079,1.0
0.3044478504474397,2.597439564329875,30.376118915648615,0.8159704629861686,0.0,-0.4025604356701251,1.0
0.29515888293879555,2.490791388084749,30.415276289558978,0.8076564142666174,0.0,-0.509208611915251,1.0
0.3058332261271194,2.608127602095054,30.49259745467648,0.7394613339469974,0.0,-0.3918723979049461,1.0
0.28924967917702277,2.6063457615992176,30.189299863022793,0.7539646449237067,0.0,-0.3936542384007824,1.0
0.30098824283846226,2.707880367036208,30.238057231486543,0.7384273861837238,0.0,-0.29211963296379206,1.0
0.2943489128974797,2.52558327956599,30.527917502102177,0.8128244050423256,0.0,-0.47441672043400995,1.0
0.30898222573655904,2.671373201799478,30.38115853442768,0.7516457782147972,0.0,-0.328626798200522,1.0
0.28735257447013013,2.501139105376128,30.342905136378384,0.7857471303776268,0.0,-0.49886089462387195,1.0
0.297764395322653,2.6250689440229933,30.39590026453351,0.790672360496291,0.0,-0.3749310559770067,1.0
0.3021967387968318,2.5531124159110807,30.588101951275288,0.7790022785676786,0.0,-0.44688758408891927,1.0
0.2948874928457925,2.701856691101261,30.09553944528761,0.7724550133029094,0.0,-0.2981433088987391,1.0
0.2932709244221423,2.5634248284382974,30.27414580228633,0.7535967010483795,0.0,-0.43657517156170256,1.0
0.29491335316715145,2.588718590739665,30.364901084778747,0.7416415696237165,0.0,-0.4112814092603352,1.0
0.2924835043344412,2.59845659013293,29.953095508847326,0.7823480962756612,0.0,-0.4015434098670698,1.0
0.31001654402782497,2.6027424899400464,30.596293387384947,0.7621174610539249,0.0,-0.3972575100599536,1.0
0.28592312351860893,2.6489989805425953,29.88371056881462,0.7602658470086251,0.0,-0.3510010194574047,1.0
0.30669387505683254,2.5995783965802572,30.464922020854782,0.7942498985694908,0.0,-0.40042160341974276,1.0
0.2912130325217366,2.439244607006961,30.42501514652603,0.8236445580071149,0.0,-0.5607553929930389,1.0
0.30470911552220287,2.6095746500664947,30.464733041688735,0.7333733450941927,0.0,-0.3904253499335053,1.0
0.2886817421153762,2.5967242664872026,30.19874501663655,0.7521019786308816,0.0,-0.40327573351279744,1.0
0.30137634961363335,2.65817685748368,30.350473600297715,0.7514579557334118,0.0,-0.34182314251631984,1.0
0.2943489128974797,2.52558327956599,30.527917502102177,0.8128244050423256,0.0,-0.47441672043400995,1.0
0.31085592896694925,2.6782631830358783,30.39799501989916,0.751603671622202,0.0,-0.3217368169641217,1.0
0.28511083031065837,2.4414228014867674,30.41649990749728,0.7897017220976257,0.0,-0.5585771985132326,1.0
0.2982407307014743,2.6247373807669723,30.415120499061345,0.7925205497244305,0.0,-0.3752626192330277,1.0
0.306380404636717,2.580460802150834,30.630120531041737,0.7763824063824656,0.0,-0.4195391978491658,1.0
0.2952896610332224,2.736295623889519,30.051105944170818,0.7771465643356003,0.0,-0.26370437611048114,1.0
0.29322074161090217,2.5591275157282336,30.279690243813477,0.75301128622131,0.0,-0.4408724842717664,1.0
0.29491335316715145,2.588718590739665,30.364901084778747,0.7416415696237165,0.0,-0.4112814092603352,1.0
0.29295024352140814,2.580223142297675,30.09692027469136,0.7899734968754825,0.0,-0.41977685770232487,1.0
0.31410571109394003,2.576506924022916,30.712633151210802,0.7671623125940853,0.0,-0.42349307597708385,1.0
0.2885338065564227,2.631494089419283,30.02344403137284,0.7548575218644279,0.0,-0.3685059105807169,1.0
0.30669387505683254,2.5995783965802572,30.464922020854782,0.7942498985694908,0.0,-0.40042160341974276,1.0
0.2912130325217366,2.439244607006961,30.42501514652603,0.8236445580071149,0.0,-0.5607553929930389,1.0
0.3049161350830432,2.608531994787272,30.464752753086152,0.7397230500060687,0.0,-0.3914680052127282,1.0
0.2886817421153762,2.5967242664872026,30.19874501663655,0.7521019786308816,0.0,-0.40327573351279744,1.0
0.30429285453744637,2.689279616213648,30.290344163706344,0.7132647757219803,0.0,-0.3107203837863519,1.0
0.3003585288771865,2.552994081468224,30.578966945446478,0.7946219724408442,0.0,-0.44700591853177585,1.0
0.3053110920491382,2.65787370955738,30.348170925723363,0.7517282773683619,0.0,-0.3421262904426201,1.0
0.28511083031065837,2.4414228014867674,30.41649990749728,0.7897017220976257,0.0,-0.5585771985132326,1.0
0.2982407307014743,2.6247373807669723,30.415120499061345,0.7925205497244305,0.0,-0.3752626192330277,1.0
0.3053255283626024,2.5861989082043095,30.602257199601883,0.7784738592656075,0.0,-0.41380109179569047,1.0
0.29533561644290685,2.754318002983603,30.012784703655196,0.7814824996825405,0.0,-0.2456819970163968,1.0
0.29457804849375246,2.5768671402161045,30.31630793645734,0.7636938184582514,0.0,-0.4231328597838955,1.0
0.29491335316715145,2.588718590739665,30.364901084778747,0.7416415696237165,0.0,-0.4112814092603352,1.0
0.29295024352140814,2.580223142297675,30.09692027469136,0.7899734968754825,0.0,-0.41977685770232487,1.0
0.3165674827543191,2.5679278109565633,30.77903718753883,0.7745129454133558,0.0,-0.4320721890434367,1.0
0.28990990205058664,2.6222672313703668,30.097097778467056,0.7520067844313094,0.0,-0.37773276862963323,1.0
0.3086612062254349,2.6054849868338885,30.491969348030114,0.8002715124537496,0.0,-0.3945150131661115,1.0
0.29080178339434243,2.4648297284852587,30.38825389888783,0.8120213071679083,0.0,-0.5351702715147413,1.0
0.3045236256014501,2.5594960426509754,30.58061214170203,0.7277922170979388,0.0,-0.4405039573490246,1.0
0.2886817421153762,2.5967242664872026,30.19874501663655,0.7521019786308816,0.0,-0.40327573351279744,1.0
0.30429285453744637,2.689279616213648,30.290344163706344,0.7132647757219803,0.0,-0.3107203837863519,1.0
0.3003585288771865,2.552994081468224,30.578966945446478,0.7946219724408442,0.0,-0.44700591853177585,1.0
0.30174155232554906,2.6309329666410552,30.33757409870869,0.7557077147026273,0.0,-0.36906703335894475,1.0
0.27906932715514154,2.417126496745845,30.346871706426416,0.7926188488462778,0.0,-0.582873503254155,1.0
0.2967519927598448,2.6751704073644222,30.29994218597555,0.7910433231571373,0.0,-0.32482959263557776,1.0
0.3050691747368197,2.5862609442094318,30.596413358186,0.777567027521199,0.0,-0.41373905579056824,1.0
0.30193871720337245,2.69006733484226,30.263147153215147,0.7793908555186829,0.0,-0.3099326651577399,1.0
0.29457804849375246,2.5768671402161045,30.31630793645734,0.7636938184582514,0.0,-0.4231328597838955,1.0
0.29491335316715145,2.588718590739665,30.364901084778747,0.7416415696237165,0.0,-0.4112814092603352,1.0
0.2927592891302903,2.57684220882039,30.104704675456514,0.7899668769173515,0.0,-0.42315779117961005,1.0
0.31509831607740835,2.562019459942158,30.762105071448953,0.7752223293698189,0.0,-0.43798054005784204,1.0
0.29542669542039,2.632163632250055,30.191757280852464,0.7678872183431601,0.0,-0.3678363677499452,1.0
0.30477165348968693,2.6489272565256785,30.352102071994,0.7947872631845667,0.0,-0.3510727434743215,1.0
0.29080178339434243,2.4648297284852587,30.38825389888783,0.8120213071679083,0.0,-0.5351702715147413,1.0
0.3045236256014501,2.5594960426509754,30.58061214170203,0.7277922170979388,0.0,-0.4405039573490246,1.0
0.2886817421153762,2.5967242664872026,30.19874501663655,0.7521019786308816,0.0,-0.40327573351279744,1.0
0.3042839577722411,2.689379055506843,30.290303240093593,0.7127942413840689,0.0,-0.31062094449315714,1.0
0.3047253390495845,2.538417200468245,30.710386888919903,0.8039301468393889,0.0,-0.46158279953175496,1.0
0.30020219976026336,2.6704598235189114,30.203098404561977,0.7711536748149059,0.0,-0.3295401764810886,1.0
0.27906932715514154,2.417126496745845,30.346871706426416,0.7926188488462778,0.0,-0.582873503254155,1.0
0.2917953098150566,2.705740748983642,30.17507820900927,0.7953177300079164,0.0,-0.2942592510163582,1.0
0.3011033705480611,2.6051400173744224,30.4299845058304,0.7735858701316009,0.0,-0.39485998262557764,1.0
0.30230776244956753,2.7275871149052136,30.18944058902536,0.7819554222739494,0.0,-0.27241288509478645,1.0
0.29457804849375246,2.5768671402161045,30.31630793645734,0.7636938184582514,0.0,-0.4231328597838955,1.0
0.2965426768235084,2.601149127811462,30.354836736300417,0.7495759304382127,0.0,-0.3988508721885382,1.0
0.2939995173662787,2.5921400026696007,30.12611176456182,0.7885379556099871,0.0,-0.40785999733039935,1.0
0.3221598343789139,2.4781473843725363,31.11632620994697,0.7602773953433642,0.0,-0.5218526156274637,1.0
0.29542669542039,2.632163632250055,30.191757280852464,0.7678872183431601,0.0,-0.3678363677499452,1.0
0.3058350177941433,2.672042831753332,30.297437853430797,0.794827090810606,0.0,-0.3279571682466682,1.0
0.29080178339434243,2.4648297284852587,30.38825389888783,0.8120213071679083,0.0,-0.5351702715147413,1.0
0.3055917150839988,2.5561830141657578,30.626739287279605,0.7216271451541193,0.0,-0.44381698583424223,1.0
0.2838727946073779,2.608025231703984,30.08282578512065,0.7594814273717239,0.0,-0.39197476829601596,1.0
0.30760263034204727,2.6501637057764658,30.44365514738182,0.721609531623529,0.0,-0.34983629422353424,1.0
0.3047253390495845,2.538417200468245,30.710386888919903,0.8039301468393889,0.0,-0.46158279953175496,1.0
0.30020219976026336,2.6704598235189114,30.203098404561977,0.7711536748149059,0.0,-0.3295401764810886,1.0
0.2731116512508898,2.392903061474102,30.325858059678797,0.7827663886223222,0.0,-0.6070969385258982,1.0
0.2917953098150566,2.705740748983642,30.17507820900927,0.7953177300079164,0.0,-0.2942592510163582,1.0
0.30650870853534107,2.579408093535968,30.656824802274464,0.7790121343259687,0.0,-0.4205919064640322,1.0
0.30230776244956753,2.7275871149052136,30.18944058902536,0.7819554222739494,0.0,-0.27241288509478645,1.0
0.29032955817168693,2.5678939095214828,30.240800963951926,0.777705506339467,0.0,-0.4321060904785172,1.0
0.2949210028041285,2.5704349182173596,30.422077771423556,0.740014009920908,0.0,-0.4295650817826404,1.0
0.29362491658128353,2.589611029545014,30.120689189676067,0.7883389006568441,0.0,-0.4103889704549859,1.0
0.3221598343789139,2.4781473843725363,31.11632620994697,0.7602773953433642,0.0,-0.5218526156274637,1.0
0.29542669542039,2.632163632250055,30.191757280852464,0.7678872183431601,0.0,-0.3678363677499452,1.0
0.31426859003897295,2.7289788511258144,30.419518956524577,0.7993085131547806,0.0,-0.2710211488741856,1.0
0.2866635763594052,2.4630722462581676,30.29217286499161,0.8188497615266582,0.0,-0.5369277537418324,1.0
0.3010077019674968,2.5904472026695204,30.43057997929097,0.7424885688686327,0.0,-0.40955279733047956,1.0
0.28984923340014057,2.727498083310408,29.947852440240254,0.7465496095252356,0.0,-0.2725019166895919,1.0
0.30760263034204727,2.6501637057764658,30.44365514738182,0.721609531623529,0.0,-0.34983629422353424,1.0
0.29314703722785884,2.578442570191571,30.44080134076521,0.832920072995697,0.0,-0.4215574298084288,1.0
0.30056374041327466,2.6652399938017255,30.229109711922035,0.7716041859748238,0.0,-0.3347600061982745,1.0
0.28570579546659974,2.4508724468740795,30.47904523484792,0.7911975284763433,0.0,-0.5491275531259205,1.0
0.29348278620584384,2.67155004028893,30.182828842793327,0.782570986518735,0.0,-0.32844995971107016,1.0
0.30650870853534107,2.579408093535968,30.656824802274464,0.7790121343259687,0.0,-0.4205919064640322,1.0
0.30230776244956753,2.7275871149052136,30.18944058902536,0.7819554222739494,0.0,-0.27241288509478645,1.0
0.29032955817168693,2.5678939095214828,30.240800963951926,0.777705506339467,0.0,-0.4321060904785172,1.0
0.2949210028041285,2.5704349182173596,30.422077771423556,0.740014009920908,0.0,-0.4295650817826404,1.0
0.30646974203217675,2.539436325117456,30.56886933964269,0.7757071790518534,0.0,-0.4605636748825441,1.0
0.3221598343789139,2.4781473843725363,31.11632620994697,0.7602773953433642,0.0,-0.5218526156274637,1.0
0.29664382098502157,2.6400004499702217,30.200607232297095,0.7687678834597149,0.0,-0.35999955002977835,1.0
0.3133745771781901,2.719639425690819,30.42026466047391,0.7954778676756105,0.0,-0.28036057430918104,1.0
0.2866635763594052,2.4630722462581676,30.29217286499161,0.8188497615266582,0.0,-0.5369277537418324,1.0
0.3010077019674968,2.5904472026695204,30.43057997929097,0.7424885688686327,0.0,-0.40955279733047956,1.0
0.28679411232552515,2.8221094403141933,29.662189649208116,0.7504865093517005,0.0,-0.1778905596858067,1.0
0.305135534586066,2.6446134248500077,30.41228166529382,0.7353062076840581,0.0,-0.3553865751499923,1.0
0.2982155056845843,2.6035896748811584,30.441801951996005,0.7938919982989816,0.0,-0.39641032511884156,1.0
0.30056374041327466,2.6652399938017255,30.229109711922035,0.7716041859748238,0.0,-0.3347600061982745,1.0
0.2901260131439069,2.4834046775431515,30.492407896706133,0.7907174670331102,0.0,-0.5165953224568485,1.0
0.2909954430089454,2.688325085529028,30.101860665333113,0.7845046517973172,0.0,-0.31167491447097184,1.0
0.31880128428765314,2.5881563266658163,30.972910902743365,0.7800048825941501,0.0,-0.4118436733341837,1.0
0.29611160102923473,2.62431207814278,30.297526404124007,0.7854047474022695,0.0,-0.37568792185722,1.0
0.29032955817168693,2.5678939095214828,30.240800963951926,0.777705506339467,0.0,-0.4321060904785172,1.0
0.29576134835778967,2.5708999843414957,30.45525581697034,0.7331155533431294,0.0,-0.4291000156585043,1.0
0.30646974203217675,2.539436325117456,30.56886933964269,0.7757071790518534,0.0,-0.4605636748825441,1.0
0.3221598343789139,2.4781473843725363,31.11632620994697,0.7602773953433642,0.0,-0.5218526156274637,1.0
0.30000041429313357,2.6112831528947305,30.259288161100763,0.7594161843494511,0.0,-0.38871684710526955,1.0
0.31524349214874553,2.668266075886951,30.568339989461553,0.7879895621873048,0.0,-0.33173392411304903,1.0
0.29019464149603896,2.5256704124605602,30.259776443315577,0.8011305191380074,0.0,-0.47432958753943977,1.0
0.3001550863951458,2.5984099177073365,30.408993235010428,0.7373031978353408,0.0,-0.40159008229266346,1.0
0.2876511425531801,2.8081410097298893,29.7085209248469,0.750004261240869,0.0,-0.19185899027011066,1.0
0.305135534586066,2.6446134248500077,30.41228166529382,0.7353062076840581,0.0,-0.3553865751499923,1.0
0.28910050708642776,2.6104232734571546,30.206636820043748,0.8000409539747755,0.0,-0.38957672654284536,1.0
0.29908778044115675,2.671899084080997,30.16997440071306,0.783322640699846,0.0,-0.3281009159190029,1.0
0.2877676275171486,2.4467879251885307,30.50795602783367,0.8148238458312264,0.0,-0.5532120748114693,1.0
0.2909954430089454,2.688325085529028,30.101860665333113,0.7845046517973172,0.0,-0.31167491447097184,1.0
0.31880128428765314,2.5881563266658163,30.972910902743365,0.7800048825941501,0.0,-0.4118436733341837,1.0
0.2968680274259333,2.6217777772367095,30.290088552413646,0.780349622928201,0.0,-0.37822222276329054,1.0
0.2910565353477118,2.5711845739159367,30.259330523073075,0.7791976808936638,0.0,-0.4288154260840633,1.0
0.29576134835778967,2.5708999843414957,30.45525581697034,0.7331155533431294,0.0,-0.4291000156585043,1.0
0.30505513666951906,2.542109997735521,30.54361908476464,0.7782047907823083,0.0,-0.4578900022644792,1.0
0.31809580684451694,2.5178860273871932,30.94825724677502,0.7543162929515556,0.0,-0.48211397261280675,1.0
0.30000041429313357,2.6112831528947305,30.259288161100763,0.7594161843494511,0.0,-0.38871684710526955,1.0
0.31524349214874553,2.668266075886951,30.568339989461553,0.7879895621873048,0.0,-0.33173392411304903,1.0
0.2940316166924775,2.5629449841531704,30.346852766453342,0.797667796884474,0.0,-0.4370550158468296,1.0
0.3001550863951458,2.5984099177073365,30.408993235010428,0.7373031978353408,0.0,-0.40159008229266346,1.0
0.2876511425531801,2.8081410097298893,29.7085209248469,0.750004261240869,0.0,-0.19185899027011066,1.0
0.305135534586066,2.6446134248500077,30.41228166529382,0.7353062076840581,0.0,-0.3553865751499923,1.0
0.28926990167873473,2.6070251510255913,30.21120016328294,0.7982358994079255,0.0,-0.3929748489744087,1.0
0.2997338402511528,2.6909180382912696,30.13557242940875,0.7954458389523604,0.0,-0.30908196170873037,1.0
0.2863736067828643,2.4209377290758125,30.543808785627306,0.8186418422039474,0.0,-0.5790622709241875,1.0
0.2897267816261357,2.7407150043439734,29.9994910217681,0.7790044480576649,0.0,-0.2592849956560266,1.0
0.3105380044392765,2.623258652725389,30.636345213131964,0.7813955822845787,0.0,-0.37674134727461084,1.0
0.28232024959097834,2.584973187481265,30.069798064554334,0.7743011152746224,0.0,-0.4150268125187351,1.0
0.2915047707228718,2.5140390026338566,30.34691761116241,0.7792628161072991,0.0,-0.4859609973661434,1.0
0.29671218728738835,2.5768533469162582,30.4452442360483,0.734021792033889,0.0,-0.4231466530837418,1.0
0.29822528425735934,2.646508593645943,30.215901369866668,0.767138052111559,0.0,-0.35349140635405707,1.0
0.31809580684451694,2.5178860273871932,30.94825724677502,0.7543162929515556,0.0,-0.48211397261280675,1.0
0.2991152388992924,2.609965917767731,30.249801147056203,0.7601614135266647,0.0,-0.390034082232269,1.0
0.31524349214874553,2.668266075886951,30.568339989461553,0.7879895621873048,0.0,-0.33173392411304903,1.0
0.29853928713538475,2.521216559676744,30.475268101694923,0.797130003474723,0.0,-0.47878344032325604,1.0
0.3001550863951458,2.5984099177073365,30.408993235010428,0.7373031978353408,0.0,-0.40159008229266346,1.0
0.2876511425531801,2.8081410097298893,29.7085209248469,0.750004261240869,0.0,-0.19185899027011066,1.0
0.305135534586066,2.6446134248500077,30.41228166529382,0.7353062076840581,0.0,-0.3553865751499923,1.0
0.28926990167873473,2.6070251510255913,30.21120016328294,0.7982358994079255,0.0,-0.3929748489744087,1.0
0.2997338402511528,2.6909180382912696,30.13557242940875,0.7954458389523604,0.0,-0.30908196170873037,1.0
0.29035559221402824,2.480989853103855,30.505845875701606,0.7860497656791203,0.0,-0.5190101468961452,1.0
0.29052650453476375,2.638758253463682,30.155760260491327,0.7791206595960424,0.0,-0.3612417465363178,1.0
0.3017715569197146,2.6165674051650276,30.461105709652713,0.7883369516176484,0.0,-0.3834325948349724,1.0
0.28332827076544104,2.5771880063822588,30.100212537647376,0.774845672734817,0.0,-0.42281199361774124,1.0
0.2915047707228718,2.5140390026338566,30.34691761116241,0.7792628161072991,0.0,-0.4859609973661434,1.0
0.29671218728738835,2.5768533469162582,30.4452442360483,0.734021792033889,0.0,-0.4231466530837418,1.0
0.29822528425735934,2.646508593645943,30.215901369866668,0.767138052111559,0.0,-0.35349140635405707,1.0
0.31809580684451694,2.5178860273871932,30.94825724677502,0.7543162929515556,0.0,-0.48211397261280675,1.0
0.29924808206158626,2.6188056697357824,30.15358348016906,0.7745478332570701,0.0,-0.38119433026421756,1.0
0.31524349214874553,2.668266075886951,30.568339989461553,0.7879895621873048,0.0,-0.33173392411304903,1.0
0.2987381794780442,2.5518642090918227,30.397408021024045,0.7843637096279965,0.0,-0.44813579090817734,1.0
0.2989276794389125,2.5974851917718205,30.385649566867567,0.7398494224927208,0.0,-0.40251480822817953,1.0
0.28455155226359763,2.887259589848012,29.456503581539035,0.7554715233293654,0.0,-0.11274041015198799,1.0
0.305135534586066,2.6446134248500077,30.41228166529382,0.7353062076840581,0.0,-0.3553865751499923,1.0
0.28913242385874055,2.622984632514406,30.173890037701895,0.7997789939129732,0.0,-0.37701536748559406,1.0
0.2985834923712517,2.647493436767424,30.25346495727507,0.7720616108510694,0.0,-0.3525065632325761,1.0
0.29035559221402824,2.480989853103855,30.505845875701606,0.7860497656791203,0.0,-0.5190101468961452,1.0
0.291149239576061,2.6373350368390587,30.155589783720938,0.7787964143444193,0.0,-0.3626649631609413,1.0
0.3009371918154485,2.6100263064478026,30.43224049213504,0.7870621676405837,0.0,-0.38997369355219735,1.0
0.2788311380640216,2.5632834167559606,30.035857087528278,0.7829995714879574,0.0,-0.4367165832440394,1.0
0.2915047707228718,2.5140390026338566,30.34691761116241,0.7792628161072991,0.0,-0.4859609973661434,1.0
0.2986793338231716,2.5641615391805335,30.54451845350333,0.7294120415966324,0.0,-0.43583846081946653,1.0
0.2879518330238873,2.633374165262372,30.003143305427173,0.7545505356542093,0.0,-0.3666258347376279,1.0
0.3149044742977821,2.527754671054013,30.866657232974173,0.7591786578527757,0.0,-0.4722453289459869,1.0
0.29924837320527875,2.6188250432434885,30.15337260618553,0.774579363034661,0.0,-0.3811749567565115,1.0
0.31524349214874553,2.668266075886951,30.568339989461553,0.7879895621873048,0.0,-0.33173392411304903,1.0
0.29743827339286183,2.582596143454844,30.311193913331405,0.7817163482632341,0.0,-0.4174038565451559,1.0
0.2989276794389125,2.5974851917718205,30.385649566867567,0.7398494224927208,0.0,-0.40251480822817953,1.0
0.2852069615777498,2.8717646273633872,29.499972513515875,0.7568063161395309,0.0,-0.12823537263661278,1.0
0.3049844968964071,2.6321567245157884,30.47394336839715,0.7250993865318252,0.0,-0.3678432754842116,1.0
0.28917097641056955,2.6229497240184476,30.173829682731814,0.7997029901945185,0.0,-0.3770502759815524,1.0
0.3053842921021931,2.6651294817446636,30.310725476644553,0.7521167367852153,0.0,-0.3348705182553364,1.0
0.29035559221402824,2.480989853103855,30.505845875701606,0.7860497656791203,0.0,-0.5190101468961452,1.0
0.291149239576061,2.6373350368390587,30.155589783720938,0.7787964143444193,0.0,-0.3626649631609413,1.0
0.3009371918154485,2.6100263064478026,30.43224049213504,0.7870621676405837,0.0,-0.38997369355219735,1.0
0.2783722293645222,2.560623806312351,30.02970790159998,0.7822520703432593,0.0,-0.4393761936876488,1.0
0.2915756278933652,2.5160767793629626,30.337118257058574,0.7788443397441928,0.0,-0.4839232206370374,1.0
0.29635315765137726,2.5409181465568356,30.533710906463977,0.7452401787940466,0.0,-0.45908185344316443,1.0
0.2874468022488344,2.6349668536251354,29.98927214246961,0.7532652515298859,0.0,-0.3650331463748646,1.0
0.3149098412056213,2.5299790723884916,30.861934646395834,0.7596347561611334,0.0,-0.4700209276115084,1.0
0.30287182352168934,2.610543905380956,30.15238066889816,0.7726927074240486,0.0,-0.3894560946190442,1.0
0.31524349214874553,2.668266075886951,30.568339989461553,0.7879895621873048,0.0,-0.33173392411304903,1.0
0.2988566375912988,2.598984270248736,30.30265440187293,0.7823028487441883,0.0,-0.401015729751264,1.0
0.29899849497789555,2.6069874026809767,30.340348240322392,0.7428256326888313,0.0,-0.39301259731902327,1.0
0.2852069615777498,2.8717646273633872,29.499972513515875,0.7568063161395309,0.0,-0.12823537263661278,1.0
0.30384274783913323,2.625913710099832,30.46217894275949,0.7425791528212087,0.0,-0.374086289900168,1.0
0.28832227057031806,2.6167781998159714,30.181654884699967,0.8086722382365162,0.0,-0.3832218001840286,1.0
0.3053842921021931,2.6651294817446636,30.310725476644553,0.7521167367852153,0.0,-0.3348705182553364,1.0
0.29035559221402824,2.480989853103855,30.505845875701606,0.7860497656791203,0.0,-0.5190101468961452,1.0
0.29818330760918027,2.6795665139605105,30.224890951076684,0.7768939881122678,0.0,-0.3204334860394895,1.0
0.3009371918154485,2.6100263064478026,30.43224049213504,0.7870621676405837,0.0,-0.38997369355219735,1.0
0.27934987863266925,2.5664934641698185,30.03933991471502,0.7819876564074245,0.0,-0.4335065358301815,1.0
0.2926777712173039,2.530443810391007,30.339000443449915,0.7717527611957417,0.0,-0.4695561896089928,1.0
0.2950213242589372,2.542921410867311,30.494987799330314,0.7481185364166906,0.0,-0.45707858913268895,1.0
0.2874468022488344,2.6349668536251354,29.98927214246961,0.7532652515298859,0.0,-0.3650331463748646,1.0
0.3149098412056213,2.5299790723884916,30.861934646395834,0.7596347561611334,0.0,-0.4700209276115084,1.0
0.30287182352168934,2.610543905380956,30.15238066889816,0.7726927074240486,0.0,-0.3894560946190442,1.0
0.31524349214874553,2.668266075886951,30.568339989461553,0.7879895621873048,0.0,-0.33173392411304903,1.0
0.3042956021726622,2.6609167391184596,30.27690966378459,0.7848863788774665,0.0,-0.3390832608815404,1.0
0.2975100725062376,2.5934354568012643,30.34725281093002,0.7406600317694172,0.0,-0.4065645431987357,1.0
0.2852069615777498,2.8717646273633872,29.499972513515875,0.7568063161395309,0.0,-0.12823537263661278,1.0
0.30384274783913323,2.625913710099832,30.46217894275949,0.7425791528212087,0.0,-0.374086289900168,1.0
0.2899839868099675,2.6214872614144857,30.194225417347273,0.8031641455976942,0.0,-0.37851273858551426,1.0
0.30892544751352774,2.6580299282316178,30.352935454320374,0.7399322781601585,0.0,-0.34197007176838223,1.0
0.2872877440585463,2.4480248306981776,30.515778549677183,0.795937783818807,0.0,-0.5519751693018224,1.0
0.29818330760918027,2.6795665139605105,30.224890951076684,0.7768939881122678,0.0,-0.3204334860394895,1.0
0.3009371918154485,2.6100263064478026,30.43224049213504,0.7870621676405837,0.0,-0.38997369355219735,1.0
0.27934987863266925,2.5664934641698185,30.03933991471502,0.7819876564074245,0.0,-0.4335065358301815,1.0
0.2926777712173039,2.530443810391007,30.339000443449915,0.7717527611957417,0.0,-0.4695561896089928,1.0
0.2956956138903946,2.55187173353007,30.493418594702987,0.7426367311278506,0.0,-0.4481282664699302,1.0
0.2874468022488344,2.6349668536251354,29.98927214246961,0.7532652515298859,0.0,-0.3650331463748646,1.0
0.3081609137911963,2.5557793822552384,30.647481471510286,0.7580694769329397,0.0,-0.4442206177447616,1.0
0.30287182352168934,2.610543905380956,30.15238066889816,0.7726927074240486,0.0,-0.3894560946190442,1.0
0.31524349214874553,2.668266075886951,30.568339989461553,0.7879895621873048,0.0,-0.33173392411304903,1.0
0.3044665651631118,2.6623043444857286,30.27614675792804,0.785675799053048,0.0,-0.3376956555142714,1.0
0.29563950617144963,2.59066033310163,30.315536657362674,0.7449169281375296,0.0,-0.40933966689837,1.0
0.2852069615777498,2.8717646273633872,29.499972513515875,0.7568063161395309,0.0,-0.12823537263661278,1.0
0.30384274783913323,2.625913710099832,30.46217894275949,0.7425791528212087,0.0,-0.374086289900168,1.0
0.2899839868099675,2.6214872614144857,30.194225417347273,0.8031641455976942,0.0,-0.37851273858551426,1.0
0.3090654920540784,2.6581207025073597,30.35520958150641,0.7397907497492174,0.0,-0.34187929749264034,1.0
0.2872877440585463,2.4480248306981776,30.515778549677183,0.795937783818807,0.0,-0.5519751693018224,1.0
0.29706283411522183,2.6749120444131003,30.20030151337218,0.7744280672052595,0.0,-0.32508795558689974,1.0
0.3036037928966826,2.620096586373069,30.506844278984435,0.8097397799630126,0.0,-0.37990341362693103,1.0
0.27946328082898586,2.5670799183686435,30.040991614686774,0.7822134826210019,0.0,-0.43292008163135653,1.0
0.2926777712173039,2.530443810391007,30.339000443449915,0.7717527611957417,0.0,-0.4695561896089928,1.0
0.29574834006581113,2.5522461110429586,30.496116508216858,0.742128031014859,0.0,-0.4477538889570414,1.0
0.2900541711151967,2.645797916611262,30.04649235754634,0.7590035090027434,0.0,-0.35420208338873804,1.0
0.3092996673055324,2.4944954246058613,30.85628307116493,0.7449455374351104,0.0,-0.5055045753941387,1.0
0.30319324768376227,2.6114275862607346,30.145129566057985,0.7739271397851777,0.0,-0.38857241373926543,1.0
0.31524349214874553,2.668266075886951,30.568339989461553,0.7879895621873048,0.0,-0.33173392411304903,1.0
0.3058113717333003,2.68222398519943,30.216669944723847,0.7851475473206391,0.0,-0.31777601480056994,1.0
0.2962630188634416,2.592374536043497,30.301470649933016,0.7473115341920521,0.0,-0.4076254639565029,1.0
0.2862051819286871,2.8570033548667824,29.536839322885054,0.7577040372275011,0.0,-0.14299664513321764,1.0
0.30729480967805806,2.5806843542963644,30.64328837736247,0.739618878339899,0.0,-0.41931564570363555,1.0
0.2899839868099675,2.6214872614144857,30.194225417347273,0.8031641455976942,0.0,-0.37851273858551426,1.0
0.3090654920540784,2.6581207025073597,30.35520958150641,0.7397907497492174,0.0,-0.34187929749264034,1.0
0.279894524801149,2.354550392023043,30.635159889932048,0.8002444231915499,0.0,-0.6454496079769569,1.0
0.29718074204736666,2.6567308835001118,30.25401220615355,0.7661804505592402,0.0,-0.3432691164998882,1.0
0.3036037928966826,2.620096586373069,30.506844278984435,0.8097397799630126,0.0,-0.37990341362693103,1.0
0.27946328082898586,2.5670799183686435,30.040991614686774,0.7822134826210019,0.0,-0.43292008163135653,1.0
0.2976283605066741,2.5167187011791805,30.45064450027384,0.7678338256995412,0.0,-0.4832812988208195,1.0
0.2977022512611054,2.5763152341022217,30.49157570720252,0.729701072165935,0.0,-0.42368476589777826,1.0
0.28961849296800124,2.646624324028326,30.03169007926695,0.7573721214345839,0.0,-0.35337567597167396,1.0
0.3121367219277331,2.4725659406291975,30.975148709920916,0.7431542369278717,0.0,-0.5274340593708025,1.0
0.30128731984819196,2.5789905763792125,30.249765904365407,0.7718402301036118,0.0,-0.4210094236207875,1.0
0.31524349214874553,2.668266075886951,30.568339989461553,0.7879895621873048,0.0,-0.33173392411304903,1.0
0.3058113717333003,2.68222398519943,30.216669944723847,0.7851475473206391,0.0,-0.31777601480056994,1.0
0.29391287520624926,2.5819754996889324,30.25164201143478,0.7487788394344652,0.0,-0.41802450031106764,1.0
0.2862051819286871,2.8570033548667824,29.536839322885054,0.7577040372275011,0.0,-0.14299664513321764,1.0
0.30729480967805806,2.5806843542963644,30.64328837736247,0.739618878339899,0.0,-0.41931564570363555,1.0
0.2932894332337592,2.6174309688085717,30.276011374052903,0.8036962036354205,0.0,-0.38256903119142827,1.0
0.306694010502517,2.646701051605643,30.370782393506484,0.7552650204861584,0.0,-0.35329894839435694,1.0
0.2848735564292262,2.4165557336476846,30.5950138225096,0.7805205366697695,0.0,-0.5834442663523154,1.0
0.29718074204736666,2.6567308835001118,30.25401220615355,0.7661804505592402,0.0,-0.3432691164998882,1.0
0.299127755345018,2.6102664470542973,30.420467734315793,0.8046359635975762,0.0,-0.38973355294570267,1.0
0.27946328082898586,2.5670799183686435,30.040991614686774,0.7822134826210019,0.0,-0.43292008163135653,1.0
0.2978808379756419,2.4377453686858224,30.561554188881498,0.7687664055831398,0.0,-0.5622546313141776,1.0
0.29778350363334194,2.578250420836372,30.48752262061569,0.7339722894572935,0.0,-0.4217495791636279,1.0
0.29754504191178494,2.651310219589228,30.163555831788408,0.7502059976256574,0.0,-0.3486897804107718,1.0
0.31179112089285954,2.485404947550666,30.930561450366636,0.7456855363886415,0.0,-0.5145950524493341,1.0
0.30128731984819196,2.5789905763792125,30.249765904365407,0.7718402301036118,0.0,-0.4210094236207875,1.0
0.3179942922317437,2.661062127460897,30.676652683426514,0.7884779727256278,0.0,-0.3389378725391028,1.0
0.30623371628498675,2.6918613785968737,30.2135802590632,0.7863898568844782,0.0,-0.3081386214031263,1.0
0.3067671587505283,2.5952265308839078,30.43903550206275,0.7190355558169126,0.0,-0.40477346911609224,1.0
0.28982581792147544,2.768609566553902,29.83750315440057,0.7488853948174032,0.0,-0.2313904334460979,1.0
0.30879747835241744,2.602897346051465,30.65848022764639,0.734855667315349,0.0,-0.39710265394853517,1.0
0.2932894332337592,2.6174309688085717,30.276011374052903,0.8036962036354205,0.0,-0.38256903119142827,1.0
0.30790886925504946,2.645420226921585,30.385694122825313,0.7538711035769009,0.0,-0.3545797730784148,1.0
0.2848735564292262,2.4165557336476846,30.5950138225096,0.7805205366697695,0.0,-0.5834442663523154,1.0
0.29718074204736666,2.6567308835001118,30.25401220615355,0.7661804505592402,0.0,-0.3432691164998882,1.0
0.299127755345018,2.6102664470542973,30.420467734315793,0.8046359635975762,0.0,-0.38973355294570267,1.0
0.2819394785826631,2.5682903180512104,30.094578533999485,0.7784237999193577,0.0,-0.43170968194878956,1.0
0.2983040713197141,2.4477800085587362,30.552392790456015,0.7681180310793188,0.0,-0.5522199914412638,1.0
0.29774350987529175,2.5905036910695944,30.433188326272525,0.7366949360628108,0.0,-0.40949630893040556,1.0
0.2974668329812626,2.6752718377782143,30.057303574975453,0.7555302104425803,0.0,-0.3247281622217857,1.0
0.31179112089285954,2.485404947550666,30.930561450366636,0.7456855363886415,0.0,-0.5145950524493341,1.0
0.30128731984819196,2.5789905763792125,30.249765904365407,0.7718402301036118,0.0,-0.4210094236207875,1.0
0.31545562388608145,2.6522168164090525,30.646131627700147,0.7819863738479046,0.0,-0.3477831835909475,1.0
0.30623371628498675,2.6918613785968737,30.2135802590632,0.7863898568844782,0.0,-0.3081386214031263,1.0
0.30082700906668836,2.5467497537807846,30.481355379682284,0.7357175976396344,0.0,-0.4532502462192154,1.0
0.28982581792147544,2.768609566553902,29.83750315440057,0.7488853948174032,0.0,-0.2313904334460979,1.0
0.30879747835241744,2.602897346051465,30.65848022764639,0.734855667315349,0.0,-0.39710265394853517,1.0
0.2932894332337592,2.6174309688085717,30.276011374052903,0.8036962036354205,0.0,-0.38256903119142827,1.0
0.3047550143996132,2.632794275310284,30.398183531864298,0.7721039840408299,0.0,-0.367205724689716,1.0
0.2848735564292262,2.4165557336476846,30.5950138225096,0.7805205366697695,0.0,-0.5834442663523154,1.0
0.28601115875783173,2.6594898752568366,30.014349341186048,0.7565198914268287,0.0,-0.34051012474316344,1.0
0.299127755345018,2.6102664470542973,30.420467734315793,0.8046359635975762,0.0,-0.38973355294570267,1.0
0.280043959899493,2.525833529417769,30.131928209654507,0.7886208846597667,0.0,-0.4741664705822308,1.0
0.2983040713197141,2.4477800085587362,30.552392790456015,0.7681180310793188,0.0,-0.5522199914412638,1.0
0.29774350987529175,2.5905036910695944,30.433188326272525,0.7366949360628108,0.0,-0.40949630893040556,1.0
0.2974668329812626,2.6752718377782143,30.057303574975453,0.7555302104425803,0.0,-0.3247281622217857,1.0
0.2987171985148936,2.521705694053411,30.564431652738833,0.7600236927869506,0.0,-0.47829430594658895,1.0
0.30037218079549516,2.583389026370941,30.252768979480784,0.7754852737065089,0.0,-0.4166109736290591,1.0
0.31545562388608145,2.6522168164090525,30.646131627700147,0.7819863738479046,0.0,-0.3477831835909475,1.0
0.30623371628498675,2.6918613785968737,30.2135802590632,0.7863898568844782,0.0,-0.3081386214031263,1.0
0.30082700906668836,2.5467497537807846,30.481355379682284,0.7357175976396344,0.0,-0.4532502462192154,1.0
0.28982581792147544,2.768609566553902,29.83750315440057,0.7488853948174032,0.0,-0.2313904334460979,1.0
0.30316637159174736,2.6520835102564178,30.414800473608114,0.7390199255612074,0.0,-0.34791648974358225,1.0
0.2925975808352202,2.618079349806114,30.258948488840712,0.8067673508886906,0.0,-0.3819206501938859,1.0
0.3047550143996132,2.632794275310284,30.398183531864298,0.7721039840408299,0.0,-0.367205724689716,1.0
0.2848735564292262,2.4165557336476846,30.5950138225096,0.7805205366697695,0.0,-0.5834442663523154,1.0
0.28601115875783173,2.6594898752568366,30.014349341186048,0.7565198914268287,0.0,-0.34051012474316344,1.0
0.29914517684222397,2.614024418662012,30.414358794411413,0.8065290329469336,0.0,-0.38597558133798815,1.0
0.28049017860956593,2.5271798891337096,30.13554545050604,0.788384159485281,0.0,-0.4728201108662904,1.0
0.2983907120206282,2.425720553680363,30.570817101353096,0.7729748028109672,0.0,-0.574279446319637,1.0
0.29837478281860935,2.5867918083357644,30.455724450212614,0.7356282310351068,0.0,-0.4132081916642356,1.0
0.2982989332568348,2.676846418049057,30.0721364257606,0.758459224029137,0.0,-0.323153581950943,1.0
0.2987171985148936,2.521705694053411,30.564431652738833,0.7600236927869506,0.0,-0.47829430594658895,1.0
0.3028174786410833,2.594547251033971,30.316540150986445,0.7765392191534626,0.0,-0.4054527489660291,1.0
0.31545562388608145,2.6522168164090525,30.646131627700147,0.7819863738479046,0.0,-0.3477831835909475,1.0
0.30623371628498675,2.6918613785968737,30.2135802590632,0.7863898568844782,0.0,-0.3081386214031263,1.0
0.30054525747307737,2.5447184259116833,30.47818173877086,0.7348264468647963,0.0,-0.4552815740883167,1.0
0.2959950301607349,2.714723199430698,30.104468812301505,0.7443232023338194,0.0,-0.28527680056930205,1.0
0.30316637159174736,2.6520835102564178,30.414800473608114,0.7390199255612074,0.0,-0.34791648974358225,1.0
0.2925975808352202,2.618079349806114,30.258948488840712,0.8067673508886906,0.0,-0.3819206501938859,1.0
0.3034112008295857,2.6269452332412495,30.383638343065616,0.7730055982480711,0.0,-0.3730547667587505,1.0
0.2809157073210535,2.405225671471696,30.55984510150326,0.7924169122653614,0.0,-0.5947743285283038,1.0
0.28054926132063596,2.6805956232892254,29.916140142440653,0.7500137963647295,0.0,-0.3194043767107746,1.0
0.29914517684222397,2.614024418662012,30.414358794411413,0.8065290329469336,0.0,-0.38597558133798815,1.0
0.28049017860956593,2.5271798891337096,30.13554545050604,0.788384159485281,0.0,-0.4728201108662904,1.0
0.2983827310048966,2.4300584869382,30.566888448523652,0.7720913700801114,0.0,-0.5699415130618002,1.0
0.2980635913714392,2.60352092285176,30.40979205050437,0.7367652402501595,0.0,-0.39647907714824004,1.0
0.3009677248799801,2.658636301583228,30.206916606845162,0.7640996458908985,0.0,-0.34136369841677183,1.0
0.2944999282583671,2.444112972029545,30.68055199637865,0.7515858977352508,0.0,-0.5558870279704551,1.0
0.2995475827812976,2.580006291331545,30.231666299123628,0.7750617549255948,0.0,-0.41999370866845487,1.0
0.31601370158481445,2.6532297761898627,30.659063068932937,0.7825017782618765,0.0,-0.34677022381013733,1.0
0.30623371628498675,2.6918613785968737,30.2135802590632,0.7863898568844782,0.0,-0.3081386214031263,1.0
0.29983096113092844,2.5052670675002293,30.508893135725106,0.7474737693338446,0.0,-0.4947329324997707,1.0
0.2959950301607349,2.714723199430698,30.104468812301505,0.7443232023338194,0.0,-0.28527680056930205,1.0
0.30316637159174736,2.6520835102564178,30.414800473608114,0.7390199255612074,0.0,-0.34791648974358225,1.0
0.2925975808352202,2.618079349806114,30.258948488840712,0.8067673508886906,0.0,-0.3819206501938859,1.0
0.30185132041965096,2.5920805387576533,30.478161533531477,0.7645295166849942,0.0,-0.4079194612423467,1.0
0.2809157073210535,2.405225671471696,30.55984510150326,0.7924169122653614,0.0,-0.5947743285283038,1.0
0.28054926132063596,2.6805956232892254,29.916140142440653,0.7500137963647295,0.0,-0.3194043767107746,1.0
0.29914517684222397,2.614024418662012,30.414358794411413,0.8065290329469336,0.0,-0.38597558133798815,1.0
0.28049017860956593,2.5271798891337096,30.13554545050604,0.788384159485281,0.0,-0.4728201108662904,1.0
0.2983827310048966,2.4300584869382,30.566888448523652,0.7720913700801114,0.0,-0.5699415130618002,1.0
0.29788269563363917,2.6017642076633654,30.409028260188467,0.7250972092969968,0.0,-0.39823579233663464,1.0
0.3009677248799801,2.658636301583228,30.206916606845162,0.7640996458908985,0.0,-0.34136369841677183,1.0
0.2940257801205661,2.431450173671654,30.722342348432594,0.7494165921979297,0.0,-0.5685498263283462,1.0
0.2995513305785076,2.579017833833245,30.235332740000604,0.7746968922761953,0.0,-0.420982166166755,1.0
0.30989278425729827,2.6554292276187135,30.475123457124354,0.7750155290736418,0.0,-0.3445707723812865,1.0
0.3064288041474735,2.694391312492442,30.200782342470646,0.7894026577178402,0.0,-0.3056086875075579,1.0
0.29983096113092844,2.5052670675002293,30.508893135725106,0.7474737693338446,0.0,-0.4947329324997707,1.0
0.2959950301607349,2.714723199430698,30.104468812301505,0.7443232023338194,0.0,-0.28527680056930205,1.0
0.30316637159174736,2.6520835102564178,30.414800473608114,0.7390199255612074,0.0,-0.34791648974358225,1.0
0.2920785023602573,2.604950070219798,30.278941881714264,0.8152779505262171,0.0,-0.3950499297802019,1.0
0.3024771247967513,2.5715618543594387,30.57009488038083,0.7661822591677194,0.0,-0.42843814564056126,1.0
0.28229601455067016,2.4327530122784475,30.52000350364518,0.7881894155104955,0.0,-0.5672469877215525,1.0
0.2887009319722137,2.6064724569361344,30.166736678354592,0.7489399561947448,0.0,-0.3935275430638656,1.0
0.29914517684222397,2.614024418662012,30.414358794411413,0.8065290329469336,0.0,-0.38597558133798815,1.0
0.27759010626582764,2.530465628370079,30.07956347070214,0.7945185075096527,0.0,-0.46953437162992095,1.0
0.2983827310048966,2.4300584869382,30.566888448523652,0.7720913700801114,0.0,-0.5699415130618002,1.0
0.2976538453897862,2.6023226151999697,30.405041698768333,0.7228233503035147,0.0,-0.39767738480003034,1.0
0.30001222068773553,2.6523803838160456,30.207989895665758,0.7596724745035559,0.0,-0.3476196161839544,1.0
0.2940257801205661,2.431450173671654,30.722342348432594,0.7494165921979297,0.0,-0.5685498263283462,1.0
0.2995513305785076,2.579017833833245,30.235332740000604,0.7746968922761953,0.0,-0.420982166166755,1.0
0.30989278425729827,2.6554292276187135,30.475123457124354,0.7750155290736418,0.0,-0.3445707723812865,1.0
0.3064288041474735,2.694391312492442,30.200782342470646,0.7894026577178402,0.0,-0.3056086875075579,1.0
0.29904152773318327,2.4952288755468577,30.537919609995747,0.7477379694082391,0.0,-0.5047711244531423,1.0
0.29635736833203025,2.713177304377014,30.114132411560355,0.7451234036804857,0.0,-0.2868226956229858,1.0
0.3059940009100349,2.6267126010599373,30.539661307843385,0.7364852853186773,0.0,-0.3732873989400627,1.0
0.29994936833637387,2.6280884591159874,30.361227457564777,0.7969379266953458,0.0,-0.37191154088401257,1.0
0.3024771247967513,2.5715618543594387,30.57009488038083,0.7661822591677194,0.0,-0.42843814564056126,1.0
0.28229601455067016,2.4327530122784475,30.52000350364518,0.7881894155104955,0.0,-0.5672469877215525,1.0
0.2911413088063652,2.6404830625950617,30.149969839576183,0.7477234860375576,0.0,-0.3595169374049383,1.0
0.30001586744435105,2.602928280251377,30.45505509228767,0.7959857840021305,0.0,-0.3970717197486229,1.0
0.274550275761922,2.593584111143847,29.795056640937975,0.7986068504514462,0.0,-0.4064158888561531,1.0
0.2983827310048966,2.4300584869382,30.566888448523652,0.7720913700801114,0.0,-0.5699415130618002,1.0
0.2976538453897862,2.6023226151999697,30.405041698768333,0.7228233503035147,0.0,-0.39767738480003034,1.0
0.30001222068773553,2.6523803838160456,30.207989895665758,0.7596724745035559,0.0,-0.3476196161839544,1.0
0.2940257801205661,2.431450173671654,30.722342348432594,0.7494165921979297,0.0,-0.5685498263283462,1.0
0.3018414727601762,2.6401793281963073,30.033484751164476,0.7851746685656632,0.0,-0.3598206718036927,1.0
0.3119639668130835,2.6634083912339066,30.486833478207064,0.7689425291050639,0.0,-0.3365916087660934,1.0
0.30476287368584654,2.7037163125751804,30.114688883362923,0.7955605890315124,0.0,-0.2962836874248196,1.0
0.29904152773318327,2.4952288755468577,30.537919609995747,0.7477379694082391,0.0,-0.5047711244531423,1.0
0.2978680046969086,2.6930694820651078,30.09191742821483,0.7561558152597412,0.0,-0.30693051793489223,1.0
0.3075707284829505,2.6514384373386477,30.52601696797572,0.7231711861034453,0.0,-0.3485615626613523,1.0
0.3001703174820727,2.6604236635388037,30.31822433565758,0.8089121526693769,0.0,-0.33957633646119634,1.0
0.29752612118896843,2.4939214891345323,30.612938791447664,0.8079891980335767,0.0,-0.5060785108654677,1.0
0.28777081115226294,2.4801228153609007,30.521306089865103,0.7741057118391882,0.0,-0.5198771846390993,1.0
0.29256810712658865,2.6318081984104493,30.202849464916984,0.7500468253117516,0.0,-0.36819180158955067,1.0
0.30001586744435105,2.602928280251377,30.45505509228767,0.7959857840021305,0.0,-0.3970717197486229,1.0
0.274550275761922,2.593584111143847,29.795056640937975,0.7986068504514462,0.0,-0.4064158888561531,1.0
0.2983827310048966,2.4300584869382,30.566888448523652,0.7720913700801114,0.0,-0.5699415130618002,1.0
0.2975500586818386,2.558344519197334,30.556789188316618,0.7066696428038615,0.0,-0.44165548080266603,1.0
0.2993744522858872,2.6644828125237736,30.17346569083683,0.7586264911906025,0.0,-0.3355171874762264,1.0
0.2940257801205661,2.431450173671654,30.722342348432594,0.7494165921979297,0.0,-0.5685498263283462,1.0
0.3018414727601762,2.6401793281963073,30.033484751164476,0.7851746685656632,0.0,-0.3598206718036927,1.0
0.31553529836246963,2.643417960804423,30.67139597573587,0.7557414892741501,0.0,-0.35658203919557696,1.0
0.30476287368584654,2.7037163125751804,30.114688883362923,0.7955605890315124,0.0,-0.2962836874248196,1.0
0.29904152773318327,2.4952288755468577,30.537919609995747,0.7477379694082391,0.0,-0.5047711244531423,1.0
0.2978680046969086,2.6930694820651078,30.09191742821483,0.7561558152597412,0.0,-0.30693051793489223,1.0
0.3075707284829505,2.6514384373386477,30.52601696797572,0.7231711861034453,0.0,-0.3485615626613523,1.0
0.3001703174820727,2.6604236635388037,30.31822433565758,0.8089121526693769,0.0,-0.33957633646119634,1.0
0.29752612118896843,2.4939214891345323,30.612938791447664,0.8079891980335767,0.0,-0.5060785108654677,1.0
0.28638585521227766,2.490985409393816,30.476014837481266,0.7796773387927213,0.0,-0.509014590606184,1.0
0.29256810712658865,2.6318081984104493,30.202849464916984,0.7500468253117516,0.0,-0.36819180158955067,1.0
0.30001586744435105,2.602928280251377,30.45505509228767,0.7959857840021305,0.0,-0.3970717197486229,1.0
0.28106795566660997,2.607411100663858,29.942569570786794,0.7810409906307804,0.0,-0.39258889933614194,1.0
0.2983827310048966,2.4300584869382,30.566888448523652,0.7720913700801114,0.0,-0.5699415130618002,1.0
0.2975500586818386,2.558344519197334,30.556789188316618,0.7066696428038615,0.0,-0.44165548080266603,1.0
0.2993744522858872,2.6644828125237736,30.17346569083683,0.7586264911906025,0.0,-0.3355171874762264,1.0
0.29397436809291433,2.431466595577414,30.72417670470901,0.7491490297813621,0.0,-0.568533404422586,1.0
0.3018414727601762,2.6401793281963073,30.033484751164476,0.7851746685656632,0.0,-0.3598206718036927,1.0
0.3083409593569433,2.572695132287123,30.689007574699563,0.7535417516988987,0.0,-0.427304867712877,1.0
0.30521533578690335,2.6952921742284595,30.180970932413157,0.7838956477472039,0.0,-0.30470782577154054,1.0
0.29904152773318327,2.4952288755468577,30.537919609995747,0.7477379694082391,0.0,-0.5047711244531423,1.0
0.2978680046969086,2.6930694820651078,30.09191742821483,0.7561558152597412,0.0,-0.30693051793489223,1.0
0.3009533599638626,2.6013188637000213,30.510398157327494,0.7408216120070275,0.0,-0.3986811362999787,1.0
0.3001703174820727,2.6604236635388037,30.31822433565758,0.8089121526693769,0.0,-0.33957633646119634,1.0
0.2956207666203932,2.5469110668483492,30.45534230987292,0.7857220638160052,0.0,-0.4530889331516508,1.0
0.28638585521227766,2.490985409393816,30.476014837481266,0.7796773387927213,0.0,-0.509014590606184,1.0
0.29256810712658865,2.6318081984104493,30.202849464916984,0.7500468253117516,0.0,-0.36819180158955067,1.0
0.30001586744435105,2.602928280251377,30.45505509228767,0.7959857840021305,0.0,-0.3970717197486229,1.0
0.2847050669625486,2.6206478677072695,29.97847790871078,0.7814709629752936,0.0,-0.37935213229273046,1.0
0.29711068476726393,2.4477836265519097,30.51216525814297,0.7729636883221667,0.0,-0.5522163734480903,1.0
0.2975500586818386,2.558344519197334,30.556789188316618,0.7066696428038615,0.0,-0.44165548080266603,1.0
0.2993744522858872,2.6644828125237736,30.17346569083683,0.7586264911906025,0.0,-0.3355171874762264,1.0
0.29397436809291433,2.431466595577414,30.72417670470901,0.7491490297813621,0.0,-0.568533404422586,1.0
0.302747457790247,2.6307724819247116,30.124860255390907,0.7807652511890634,0.0,-0.3692275180752884,1.0
0.30919187568455525,2.5797834475053194,30.70283242134327,0.7540728092207809,0.0,-0.4202165524946806,1.0
0.299658242687025,2.6349956775395893,30.268046433116275,0.7826507097633224,0.0,-0.3650043224604107,1.0
0.29904152773318327,2.4952288755468577,30.537919609995747,0.7477379694082391,0.0,-0.5047711244531423,1.0
0.3014295875423884,2.734237662027373,30.017370017875226,0.7602611160723104,0.0,-0.2657623379726268,1.0
0.30021366711884717,2.6032524150597207,30.493120500398256,0.7396318569468675,0.0,-0.3967475849402793,1.0
0.3001703174820727,2.6604236635388037,30.31822433565758,0.8089121526693769,0.0,-0.33957633646119634,1.0
0.28981499098217917,2.453434386192721,30.605929150290574,0.812688929748029,0.0,-0.546565613807279,1.0
0.28638585521227766,2.490985409393816,30.476014837481266,0.7796773387927213,0.0,-0.509014590606184,1.0
0.29166804074934927,2.6351699012151815,30.16867757958907,0.7512729176914773,0.0,-0.36483009878481854,1.0
0.3000179461232222,2.603702086721042,30.453213543998476,0.7961597546260671,0.0,-0.3962979132789579,1.0
0.2847050669625486,2.6206478677072695,29.97847790871078,0.7814709629752936,0.0,-0.37935213229273046,1.0
0.29711068476726393,2.4477836265519097,30.51216525814297,0.7729636883221667,0.0,-0.5522163734480903,1.0
0.2975500586818386,2.558344519197334,30.556789188316618,0.7066696428038615,0.0,-0.44165548080266603,1.0
0.3016849833287111,2.6445488131192905,30.298052174907514,0.7575547819321582,0.0,-0.35545118688070954,1.0
0.29397436809291433,2.431466595577414,30.72417670470901,0.7491490297813621,0.0,-0.568533404422586,1.0
0.2957997837353766,2.571414297883688,30.273972028984716,0.7803032878395676,0.0,-0.4285857021163122,1.0
0.30919187568455525,2.5797834475053194,30.70283242134327,0.7540728092207809,0.0,-0.4202165524946806,1.0
0.2995864143939847,2.6323840829872434,30.277884236260014,0.7800619460075713,0.0,-0.36761591701275664,1.0
0.29904152773318327,2.4952288755468577,30.537919609995747,0.7477379694082391,0.0,-0.5047711244531423,1.0
0.29950455592475195,2.6469590585050677,30.285031116834478,0.7336688972267308,0.0,-0.35304094149493226,1.0
0.30021366711884717,2.6032524150597207,30.493120500398256,0.7396318569468675,0.0,-0.3967475849402793,1.0
0.2993860563408585,2.6447473208496377,30.340013673372734,0.8091981870596827,0.0,-0.3552526791503623,1.0
0.28981499098217917,2.453434386192721,30.605929150290574,0.812688929748029,0.0,-0.546565613807279,1.0
0.2893841856171883,2.519507843339983,30.405974035959865,0.7790331310689262,0.0,-0.4804921566600169,1.0
0.28567116641054235,2.6695550723114274,29.90563029494317,0.757381466885025,0.0,-0.3304449276885726,1.0
0.3000179461232222,2.603702086721042,30.453213543998476,0.7961597546260671,0.0,-0.3962979132789579,1.0
0.2847050669625486,2.6206478677072695,29.97847790871078,0.7814709629752936,0.0,-0.37935213229273046,1.0
0.29545732955401705,2.4708220595261667,30.441038227202824,0.7740974929516244,0.0,-0.5291779404738333,1.0
0.2985144204568484,2.595913794728371,30.468987622782457,0.7442990434899903,0.0,-0.404086205271629,1.0
0.30332341625489107,2.72371130154873,30.14840284606298,0.7523921248233728,0.0,-0.2762886984512698,1.0
0.29322878492594473,2.43731441140082,30.699794416136914,0.7521484835179426,0.0,-0.5626855885991802,1.0
0.2954340096436557,2.5770584407985684,30.26465054366455,0.7777332932128087,0.0,-0.4229415592014316,1.0
0.3053672200463043,2.60524706253341,30.537073580831496,0.7495083329534319,0.0,-0.3947529374665901,1.0
0.2995864143939847,2.6323840829872434,30.277884236260014,0.7800619460075713,0.0,-0.36761591701275664,1.0
0.2993855837052352,2.533451072601794,30.508072130500583,0.7648001269337101,0.0,-0.4665489273982062,1.0
0.2995201914523041,2.6441751384853527,30.283666013758634,0.7425302868818043,0.0,-0.3558248615146473,1.0
0.30021366711884717,2.6032524150597207,30.493120500398256,0.7396318569468675,0.0,-0.3967475849402793,1.0
0.2984010000228362,2.6278757188512722,30.321229247794584,0.8013554931710446,0.0,-0.37212428114872775,1.0
0.28981499098217917,2.453434386192721,30.605929150290574,0.812688929748029,0.0,-0.546565613807279,1.0
0.28658144019446175,2.492845964763588,30.471445985130874,0.7796353162871379,0.0,-0.5071540352364119,1.0
0.28567116641054235,2.6695550723114274,29.90563029494317,0.757381466885025,0.0,-0.3304449276885726,1.0
0.3000179461232222,2.603702086721042,30.453213543998476,0.7961597546260671,0.0,-0.3962979132789579,1.0
0.2828182415713136,2.6191598177111732,29.940515791118997,0.7816496140687936,0.0,-0.38084018228882677,1.0
0.29438863006882826,2.479389363815188,30.43486793327933,0.77496602397442,0.0,-0.520610636184812,1.0
0.2985144204568484,2.595913794728371,30.468987622782457,0.7442990434899903,0.0,-0.404086205271629,1.0
0.30332341625489107,2.72371130154873,30.14840284606298,0.7523921248233728,0.0,-0.2762886984512698,1.0
0.29262921364122324,2.4401455939955716,30.68330867652835,0.7627813200985086,0.0,-0.5598544060044284,1.0
0.2954340096436557,2.5770584407985684,30.26465054366455,0.7777332932128087,0.0,-0.4229415592014316,1.0
0.3053672200463043,2.60524706253341,30.537073580831496,0.7495083329534319,0.0,-0.3947529374665901,1.0
0.2993247928250021,2.649772906001431,30.17158862583011,0.770302445923083,0.0,-0.3502270939985692,1.0
0.3048778168961221,2.5050377996196915,30.69622251332315,0.7592143599624801,0.0,-0.49496220038030847,1.0
0.2989615055564435,2.6771437767536184,30.11492286507167,0.7448653535653427,0.0,-0.32285622324638164,1.0
0.2972894664346191,2.605926476558852,30.400226706879582,0.7466951135363613,0.0,-0.3940735234411479,1.0
0.2970168380105214,2.654127438607846,30.24108935142676,0.8103614843677047,0.0,-0.34587256139215405,1.0
0.28981499098217917,2.453434386192721,30.605929150290574,0.812688929748029,0.0,-0.546565613807279,1.0
0.2865967766387048,2.4898687403031894,30.48097894206943,0.7800102528464211,0.0,-0.5101312596968106,1.0
0.2875190120458277,2.702196188534225,29.883034883049774,0.7416629350704569,0.0,-0.29780381146577506,1.0
0.30473839321607177,2.643739155754957,30.443447994673058,0.8018398012728696,0.0,-0.356260844245043,1.0
0.2828182415713136,2.6191598177111732,29.940515791118997,0.7816496140687936,0.0,-0.38084018228882677,1.0
0.29556817052110185,2.511643925136881,30.39704977495979,0.7719858936545989,0.0,-0.4883560748631188,1.0
0.2985144204568484,2.595913794728371,30.468987622782457,0.7442990434899903,0.0,-0.404086205271629,1.0
0.30332341625489107,2.72371130154873,30.14840284606298,0.7523921248233728,0.0,-0.2762886984512698,1.0
0.29262921364122324,2.4401455939955716,30.68330867652835,0.7627813200985086,0.0,-0.5598544060044284,1.0
0.29587774247614806,2.5986640964787098,30.2580453584231,0.7868803365583451,0.0,-0.4013359035212902,1.0
0.31728097209989536,2.7215428409107445,30.48432691804368,0.7011089709259615,0.0,-0.2784571590892555,1.0
0.30044313172519477,2.6206243019944657,30.277246097728018,0.7680693855762148,0.0,-0.3793756980055343,1.0
0.3163049617101525,2.5145197019108894,30.83076734361569,0.7462152266431691,0.0,-0.48548029808911064,1.0
0.2989615055564435,2.6771437767536184,30.11492286507167,0.7448653535653427,0.0,-0.32285622324638164,1.0
0.2972894664346191,2.605926476558852,30.400226706879582,0.7466951135363613,0.0,-0.3940735234411479,1.0
0.29693882440741715,2.651582043189859,30.24256027922464,0.8094269940146286,0.0,-0.34841795681014087,1.0
0.28981499098217917,2.453434386192721,30.605929150290574,0.812688929748029,0.0,-0.546565613807279,1.0
0.28420019004128944,2.5096229169273983,30.400596713517285,0.78685502044104,0.0,-0.49037708307260175,1.0
0.2875190120458277,2.702196188534225,29.883034883049774,0.7416629350704569,0.0,-0.29780381146577506,1.0
0.30557229225451776,2.6479722429832018,30.44828656959651,0.8080131875106533,0.0,-0.3520277570167982,1.0
0.2829805312015436,2.6161986277326776,29.95280280833315,0.7813375014229019,0.0,-0.38380137226732236,1.0
0.293350925014337,2.5062622719217424,30.417792545938276,0.7739690831785417,0.0,-0.49373772807825755,1.0
0.2989852312298852,2.5937597728122075,30.478561799734656,0.7443497535644498,0.0,-0.4062402271877925,1.0
0.3034201340449636,2.725646433544734,30.145127043580334,0.7519604110149152,0.0,-0.2743535664552659,1.0
0.29262921364122324,2.4401455939955716,30.68330867652835,0.7627813200985086,0.0,-0.5598544060044284,1.0
0.2950024848637452,2.588403961342501,30.27906949745823,0.7862324413745867,0.0,-0.41159603865749883,1.0
0.31728097209989536,2.7215428409107445,30.48432691804368,0.7011089709259615,0.0,-0.2784571590892555,1.0
0.3026029554803138,2.633569326583889,30.303808772334396,0.7594802380967354,0.0,-0.36643067341611113,1.0
0.31664914162279323,2.513325968518287,30.839681016793868,0.7455686764053874,0.0,-0.48667403148171307,1.0
0.2989615055564435,2.6771437767536184,30.11492286507167,0.7448653535653427,0.0,-0.32285622324638164,1.0
0.2954589993158442,2.619059637014996,30.315669100708206,0.7492267761361863,0.0,-0.3809403629850041,1.0
0.29693882440741715,2.651582043189859,30.24256027922464,0.8094269940146286,0.0,-0.34841795681014087,1.0
0.3001208782417366,2.5540350345298686,30.56030110989122,0.7708214839386909,0.0,-0.4459649654701314,1.0
0.28420019004128944,2.5096229169273983,30.400596713517285,0.78685502044104,0.0,-0.49037708307260175,1.0
0.2875190120458277,2.702196188534225,29.883034883049774,0.7416629350704569,0.0,-0.29780381146577506,1.0
0.30557229225451776,2.6479722429832018,30.44828656959651,0.8080131875106533,0.0,-0.3520277570167982,1.0
0.2829805312015436,2.6161986277326776,29.95280280833315,0.7813375014229019,0.0,-0.38380137226732236,1.0
0.293350925014337,2.5062622719217424,30.417792545938276,0.7739690831785417,0.0,-0.49373772807825755,1.0
0.30057119847994307,2.5823808399925134,30.55182484431797,0.7421562511899269,0.0,-0.41761916000748656,1.0
0.3027589754220954,2.692398478167864,30.239510279607394,0.7496851384928347,0.0,-0.3076015218321362,1.0
0.29262921364122324,2.4401455939955716,30.68330867652835,0.7627813200985086,0.0,-0.5598544060044284,1.0
0.2966680846240117,2.5630771764470004,30.36721509173855,0.7961522955414402,0.0,-0.4369228235529996,1.0
0.31728097209989536,2.7215428409107445,30.48432691804368,0.7011089709259615,0.0,-0.2784571590892555,1.0
0.3026029554803138,2.633569326583889,30.303808772334396,0.7594802380967354,0.0,-0.36643067341611113,1.0
0.31253280251461624,2.579391622235153,30.623563544197513,0.7475575290829216,0.0,-0.42060837776484705,1.0
0.2989615055564435,2.6771437767536184,30.11492286507167,0.7448653535653427,0.0,-0.32285622324638164,1.0
0.29528110684196934,2.615562492705693,30.330146762699407,0.747867428589142,0.0,-0.38443750729430715,1.0
0.29693882440741715,2.651582043189859,30.24256027922464,0.8094269940146286,0.0,-0.34841795681014087,1.0
0.2981079478405467,2.561335411022346,30.488957641931677,0.7720564654267421,0.0,-0.4386645889776539,1.0
0.2911144127526053,2.5403519026200088,30.46446724296513,0.767976693752612,0.0,-0.45964809737999124,1.0
0.2903668924390127,2.6868940756458835,29.991729757991603,0.7621499604401614,0.0,-0.31310592435411655,1.0
0.3110358338087478,2.700063090705639,30.498031297765507,0.8152909239284356,0.0,-0.2999369092943609,1.0
0.28383320438086046,2.6107244636271,29.98591458143347,0.7801603831407585,0.0,-0.3892755363728999,1.0
0.30162109545231097,2.41859034583109,30.78861205880568,0.7680929249690088,0.0,-0.58140965416891,1.0
0.30057119847994307,2.5823808399925134,30.55182484431797,0.7421562511899269,0.0,-0.41761916000748656,1.0
0.30333630477486645,2.6947176504604107,30.258451304537683,0.750417890406906,0.0,-0.3052823495395893,1.0
0.3011345968559507,2.499649477382633,30.657777841415108,0.7562757508068526,0.0,-0.5003505226173668,1.0
0.2921150377239107,2.473193333596108,30.4414787802424,0.8273796525894919,0.0,-0.5268066664038922,1.0
0.3165270972995199,2.7200926209360103,30.47211565985641,0.703774703349976,0.0,-0.27990737906398966,1.0
0.2975887174496869,2.660927241022958,30.14234339104385,0.7655008042503371,0.0,-0.3390727589770419,1.0
0.3159428493655888,2.562853235068791,30.7207660865538,0.7453126009735832,0.0,-0.43714676493120885,1.0
0.295485797326197,2.66318161427933,30.000891808234666,0.7404539515705499,0.0,-0.33681838572067013,1.0
0.29528110684196934,2.615562492705693,30.330146762699407,0.747867428589142,0.0,-0.38443750729430715,1.0
0.2892527712257667,2.6251489254341718,30.103270889611963,0.8062298281556955,0.0,-0.3748510745658282,1.0
0.2956851729814093,2.619372452914314,30.338492254688028,0.7870704315386813,0.0,-0.38062754708568614,1.0
0.2911144127526053,2.5403519026200088,30.46446724296513,0.767976693752612,0.0,-0.45964809737999124,1.0
0.2897658066862585,2.8047295521965605,29.611598593870074,0.7574646477930976,0.0,-0.1952704478034395,1.0
0.3110358338087478,2.700063090705639,30.498031297765507,0.8152909239284356,0.0,-0.2999369092943609,1.0
0.28857238913072353,2.6211936951737425,30.06272885264269,0.7755879516110112,0.0,-0.37880630482625754,1.0
0.30162109545231097,2.41859034583109,30.78861205880568,0.7680929249690088,0.0,-0.58140965416891,1.0
0.29875247583256476,2.5742978631282236,30.53502428939562,0.7471220212737655,0.0,-0.4257021368717764,1.0
0.3065022677715874,2.7258282826929965,30.23027258447843,0.7514203074557303,0.0,-0.2741717173070035,1.0
0.3008898514271034,2.494695519006178,30.661726563834215,0.7548169740981446,0.0,-0.5053044809938219,1.0
0.2921150377239107,2.473193333596108,30.4414787802424,0.8273796525894919,0.0,-0.5268066664038922,1.0
0.3165270972995199,2.7200926209360103,30.47211565985641,0.703774703349976,0.0,-0.27990737906398966,1.0
0.29769085231529446,2.6413370969332037,30.21052391467127,0.7667903311829036,0.0,-0.35866290306679627,1.0
0.31509726216082595,2.5864975249533275,30.682383960947462,0.7573714122440901,0.0,-0.4135024750466725,1.0
0.295485797326197,2.66318161427933,30.000891808234666,0.7404539515705499,0.0,-0.33681838572067013,1.0
0.29528110684196934,2.615562492705693,30.330146762699407,0.747867428589142,0.0,-0.38443750729430715,1.0
0.29863023255890636,2.611124582126673,30.313397312593562,0.7885019531063941,0.0,-0.38887541787332713,1.0
0.2839929415506101,2.562868864460375,30.263530089297063,0.8337989829101591,0.0,-0.4371311355396248,1.0
0.29401904125318934,2.5560271146814033,30.479168011255773,0.7606924515816511,0.0,-0.4439728853185967,1.0
0.2897658066862585,2.8047295521965605,29.611598593870074,0.7574646477930976,0.0,-0.1952704478034395,1.0
0.3110358338087478,2.700063090705639,30.498031297765507,0.8152909239284356,0.0,-0.2999369092943609,1.0
0.2892490809542979,2.6095704811465876,30.10285378917339,0.7752238439295527,0.0,-0.39042951885341237,1.0
0.30216613042800944,2.3877004578925,30.868779683709683,0.7682735649823118,0.0,-0.6122995421074999,1.0
0.29864635702836273,2.5809990365765074,30.50258756284551,0.7490880454756402,0.0,-0.4190009634234926,1.0
0.3065022677715874,2.7258282826929965,30.23027258447843,0.7514203074557303,0.0,-0.2741717173070035,1.0
0.30102175617215104,2.4896213617057534,30.671083034420608,0.7551538026053929,0.0,-0.5103786382942466,1.0
0.29456458450007755,2.513625457624715,30.464397399658065,0.7980166793727435,0.0,-0.4863745423752852,1.0
0.3165270972995199,2.7200926209360103,30.47211565985641,0.703774703349976,0.0,-0.27990737906398966,1.0
0.28768083478375245,2.5994845845755616,30.071507993100766,0.8002782975953701,0.0,-0.40051541542443836,1.0
0.31509726216082595,2.5864975249533275,30.682383960947462,0.7573714122440901,0.0,-0.4135024750466725,1.0
0.295485797326197,2.66318161427933,30.000891808234666,0.7404539515705499,0.0,-0.33681838572067013,1.0
0.2955720461601405,2.6169398868073728,30.33343785558405,0.7490106794436969,0.0,-0.3830601131926272,1.0
0.29863023255890636,2.611124582126673,30.313397312593562,0.7885019531063941,0.0,-0.38887541787332713,1.0
0.2834967877086129,2.558460460351061,30.278697145857308,0.8393281894282276,0.0,-0.441539539648939,1.0
0.29272328549968557,2.5563267673782675,30.454481162934783,0.7703759960157457,0.0,-0.4436732326217325,1.0
0.29258775889604155,2.734897005023012,29.80365604914967,0.7490724361940096,0.0,-0.2651029949769881,1.0
0.31133901784752344,2.691585465617655,30.511793152004287,0.810967255023286,0.0,-0.308414534382345,1.0
0.28917075946166754,2.610401756025428,30.099020943454025,0.7753518104686083,0.0,-0.389598243974572,1.0
0.30216613042800944,2.3877004578925,30.868779683709683,0.7682735649823118,0.0,-0.6122995421074999,1.0
0.29864635702836273,2.5809990365765074,30.50258756284551,0.7490880454756402,0.0,-0.4190009634234926,1.0
0.30745646608859745,2.7322579933168742,30.237319560861582,0.7501038379430112,0.0,-0.26774200668312576,1.0
0.30108551266944844,2.4839430446733233,30.682097303416587,0.7558847436329842,0.0,-0.5160569553266767,1.0
0.29456458450007755,2.513625457624715,30.464397399658065,0.7980166793727435,0.0,-0.4863745423752852,1.0
0.3082913209927817,2.6560268367953435,30.486150860460697,0.7246457939087739,0.0,-0.34397316320465654,1.0
0.2865401391665508,2.5883001887353543,30.127993915519127,0.8109244589950845,0.0,-0.4116998112646457,1.0
0.31492385634044684,2.586756859827674,30.67849835230926,0.7576992319606737,0.0,-0.4132431401723262,1.0
0.295485797326197,2.66318161427933,30.000891808234666,0.7404539515705499,0.0,-0.33681838572067013,1.0
0.29596737182925426,2.62535123646128,30.31664054188395,0.7460457908214554,0.0,-0.3746487635387199,1.0
0.29863023255890636,2.611124582126673,30.313397312593562,0.7885019531063941,0.0,-0.38887541787332713,1.0
0.2834967877086129,2.558460460351061,30.278697145857308,0.8393281894282276,0.0,-0.441539539648939,1.0
0.29272328549968557,2.5563267673782675,30.454481162934783,0.7703759960157457,0.0,-0.4436732326217325,1.0
0.2914166795484845,2.692229800134595,29.904883963978566,0.7580789441173398,0.0,-0.3077701998654052,1.0
0.31133901784752344,2.691585465617655,30.511793152004287,0.810967255023286,0.0,-0.308414534382345,1.0
0.28681244541925427,2.6462989749916495,29.863051715318978,0.7786549623585732,0.0,-0.35370102500835054,1.0
0.30216613042800944,2.3877004578925,30.868779683709683,0.7682735649823118,0.0,-0.6122995421074999,1.0
0.29864635702836273,2.5809990365765074,30.50258756284551,0.7490880454756402,0.0,-0.4190009634234926,1.0
0.30391544352486116,2.723421171524416,30.163929435213213,0.7518644618042369,0.0,-0.2765788284755839,1.0
0.3001294592848767,2.4922186752768773,30.65607395137496,0.7575415284351621,0.0,-0.5077813247231227,1.0
0.29515054935027446,2.5000364280496017,30.467553088204486,0.8068128981721757,0.0,-0.4999635719503983,1.0
0.3085675226591939,2.630806678947258,30.568473691961508,0.7162233073777501,0.0,-0.36919332105274183,1.0
0.2865401391665508,2.5883001887353543,30.127993915519127,0.8109244589950845,0.0,-0.4116998112646457,1.0
0.3168688148699656,2.548859594372131,30.793407902303173,0.7596775303864256,0.0,-0.45114040562786917,1.0
0.295485797326197,2.66318161427933,30.000891808234666,0.7404539515705499,0.0,-0.33681838572067013,1.0
0.2963034972527877,2.632502981682495,30.302358635539925,0.7435248959700923,0.0,-0.36749701831750503,1.0
0.29863023255890636,2.611124582126673,30.313397312593562,0.7885019531063941,0.0,-0.38887541787332713,1.0
0.2834967877086129,2.558460460351061,30.278697145857308,0.8393281894282276,0.0,-0.441539539648939,1.0
0.29317796889986564,2.566001072285702,30.435161750349774,0.766965932502951,0.0,-0.43399892771429815,1.0
0.2914166795484845,2.692229800134595,29.904883963978566,0.7580789441173398,0.0,-0.3077701998654052,1.0
0.31322525509118276,2.7003998549418347,30.543359358811074,0.8086626199323252,0.0,-0.29960014505816535,1.0
0.28470480866626796,2.6367950520607217,29.825973950550008,0.7819564094645464,0.0,-0.36320494793927827,1.0
0.30216613042800944,2.3877004578925,30.868779683709683,0.7682735649823118,0.0,-0.6122995421074999,1.0
0.2959745428725971,2.5957422005945583,30.358195667166164,0.7557635480211691,0.0,-0.4042577994054417,1.0
0.30391544352486116,2.723421171524416,30.163929435213213,0.7518644618042369,0.0,-0.2765788284755839,1.0
0.29978127705035346,2.4709558815967982,30.70133456697284,0.7580636261565993,0.0,-0.5290441184032018,1.0
0.28954753712580367,2.5897538451906543,30.147112415580374,0.8375924376847425,0.0,-0.4102461548093457,1.0
0.3085675226591939,2.630806678947258,30.568473691961508,0.7162233073777501,0.0,-0.36919332105274183,1.0
0.2865401391665508,2.5883001887353543,30.127993915519127,0.8109244589950845,0.0,-0.4116998112646457,1.0
0.3168688148699656,2.548859594372131,30.793407902303173,0.7596775303864256,0.0,-0.45114040562786917,1.0
0.30045786476182124,2.650876634806247,30.21661682380354,0.731244432652481,0.0,-0.3491233651937531,1.0
0.2963034972527877,2.632502981682495,30.302358635539925,0.7435248959700923,0.0,-0.36749701831750503,1.0
0.29863023255890636,2.611124582126673,30.313397312593562,0.7885019531063941,0.0,-0.38887541787332713,1.0
0.2834967877086129,2.558460460351061,30.278697145857308,0.8393281894282276,0.0,-0.441539539648939,1.0
0.29749850171543185,2.6327955119583346,30.32444082245534,0.757993486309442,0.0,-0.3672044880416654,1.0
0.2914166795484845,2.692229800134595,29.904883963978566,0.7580789441173398,0.0,-0.3077701998654052,1.0
0.31322525509118276,2.7003998549418347,30.543359358811074,0.8086626199323252,0.0,-0.29960014505816535,1.0
0.28470480866626796,2.6367950520607217,29.825973950550008,0.7819564094645464,0.0,-0.36320494793927827,1.0
0.3032677231501954,2.3492437671397512,30.946124615557938,0.772989659652846,0.0,-0.6507562328602488,1.0
0.3003669425104975,2.5027573813615143,30.79505083796593,0.7535322075330476,0.0,-0.49724261863848573,1.0
0.3053977239204984,2.7549156632359932,30.12200995350367,0.7415891794262313,0.0,-0.24508433676400676,1.0
0.29978127705035346,2.4709558815967982,30.70133456697284,0.7580636261565993,0.0,-0.5290441184032018,1.0
0.28954753712580367,2.5897538451906543,30.147112415580374,0.8375924376847425,0.0,-0.4102461548093457,1.0
0.3085675226591939,2.630806678947258,30.568473691961508,0.7162233073777501,0.0,-0.36919332105274183,1.0
0.2865401391665508,2.5883001887353543,30.127993915519127,0.8109244589950845,0.0,-0.4116998112646457,1.0
0.3174629243600447,2.5429947796668704,30.80950606456688,0.7627874758765951,0.0,-0.4570052203331296,1.0
0.30045786476182124,2.650876634806247,30.21661682380354,0.731244432652481,0.0,-0.3491233651937531,1.0
0.2958370792619975,2.631209460071056,30.283583483302557,0.7463680562730514,0.0,-0.36879053992894395,1.0
0.2987430477624222,2.6135216032992714,30.31020685357227,0.7877199093877633,0.0,-0.3864783967007286,1.0
0.2834967877086129,2.558460460351061,30.278697145857308,0.8393281894282276,0.0,-0.441539539648939,1.0
0.29749850171543185,2.6327955119583346,30.32444082245534,0.757993486309442,0.0,-0.3672044880416654,1.0
0.2892930652831527,2.7019429262055397,29.831663436749405,0.7643818955562643,0.0,-0.29805707379446034,1.0
0.3114250679081669,2.6919875776735114,30.51323320097964,0.810862117671129,0.0,-0.3080124223264886,1.0
0.28470480866626796,2.6367950520607217,29.825973950550008,0.7819564094645464,0.0,-0.36320494793927827,1.0
0.3035542134947583,2.318489582321462,31.0205044987171,0.7772459611506992,0.0,-0.6815104176785378,1.0
0.29775022547723673,2.523797828654229,30.638344305021064,0.773862514813052,0.0,-0.47620217134577114,1.0
0.30290560652773785,2.7019648377365892,30.19248802888761,0.7588647299935349,0.0,-0.29803516226341076,1.0
0.29309684403349584,2.5068746312165326,30.527850985598082,0.791420983481955,0.0,-0.49312536878346735,1.0
0.2943538446762118,2.6301279834350795,30.163438813226684,0.8092657712693259,0.0,-0.3698720165649205,1.0
0.3042526085363665,2.6222604297504533,30.457715863556903,0.7476077337239573,0.0,-0.37773957024954674,1.0
0.2889757188929293,2.6121807817256455,30.007386835599373,0.7881930883490675,0.0,-0.3878192182743545,1.0
0.3174629243600447,2.5429947796668704,30.80950606456688,0.7627874758765951,0.0,-0.4570052203331296,1.0
0.30045786476182124,2.650876634806247,30.21661682380354,0.731244432652481,0.0,-0.3491233651937531,1.0
0.2985106300944927,2.5976070629414534,30.485997539579266,0.7351094333763224,0.0,-0.4023929370585466,1.0
0.2987430477624222,2.6135216032992714,30.31020685357227,0.7877199093877633,0.0,-0.3864783967007286,1.0
0.2834967877086129,2.558460460351061,30.278697145857308,0.8393281894282276,0.0,-0.441539539648939,1.0
0.29632773615430696,2.6509268045214878,30.33783095824559,0.7300293362647821,0.0,-0.34907319547851223,1.0
0.29207342595489494,2.6785127585706663,29.998637963265868,0.7622172231501769,0.0,-0.3214872414293337,1.0
0.3114250679081669,2.6919875776735114,30.51323320097964,0.810862117671129,0.0,-0.3080124223264886,1.0
0.2859299120355033,2.6361803591724318,29.876333755905836,0.7780399208178221,0.0,-0.36381964082756824,1.0
0.3035542134947583,2.318489582321462,31.0205044987171,0.7772459611506992,0.0,-0.6815104176785378,1.0
0.29775022547723673,2.523797828654229,30.638344305021064,0.773862514813052,0.0,-0.47620217134577114,1.0
0.30290560652773785,2.7019648377365892,30.19248802888761,0.7588647299935349,0.0,-0.29803516226341076,1.0
0.2882086204439501,2.594933893475345,30.2975635760137,0.7980469976816691,0.0,-0.405066106524655,1.0
0.2943054409262613,2.6253818248106446,30.17747135630659,0.8085786159755042,0.0,-0.37461817518935536,1.0
0.3042526085363665,2.6222604297504533,30.457715863556903,0.7476077337239573,0.0,-0.37773957024954674,1.0
0.28830303668362117,2.6117369479308987,29.98755764703335,0.7899801697937843,0.0,-0.3882630520691013,1.0
0.31481115550401756,2.5571487558563306,30.72481613713847,0.7627279166684592,0.0,-0.4428512441436694,1.0
0.3007872382989588,2.6528890419676805,30.204616142823358,0.7282672952482595,0.0,-0.3471109580323195,1.0
0.2985106300944927,2.5976070629414534,30.485997539579266,0.7351094333763224,0.0,-0.4023929370585466,1.0
0.2987430477624222,2.6135216032992714,30.31020685357227,0.7877199093877633,0.0,-0.3864783967007286,1.0
0.2834967877086129,2.558460460351061,30.278697145857308,0.8393281894282276,0.0,-0.441539539648939,1.0
0.29632773615430696,2.6509268045214878,30.33783095824559,0.7300293362647821,0.0,-0.34907319547851223,1.0
0.29313592523871485,2.67360536362155,30.038687444174286,0.7609427064124159,0.0,-0.32639463637845,1.0
0.3114250679081669,2.6919875776735114,30.51323320097964,0.810862117671129,0.0,-0.3080124223264886,1.0
0.28862508121042724,2.63921137067644,29.935885289889907,0.7690109983985793,0.0,-0.3607886293235598,1.0
0.3020028782835808,2.413621113437,30.791472740379685,0.7806232309443795,0.0,-0.5863788865630002,1.0
0.29775022547723673,2.523797828654229,30.638344305021064,0.773862514813052,0.0,-0.47620217134577114,1.0
0.30290560652773785,2.7019648377365892,30.19248802888761,0.7588647299935349,0.0,-0.29803516226341076,1.0
0.2899177460912927,2.5925063222815767,30.325013152095917,0.7957778625385729,0.0,-0.40749367771842326,1.0
0.2943054409262613,2.6253818248106446,30.17747135630659,0.8085786159755042,0.0,-0.37461817518935536,1.0
0.3043269346961611,2.62237831998488,30.459705818599982,0.7470666045667659,0.0,-0.3776216800151202,1.0
0.29242965864854037,2.5733243037982865,30.27182745215711,0.7829398247218802,0.0,-0.42667569620171353,1.0
0.30689832463783706,2.59966278819722,30.474335739310813,0.7620762019395387,0.0,-0.40033721180278015,1.0
0.29922949060703746,2.6522036132463436,30.251149380059847,0.7288827933997405,0.0,-0.34779638675365643,1.0
0.2985106300944927,2.5976070629414534,30.485997539579266,0.7351094333763224,0.0,-0.4023929370585466,1.0
0.2987430477624222,2.6135216032992714,30.31020685357227,0.7877199093877633,0.0,-0.3864783967007286,1.0
0.2834967877086129,2.558460460351061,30.278697145857308,0.8393281894282276,0.0,-0.441539539648939,1.0
0.29632773615430696,2.6509268045214878,30.33783095824559,0.7300293362647821,0.0,-0.34907319547851223,1.0
0.29313592523871485,2.67360536362155,30.038687444174286,0.7609427064124159,0.0,-0.32639463637845,1.0
0.3114250679081669,2.6919875776735114,30.51323320097964,0.810862117671129,0.0,-0.3080124223264886,1.0
0.2876189795360556,2.6416608509818142,29.893095720551692,0.762002807317991,0.0,-0.35833914901818575,1.0
0.3020028782835808,2.413621113437,30.791472740379685,0.7806232309443795,0.0,-0.5863788865630002,1.0
0.30227418311909826,2.512796112429873,30.7524942062929,0.7530840932306537,0.0,-0.4872038875701268,1.0
0.30290560652773785,2.7019648377365892,30.19248802888761,0.7588647299935349,0.0,-0.29803516226341076,1.0
0.289566067355165,2.6052127650985994,30.219148131085152,0.7884957455025213,0.0,-0.39478723490140055,1.0
0.2943054409262613,2.6253818248106446,30.17747135630659,0.8085786159755042,0.0,-0.37461817518935536,1.0
0.30199514784235215,2.642977209924234,30.446439119437446,0.7334556071573313,0.0,-0.3570227900757659,1.0
0.29242965864854037,2.5733243037982865,30.27182745215711,0.7829398247218802,0.0,-0.42667569620171353,1.0
0.30689832463783706,2.59966278819722,30.474335739310813,0.7620762019395387,0.0,-0.40033721180278015,1.0
0.29922949060703746,2.6522036132463436,30.251149380059847,0.7288827933997405,0.0,-0.34779638675365643,1.0
0.2985106300944927,2.5976070629414534,30.485997539579266,0.7351094333763224,0.0,-0.4023929370585466,1.0
0.29582991544830395,2.6052129248929883,30.297764807931507,0.7948829844803762,0.0,-0.3947870751070117,1.0
0.28588323995806325,2.5768435551051696,30.255282360490433,0.819340776223355,0.0,-0.4231564448948304,1.0
0.29632773615430696,2.6509268045214878,30.33783095824559,0.7300293362647821,0.0,-0.34907319547851223,1.0
0.29313592523871485,2.67360536362155,30.038687444174286,0.7609427064124159,0.0,-0.32639463637845,1.0
0.3085196013247188,2.6840854724387073,30.47947721262128,0.7953059287330897,0.0,-0.3159145275612927,1.0
0.2859516216219954,2.6401468299374047,29.84167648506849,0.7667590938399854,0.0,-0.3598531700625953,1.0
0.2975230744327556,2.488354483655612,30.54830387431482,0.7817072848072262,0.0,-0.5116455163443878,1.0
0.30385012233427067,2.5031065890114266,30.82944069462128,0.7483047036120493,0.0,-0.4968934109885734,1.0
0.29865197429091694,2.789560411870999,29.939455448953606,0.7574121495141163,0.0,-0.2104395881290011,1.0
0.29209866559588094,2.6247216379218012,30.194299427642395,0.7672843059982185,0.0,-0.37527836207819876,1.0
0.2951843972617146,2.6232418957281083,30.214853426150206,0.8147011522034626,0.0,-0.3767581042718917,1.0
0.30143868396747625,2.6448336077736245,30.40714586078271,0.7325355344779902,0.0,-0.35516639222637547,1.0
0.29242965864854037,2.5733243037982865,30.27182745215711,0.7829398247218802,0.0,-0.42667569620171353,1.0
0.30788878479335025,2.5993456321052473,30.48891855757886,0.7605664444509893,0.0,-0.4006543678947527,1.0
0.29922949060703746,2.6522036132463436,30.251149380059847,0.7288827933997405,0.0,-0.34779638675365643,1.0
0.2983660685289334,2.5866277941563682,30.533225085141154,0.7363615995580514,0.0,-0.41337220584363177,1.0
0.29582991544830395,2.6052129248929883,30.297764807931507,0.7948829844803762,0.0,-0.3947870751070117,1.0
0.2919879305660667,2.600150931730221,30.312468481294008,0.7865058891890487,0.0,-0.39984906826977884,1.0
0.3004591934421706,2.6324937525251544,30.391823635109105,0.7409420797455175,0.0,-0.3675062474748456,1.0
0.29313592523871485,2.67360536362155,30.038687444174286,0.7609427064124159,0.0,-0.32639463637845,1.0
0.3085196013247188,2.6840854724387073,30.47947721262128,0.7953059287330897,0.0,-0.3159145275612927,1.0
0.28626672409644915,2.6438538600185053,29.844102432935678,0.7665271912021263,0.0,-0.3561461399814947,1.0
0.2991420708987623,2.517171562196968,30.538170663789018,0.7837093857136994,0.0,-0.4828284378030321,1.0
0.30385012233427067,2.5031065890114266,30.82944069462128,0.7483047036120493,0.0,-0.4968934109885734,1.0
0.29865197429091694,2.789560411870999,29.939455448953606,0.7574121495141163,0.0,-0.2104395881290011,1.0
0.2900619203593211,2.622828238642783,30.146179680174342,0.7737016524656883,0.0,-0.377171761357217,1.0
0.29464288942777883,2.6544743339803984,30.137644809182284,0.8223407007004222,0.0,-0.34552566601960155,1.0
0.3071657232897375,2.657165707948054,30.53765736982907,0.7112285548791238,0.0,-0.34283429205194604,1.0
0.28625797460267793,2.5278453125372016,30.179595642105458,0.8152202518318586,0.0,-0.47215468746279843,1.0
0.30771433038156953,2.601149170541743,30.480940276075412,0.7598172194584005,0.0,-0.3988508294582571,1.0
0.2996543897055079,2.6844741644858643,30.11233695467846,0.725202394120075,0.0,-0.3155258355141357,1.0
0.29826964214854346,2.5952584547107205,30.532610545461267,0.7304781437646487,0.0,-0.4047415452892795,1.0
0.29582991544830395,2.6052129248929883,30.297764807931507,0.7948829844803762,0.0,-0.3947870751070117,1.0
0.2919879305660667,2.600150931730221,30.312468481294008,0.7865058891890487,0.0,-0.39984906826977884,1.0
0.30055450053298216,2.628857134201608,30.40412351226925,0.7411490172201115,0.0,-0.37114286579839195,1.0
0.29656882381569205,2.675944021198832,30.13705057665239,0.7686109292965624,0.0,-0.3240559788011681,1.0
0.3056557731537056,2.6821344933165476,30.397419702484196,0.7889088644957408,0.0,-0.31786550668345237,1.0
0.2919695545854955,2.5877429310057565,30.151523547812193,0.7741376380688251,0.0,-0.4122570689942435,1.0
0.2991420708987623,2.517171562196968,30.538170663789018,0.7837093857136994,0.0,-0.4828284378030321,1.0
0.302844907209063,2.5414624312924983,30.69971243983676,0.7461221096658609,0.0,-0.45853756870750173,1.0
0.29918912942456427,2.8009031271119533,29.92904778873162,0.7549067501509187,0.0,-0.19909687288804667,1.0
0.2900619203593211,2.622828238642783,30.146179680174342,0.7737016524656883,0.0,-0.377171761357217,1.0
0.29464288942777883,2.6544743339803984,30.137644809182284,0.8223407007004222,0.0,-0.34552566601960155,1.0
0.3071657232897375,2.657165707948054,30.53765736982907,0.7112285548791238,0.0,-0.34283429205194604,1.0
0.28625797460267793,2.5278453125372016,30.179595642105458,0.8152202518318586,0.0,-0.47215468746279843,1.0
0.30756573902958134,2.6069948756984527,30.47491157073715,0.7619171206946387,0.0,-0.3930051243015473,1.0
0.2994347714766784,2.7074974093293993,30.074460511906317,0.7322591984426194,0.0,-0.2925025906706007,1.0
0.29868958647568855,2.635712429337087,30.367480801554898,0.7311200843546657,0.0,-0.36428757066291295,1.0
0.29551308831853407,2.618361205200003,30.25502744687515,0.802211677592078,0.0,-0.38163879479999707,1.0
0.2919879305660667,2.600150931730221,30.312468481294008,0.7865058891890487,0.0,-0.39984906826977884,1.0
0.29748956013066125,2.6752462151719314,30.19784927022472,0.724054094324913,0.0,-0.3247537848280686,1.0
0.2961874879312987,2.6940343141244383,30.04836314447763,0.7771605781416664,0.0,-0.3059656858755617,1.0
0.310360902203911,2.714584982084451,30.48195533480037,0.7939870039556699,0.0,-0.285415017915549,1.0
0.2919695545854955,2.5877429310057565,30.151523547812193,0.7741376380688251,0.0,-0.4122570689942435,1.0
0.30111517837811613,2.554632548286337,30.53786178297766,0.7638978719125127,0.0,-0.445367451713663,1.0
0.30365385966916886,2.5819471121288124,30.612714177248115,0.7584359130493158,0.0,-0.41805288787118755,1.0
0.2996336898107061,2.8167310135783548,29.911376497625703,0.7516108301062043,0.0,-0.18326898642164524,1.0
0.28781812558759245,2.602559033452762,30.163348745678274,0.7836226850842867,0.0,-0.3974409665472378,1.0
0.29464288942777883,2.6544743339803984,30.137644809182284,0.8223407007004222,0.0,-0.34552566601960155,1.0
0.30613958890172704,2.6500249051152265,30.537075234847176,0.7134489331329861,0.0,-0.3499750948847735,1.0
0.28625797460267793,2.5278453125372016,30.179595642105458,0.8152202518318586,0.0,-0.47215468746279843,1.0
0.30756573902958134,2.6069948756984527,30.47491157073715,0.7619171206946387,0.0,-0.3930051243015473,1.0
0.2994347714766784,2.7074974093293993,30.074460511906317,0.7322591984426194,0.0,-0.2925025906706007,1.0
0.30088260986588533,2.628617208017222,30.394023629453926,0.7387290816800531,0.0,-0.3713827919827781,1.0
0.2949821594103815,2.613071448522042,30.250998826497206,0.8029918510321998,0.0,-0.3869285514779581,1.0
0.2906230119657955,2.5931000299776588,30.334709283494206,0.7804247080821284,0.0,-0.40689997002234124,1.0
0.29748956013066125,2.6752462151719314,30.19784927022472,0.724054094324913,0.0,-0.3247537848280686,1.0
0.2938671155119826,2.6874313341533984,30.025131696405946,0.8098603539565417,0.0,-0.3125686658466016,1.0
0.3095309773810925,2.698172463429357,30.498135343886087,0.789587936457793,0.0,-0.3018275365706429,1.0
0.2919029102763674,2.587167083875716,30.149576918722477,0.7736096411286468,0.0,-0.41283291612428386,1.0
0.30111517837811613,2.554632548286337,30.53786178297766,0.7638978719125127,0.0,-0.445367451713663,1.0
0.2998714334485193,2.5836273302411152,30.46363834925755,0.7633200721954208,0.0,-0.41637266975888476,1.0
0.2996336898107061,2.8167310135783548,29.911376497625703,0.7516108301062043,0.0,-0.18326898642164524,1.0
0.28671344724477327,2.590485143314967,30.178525780458937,0.7844756233722152,0.0,-0.40951485668503285,1.0
0.29464288942777883,2.6544743339803984,30.137644809182284,0.8223407007004222,0.0,-0.34552566601960155,1.0
0.30181919444058986,2.6229058449855844,30.461067844548534,0.7354954093838799,0.0,-0.37709415501441557,1.0
0.2860077765424907,2.5236577794280284,30.182902361705235,0.8161792571943064,0.0,-0.4763422205719716,1.0
0.3043472299505733,2.6174079129408456,30.435956978206374,0.7507500592381213,0.0,-0.3825920870591544,1.0
0.29942704219725924,2.7032529687486555,30.080797393427737,0.731507260874494,0.0,-0.2967470312513445,1.0
0.30088260986588533,2.628617208017222,30.394023629453926,0.7387290816800531,0.0,-0.3713827919827781,1.0
0.2949821594103815,2.613071448522042,30.250998826497206,0.8029918510321998,0.0,-0.3869285514779581,1.0
0.2952791295955792,2.5830839783243227,30.41585915118852,0.7703730717042221,0.0,-0.4169160216756773,1.0
0.29748956013066125,2.6752462151719314,30.19784927022472,0.724054094324913,0.0,-0.3247537848280686,1.0
0.29541929324921146,2.766663348353901,29.92679110547288,0.8385068255114927,0.0,-0.23333665164609885,1.0
0.3138009944492211,2.721901144668936,30.535042121105267,0.7916572834607019,0.0,-0.27809885533106415,1.0
0.2919029102763674,2.587167083875716,30.149576918722477,0.7736096411286468,0.0,-0.41283291612428386,1.0
0.30127554828791236,2.5701847253129184,30.520368663665153,0.757427990617898,0.0,-0.4298152746870816,1.0
0.30906107038147046,2.57421484060531,30.591747919813237,0.7463241563017956,0.0,-0.4257851593946902,1.0
0.2996336898107061,2.8167310135783548,29.911376497625703,0.7516108301062043,0.0,-0.18326898642164524,1.0
0.28671344724477327,2.590485143314967,30.178525780458937,0.7844756233722152,0.0,-0.40951485668503285,1.0
0.2930589594382069,2.674603341335228,30.046247406779507,0.8378423555227579,0.0,-0.3253966586647721,1.0
0.30181919444058986,2.6229058449855844,30.461067844548534,0.7354954093838799,0.0,-0.37709415501441557,1.0
0.2860077765424907,2.5236577794280284,30.182902361705235,0.8161792571943064,0.0,-0.4763422205719716,1.0
0.3050725347934259,2.615830531324972,30.42875255687041,0.755126687403196,0.0,-0.3841694686750281,1.0
0.29942704219725924,2.7032529687486555,30.080797393427737,0.731507260874494,0.0,-0.2967470312513445,1.0
0.299143991269361,2.6240365159566346,30.351880138196776,0.7576646607010714,0.0,-0.37596348404336544,1.0
0.2949821594103815,2.613071448522042,30.250998826497206,0.8029918510321998,0.0,-0.3869285514779581,1.0
0.2867835552534613,2.5885511632450044,30.30743638744217,0.7851974967850331,0.0,-0.41144883675499555,1.0
0.29748956013066125,2.6752462151719314,30.19784927022472,0.724054094324913,0.0,-0.3247537848280686,1.0
0.295790511390888,2.781141954968301,29.90800378565572,0.8386113290835162,0.0,-0.2188580450316988,1.0
0.3138009944492211,2.721901144668936,30.535042121105267,0.7916572834607019,0.0,-0.27809885533106415,1.0
0.29252427063945957,2.590990176538733,30.160514533000576,0.7741217448133292,0.0,-0.4090098234612669,1.0
0.30127554828791236,2.5701847253129184,30.520368663665153,0.757427990617898,0.0,-0.4298152746870816,1.0
0.3124752913459516,2.5444051243591885,30.70796931167623,0.7528950282825251,0.0,-0.45559487564081147,1.0
0.29960898869018354,2.803166691129885,29.931627812878943,0.7492077987900295,0.0,-0.19683330887011508,1.0
0.28671344724477327,2.590485143314967,30.178525780458937,0.7844756233722152,0.0,-0.40951485668503285,1.0
0.2930589594382069,2.674603341335228,30.046247406779507,0.8378423555227579,0.0,-0.3253966586647721,1.0
0.30181919444058986,2.6229058449855844,30.461067844548534,0.7354954093838799,0.0,-0.37709415501441557,1.0
0.28665613487811764,2.5369817340003165,30.170924315447788,0.8129867841386698,0.0,-0.46301826599968354,1.0
0.2979740948637343,2.605242682220955,30.381666521298833,0.7667979692025845,0.0,-0.3947573177790451,1.0
0.2999223784126191,2.710413168866311,30.050871937779423,0.7334127357043069,0.0,-0.2895868311336889,1.0
0.29789889715549656,2.655492651996157,30.253461907068743,0.7578029054324684,0.0,-0.3445073480038432,1.0
0.2949821594103815,2.613071448522042,30.250998826497206,0.8029918510321998,0.0,-0.3869285514779581,1.0
0.28803793381067766,2.592302743328595,30.29880149485363,0.7879200158846189,0.0,-0.4076972566714052,1.0
0.29748956013066125,2.6752462151719314,30.19784927022472,0.724054094324913,0.0,-0.3247537848280686,1.0
0.295790511390888,2.781141954968301,29.90800378565572,0.8386113290835162,0.0,-0.2188580450316988,1.0
0.3127926240721715,2.7170090072658897,30.52177032081532,0.7913899365046777,0.0,-0.2829909927341103,1.0
0.29276067766561653,2.627958857542377,30.109992525506286,0.8022951423447788,0.0,-0.3720411424576229,1.0
0.30141594995794424,2.566637608686537,30.531466687387287,0.7574124016026219,0.0,-0.4333623913134632,1.0
0.3098834096554265,2.55988712121521,30.638738178655956,0.7538223439130444,0.0,-0.4401128787847899,1.0
0.29960898869018354,2.803166691129885,29.931627812878943,0.7492077987900295,0.0,-0.19683330887011508,1.0
0.28671344724477327,2.590485143314967,30.178525780458937,0.7844756233722152,0.0,-0.40951485668503285,1.0
0.2930741813822348,2.676983707105945,30.042994359766674,0.8396564043150869,0.0,-0.3230162928940552,1.0
0.30181919444058986,2.6229058449855844,30.461067844548534,0.7354954093838799,0.0,-0.37709415501441557,1.0
0.286661082721246,2.5416007454208787,30.17158055874423,0.8105253825405162,0.0,-0.45839925457912134,1.0
0.29663179211328017,2.620298428313783,30.323245359031638,0.7704582840209497,0.0,-0.3797015716862169,1.0
0.2999223784126191,2.710413168866311,30.050871937779423,0.7334127357043069,0.0,-0.2895868311336889,1.0
0.29789889715549656,2.655492651996157,30.253461907068743,0.7578029054324684,0.0,-0.3445073480038432,1.0
0.2949821594103815,2.613071448522042,30.250998826497206,0.8029918510321998,0.0,-0.3869285514779581,1.0
0.28803793381067766,2.592302743328595,30.29880149485363,0.7879200158846189,0.0,-0.4076972566714052,1.0
0.29761967801893924,2.6689670569955313,30.215527121063225,0.7347819878863985,0.0,-0.3310329430044687,1.0
0.295790511390888,2.781141954968301,29.90800378565572,0.8386113290835162,0.0,-0.2188580450316988,1.0
0.30638273446404213,2.679602443746195,30.42432112897414,0.7955654026015232,0.0,-0.32039755625380506,1.0
0.29276067766561653,2.627958857542377,30.109992525506286,0.8022951423447788,0.0,-0.3720411424576229,1.0
0.30141594995794424,2.566637608686537,30.531466687387287,0.7574124016026219,0.0,-0.4333623913134632,1.0
0.3175760445450603,2.4985197154294703,30.88603982642654,0.7512672957686302,0.0,-0.5014802845705297,1.0
0.2999422457672414,2.825648336888046,29.884067894263993,0.7516244668577305,0.0,-0.17435166311195394,1.0
0.28671344724477327,2.590485143314967,30.178525780458937,0.7844756233722152,0.0,-0.40951485668503285,1.0
0.294617840033013,2.6523877837195817,30.164596162805278,0.8096311190646548,0.0,-0.3476122162804183,1.0
0.30181919444058986,2.6229058449855844,30.461067844548534,0.7354954093838799,0.0,-0.37709415501441557,1.0
0.28755435404850155,2.56503871749205,30.145790820694856,0.8132734592990455,0.0,-0.43496128250794985,1.0
0.29663179211328017,2.620298428313783,30.323245359031638,0.7704582840209497,0.0,-0.3797015716862169,1.0
0.2999223784126191,2.710413168866311,30.050871937779423,0.7334127357043069,0.0,-0.2895868311336889,1.0
0.30274740792110794,2.6981388059054665,30.302633330042706,0.7320473649715463,0.0,-0.3018611940945335,1.0
0.3027485424923529,2.5736956334907815,30.469286723811486,0.7852121416760208,0.0,-0.42630436650921855,1.0
0.29512726106004894,2.6260396127951453,30.347308414024674,0.7908745668447674,0.0,-0.3739603872048547,1.0
0.29761967801893924,2.6689670569955313,30.215527121063225,0.7347819878863985,0.0,-0.3310329430044687,1.0
0.297811825165834,2.7465413570107073,29.977895038779284,0.7871480644663391,0.0,-0.25345864298929266,1.0
0.30638273446404213,2.679602443746195,30.42432112897414,0.7955654026015232,0.0,-0.32039755625380506,1.0
0.29166783122520507,2.602302813557623,30.138572619069322,0.8055723046413412,0.0,-0.39769718644237706,1.0
0.3040740469485318,2.56731236246913,30.604356602029338,0.7467595865477149,0.0,-0.4326876375308699,1.0
0.3175760445450603,2.4985197154294703,30.88603982642654,0.7512672957686302,0.0,-0.5014802845705297,1.0
0.29677801419867583,2.7385454531630664,29.983611314332883,0.7739501969361493,0.0,-0.2614545468369336,1.0
0.28031764612745896,2.5403969218321496,30.18979686307588,0.764121175944492,0.0,-0.4596030781678504,1.0
0.29806679163967653,2.638267970388746,30.306585631064582,0.7741252321795953,0.0,-0.36173202961125384,1.0
0.30181919444058986,2.6229058449855844,30.461067844548534,0.7354954093838799,0.0,-0.37709415501441557,1.0
0.2873920875306842,2.563077673043529,30.146906553240747,0.8136156226747158,0.0,-0.4369223269564708,1.0
0.29663179211328017,2.620298428313783,30.323245359031638,0.7704582840209497,0.0,-0.3797015716862169,1.0
0.2999223784126191,2.710413168866311,30.050871937779423,0.7334127357043069,0.0,-0.2895868311336889,1.0
0.30692303963512535,2.751286805962451,30.28855980995234,0.705821085102567,0.0,-0.2487131940375491,1.0
0.3018715374093252,2.609438615978457,30.36133895692719,0.7722220487958613,0.0,-0.39056138402154295,1.0
0.29512726106004894,2.6260396127951453,30.347308414024674,0.7908745668447674,0.0,-0.3739603872048547,1.0
0.29761967801893924,2.6689670569955313,30.215527121063225,0.7347819878863985,0.0,-0.3310329430044687,1.0
0.30764323030755053,2.623166828752754,30.42963761274012,0.7692997312185219,0.0,-0.37683317124724613,1.0
0.30638273446404213,2.679602443746195,30.42432112897414,0.7955654026015232,0.0,-0.32039755625380506,1.0
0.29166783122520507,2.602302813557623,30.138572619069322,0.8055723046413412,0.0,-0.39769718644237706,1.0
0.3025553848626824,2.5435466850751807,30.678698286953143,0.7371689156076471,0.0,-0.45645331492481933,1.0
0.31659496869032006,2.514391329025103,30.84557091575812,0.7551499544915538,0.0,-0.485608670974897,1.0
0.29604559450070117,2.6886279387301077,30.144979427878983,0.7814593402519043,0.0,-0.31137206126989225,1.0
0.27273934225160357,2.499923560198418,30.12161001750343,0.7549789124819201,0.0,-0.5000764398015818,1.0
0.3009654095362014,2.650326132467947,30.26642963190523,0.7576090164437131,0.0,-0.349673867532053,1.0
0.30181919444058986,2.6229058449855844,30.461067844548534,0.7354954093838799,0.0,-0.37709415501441557,1.0
0.28867760786430396,2.563404000378755,30.182157888207065,0.8084636623016118,0.0,-0.43659599962124496,1.0
0.29496413166465424,2.6198640147632095,30.30713246347526,0.7706337445422883,0.0,-0.3801359852367905,1.0
0.2996519576225714,2.6998992107723376,30.088137939010142,0.7393459023027096,0.0,-0.30010078922766237,1.0
0.30692303963512535,2.751286805962451,30.28855980995234,0.705821085102567,0.0,-0.2487131940375491,1.0
0.3018715374093252,2.609438615978457,30.36133895692719,0.7722220487958613,0.0,-0.39056138402154295,1.0
0.2923957213191024,2.632763281902948,30.34162581984548,0.7984291348489058,0.0,-0.36723671809705216,1.0
0.2981186807812929,2.6666869830505346,30.22618618919789,0.7365003855938175,0.0,-0.33331301694946536,1.0
0.30764323030755053,2.623166828752754,30.42963761274012,0.7692997312185219,0.0,-0.37683317124724613,1.0
0.30638273446404213,2.679602443746195,30.42432112897414,0.7955654026015232,0.0,-0.32039755625380506,1.0
0.29166783122520507,2.602302813557623,30.138572619069322,0.8055723046413412,0.0,-0.39769718644237706,1.0
0.29994448559294035,2.450733663544,30.852226499732687,0.6973326421735065,0.0,-0.5492663364560002,1.0
0.3142508321319544,2.542875698726621,30.736653025203704,0.7588552693142301,0.0,-0.457124301273379,1.0
0.30201015967641165,2.7899997759381376,30.11488255600574,0.7595986818604125,0.0,-0.21000022406186236,1.0
0.27273934225160357,2.499923560198418,30.12161001750343,0.7549789124819201,0.0,-0.5000764398015818,1.0
0.3009654095362014,2.650326132467947,30.26642963190523,0.7576090164437131,0.0,-0.349673867532053,1.0
0.30181919444058986,2.6229058449855844,30.461067844548534,0.7354954093838799,0.0,-0.37709415501441557,1.0
0.2881683313385925,2.5616270961581376,30.17524162328086,0.8098625634363653,0.0,-0.43837290384186245,1.0
0.2998812873441393,2.646400414114511,30.348178645372787,0.7740973205045344,0.0,-0.353599585885489,1.0
0.2996519576225714,2.6998992107723376,30.088137939010142,0.7393459023027096,0.0,-0.30010078922766237,1.0
0.30692303963512535,2.751286805962451,30.28855980995234,0.705821085102567,0.0,-0.2487131940375491,1.0
0.3018715374093252,2.609438615978457,30.36133895692719,0.7722220487958613,0.0,-0.39056138402154295,1.0
0.29251567461519123,2.6377830419038935,30.375088152852467,0.7972519698231575,0.0,-0.36221695809610654,1.0
0.2981186807812929,2.6666869830505346,30.22618618919789,0.7365003855938175,0.0,-0.33331301694946536,1.0
0.32260188424166625,2.642702965619907,30.702177941167257,0.7353357050095382,0.0,-0.35729703438009297,1.0
0.3049515854212949,2.6342025328184238,30.5056101401338,0.774225319698764,0.0,-0.36579746718157624,1.0
0.29166783122520507,2.602302813557623,30.138572619069322,0.8055723046413412,0.0,-0.39769718644237706,1.0
0.30035419098538907,2.4883607709504236,30.76674132664414,0.7056728660629173,0.0,-0.5116392290495764,1.0
0.3142508321319544,2.542875698726621,30.736653025203704,0.7588552693142301,0.0,-0.457124301273379,1.0
0.30201015967641165,2.7899997759381376,30.11488255600574,0.7595986818604125,0.0,-0.21000022406186236,1.0
0.27273934225160357,2.499923560198418,30.12161001750343,0.7549789124819201,0.0,-0.5000764398015818,1.0
0.3007460233066017,2.6209961780262048,30.298252878736047,0.757191208226098,0.0,-0.37900382197379523,1.0
0.2965465044074898,2.6006069879270624,30.39951815407258,0.7390281120925208,0.0,-0.39939301207293765,1.0
0.2881683313385925,2.5616270961581376,30.17524162328086,0.8098625634363653,0.0,-0.43837290384186245,1.0
0.29696729023455515,2.6029966376041034,30.372849935545027,0.802351190335954,0.0,-0.3970033623958966,1.0
0.2996519576225714,2.6998992107723376,30.088137939010142,0.7393459023027096,0.0,-0.30010078922766237,1.0
0.30692303963512535,2.751286805962451,30.28855980995234,0.705821085102567,0.0,-0.2487131940375491,1.0
0.3018715374093252,2.609438615978457,30.36133895692719,0.7722220487958613,0.0,-0.39056138402154295,1.0
0.29251567461519123,2.6377830419038935,30.375088152852467,0.7972519698231575,0.0,-0.36221695809610654,1.0
0.29753647800538857,2.6327369227874557,30.272961951837786,0.7211597328859758,0.0,-0.36726307721254425,1.0
0.32260188424166625,2.642702965619907,30.702177941167257,0.7353357050095382,0.0,-0.35729703438009297,1.0
0.303569224945422,2.6287997019924605,30.482624709948663,0.7790948906513683,0.0,-0.3712002980075395,1.0
0.2844763689718017,2.5862919683161882,29.930677839438573,0.8215713823756718,0.0,-0.41370803168381176,1.0
0.30068535665553814,2.514786394694866,30.678260973489813,0.7201974362928695,0.0,-0.4852136053051339,1.0
0.3142508321319544,2.542875698726621,30.736653025203704,0.7588552693142301,0.0,-0.457124301273379,1.0
0.2994304941198161,2.743182911513943,30.1207915193506,0.7710657873347163,0.0,-0.256817088486057,1.0
0.2808807528824113,2.553419418731132,30.155156894817292,0.749051205773864,0.0,-0.4465805812688681,1.0
0.3000629811956762,2.6280101297475946,30.25996775381987,0.7480694237483089,0.0,-0.3719898702524054,1.0
0.2965465044074898,2.6006069879270624,30.39951815407258,0.7390281120925208,0.0,-0.39939301207293765,1.0
0.2881683313385925,2.5616270961581376,30.17524162328086,0.8098625634363653,0.0,-0.43837290384186245,1.0
0.29696729023455515,2.6029966376041034,30.372849935545027,0.802351190335954,0.0,-0.3970033623958966,1.0
0.2996519576225714,2.6998992107723376,30.088137939010142,0.7393459023027096,0.0,-0.30010078922766237,1.0
0.3061325790747583,2.739808364383701,30.29701236111191,0.7083507199553157,0.0,-0.260191635616299,1.0
0.30503648009270484,2.5924289746334472,30.425861292049685,0.8095016540046513,0.0,-0.40757102536655276,1.0
0.29251567461519123,2.6377830419038935,30.375088152852467,0.7972519698231575,0.0,-0.36221695809610654,1.0
0.2996016682126126,2.648412949520979,30.294504213371518,0.7016053617257764,0.0,-0.35158705047902084,1.0
0.32579235177196403,2.680841352194098,30.689006949682884,0.7263502017154556,0.0,-0.3191586478059021,1.0
0.303569224945422,2.6287997019924605,30.482624709948663,0.7790948906513683,0.0,-0.3712002980075395,1.0
0.2844763689718017,2.5862919683161882,29.930677839438573,0.8215713823756718,0.0,-0.41370803168381176,1.0
0.30086062728371704,2.482885529191922,30.75612449928334,0.7130924924542209,0.0,-0.5171144708080782,1.0
0.3142508321319544,2.542875698726621,30.736653025203704,0.7588552693142301,0.0,-0.457124301273379,1.0
0.2994304941198161,2.743182911513943,30.1207915193506,0.7710657873347163,0.0,-0.256817088486057,1.0
0.2808807528824113,2.553419418731132,30.155156894817292,0.749051205773864,0.0,-0.4465805812688681,1.0
0.2869637835920732,2.6011129843077274,30.0415376453321,0.7591269962746681,0.0,-0.3988870156922726,1.0
0.2965465044074898,2.6006069879270624,30.39951815407258,0.7390281120925208,0.0,-0.39939301207293765,1.0
0.2881683313385925,2.5616270961581376,30.17524162328086,0.8098625634363653,0.0,-0.43837290384186245,1.0
0.29696729023455515,2.6029966376041034,30.372849935545027,0.802351190335954,0.0,-0.3970033623958966,1.0
0.29927353261884587,2.7660867180948854,29.92993606796332,0.7313142494935677,0.0,-0.23391328190511462,1.0
0.3060587738319572,2.740091126760153,30.293062518358035,0.7085978139040207,0.0,-0.2599088732398469,1.0
0.30503648009270484,2.5924289746334472,30.425861292049685,0.8095016540046513,0.0,-0.40757102536655276,1.0
0.29251567461519123,2.6377830419038935,30.375088152852467,0.7972519698231575,0.0,-0.36221695809610654,1.0
0.2996016682126126,2.648412949520979,30.294504213371518,0.7016053617257764,0.0,-0.35158705047902084,1.0
0.32579235177196403,2.680841352194098,30.689006949682884,0.7263502017154556,0.0,-0.3191586478059021,1.0
0.303569224945422,2.6287997019924605,30.482624709948663,0.7790948906513683,0.0,-0.3712002980075395,1.0
0.2844763689718017,2.5862919683161882,29.930677839438573,0.8215713823756718,0.0,-0.41370803168381176,1.0
0.30239969601317995,2.489540999593621,30.7548303925808,0.7181962776794651,0.0,-0.5104590004063789,1.0
0.3147004246885183,2.542733643983596,30.744487478635396,0.7589873587215961,0.0,-0.4572663560164041,1.0
0.2994304941198161,2.743182911513943,30.1207915193506,0.7710657873347163,0.0,-0.256817088486057,1.0
0.28199357587856066,2.561488384046182,30.176192237137133,0.7536613716089208,0.0,-0.4385116159538178,1.0
0.28775465878584877,2.605825336562447,30.076785597062155,0.7392727606537337,0.0,-0.3941746634375529,1.0
0.2955134453932157,2.5844421003102918,30.435027084194026,0.7516820684992018,0.0,-0.41555789968970824,1.0
0.28841155600767726,2.5600021864833744,30.191353365353375,0.8090911921901405,0.0,-0.4399978135166256,1.0
0.2976998784569876,2.6123462154322343,30.34151904966953,0.8278832146917302,0.0,-0.38765378456776567,1.0
0.2995503161052902,2.7577462645506974,29.95375442014525,0.7350694429106129,0.0,-0.24225373544930262,1.0
0.3060587738319572,2.740091126760153,30.293062518358035,0.7085978139040207,0.0,-0.2599088732398469,1.0
0.30503648009270484,2.5924289746334472,30.425861292049685,0.8095016540046513,0.0,-0.40757102536655276,1.0
0.291756856069528,2.638399741943531,30.367705842967993,0.7984984406853698,0.0,-0.3616002580564688,1.0
0.2996016682126126,2.648412949520979,30.294504213371518,0.7016053617257764,0.0,-0.35158705047902084,1.0
0.32579235177196403,2.680841352194098,30.689006949682884,0.7263502017154556,0.0,-0.3191586478059021,1.0
0.303569224945422,2.6287997019924605,30.482624709948663,0.7790948906513683,0.0,-0.3712002980075395,1.0
0.28591823729611937,2.5966116828126875,30.017229305936695,0.8170018881473989,0.0,-0.4033883171873125,1.0
0.30202743910002744,2.4908534936429074,30.74427463518269,0.7188432466428815,0.0,-0.5091465063570926,1.0
0.3147004246885183,2.542733643983596,30.744487478635396,0.7589873587215961,0.0,-0.4572663560164041,1.0
0.3038234653071669,2.732794240219214,30.215479611767886,0.7636143291771412,0.0,-0.267205759780786,1.0
0.28199357587856066,2.561488384046182,30.176192237137133,0.7536613716089208,0.0,-0.4385116159538178,1.0
0.28802106945028744,2.587241339776377,30.12324960126172,0.767588262862597,0.0,-0.41275866022362306,1.0
0.2955134453932157,2.5844421003102918,30.435027084194026,0.7516820684992018,0.0,-0.41555789968970824,1.0
0.2874156644197738,2.5366633335997943,30.13885345631228,0.8122446408857164,0.0,-0.46333666640020565,1.0
0.2976998784569876,2.6123462154322343,30.34151904966953,0.8278832146917302,0.0,-0.38765378456776567,1.0
0.2995503161052902,2.7577462645506974,29.95375442014525,0.7350694429106129,0.0,-0.24225373544930262,1.0
0.3060587738319572,2.740091126760153,30.293062518358035,0.7085978139040207,0.0,-0.2599088732398469,1.0
0.30503648009270484,2.5924289746334472,30.425861292049685,0.8095016540046513,0.0,-0.40757102536655276,1.0
0.291756856069528,2.638399741943531,30.367705842967993,0.7984984406853698,0.0,-0.3616002580564688,1.0
0.29693855483163584,2.6383312202116933,30.240540078155348,0.7240642052356477,0.0,-0.3616687797883067,1.0
0.32579235177196403,2.680841352194098,30.689006949682884,0.7263502017154556,0.0,-0.3191586478059021,1.0
0.303569224945422,2.6287997019924605,30.482624709948663,0.7790948906513683,0.0,-0.3712002980075395,1.0
0.28591823729611937,2.5966116828126875,30.017229305936695,0.8170018881473989,0.0,-0.4033883171873125,1.0
0.30202743910002744,2.4908534936429074,30.74427463518269,0.7188432466428815,0.0,-0.5091465063570926,1.0
0.3147004246885183,2.542733643983596,30.744487478635396,0.7589873587215961,0.0,-0.4572663560164041,1.0
0.3038234653071669,2.732794240219214,30.215479611767886,0.7636143291771412,0.0,-0.267205759780786,1.0
0.28199357587856066,2.561488384046182,30.176192237137133,0.7536613716089208,0.0,-0.4385116159538178,1.0
0.2900618931851526,2.5781473098822523,30.22614356483739,0.7196317490214563,0.0,-0.42185269011774773,1.0
0.29678508136592435,2.5828292870470158,30.49039708542522,0.7430253482326947,0.0,-0.41717071295298425,1.0
0.2874156644197738,2.5366633335997943,30.13885345631228,0.8122446408857164,0.0,-0.46333666640020565,1.0
0.2976998784569876,2.6123462154322343,30.34151904966953,0.8278832146917302,0.0,-0.38765378456776567,1.0
0.30499547256892134,2.741788688472279,30.106317472587758,0.7332602222710699,0.0,-0.25821131152772114,1.0
0.3060587738319572,2.740091126760153,30.293062518358035,0.7085978139040207,0.0,-0.2599088732398469,1.0
0.30503648009270484,2.5924289746334472,30.425861292049685,0.8095016540046513,0.0,-0.40757102536655276,1.0
0.291756856069528,2.638399741943531,30.367705842967993,0.7984984406853698,0.0,-0.3616002580564688,1.0
0.29693855483163584,2.6383312202116933,30.240540078155348,0.7240642052356477,0.0,-0.3616687797883067,1.0
0.32579235177196403,2.680841352194098,30.689006949682884,0.7263502017154556,0.0,-0.3191586478059021,1.0
0.30376732468965006,2.644493392872959,30.430357231115305,0.7727286496611543,0.0,-0.3555066071270412,1.0
0.28591823729611937,2.5966116828126875,30.017229305936695,0.8170018881473989,0.0,-0.4033883171873125,1.0
0.3024210524491656,2.5256113625843426,30.673257275475418,0.7310337113942356,0.0,-0.4743886374156574,1.0
0.3147004246885183,2.542733643983596,30.744487478635396,0.7589873587215961,0.0,-0.4572663560164041,1.0
0.3038234653071669,2.732794240219214,30.215479611767886,0.7636143291771412,0.0,-0.267205759780786,1.0
0.2813317397619042,2.5605997113280634,30.16902126614246,0.7520575322963784,0.0,-0.4394002886719366,1.0
0.29041317719492676,2.577642399329609,30.2335338562781,0.7201928618613463,0.0,-0.4223576006703911,1.0
0.29771602777622,2.5910509967900275,30.48239193804593,0.7469857060370113,0.0,-0.4089490032099725,1.0
0.2874156644197738,2.5366633335997943,30.13885345631228,0.8122446408857164,0.0,-0.46333666640020565,1.0
0.29955716268998295,2.6488781080640402,30.303291281128374,0.8083904581327319,0.0,-0.3511218919359598,1.0
0.30499547256892134,2.741788688472279,30.106317472587758,0.7332602222710699,0.0,-0.25821131152772114,1.0
0.3053736033653584,2.737854473027334,30.269281677494714,0.7254615671722011,0.0,-0.2621455269726658,1.0
0.30503648009270484,2.5924289746334472,30.425861292049685,0.8095016540046513,0.0,-0.40757102536655276,1.0
0.291756856069528,2.638399741943531,30.367705842967993,0.7984984406853698,0.0,-0.3616002580564688,1.0
0.30408956046932967,2.648866755416781,30.351686251854588,0.7246307571438303,0.0,-0.35113324458321893,1.0
0.32579235177196403,2.680841352194098,30.689006949682884,0.7263502017154556,0.0,-0.3191586478059021,1.0
0.30376732468965006,2.644493392872959,30.430357231115305,0.7727286496611543,0.0,-0.3555066071270412,1.0
0.28591823729611937,2.5966116828126875,30.017229305936695,0.8170018881473989,0.0,-0.4033883171873125,1.0
0.3038723715895498,2.517752727559244,30.707588904993518,0.7256433301992782,0.0,-0.4822472724407558,1.0
0.3147004246885183,2.542733643983596,30.744487478635396,0.7589873587215961,0.0,-0.4572663560164041,1.0
0.3038234653071669,2.732794240219214,30.215479611767886,0.7636143291771412,0.0,-0.267205759780786,1.0
0.2813317397619042,2.5605997113280634,30.16902126614246,0.7520575322963784,0.0,-0.4394002886719366,1.0
0.29041317719492676,2.577642399329609,30.2335338562781,0.7201928618613463,0.0,-0.4223576006703911,1.0
0.29599937438985247,2.560383607166927,30.521349493181233,0.754884628596244,0.0,-0.4396163928330732,1.0
0.291945913163608,2.589523346254977,30.130469058817898,0.7918906609005122,0.0,-0.41047665374502307,1.0
0.29955716268998295,2.6488781080640402,30.303291281128374,0.8083904581327319,0.0,-0.3511218919359598,1.0
0.30499547256892134,2.741788688472279,30.106317472587758,0.7332602222710699,0.0,-0.25821131152772114,1.0
0.3053372661094285,2.7357375294344974,30.29602581094223,0.725592958774457,0.0,-0.26426247056550256,1.0
0.30516729871219295,2.577291162228412,30.448550084724083,0.8144504118907919,0.0,-0.4227088377715882,1.0
0.291756856069528,2.638399741943531,30.367705842967993,0.7984984406853698,0.0,-0.3616002580564688,1.0
0.30408956046932967,2.648866755416781,30.351686251854588,0.7246307571438303,0.0,-0.35113324458321893,1.0
0.32208103017103057,2.6658358888130698,30.668121801753838,0.7299047452407533,0.0,-0.33416411118693023,1.0
0.3031263996496206,2.6072293624499836,30.549967703536037,0.7893419901624613,0.0,-0.3927706375500164,1.0
0.288489115803436,2.616165123276659,30.045694592724214,0.8093363656625666,0.0,-0.3838348767233408,1.0
0.3052737292446195,2.521462826729622,30.711046811036507,0.7302834475078293,0.0,-0.4785371732703778,1.0
0.31431868646606453,2.545409381816389,30.733365604616047,0.7602327344771458,0.0,-0.454590618183611,1.0
0.29203108504476083,2.7760419760160007,29.923122505717707,0.7853870154707098,0.0,-0.22395802398399933,1.0
0.28431780750239266,2.583781682366593,30.117569197828725,0.7759543452534051,0.0,-0.4162183176334069,1.0
0.2905139470596698,2.578423513258656,30.226757851857215,0.7249066401370441,0.0,-0.42157648674134407,1.0
0.2991375061953828,2.5500632438355706,30.689881011992096,0.7720345921974398,0.0,-0.4499367561644294,1.0
0.291945913163608,2.589523346254977,30.130469058817898,0.7918906609005122,0.0,-0.41047665374502307,1.0
0.29955716268998295,2.6488781080640402,30.303291281128374,0.8083904581327319,0.0,-0.3511218919359598,1.0
0.3056260548506234,2.752561845407486,30.08347798819094,0.7245487298020699,0.0,-0.24743815459251417,1.0
0.3053372661094285,2.7357375294344974,30.29602581094223,0.725592958774457,0.0,-0.26426247056550256,1.0
0.30506199664260353,2.599762677202266,30.398595809214978,0.8030690906830433,0.0,-0.40023732279773405,1.0
0.291756856069528,2.638399741943531,30.367705842967993,0.7984984406853698,0.0,-0.3616002580564688,1.0
0.30408956046932967,2.648866755416781,30.351686251854588,0.7246307571438303,0.0,-0.35113324458321893,1.0
0.33037226150633114,2.688795128497429,30.784047958084003,0.7312175192308875,0.0,-0.31120487150257103,1.0
0.30348621482466126,2.6019511892415794,30.5320875452596,0.7937686623702415,0.0,-0.3980488107584206,1.0
0.288489115803436,2.616165123276659,30.045694592724214,0.8093363656625666,0.0,-0.3838348767233408,1.0
0.30059895804733516,2.481307001874313,30.722985943792942,0.7303887794976724,0.0,-0.5186929981256871,1.0
0.30736829946695693,2.5685006540611437,30.56620996421535,0.7957717704188276,0.0,-0.4314993459388563,1.0
0.29203108504476083,2.7760419760160007,29.923122505717707,0.7853870154707098,0.0,-0.22395802398399933,1.0
0.29448470755616796,2.570777818546478,30.326254434313356,0.770626499837938,0.0,-0.4292221814535222,1.0
0.2905139470596698,2.578423513258656,30.226757851857215,0.7249066401370441,0.0,-0.42157648674134407,1.0
0.3002567580377189,2.5911049567348137,30.560132517755733,0.7632202623348203,0.0,-0.40889504326518633,1.0
0.291945913163608,2.589523346254977,30.130469058817898,0.7918906609005122,0.0,-0.41047665374502307,1.0
0.29659107763394854,2.6043058205101572,30.30701958856171,0.8508783528471066,0.0,-0.39569417948984276,1.0
0.3043920025865101,2.7427397480481095,30.080757158958065,0.7306543927629023,0.0,-0.2572602519518905,1.0
0.30506101746839503,2.6797330106660064,30.34733605442976,0.7520974410198893,0.0,-0.32026698933399356,1.0
0.3046069851258767,2.587685995509884,30.431667727370026,0.7956592558983535,0.0,-0.4123140044901161,1.0
0.291756856069528,2.638399741943531,30.367705842967993,0.7984984406853698,0.0,-0.3616002580564688,1.0
0.30408956046932967,2.648866755416781,30.351686251854588,0.7246307571438303,0.0,-0.35113324458321893,1.0
0.32488389454651234,2.667257458315644,30.708986003110716,0.7449445172702863,0.0,-0.33274254168435613,1.0
0.30424261734265845,2.6044915909624113,30.525518859188615,0.8009237005800747,0.0,-0.39550840903758866,1.0
0.288489115803436,2.616165123276659,30.045694592724214,0.8093363656625666,0.0,-0.3838348767233408,1.0
0.29714277003132744,2.51609533134354,30.541889631950895,0.7518909693394663,0.0,-0.48390466865645987,1.0
0.30736829946695693,2.5685006540611437,30.56620996421535,0.7957717704188276,0.0,-0.4314993459388563,1.0
0.29203108504476083,2.7760419760160007,29.923122505717707,0.7853870154707098,0.0,-0.22395802398399933,1.0
0.2929498534040358,2.55829921735658,30.32219043342731,0.777976613087222,0.0,-0.44170078264341983,1.0
0.29105079722077803,2.604329068513913,30.287637571237745,0.7566931745231128,0.0,-0.3956709314860869,1.0
0.3002567580377189,2.5911049567348137,30.560132517755733,0.7632202623348203,0.0,-0.40889504326518633,1.0
0.291945913163608,2.589523346254977,30.130469058817898,0.7918906609005122,0.0,-0.41047665374502307,1.0
0.29659107763394854,2.6043058205101572,30.30701958856171,0.8508783528471066,0.0,-0.39569417948984276,1.0
0.3028082722510992,2.7232433861662972,30.08708286024172,0.7384465379244529,0.0,-0.27675661383370276,1.0
0.306657759816986,2.648892923366739,30.53180311858136,0.7617731801588052,0.0,-0.3511070766332609,1.0
0.3083010185251426,2.5969983840618402,30.466360033327927,0.8012627160539271,0.0,-0.40300161593815975,1.0
0.291756856069528,2.638399741943531,30.367705842967993,0.7984984406853698,0.0,-0.3616002580564688,1.0
0.30408956046932967,2.648866755416781,30.351686251854588,0.7246307571438303,0.0,-0.35113324458321893,1.0
0.32488389454651234,2.667257458315644,30.708986003110716,0.7449445172702863,0.0,-0.33274254168435613,1.0
0.30560602918650964,2.6078179244916866,30.525639863219546,0.8107668888896312,0.0,-0.3921820755083134,1.0
0.288489115803436,2.616165123276659,30.045694592724214,0.8093363656625666,0.0,-0.3838348767233408,1.0
0.29392476417857333,2.4814640581624987,30.593964715511767,0.7255282299692378,0.0,-0.5185359418375013,1.0
0.301635471978682,2.5644445250924184,30.469186896148734,0.7886963500397096,0.0,-0.4355554749075816,1.0
0.29203108504476083,2.7760419760160007,29.923122505717707,0.7853870154707098,0.0,-0.22395802398399933,1.0
0.2929498534040358,2.55829921735658,30.32219043342731,0.777976613087222,0.0,-0.44170078264341983,1.0
0.29105079722077803,2.604329068513913,30.287637571237745,0.7566931745231128,0.0,-0.3956709314860869,1.0
0.29945525994996697,2.592811813143442,30.525093976901847,0.7663612457107492,0.0,-0.4071881868565579,1.0
0.29498132307104286,2.6043567457745618,30.18576421376876,0.7750784649353057,0.0,-0.3956432542254382,1.0
0.29668042788124005,2.5900195460242545,30.34505835175274,0.8348466887582667,0.0,-0.40998045397574545,1.0
0.3028082722510992,2.7232433861662972,30.08708286024172,0.7384465379244529,0.0,-0.27675661383370276,1.0
0.30657644542529516,2.6504634603670545,30.522409100115127,0.761280441400461,0.0,-0.3495365396329455,1.0
0.3083010185251426,2.5969983840618402,30.466360033327927,0.8012627160539271,0.0,-0.40300161593815975,1.0
0.2935677639232285,2.6338679897715513,30.378504434229566,0.7988010155656722,0.0,-0.36613201022844866,1.0
0.30408956046932967,2.648866755416781,30.351686251854588,0.7246307571438303,0.0,-0.35113324458321893,1.0
0.32488389454651234,2.667257458315644,30.708986003110716,0.7449445172702863,0.0,-0.33274254168435613,1.0
0.30085487859538573,2.606679084507537,30.44795063553149,0.7931160290076578,0.0,-0.39332091549246284,1.0
0.288489115803436,2.616165123276659,30.045694592724214,0.8093363656625666,0.0,-0.3838348767233408,1.0
0.29392476417857333,2.4814640581624987,30.593964715511767,0.7255282299692378,0.0,-0.5185359418375013,1.0
0.30409528930333574,2.5536109130236215,30.552220914449933,0.7830303276267373,0.0,-0.44638908697637847,1.0
0.2917738256008522,2.730978917988365,30.018783127789913,0.7778568173134071,0.0,-0.2690210820116352,1.0
0.29235316155615804,2.6053259959284416,30.155851622924825,0.8100775226865815,0.0,-0.3946740040715584,1.0
0.2916949622849466,2.604822160803456,30.222454656176776,0.7830977151928206,0.0,-0.39517783919654415,1.0
0.29945525994996697,2.592811813143442,30.525093976901847,0.7663612457107492,0.0,-0.4071881868565579,1.0
0.2946527393458619,2.604477925475425,30.182024416776205,0.7794541932566462,0.0,-0.3955220745245751,1.0
0.29917494541957335,2.5915176483510134,30.371097404447312,0.8276374330943268,0.0,-0.4084823516489866,1.0
0.29681915855728713,2.7384323617097315,29.91836061181136,0.7366836369035233,0.0,-0.2615676382902685,1.0
0.30826451700128,2.664129739292671,30.521772652124216,0.7600760406206958,0.0,-0.33587026070732895,1.0
0.3071789752836643,2.5942905517696144,30.4611067815222,0.8029928805597843,0.0,-0.40570944823038557,1.0
0.2935677639232285,2.6338679897715513,30.378504434229566,0.7988010155656722,0.0,-0.36613201022844866,1.0
0.3044854947890219,2.6536558439408537,30.336871056042597,0.7210654871463116,0.0,-0.34634415605914626,1.0
0.3189164452800979,2.6787420184475756,30.584590289868018,0.750876322518734,0.0,-0.32125798155242435,1.0
0.30884368019055075,2.600550705455992,30.70782491668264,0.782637010970274,0.0,-0.399449294544008,1.0
0.288489115803436,2.616165123276659,30.045694592724214,0.8093363656625666,0.0,-0.3838348767233408,1.0
0.29386837408400346,2.4719352116813487,30.625874255076642,0.7213510405454902,0.0,-0.5280647883186513,1.0
0.3095933483415677,2.600029573364205,30.56422866454435,0.771102471346391,0.0,-0.39997042663579485,1.0
0.29222831320867704,2.7282143417212117,30.03015590814232,0.775826324275022,0.0,-0.2717856582787883,1.0
0.2922914662632844,2.6187071675196685,30.1412547713508,0.80664623927255,0.0,-0.3812928324803315,1.0
0.2917880578423863,2.5996718865289177,30.23796542247718,0.7806941548883273,0.0,-0.4003281134710823,1.0
0.293049662001672,2.5645281121532197,30.50551092202609,0.77145806743798,0.0,-0.43547188784678026,1.0
0.29441486662138805,2.564281988744809,30.316629779134615,0.7618333781746833,0.0,-0.43571801125519105,1.0
0.3008100770467417,2.578920459357564,30.43128847780021,0.812813573081779,0.0,-0.4210795406424359,1.0
0.29681915855728713,2.7384323617097315,29.91836061181136,0.7366836369035233,0.0,-0.2615676382902685,1.0
0.30826451700128,2.664129739292671,30.521772652124216,0.7600760406206958,0.0,-0.33587026070732895,1.0
0.3071789752836643,2.5942905517696144,30.4611067815222,0.8029928805597843,0.0,-0.40570944823038557,1.0
0.2932441242449036,2.630023554581601,30.31834338639051,0.8007903835294056,0.0,-0.3699764454183989,1.0
0.30118862899282745,2.6225494494604864,30.36958743480057,0.7260013998702212,0.0,-0.3774505505395136,1.0
0.32087038419214325,2.6886802196189254,30.595107862688852,0.7518845410373598,0.0,-0.31131978038107455,1.0
0.30884368019055075,2.600550705455992,30.70782491668264,0.782637010970274,0.0,-0.399449294544008,1.0
0.288489115803436,2.616165123276659,30.045694592724214,0.8093363656625666,0.0,-0.3838348767233408,1.0
0.2933762315109329,2.548838375691651,30.447113597776493,0.7376977546868575,0.0,-0.45116162430834894,1.0
0.309182909280474,2.6198283327116005,30.55111518253411,0.7676967134168032,0.0,-0.38017166728839946,1.0
0.29313692358188803,2.7554418644099594,30.026380068445444,0.7676835150270329,0.0,-0.24455813559004058,1.0
0.2922914662632844,2.6187071675196685,30.1412547713508,0.80664623927255,0.0,-0.3812928324803315,1.0
0.2917880578423863,2.5996718865289177,30.23796542247718,0.7806941548883273,0.0,-0.4003281134710823,1.0
0.293049662001672,2.5645281121532197,30.50551092202609,0.77145806743798,0.0,-0.43547188784678026,1.0
0.2948832308912854,2.5641975505523065,30.251829838297805,0.7585314112060026,0.0,-0.43580244944769353,1.0
0.3008100770467417,2.578920459357564,30.43128847780021,0.812813573081779,0.0,-0.4210795406424359,1.0
0.29681915855728713,2.7384323617097315,29.91836061181136,0.7366836369035233,0.0,-0.2615676382902685,1.0
0.3066260687762027,2.660255786800369,30.495652774446842,0.7631010502534522,0.0,-0.3397442131996309,1.0
0.3057545654889497,2.590804405317769,30.43686293599126,0.7978422080657966,0.0,-0.409195594682231,1.0
0.3074862908804352,2.662620333266618,30.463769005617,0.7814591261488825,0.0,-0.33737966673338216,1.0
0.3015427028627428,2.620087722136904,30.374804436192797,0.7315724263173167,0.0,-0.3799122778630961,1.0
0.3251391972502137,2.7030234472596395,30.644021414233514,0.7574983844105363,0.0,-0.2969765527403605,1.0
0.3078807450295854,2.597331323797326,30.69159417940745,0.7798392910049925,0.0,-0.4026686762026741,1.0
0.28740834310740565,2.60360567282546,30.052707843220222,0.8182592260219296,0.0,-0.3963943271745398,1.0
0.2933762315109329,2.548838375691651,30.447113597776493,0.7376977546868575,0.0,-0.45116162430834894,1.0
0.309182909280474,2.6198283327116005,30.55111518253411,0.7676967134168032,0.0,-0.38017166728839946,1.0
0.29313692358188803,2.7554418644099594,30.026380068445444,0.7676835150270329,0.0,-0.24455813559004058,1.0
0.28502991931567234,2.6286641190285573,29.884904525221188,0.8191330204947748,0.0,-0.37133588097144266,1.0
0.28994358905256,2.6208116756505455,30.229703369963055,0.7939013288889889,0.0,-0.3791883243494545,1.0
0.293049662001672,2.5645281121532197,30.50551092202609,0.77145806743798,0.0,-0.43547188784678026,1.0
0.2948832308912854,2.5641975505523065,30.251829838297805,0.7585314112060026,0.0,-0.43580244944769353,1.0
0.3008100770467417,2.578920459357564,30.43128847780021,0.812813573081779,0.0,-0.4210795406424359,1.0
0.29748680900639307,2.7207255756018296,29.987307591877183,0.7350514024124211,0.0,-0.2792744243981704,1.0
0.3066260687762027,2.660255786800369,30.495652774446842,0.7631010502534522,0.0,-0.3397442131996309,1.0
0.29992990220328747,2.666805750932301,30.247372339761124,0.783920095409538,0.0,-0.3331942490676991,1.0
0.3074862908804352,2.662620333266618,30.463769005617,0.7814591261488825,0.0,-0.33737966673338216,1.0
0.3015427028627428,2.620087722136904,30.374804436192797,0.7315724263173167,0.0,-0.3799122778630961,1.0
0.3251391972502137,2.7030234472596395,30.644021414233514,0.7574983844105363,0.0,-0.2969765527403605,1.0
0.3078807450295854,2.597331323797326,30.69159417940745,0.7798392910049925,0.0,-0.4026686762026741,1.0
0.28755579168667683,2.6028283137788866,30.056635695533824,0.8170810435940176,0.0,-0.39717168622111343,1.0
0.28717507357920546,2.5187364643224184,30.40867082521349,0.7338320315339234,0.0,-0.4812635356775816,1.0
0.30991635953994595,2.622681712382028,30.566465941300283,0.7681668144289864,0.0,-0.3773182876179719,1.0
0.29313692358188803,2.7554418644099594,30.026380068445444,0.7676835150270329,0.0,-0.24455813559004058,1.0
0.28502991931567234,2.6286641190285573,29.884904525221188,0.8191330204947748,0.0,-0.37133588097144266,1.0
0.28678428790232346,2.487616325680844,30.43085972688556,0.8198397229814471,0.0,-0.5123836743191559,1.0
0.293049662001672,2.5645281121532197,30.50551092202609,0.77145806743798,0.0,-0.43547188784678026,1.0
0.2934205208451123,2.560564025056033,30.20754052354462,0.7451348995670771,0.0,-0.4394359749439669,1.0
0.3008100770467417,2.578920459357564,30.43128847780021,0.812813573081779,0.0,-0.4210795406424359,1.0
0.2979567969373119,2.709063885676674,30.032209861647473,0.734648266424507,0.0,-0.2909361143233258,1.0
0.3068124888847469,2.661570240896712,30.495517410430995,0.762986298531843,0.0,-0.3384297591032879,1.0
0.29992990220328747,2.666805750932301,30.247372339761124,0.783920095409538,0.0,-0.3331942490676991,1.0
0.3074862908804352,2.662620333266618,30.463769005617,0.7814591261488825,0.0,-0.33737966673338216,1.0
0.30925232444798084,2.6765879555534564,30.53357229790589,0.7186988492060676,0.0,-0.3234120444465436,1.0
0.3251391972502137,2.7030234472596395,30.644021414233514,0.7574983844105363,0.0,-0.2969765527403605,1.0
0.3078807450295854,2.597331323797326,30.69159417940745,0.7798392910049925,0.0,-0.4026686762026741,1.0
0.28755579168667683,2.6028283137788866,30.056635695533824,0.8170810435940176,0.0,-0.39717168622111343,1.0
0.28878220845564223,2.547106867331388,30.352555163174266,0.7339537003540602,0.0,-0.4528931326686121,1.0
0.30991635953994595,2.622681712382028,30.566465941300283,0.7681668144289864,0.0,-0.3773182876179719,1.0
0.29204050160128375,2.769748192827672,29.99071076970058,0.7650628467438816,0.0,-0.23025180717232807,1.0
0.28502991931567234,2.6286641190285573,29.884904525221188,0.8191330204947748,0.0,-0.37133588097144266,1.0
0.28678428790232346,2.487616325680844,30.43085972688556,0.8198397229814471,0.0,-0.5123836743191559,1.0
0.284053674386454,2.5034032876740477,30.531521825693776,0.7652260446397285,0.0,-0.49659671232595226,1.0
0.2934205208451123,2.560564025056033,30.20754052354462,0.7451348995670771,0.0,-0.4394359749439669,1.0
0.3008100770467417,2.578920459357564,30.43128847780021,0.812813573081779,0.0,-0.4210795406424359,1.0
0.2979567969373119,2.709063885676674,30.032209861647473,0.734648266424507,0.0,-0.2909361143233258,1.0
0.3068124888847469,2.661570240896712,30.495517410430995,0.762986298531843,0.0,-0.3384297591032879,1.0
0.29992990220328747,2.666805750932301,30.247372339761124,0.783920095409538,0.0,-0.3331942490676991,1.0
0.307301062755911,2.6611553574429427,30.456447778459207,0.7880416558393527,0.0,-0.33884464255705726,1.0
0.30832535081196516,2.6687914701555955,30.529334640323764,0.7228716625857702,0.0,-0.3312085298444045,1.0
0.3251391972502137,2.7030234472596395,30.644021414233514,0.7574983844105363,0.0,-0.2969765527403605,1.0
0.3078807450295854,2.597331323797326,30.69159417940745,0.7798392910049925,0.0,-0.4026686762026741,1.0
0.2888958904927121,2.5891211557429186,30.1477474789069,0.8159923695080727,0.0,-0.41087884425708143,1.0
0.28878220845564223,2.547106867331388,30.352555163174266,0.7339537003540602,0.0,-0.4528931326686121,1.0
0.3086135941758104,2.6418467006630424,30.511662275096842,0.7780671267626271,0.0,-0.3581532993369576,1.0
0.2929024403996947,2.7609071604218682,29.996756728432562,0.7606317787654101,0.0,-0.23909283957813177,1.0
0.28502991931567234,2.6286641190285573,29.884904525221188,0.8191330204947748,0.0,-0.37133588097144266,1.0
0.28678428790232346,2.487616325680844,30.43085972688556,0.8198397229814471,0.0,-0.5123836743191559,1.0
0.284053674386454,2.5034032876740477,30.531521825693776,0.7652260446397285,0.0,-0.49659671232595226,1.0
0.2934205208451123,2.560564025056033,30.20754052354462,0.7451348995670771,0.0,-0.4394359749439669,1.0
0.3008100770467417,2.578920459357564,30.43128847780021,0.812813573081779,0.0,-0.4210795406424359,1.0
0.2979567969373119,2.709063885676674,30.032209861647473,0.734648266424507,0.0,-0.2909361143233258,1.0
0.3065281169266087,2.6618117217189803,30.51825769271642,0.7484029541495264,0.0,-0.3381882782810197,1.0
0.3014934063664313,2.68811806133163,30.225548841285864,0.7796479110930442,0.0,-0.3118819386683702,1.0
0.307301062755911,2.6611553574429427,30.456447778459207,0.7880416558393527,0.0,-0.33884464255705726,1.0
0.3013315757597504,2.6211438381931207,30.474472447077634,0.7342250311869837,0.0,-0.3788561618068793,1.0
0.31571405434927635,2.6970822041413363,30.477219473899194,0.7663271207888971,0.0,-0.30291779585866374,1.0
0.314764638864207,2.6244681312736384,30.73784078291683,0.7840612131230874,0.0,-0.3755318687263616,1.0
0.27801654913653134,2.5600295733459095,29.946955674955156,0.8369178113584539,0.0,-0.4399704266540905,1.0
0.2882831461599801,2.532246673698069,30.372114927581148,0.755407243912894,0.0,-0.4677533263019309,1.0
0.3086135941758104,2.6418467006630424,30.511662275096842,0.7780671267626271,0.0,-0.3581532993369576,1.0
0.29368040074005125,2.752927507351137,30.00221363108225,0.7566324285110418,0.0,-0.24707249264886322,1.0
0.29504702344113837,2.6432780125287088,30.141972973244773,0.8051487615369034,0.0,-0.35672198747129125,1.0
0.2944160874513667,2.5415372011998025,30.459109312249133,0.8052354988713866,0.0,-0.45846279880019747,1.0
0.284053674386454,2.5034032876740477,30.531521825693776,0.7652260446397285,0.0,-0.49659671232595226,1.0
0.2934205208451123,2.560564025056033,30.20754052354462,0.7451348995670771,0.0,-0.4394359749439669,1.0
0.3028153374290633,2.607989610315959,30.461787726636707,0.7902254021247296,0.0,-0.392010389684041,1.0
0.2979567969373119,2.709063885676674,30.032209861647473,0.734648266424507,0.0,-0.2909361143233258,1.0
0.3065281169266087,2.6618117217189803,30.51825769271642,0.7484029541495264,0.0,-0.3381882782810197,1.0
0.2950488411266744,2.7232988392813766,29.985421392711455,0.768172264155202,0.0,-0.2767011607186234,1.0
0.31100879763544415,2.636173693498257,30.580096672304713,0.796591687223199,0.0,-0.3638263065017431,1.0
0.3013315757597504,2.6211438381931207,30.474472447077634,0.7342250311869837,0.0,-0.3788561618068793,1.0
0.3013590228420962,2.6430682843738014,30.29069670865083,0.7886523400969623,0.0,-0.35693171562619863,1.0
0.314764638864207,2.6244681312736384,30.73784078291683,0.7840612131230874,0.0,-0.3755318687263616,1.0
0.2822149754276701,2.5710346534791926,30.04194764390663,0.8184255284565479,0.0,-0.4289653465208074,1.0
0.29171829757018064,2.5501509560404862,30.39331198151669,0.7636376369119479,0.0,-0.44984904395951375,1.0
0.3063187246034474,2.6239945793709354,30.522794192539433,0.7818614980893128,0.0,-0.3760054206290646,1.0
0.29519510783416697,2.737474855339081,30.064605375274034,0.7596561404431934,0.0,-0.2625251446609189,1.0
0.29504702344113837,2.6432780125287088,30.141972973244773,0.8051487615369034,0.0,-0.35672198747129125,1.0
0.2905186667346053,2.527194605160111,30.48634447729071,0.7901874907663271,0.0,-0.4728053948398889,1.0
0.284053674386454,2.5034032876740477,30.531521825693776,0.7652260446397285,0.0,-0.49659671232595226,1.0
0.2949175004464364,2.5721272236504302,30.243026608188927,0.7455081343704326,0.0,-0.42787277634956977,1.0
0.3028153374290633,2.607989610315959,30.461787726636707,0.7902254021247296,0.0,-0.392010389684041,1.0
0.30025747010166387,2.7075115100742577,30.089866381966672,0.7387526553187322,0.0,-0.2924884899257423,1.0
0.30522730560862593,2.642954579322814,30.498472846605534,0.7630558883482466,0.0,-0.3570454206771858,1.0
0.2950488411266744,2.7232988392813766,29.985421392711455,0.768172264155202,0.0,-0.2767011607186234,1.0
0.3074141395152532,2.6218662600947322,30.50479810384158,0.7851800585699268,0.0,-0.3781337399052678,1.0
0.3013315757597504,2.6211438381931207,30.474472447077634,0.7342250311869837,0.0,-0.3788561618068793,1.0
0.3003721322391326,2.639354894415643,30.27787349999606,0.7901871712210327,0.0,-0.36064510558435714,1.0
0.3149387910864189,2.624301996446996,30.743103676069595,0.7838749612189667,0.0,-0.375698003553004,1.0
0.2826632829344721,2.5649694025803313,30.078435543410354,0.8170120889847801,0.0,-0.43503059741966865,1.0
0.2965163877129538,2.5654729118723916,30.46559003540407,0.7678193097177264,0.0,-0.43452708812760843,1.0
0.30618317161899644,2.623642577332446,30.52113803023756,0.7814357646124558,0.0,-0.3763574226675539,1.0
0.29222283585230646,2.675030075178072,30.18916768495935,0.7611420596709753,0.0,-0.3249699248219282,1.0
0.29504702344113837,2.6432780125287088,30.141972973244773,0.8051487615369034,0.0,-0.35672198747129125,1.0
0.28931301334102943,2.47500373679601,30.619659348766913,0.7960465880939074,0.0,-0.52499626320399,1.0
0.2860860899741001,2.4924285833651614,30.565581633836494,0.7771363157739939,0.0,-0.5075714166348386,1.0
0.2949175004464364,2.5721272236504302,30.243026608188927,0.7455081343704326,0.0,-0.42787277634956977,1.0
0.30123041145195656,2.600623216175362,30.433857064786626,0.7943618661062986,0.0,-0.3993767838246378,1.0
0.30025747010166387,2.7075115100742577,30.089866381966672,0.7387526553187322,0.0,-0.2924884899257423,1.0
0.30522730560862593,2.642954579322814,30.498472846605534,0.7630558883482466,0.0,-0.3570454206771858,1.0
0.2963925860656102,2.746250285289208,29.88854151371113,0.7715150752182409,0.0,-0.2537497147107919,1.0
0.3111245256070382,2.630395633940793,30.568713860014245,0.7804081379481468,0.0,-0.3696043660592072,1.0
0.3013315757597504,2.6211438381931207,30.474472447077634,0.7342250311869837,0.0,-0.3788561618068793,1.0
0.3003721322391326,2.639354894415643,30.27787349999606,0.7901871712210327,0.0,-0.36064510558435714,1.0
0.3043205960910807,2.562439365420157,30.691953777268804,0.7889183479544921,0.0,-0.43756063457984284,1.0
0.27959755399897435,2.5244897043564123,30.120838542016077,0.8271714911227134,0.0,-0.4755102956435877,1.0
0.2965163877129538,2.5654729118723916,30.46559003540407,0.7678193097177264,0.0,-0.43452708812760843,1.0
0.30756389071929635,2.604100682247168,30.621626554751273,0.7913811498279705,0.0,-0.39589931775283205,1.0
0.2937500213023828,2.7204721298098695,30.095493624253585,0.7571617424653907,0.0,-0.2795278701901305,1.0
0.29504702344113837,2.6432780125287088,30.141972973244773,0.8051487615369034,0.0,-0.35672198747129125,1.0
0.28931301334102943,2.47500373679601,30.619659348766913,0.7960465880939074,0.0,-0.52499626320399,1.0
0.2860860899741001,2.4924285833651614,30.565581633836494,0.7771363157739939,0.0,-0.5075714166348386,1.0
0.29553931210402373,2.5829029673029305,30.20123962138428,0.7399009487188898,0.0,-0.41709703269706955,1.0
0.30123041145195656,2.600623216175362,30.433857064786626,0.7943618661062986,0.0,-0.3993767838246378,1.0
0.30025747010166387,2.7075115100742577,30.089866381966672,0.7387526553187322,0.0,-0.2924884899257423,1.0
0.30522730560862593,2.642954579322814,30.498472846605534,0.7630558883482466,0.0,-0.3570454206771858,1.0
0.30031369845976297,2.7154139444228185,30.069578926317195,0.7738820886311151,0.0,-0.28458605557718153,1.0
0.3058414623293571,2.657785182394305,30.424821844106035,0.7733396094790789,0.0,-0.34221481760569494,1.0
0.3013315757597504,2.6211438381931207,30.474472447077634,0.7342250311869837,0.0,-0.3788561618068793,1.0
0.3004065442842045,2.618899942312307,30.3342976131539,0.8056235386091901,0.0,-0.38110005768769284,1.0
0.3044713656122557,2.5758276005853404,30.659781370662145,0.7846178850435063,0.0,-0.42417239941465956,1.0
0.28368740308670426,2.5036579420941525,30.330823654361684,0.8140690580028485,0.0,-0.4963420579058475,1.0
0.29617762506820394,2.5665345705483618,30.494078741665163,0.7505025137223638,0.0,-0.43346542945163824,1.0
0.30720929362531874,2.6095448632944707,30.594626652159373,0.7905252944208836,0.0,-0.39045513670552934,1.0
0.2937500213023828,2.7204721298098695,30.095493624253585,0.7571617424653907,0.0,-0.2795278701901305,1.0
0.294896199985781,2.6539110366293164,30.112547392996415,0.8130492181603175,0.0,-0.3460889633706836,1.0
0.29446700826451633,2.5876397204906008,30.361937972851212,0.785662169625432,0.0,-0.41236027950939924,1.0
0.2860860899741001,2.4924285833651614,30.565581633836494,0.7771363157739939,0.0,-0.5075714166348386,1.0
0.2960267484981392,2.5742075876509936,30.333116838884198,0.7538286581924568,0.0,-0.42579241234900644,1.0
0.297592980037792,2.5620989460592734,30.37505253671407,0.8228523245684675,0.0,-0.43790105394072665,1.0
0.30025747010166387,2.7075115100742577,30.089866381966672,0.7387526553187322,0.0,-0.2924884899257423,1.0
0.301964954298515,2.618578138238489,30.439840594020573,0.759784079258216,0.0,-0.38142186176151105,1.0
0.3023934595267735,2.663936735397501,30.283205351077264,0.7792329381910851,0.0,-0.3360632646024988,1.0
0.3058414623293571,2.657785182394305,30.424821844106035,0.7733396094790789,0.0,-0.34221481760569494,1.0
0.3013315757597504,2.6211438381931207,30.474472447077634,0.7342250311869837,0.0,-0.3788561618068793,1.0
0.3004065442842045,2.618899942312307,30.3342976131539,0.8056235386091901,0.0,-0.38110005768769284,1.0
0.3077286550402455,2.531882636013523,30.831219621090145,0.792959432555484,0.0,-0.46811736398647685,1.0
0.28368740308670426,2.5036579420941525,30.330823654361684,0.8140690580028485,0.0,-0.4963420579058475,1.0
0.29617762506820394,2.5665345705483618,30.494078741665163,0.7505025137223638,0.0,-0.43346542945163824,1.0
0.3076486527584595,2.5940496594307247,30.649169411555004,0.7960454836874651,0.0,-0.40595034056927526,1.0
0.29155154430512403,2.6731026486116596,30.14690843964932,0.7695948311013001,0.0,-0.3268973513883404,1.0
0.2954537940300112,2.6503682493521707,30.134986390520023,0.8122978105407872,0.0,-0.34963175064782925,1.0
0.2912546391111071,2.594037344245628,30.361535928852764,0.7600572446720604,0.0,-0.40596265575437185,1.0
0.29156958100618613,2.5783698171908087,30.3744162386604,0.7758820975845963,0.0,-0.4216301828091913,1.0
0.2960267484981392,2.5742075876509936,30.333116838884198,0.7538286581924568,0.0,-0.42579241234900644,1.0
0.2984638260397176,2.579679820764878,30.36243819450155,0.8175197221977202,0.0,-0.4203201792351221,1.0
0.30025351517130155,2.70695567706405,30.09129333941367,0.7362817586552914,0.0,-0.29304432293595006,1.0
0.303361426928424,2.6239795623392586,30.44862943873261,0.7576215362348545,0.0,-0.37602043766074145,1.0
0.2982702187032756,2.6286076394008835,30.293701509510072,0.7869116123039488,0.0,-0.3713923605991165,1.0
0.3052833679654309,2.6501777401720474,30.43017938229873,0.7698024954176906,0.0,-0.34982225982795256,1.0
0.3006235251653589,2.615391160128933,30.482267574161952,0.7280840562463422,0.0,-0.384608839871067,1.0
0.301011706221273,2.615195660571374,30.347104027099874,0.808085786206825,0.0,-0.384804339428626,1.0
0.3060702835996009,2.5513739266559172,30.749772537226754,0.7778172081110833,0.0,-0.4486260733440828,1.0
0.28368740308670426,2.5036579420941525,30.330823654361684,0.8140690580028485,0.0,-0.4963420579058475,1.0
0.2970295162630481,2.5734659317304196,30.449874580243144,0.7704141260310444,0.0,-0.4265340682695804,1.0
0.3124513694192717,2.597102064335017,30.810633114768642,0.7864788056405552,0.0,-0.4028979356649831,1.0
0.2917621620594603,2.7291897672847587,29.994656607395136,0.7763605767871099,0.0,-0.2708102327152413,1.0
0.2954537940300112,2.6503682493521707,30.134986390520023,0.8122978105407872,0.0,-0.34963175064782925,1.0
0.2912546391111071,2.594037344245628,30.361535928852764,0.7600572446720604,0.0,-0.40596265575437185,1.0
0.28690563284335424,2.571918880710327,30.387344125996513,0.7518469921533277,0.0,-0.42808111928967296,1.0
0.2960267484981392,2.5742075876509936,30.333116838884198,0.7538286581924568,0.0,-0.42579241234900644,1.0
0.2988739195751856,2.588472807724892,30.354169515757825,0.8135241427965623,0.0,-0.4115271922751078,1.0
0.3030013591367421,2.682776341928211,30.255304247712996,0.7545047641487387,0.0,-0.31722365807178887,1.0
0.30246317968793535,2.616813679606648,30.448806074977966,0.759436297859014,0.0,-0.3831863203933521,1.0
0.2996205534027403,2.635261611251048,30.280644973118022,0.7920804488867452,0.0,-0.36473838874895215,1.0
0.3066331702947317,2.6308957514131777,30.533617572823278,0.7788510639596948,0.0,-0.36910424858682234,1.0
0.30157100911065676,2.6139260897182353,30.508571697824298,0.7327618391417676,0.0,-0.38607391028176474,1.0
0.299569437311493,2.6033368191271387,30.343057195046498,0.7923878860007862,0.0,-0.39666318087286134,1.0
0.30918382144906953,2.5580113888838962,30.808049808690605,0.7727744475653069,0.0,-0.44198861111610377,1.0
0.28368740308670426,2.5036579420941525,30.330823654361684,0.8140690580028485,0.0,-0.4963420579058475,1.0
0.2925382556904876,2.537636323651624,30.450757766262193,0.779487983387678,0.0,-0.46236367634837583,1.0
0.3124513694192717,2.597102064335017,30.810633114768642,0.7864788056405552,0.0,-0.4028979356649831,1.0
0.2919376844004929,2.685867792312691,30.09780903636954,0.7770678751154907,0.0,-0.314132207687309,1.0
0.2954537940300112,2.6503682493521707,30.134986390520023,0.8122978105407872,0.0,-0.34963175064782925,1.0
0.29408924003979503,2.5972076316657384,30.355236336878807,0.7710790955609046,0.0,-0.4027923683342616,1.0
0.2903497144088839,2.5727830834769168,30.366868209786173,0.7525952580160482,0.0,-0.42721691652308325,1.0
0.29821423778197514,2.5747564812398958,30.32011167439125,0.754303915100581,0.0,-0.42524351876010424,1.0
0.2980529340369257,2.583984149667902,30.335182597427107,0.8171928084088624,0.0,-0.41601585033209787,1.0
0.29514176915245616,2.6098861904910935,30.28603599270493,0.7787437613890741,0.0,-0.3901138095089065,1.0
0.30252437646172986,2.617011748439798,30.444706563746415,0.7612659825154945,0.0,-0.3829882515602021,1.0
0.29872449787688155,2.635819470448706,30.24832073534088,0.7937708682623044,0.0,-0.3641805295512941,1.0
0.3057395462613993,2.6314520968313535,30.501381048519583,0.7805368962957688,0.0,-0.3685479031686465,1.0
0.30157100911065676,2.6139260897182353,30.508571697824298,0.7327618391417676,0.0,-0.38607391028176474,1.0
0.299569437311493,2.6033368191271387,30.343057195046498,0.7923878860007862,0.0,-0.39666318087286134,1.0
0.3009127554060894,2.577042659616228,30.564838281299743,0.7711596873033312,0.0,-0.4229573403837721,1.0
0.2947759584594302,2.56514568758321,30.428823933616968,0.7970499418615837,0.0,-0.43485431241678985,1.0
0.2925382556904876,2.537636323651624,30.450757766262193,0.779487983387678,0.0,-0.46236367634837583,1.0
0.3124513694192717,2.597102064335017,30.810633114768642,0.7864788056405552,0.0,-0.4028979356649831,1.0
0.29139442687681777,2.708974507980854,30.034451400833266,0.7732432239813933,0.0,-0.2910254920191462,1.0
0.2954537940300112,2.6503682493521707,30.134986390520023,0.8122978105407872,0.0,-0.34963175064782925,1.0
0.29214411813591135,2.597218814536912,30.306995622018054,0.7694477862083593,0.0,-0.40278118546308805,1.0
0.2910611740802408,2.5824715593351946,30.34312944298849,0.7592770844014048,0.0,-0.41752844066480543,1.0
0.29821423778197514,2.5747564812398958,30.32011167439125,0.754303915100581,0.0,-0.42524351876010424,1.0
0.299774020914506,2.5986321259134098,30.42000674107239,0.7758881090430034,0.0,-0.40136787408659025,1.0
0.29514176915245616,2.6098861904910935,30.28603599270493,0.7787437613890741,0.0,-0.3901138095089065,1.0
0.303094181501481,2.6311432269075317,30.402232771376756,0.7577679624131953,0.0,-0.36885677309246834,1.0
0.2992803172962029,2.6208901065916574,30.328716482300134,0.7880276075614779,0.0,-0.37910989340834256,1.0
0.31390062787863315,2.680809298816147,30.555391154273916,0.768244906205854,0.0,-0.31919070118385307,1.0
0.2991137447172937,2.6177256953704937,30.440352930852175,0.7206301830795657,0.0,-0.3822743046295063,1.0
0.2983306663860124,2.605169199182379,30.327103829740086,0.7885705392020822,0.0,-0.3948308008176209,1.0
0.30039152857416346,2.5910428631992186,30.48944613228297,0.776545504127924,0.0,-0.4089571368007814,1.0
0.2947759584594302,2.56514568758321,30.428823933616968,0.7970499418615837,0.0,-0.43485431241678985,1.0
0.291799535123927,2.531409082688212,30.453897228924017,0.7798555051539477,0.0,-0.46859091731178815,1.0
0.3124513694192717,2.597102064335017,30.810633114768642,0.7864788056405552,0.0,-0.4028979356649831,1.0
0.28769952489189965,2.728604979653142,29.898253310835404,0.7709207511510959,0.0,-0.27139502034685803,1.0
0.2954537940300112,2.6503682493521707,30.134986390520023,0.8122978105407872,0.0,-0.34963175064782925,1.0
0.2883772786684509,2.584723933837148,30.295530275838676,0.7596404359930338,0.0,-0.41527606616285206,1.0
0.2910611740802408,2.5824715593351946,30.34312944298849,0.7592770844014048,0.0,-0.41752844066480543,1.0
0.29821423778197514,2.5747564812398958,30.32011167439125,0.754303915100581,0.0,-0.42524351876010424,1.0
0.2972635688127172,2.5989351187911316,30.342652332104993,0.7737908695040938,0.0,-0.4010648812088684,1.0
0.2924899925793162,2.602797912279463,30.24728952408223,0.7857382593962038,0.0,-0.3972020877205371,1.0
0.30173162751801774,2.6237136262690104,30.38074291856449,0.7665787193200728,0.0,-0.3762863737309896,1.0
0.29924406026831474,2.6202898930055394,30.32865491231877,0.7880483363234088,0.0,-0.3797101069944606,1.0
0.31390062787863315,2.680809298816147,30.555391154273916,0.768244906205854,0.0,-0.31919070118385307,1.0
0.2991137447172937,2.6177256953704937,30.440352930852175,0.7206301830795657,0.0,-0.3822743046295063,1.0
0.2983306663860124,2.605169199182379,30.327103829740086,0.7885705392020822,0.0,-0.3948308008176209,1.0
0.3015323159920671,2.5672208067133955,30.533275850584513,0.8264659146708079,0.0,-0.4327791932866045,1.0
0.2867670640765524,2.5167088949777026,30.375821004240418,0.8091127118475647,0.0,-0.48329110502229744,1.0
0.29192172222382096,2.5353867087825948,30.443233838214493,0.7809402753661766,0.0,-0.46461329121740524,1.0
0.3124513694192717,2.597102064335017,30.810633114768642,0.7864788056405552,0.0,-0.4028979356649831,1.0
0.28769952489189965,2.728604979653142,29.898253310835404,0.7709207511510959,0.0,-0.27139502034685803,1.0
0.2954537940300112,2.6503682493521707,30.134986390520023,0.8122978105407872,0.0,-0.34963175064782925,1.0
0.2883772786684509,2.584723933837148,30.295530275838676,0.7596404359930338,0.0,-0.41527606616285206,1.0
0.28986768571108196,2.5787451135222645,30.3457604909649,0.7544677530029341,0.0,-0.42125488647773546,1.0
0.30052798532758895,2.590391646633239,30.271855969498926,0.7450875987841369,0.0,-0.40960835336676116,1.0
0.2979071774925002,2.605941654721941,30.338204958539077,0.7783342660954685,0.0,-0.39405834527805883,1.0
0.2924899925793162,2.602797912279463,30.24728952408223,0.7857382593962038,0.0,-0.3972020877205371,1.0
0.30475927964256816,2.6402225106367374,30.428494273235927,0.7470008477702043,0.0,-0.3597774893632626,1.0
0.29966407424996994,2.616612207608955,30.343759373509965,0.7886463915386128,0.0,-0.38338779239104515,1.0
0.3126694630484846,2.675343034444111,30.53830057059249,0.7653837377085853,0.0,-0.3246569655558891,1.0
0.2973826473906025,2.633165094084363,30.295919508984834,0.7639874844207128,0.0,-0.36683490591563706,1.0
0.29779969046397076,2.6110198077290514,30.30638269892176,0.7877197670329495,0.0,-0.3889801922709486,1.0
0.3014937644004842,2.5696741996307684,30.52448855233938,0.8232992405358217,0.0,-0.4303258003692316,1.0
0.28548387174906575,2.5123190953348113,30.362137197698516,0.8076046104722874,0.0,-0.48768090466518865,1.0
0.29192172222382096,2.5353867087825948,30.443233838214493,0.7809402753661766,0.0,-0.46461329121740524,1.0
0.3124513694192717,2.597102064335017,30.810633114768642,0.7864788056405552,0.0,-0.4028979356649831,1.0
0.2881125268796232,2.7177587382660056,29.928344871673417,0.7721982173104888,0.0,-0.28224126173399444,1.0
0.2954537940300112,2.6503682493521707,30.134986390520023,0.8122978105407872,0.0,-0.34963175064782925,1.0
0.2883772786684509,2.584723933837148,30.295530275838676,0.7596404359930338,0.0,-0.41527606616285206,1.0
0.28986768571108196,2.5787451135222645,30.3457604909649,0.7544677530029341,0.0,-0.42125488647773546,1.0
0.30052798532758895,2.590391646633239,30.271855969498926,0.7450875987841369,0.0,-0.40960835336676116,1.0
0.30089661202486695,2.60767650637811,30.38837598715377,0.774248425644137,0.0,-0.3923234936218898,1.0
0.2928263223397092,2.5939652338049406,30.271794702622135,0.7867785688864002,0.0,-0.4060347661950594,1.0
0.30475927964256816,2.6402225106367374,30.428494273235927,0.7470008477702043,0.0,-0.3597774893632626,1.0
0.3008022490408988,2.619827861606688,30.348622856928465,0.7915713889083569,0.0,-0.3801721383933119,1.0
0.3171788528455049,2.7012615439579473,30.595726625294517,0.7619882701833314,0.0,-0.29873845604205274,1.0
0.2973826473906025,2.633165094084363,30.295919508984834,0.7639874844207128,0.0,-0.36683490591563706,1.0
0.29750193157556115,2.6113412552291897,30.298499312184013,0.7890149924877906,0.0,-0.3886587447708103,1.0
0.30172373568487393,2.5691210779397706,30.53088737302433,0.8242889417285293,0.0,-0.4308789220602294,1.0
0.28636317928997984,2.5810404065224786,30.217029968138263,0.7957608702486939,0.0,-0.41895959347752143,1.0
0.29148299554854257,2.5312150434075242,30.447907925925666,0.7804150640589039,0.0,-0.46878495659247577,1.0
0.30909953079969105,2.603641030581547,30.67769742738866,0.7879441108924554,0.0,-0.39635896941845283,1.0
0.28718491471878166,2.7912282878723946,29.70773816780141,0.781568875973548,0.0,-0.20877171212760537,1.0
0.2932003064929738,2.6214748167974706,30.220014603609496,0.7889686327863739,0.0,-0.37852518320252937,1.0
0.2883772786684509,2.584723933837148,30.295530275838676,0.7596404359930338,0.0,-0.41527606616285206,1.0
0.28986768571108196,2.5787451135222645,30.3457604909649,0.7544677530029341,0.0,-0.42125488647773546,1.0
0.3007800715496269,2.5933604011826583,30.281187950513743,0.7452015836958005,0.0,-0.4066395988173417,1.0
0.2996299607171836,2.6168641779426776,30.35504892465731,0.7705497445327852,0.0,-0.38313582205732244,1.0
0.2926820392878117,2.5908679600076963,30.279307293858754,0.7853772239807277,0.0,-0.40913203999230374,1.0
