Omega_m,s_H,s_Sigma,q_BAO,sigma8_0,mu0,Sigma0,kappa_BW
0.30575584270816447,2.5125782817245637,1.382176919002694,30.7797483330665,0.7734717753250495,0.0,-0.5931393084109648,1.2168914231183041
0.31274227121795434,2.6088102418255312,2.821817517534744,30.65246103819884,0.7627623122639551,0.0,-0.5550537835088831,1.4188862870518502
0.3093390646185033,2.7107776806231723,3.1161422371957035,30.291006952432117,0.7646677585682795,0.0,-0.3598883209500587,1.2443310797226552
0.3011863928297075,2.5706004652578,3.947907174580264,30.543623808757005,0.7489808515147162,0.0,-0.47438039567802315,1.1047529335653066
0.2953041405211571,2.6472735411776895,2.1407440618824003,30.335038167185616,0.7795641315996134,0.0,-0.2497313808975464,0.7080029712864583
0.29306783768459305,2.530090995161435,1.5464225465403647,30.456222673699482,0.754958595241036,0.0,-0.26547851449027327,0.5649572827008862
0.3029912623401939,2.788118760163377,1.212698924999132,30.184304938214858,0.7687834435775011,0.0,-0.4696757994997697,2.216693652830833
0.3048489323162833,2.4772514827314804,2.8815861690889664,30.76662820462411,0.7319731772791357,0.0,-0.3165809217043346,0.6056084546323388
0.2998366718449509,2.5145985957960004,1.3650591372704708,30.60304694725502,0.7665876930149967,0.0,-0.11458164997016138,0.2360554563249804
0.2943409351856215,2.6852285608936217,1.0701018862921945,30.082293839826367,0.780597299272836,0.0,-0.17165412040740624,0.545329401214813
0.305443698295985,2.6908149827506773,3.077197221935428,30.25491664900835,0.7101854295213559,0.0,-0.3050635737364904,0.9866699766065675
0.29472884048258025,2.584875277012185,3.052105295412755,30.337882707201047,0.7628537875359895,0.0,-0.2237042604586539,0.538884455853573
0.2965099988226841,2.412958149367405,1.4086891044492156,31.01951319001308,0.7564945165930588,0.0,-0.30875589661740144,0.525952104240416
0.3087068621575188,2.607210461403889,2.2727262684465352,30.508418697167112,0.7826815607050532,0.0,-0.3532940714822896,0.8994487804970976
0.29239486013808075,2.583701754220157,4.4593644819333464,30.314148348472123,0.7825109618907622,0.0,-0.49152605940902616,1.1807065352587793
0.29720030856055435,2.60814328665093,3.0524735199150337,30.38008885112606,0.7562095291855792,0.0,-0.0938105805725668,0.2394002128247307
0.3015194078654151,2.5304300004054907,1.9886202469210004,30.635098063843646,0.8216355111803667,0.0,-0.5123661350634059,1.0911389899394182
0.2988480950157827,2.6707076879573717,4.444616965088631,30.382532537565545,0.7739845710916847,0.0,-0.3792764403024801,1.1517925758721665
0.30268092556731707,2.5312086030544583,2.028050641069453,30.66606200219731,0.7672104557922889,0.0,-0.41124343832554144,0.877241862809429
0.31274227121795434,2.6088102418255312,2.821817517534744,30.65246103819884,0.7627623122639551,0.0,-0.5550537835088831,1.4188862870518502
0.3093390646185033,2.7107776806231723,3.1161422371957035,30.291006952432117,0.7646677585682795,0.0,-0.3598883209500587,1.2443310797226552
0.3011863928297075,2.5706004652578,3.947907174580264,30.543623808757005,0.7489808515147162,0.0,-0.47438039567802315,1.1047529335653066
0.2953041405211571,2.6472735411776895,2.1407440618824003,30.335038167185616,0.7795641315996134,0.0,-0.2497313808975464,0.7080029712864583
0.29306783768459305,2.530090995161435,1.5464225465403647,30.456222673699482,0.754958595241036,0.0,-0.26547851449027327,0.5649572827008862
0.3029912623401939,2.788118760163377,1.212698924999132,30.184304938214858,0.7687834435775011,0.0,-0.4696757994997697,2.216693652830833
0.3027159252166944,2.486818255486937,2.6398502714459426,30.71042823153902,0.736134765079973,0.0,-0.30732865773384827,0.5988690381522821
0.29962545416644565,2.510237958232817,1.3261363400287745,30.609982922738027,0.7666303690131776,0.0,-0.10912901221870702,0.22282047793034856
0.2972667944791105,2.673077853540345,1.3486291329125157,30.172951876464005,0.7777614909164482,0.0,-0.23261564327916678,0.7115322280800995
0.30514779044655593,2.689544290810947,3.0498682351259365,30.25725487584855,0.7122101433189462,0.0,-0.3034487863314801,0.9774302013131735
0.29472884048258025,2.584875277012185,3.052105295412755,30.337882707201047,0.7628537875359895,0.0,-0.2237042604586539,0.538884455853573
0.29547586358642214,2.4481486004531496,1.4500686331708414,30.85028271305315,0.7560330767224271,0.0,-0.29575398764353605,0.5359304839788261
0.3084104179017928,2.5586470515568887,1.8772424882443484,30.610364619291005,0.7911283613690613,0.0,-0.3502019807420855,0.7934737537778681
0.288620357579094,2.589326581022148,4.678950415709756,30.215626766121087,0.7969065731973132,0.0,-0.49888727319258347,1.2148029313275055
0.29602282865020013,2.5715487095775513,3.4265565652175285,30.41989777259147,0.7536528637113948,0.0,-0.017385563014367444,0.040577688533101286
0.3015194078654151,2.5304300004054907,1.9886202469210004,30.635098063843646,0.8216355111803667,0.0,-0.5123661350634059,1.0911389899394182
0.2988480950157827,2.6707076879573717,4.444616965088631,30.382532537565545,0.7739845710916847,0.0,-0.3792764403024801,1.1517925758721665
0.30268092556731707,2.5312086030544583,2.028050641069453,30.66606200219731,0.7672104557922889,0.0,-0.41124343832554144,0.877241862809429
0.31179541700054375,2.61034513503507,2.9749548340361125,30.635539548327582,0.7624035511426653,0.0,-0.5577776679251405,1.4314659409560866
0.3093390646185033,2.7107776806231723,3.1161422371957035,30.291006952432117,0.7646677585682795,0.0,-0.3598883209500587,1.2443310797226552
0.30011514757158814,2.6292793763389875,4.864036683673795,30.426798268834585,0.7579779210084321,0.0,-0.5913791487974834,1.5952151325097073
0.29050935166899816,2.5594223139212082,2.719605771294698,30.429056972003966,0.7862885108879728,0.0,-0.11254257717690241,0.2554432072548849
0.29306783768459305,2.530090995161435,1.5464225465403647,30.456222673699482,0.754958595241036,0.0,-0.26547851449027327,0.5649572827008862
0.30285337688442965,2.794421476827855,1.0952328336017285,30.17964061903955,0.7724006629715946,0.0,-0.48030412722869087,2.3363536220488306
0.30257399949478464,2.4965206236766475,2.4999953488512814,30.694058591212297,0.7537648457985959,0.0,-0.34816403914313676,0.6915159895636586
0.29962545416644565,2.510237958232817,1.3261363400287745,30.609982922738027,0.7666303690131776,0.0,-0.10912901221870702,0.22282047793034856
0.2972667944791105,2.673077853540345,1.3486291329125157,30.172951876464005,0.7777614909164482,0.0,-0.23261564327916678,0.7115322280800995
0.30514779044655593,2.689544290810947,3.0498682351259365,30.25725487584855,0.7122101433189462,0.0,-0.3034487863314801,0.9774302013131735
0.294623859677467,2.582687804610758,3.016616593504726,30.336744788895185,0.7625701151846456,0.0,-0.21973944290208366,0.5265588816476471
0.29587558108880035,2.4541294803827105,1.4381306104374096,30.82713536148811,0.7570538818174702,0.0,-0.27777696855704315,0.5088697018329419
0.3084104179017928,2.5586470515568887,1.8772424882443484,30.610364619291005,0.7911283613690613,0.0,-0.3502019807420855,0.7934737537778681
0.288620357579094,2.589326581022148,4.678950415709756,30.215626766121087,0.7969065731973132,0.0,-0.49888727319258347,1.2148029313275055
0.29602234722687765,2.5714400962593267,3.424816915923425,30.420276585356135,0.7536549587081905,0.0,-0.01763057510149174,0.04113911485326498
0.302046408670862,2.532587943668615,1.9801024580596271,30.633206534861404,0.8193024290287553,0.0,-0.4999643769044702,1.0696437332587898
0.2988480950157827,2.6707076879573717,4.444616965088631,30.382532537565545,0.7739845710916847,0.0,-0.3792764403024801,1.1517925758721665
0.30268092556731707,2.5312086030544583,2.028050641069453,30.66606200219731,0.7672104557922889,0.0,-0.41124343832554144,0.877241862809429
0.3128841817640656,2.619301051184014,3.122463540692851,30.637825927817456,0.7620254061621117,0.0,-0.5979152471596477,1.570572361755207
0.3093390646185033,2.7107776806231723,3.1161422371957035,30.291006952432117,0.7646677585682795,0.0,-0.3598883209500587,1.2443310797226552
0.30011514757158814,2.6292793763389875,4.864036683673795,30.426798268834585,0.7579779210084321,0.0,-0.5913791487974834,1.5952151325097073
0.2930088797285582,2.5927799678810564,3.2366757544601734,30.415111330017176,0.7826004200708093,0.0,-0.19249572450267008,0.47270691351069044
0.2878403659772831,2.520361472827751,1.4337067020742023,30.403703954678146,0.7426349556434209,0.0,-0.23661182345742607,0.4933127971441157
0.30285337688442965,2.794421476827855,1.0952328336017285,30.17964061903955,0.7724006629715946,0.0,-0.48030412722869087,2.3363536220488306
0.30470354468403205,2.391970924616391,1.7580706637812022,30.99290956312672,0.7616314801934975,0.0,-0.3324362924945954,0.5467440718765949
0.29962545416644565,2.510237958232817,1.3261363400287745,30.609982922738027,0.7666303690131776,0.0,-0.10912901221870702,0.22282047793034856
0.2972667944791105,2.673077853540345,1.3486291329125157,30.172951876464005,0.7777614909164482,0.0,-0.23261564327916678,0.7115322280800995
0.29935751058361765,2.654433660409156,3.620606704974861,30.24267073520069,0.7418829930785098,0.0,-0.37191940387928285,1.076260507084229
0.294623859677467,2.582687804610758,3.016616593504726,30.336744788895185,0.7625701151846456,0.0,-0.21973944290208366,0.5265588816476471
0.29601486695236834,2.4550109551792167,1.4602108595526666,30.82436818396272,0.7569854901174555,0.0,-0.2792405862823625,0.5123783476678678
0.3081328638079024,2.554884053234759,1.79998847762922,30.60866090876006,0.7929339203146544,0.0,-0.33483375091999784,0.7522393959446099
0.288620357579094,2.589326581022148,4.678950415709756,30.215626766121087,0.7969065731973132,0.0,-0.49888727319258347,1.2148029313275055
0.29602234722687765,2.5714400962593267,3.424816915923425,30.420276585356135,0.7536549587081905,0.0,-0.01763057510149174,0.04113911485326498
0.30156553755553256,2.5543783142241576,2.2734832710622275,30.5633647708876,0.8054570658704486,0.0,-0.47706535768055564,1.0705613593511922
0.2988480950157827,2.6707076879573717,4.444616965088631,30.382532537565545,0.7739845710916847,0.0,-0.3792764403024801,1.1517925758721665
0.30826906686229794,2.535293037740641,2.2518479910798463,30.76485166241989,0.7764642421063117,0.0,-0.47700013250768253,1.0264535960222232
0.3128841817640656,2.619301051184014,3.122463540692851,30.637825927817456,0.7620254061621117,0.0,-0.5979152471596477,1.570572361755207
0.3154594259567868,2.78218740903891,3.124444556763241,30.214851365664053,0.7689843657663389,0.0,-0.5172723720668317,2.374850644695911
0.30011514757158814,2.6292793763389875,4.864036683673795,30.426798268834585,0.7579779210084321,0.0,-0.5913791487974834,1.5952151325097073
0.2977358639327267,2.599087531993871,3.2095124273602003,30.46808000359803,0.7777070219441691,0.0,-0.28891748837007575,0.7206497962185077
0.2878403659772831,2.520361472827751,1.4337067020742023,30.403703954678146,0.7426349556434209,0.0,-0.23661182345742607,0.4933127971441157
0.3025797442223522,2.784277571253687,1.1826541306097245,30.191425726913025,0.7716706868989093,0.0,-0.4607368495024649,2.1357855656459614
0.30589561302483936,2.333446509675607,1.3427590128234428,31.16019917221202,0.7660350335241418,0.0,-0.3236322769955908,0.48553084140042224
0.29962545416644565,2.510237958232817,1.3261363400287745,30.609982922738027,0.7666303690131776,0.0,-0.10912901221870702,0.22282047793034856
0.2972667944791105,2.673077853540345,1.3486291329125157,30.172951876464005,0.7777614909164482,0.0,-0.23261564327916678,0.7115322280800995
0.29935751058361765,2.654433660409156,3.620606704974861,30.24267073520069,0.7418829930785098,0.0,-0.37191940387928285,1.076260507084229
0.28917685999492154,2.7031319992759544,3.825497113652266,29.938815946213126,0.7608957164896385,0.0,-0.16953392323836539,0.5710751001282758
0.29601486695236834,2.4550109551792167,1.4602108595526666,30.82436818396272,0.7569854901174555,0.0,-0.2792405862823625,0.5123783476678678
0.3040471025540784,2.5632932215928528,2.167954314944927,30.526420623976147,0.7837504707190361,0.0,-0.3000237930804099,0.6870142803249414
0.288620357579094,2.589326581022148,4.678950415709756,30.215626766121087,0.7969065731973132,0.0,-0.49888727319258347,1.2148029313275055
0.29658200354574055,2.561933810753806,3.09883718085758,30.449742918780267,0.755670377758699,0.0,-0.03184266465575554,0.07268916304759579
0.30469594150982726,2.5459271229097613,1.6917931072146728,30.64745478950155,0.8075247463603197,0.0,-0.47178838117397404,1.0390146713832782
0.2965285762478904,2.6618483447758297,4.738338344590017,30.402768542482026,0.7760444876030592,0.0,-0.3835630895270107,1.1342931007471657
0.3117175781584572,2.489189105918234,1.7221784542475662,30.96692038867171,0.7898461727341831,0.0,-0.51766329709439,1.0134147550336445
0.3154843951157229,2.6426012795650147,3.576779516708057,30.634768238505117,0.7475768814239984,0.0,-0.6379674135294466,1.7850299317048053
0.3154594259567868,2.78218740903891,3.124444556763241,30.214851365664053,0.7689843657663389,0.0,-0.5172723720668317,2.374850644695911
0.30028203535107206,2.627763900322494,4.869885589160744,30.42791640292719,0.7571372604137426,0.0,-0.6010490974873629,1.614698569021365
0.2977358639327267,2.599087531993871,3.2095124273602003,30.46808000359803,0.7777070219441691,0.0,-0.28891748837007575,0.7206497962185077
0.2878403659772831,2.520361472827751,1.4337067020742023,30.403703954678146,0.7426349556434209,0.0,-0.23661182345742607,0.4933127971441157
0.3025797442223522,2.784277571253687,1.1826541306097245,30.191425726913025,0.7716706868989093,0.0,-0.4607368495024649,2.1357855656459614
0.30556352617234894,2.392264292027843,1.4393768222552605,31.018263929059454,0.7775200008456821,0.0,-0.3646440820590311,0.6000043724199552
0.29922023539618353,2.535823591054907,1.4600053224510532,30.54899016370582,0.7683428187514658,0.0,-0.13465998469937426,0.29010518868334617
0.2970892184392427,2.6703766310403707,2.164012867229346,30.22823354213033,0.777348471248365,0.0,-0.2689255698012256,0.8158571118607866
0.29935751058361765,2.654433660409156,3.620606704974861,30.24267073520069,0.7418829930785098,0.0,-0.37191940387928285,1.076260507084229
0.28917685999492154,2.7031319992759544,3.825497113652266,29.938815946213126,0.7608957164896385,0.0,-0.16953392323836539,0.5710751001282758
0.29906464407096756,2.5063268663551392,1.7212371882341877,30.728768667129952,0.7588674508445961,0.0,-0.31657462371770995,0.6412636259550795
0.3040471025540784,2.5632932215928528,2.167954314944927,30.526420623976147,0.7837504707190361,0.0,-0.3000237930804099,0.6870142803249414
0.28857767657915945,2.585552822725908,4.501371264334669,30.22591831599657,0.7939368400618696,0.0,-0.48453560783235305,1.1691130604851694
0.3020836018092854,2.626124079291515,3.1063001433187094,30.381286593938515,0.7595505798174731,0.0,-0.17331532851918147,0.46356376251980475
0.3048004133667341,2.5341603022638592,1.7169281428866174,30.66996790926315,0.809294779897245,0.0,-0.47233397020871126,1.013941002675665
0.2965285762478904,2.6618483447758297,4.738338344590017,30.402768542482026,0.7760444876030592,0.0,-0.3835630895270107,1.1342931007471657
0.31277662158777203,2.5058687809550864,1.7708454480976403,30.958084740352824,0.7919673688788679,0.0,-0.5439961903828968,1.1009144320700182
0.3080751404921519,2.581108762206038,2.739483900044732,30.67718502719502,0.7526716422065641,0.0,-0.4929420104399401,1.176778041565054
0.3031480146583487,2.745155877704774,3.452835109733052,30.085549470760483,0.7651954401249551,0.0,-0.3543829847056485,1.3905872402076092
0.3005408001472705,2.6273894048443363,4.597956573642518,30.42110341232523,0.7575914110077895,0.0,-0.5355024689383181,1.4371638270634892
0.2972816108089526,2.6032623767165766,3.305486145153789,30.455098537100092,0.7756759175040001,0.0,-0.27712374120967165,0.6985063299925517
0.2866995606425875,2.50185776185625,1.3436266437538056,30.425347459484726,0.7383531959385236,0.0,-0.2326260647522649,0.4669872316371121
0.3024869273321344,2.7823520851561616,1.199243919952177,30.192047960024958,0.7717666693799068,0.0,-0.45749429547506526,2.1019925497715692
0.30556352617234894,2.392264292027843,1.4393768222552605,31.018263929059454,0.7775200008456821,0.0,-0.3646440820590311,0.6000043724199552
0.29922023539618353,2.535823591054907,1.4600053224510532,30.54899016370582,0.7683428187514658,0.0,-0.13465998469937426,0.29010518868334617
0.2970892184392427,2.6703766310403707,2.164012867229346,30.22823354213033,0.777348471248365,0.0,-0.2689255698012256,0.8158571118607866
0.29757249488251253,2.669447614425071,3.8010247839601057,30.15369989774805,0.7396739169546842,0.0,-0.34713890101715084,1.0501781749763297
0.28917685999492154,2.7031319992759544,3.825497113652266,29.938815946213126,0.7608957164896385,0.0,-0.16953392323836539,0.5710751001282758
0.3003727877470338,2.4964442254594106,1.3744434355971147,30.791494188817385,0.7544928974034876,0.0,-0.29562318095152745,0.5870713750055478
0.3040471025540784,2.5632932215928528,2.167954314944927,30.526420623976147,0.7837504707190361,0.0,-0.3000237930804099,0.6870142803249414
0.28857767657915945,2.585552822725908,4.501371264334669,30.22591831599657,0.7939368400618696,0.0,-0.48453560783235305,1.1691130604851694
0.301957393694736,2.6253392500871695,3.10929623649108,30.383806072550026,0.7600776332859195,0.0,-0.17667108064749731,0.4715494769297346
0.3048004133667341,2.5341603022638592,1.7169281428866174,30.66996790926315,0.809294779897245,0.0,-0.47233397020871126,1.013941002675665
0.2965285762478904,2.6618483447758297,4.738338344590017,30.402768542482026,0.7760444876030592,0.0,-0.3835630895270107,1.1342931007471657
0.3184528067223069,2.5067418581408556,1.8638380223569742,31.074045486106822,0.8036375479716756,0.0,-0.6117720214920092,1.2402674574943109
0.3080751404921519,2.581108762206038,2.739483900044732,30.67718502719502,0.7526716422065641,0.0,-0.4929420104399401,1.176778041565054
0.3031480146583487,2.745155877704774,3.452835109733052,30.085549470760483,0.7651954401249551,0.0,-0.3543829847056485,1.3905872402076092
0.3005408001472705,2.6273894048443363,4.597956573642518,30.42110341232523,0.7575914110077895,0.0,-0.5355024689383181,1.4371638270634892
0.29463173053872604,2.67077328900426,3.902566175540237,30.27490823141028,0.7750858849029216,0.0,-0.24912074742332674,0.7566844946142609
0.2866995606425875,2.50185776185625,1.3436266437538056,30.425347459484726,0.7383531959385236,0.0,-0.2326260647522649,0.4669872316371121
0.30246900123556947,2.7833607004784984,1.1381353618480659,30.194935781537897,0.7719448553555011,0.0,-0.46029026998628825,2.124684999457377
0.30556352617234894,2.392264292027843,1.4393768222552605,31.018263929059454,0.7775200008456821,0.0,-0.3646440820590311,0.6000043724199552
0.29882992935120306,2.515022102112784,1.261976497337153,30.59504257446344,0.7686555758647798,0.0,-0.1128259636407625,0.23264145465655994
0.29912633820547263,2.7034184430149875,2.324867538720336,30.18958504522113,0.7849943483001416,0.0,-0.2760428821022533,0.9307486443474395
0.2990001545467616,2.6688040361225025,3.7517292498527994,30.09485660780337,0.722482387011729,0.0,-0.39472400063444796,1.1918140426990473
0.29271467092510933,2.6360169948792853,3.3103439790094433,30.171864134962064,0.7644848281652261,0.0,-0.211657369520396,0.5815034398383517
0.3003727877470338,2.4964442254594106,1.3744434355971147,30.791494188817385,0.7544928974034876,0.0,-0.29562318095152745,0.5870713750055478
0.2998300378432349,2.5910338773172708,2.359790060108101,30.3178918946059,0.7797810434082443,0.0,-0.18216536547252898,0.4454289863364809
0.29076546983632506,2.5866185025415236,4.084984267123868,30.24380071155752,0.7911845327246101,0.0,-0.4257458514534541,1.0299102743373745
0.30166111155278175,2.625768042272393,3.4206512289818183,30.39160685332978,0.7595576370856991,0.0,-0.2517210711782548,0.6726338196949914
0.3048004133667341,2.5341603022638592,1.7169281428866174,30.66996790926315,0.809294779897245,0.0,-0.47233397020871126,1.013941002675665
0.2965285762478904,2.6618483447758297,4.738338344590017,30.402768542482026,0.7760444876030592,0.0,-0.3835630895270107,1.1342931007471657
0.3184528067223069,2.5067418581408556,1.8638380223569742,31.074045486106822,0.8036375479716756,0.0,-0.6117720214920092,1.2402674574943109
0.3080751404921519,2.581108762206038,2.739483900044732,30.67718502719502,0.7526716422065641,0.0,-0.4929420104399401,1.176778041565054
0.3048110223064687,2.8224035740179234,4.000681697745971,29.96909681018804,0.7578849701716793,0.0,-0.44070041062047777,2.481471168034396
0.3005408001472705,2.6273894048443363,4.597956573642518,30.42110341232523,0.7575914110077895,0.0,-0.5355024689383181,1.4371638270634892
0.29463173053872604,2.67077328900426,3.902566175540237,30.27490823141028,0.7750858849029216,0.0,-0.24912074742332674,0.7566844946142609
0.2866995606425875,2.50185776185625,1.3436266437538056,30.425347459484726,0.7383531959385236,0.0,-0.2326260647522649,0.4669872316371121
0.3020649220670483,2.7535646312731688,1.1518865667286637,30.23936326891444,0.7715796168101032,0.0,-0.42170815551857,1.7112322703403227
0.30556352617234894,2.392264292027843,1.4393768222552605,31.018263929059454,0.7775200008456821,0.0,-0.3646440820590311,0.6000043724199552
0.29882992935120306,2.515022102112784,1.261976497337153,30.59504257446344,0.7686555758647798,0.0,-0.1128259636407625,0.23264145465655994
0.29918212857560567,2.718722727200391,1.6940002472982978,30.23146792165416,0.8126331526718703,0.0,-0.22356965697665965,0.7948372605842846
0.3006676376325198,2.6300270276143607,3.1837014196224196,30.262312060972008,0.7475868359014849,0.0,-0.4185040417534983,1.131174634338621
0.29271467092510933,2.6360169948792853,3.3103439790094433,30.171864134962064,0.7644848281652261,0.0,-0.211657369520396,0.5815034398383517
0.3003727877470338,2.4964442254594106,1.3744434355971147,30.791494188817385,0.7544928974034876,0.0,-0.29562318095152745,0.5870713750055478
0.2994937326809349,2.598247431158219,2.6020821612729685,30.326537900023535,0.7794004171400853,0.0,-0.20268085302825517,0.5044917413037759
0.28270098224652074,2.451238581614632,4.133387989653247,30.401526526058166,0.8103040304819864,0.0,-0.4171594425478724,0.7601836218283881
0.30194119529050867,2.6310810314200896,3.582922119464458,30.402882402237573,0.7564642349998865,0.0,-0.2623604146043126,0.7111600024640196
0.3046248331298499,2.538003183547255,1.8356834449010955,30.659709774293344,0.8071635794126936,0.0,-0.47493776059979304,1.0280108946343176
0.2965285762478904,2.6618483447758297,4.738338344590017,30.402768542482026,0.7760444876030592,0.0,-0.3835630895270107,1.1342931007471657
0.31863844821376464,2.505491457164453,1.835501395549887,31.08081263080971,0.8041147738763242,0.0,-0.6125624853314214,1.2387298343097268
0.3104176015985912,2.610373732214794,3.3530864553671127,30.689049216656695,0.7156763168293117,0.0,-0.5051653431963073,1.2965382084423431
0.3048110223064687,2.8224035740179234,4.000681697745971,29.96909681018804,0.7578849701716793,0.0,-0.44070041062047777,2.481471168034396
0.3005408001472705,2.6273894048443363,4.597956573642518,30.42110341232523,0.7575914110077895,0.0,-0.5355024689383181,1.4371638270634892
0.29432654141638137,2.6722092497062246,3.768096316700338,30.254336407392028,0.7749316524762573,0.0,-0.2274899209442135,0.6940095800150876
0.2912931196060541,2.5435185541322247,2.4236568256215603,30.42393896706869,0.7447378752327894,0.0,-0.3331431189366576,0.7298064838174301
0.3020649220670483,2.7535646312731688,1.1518865667286637,30.23936326891444,0.7715796168101032,0.0,-0.42170815551857,1.7112322703403227
0.30556352617234894,2.392264292027843,1.4393768222552605,31.018263929059454,0.7775200008456821,0.0,-0.3646440820590311,0.6000043724199552
0.29882992935120306,2.515022102112784,1.261976497337153,30.59504257446344,0.7686555758647798,0.0,-0.1128259636407625,0.23264145465655994
0.29918212857560567,2.718722727200391,1.6940002472982978,30.23146792165416,0.8126331526718703,0.0,-0.22356965697665965,0.7948372605842846
0.3010625942940556,2.664946188172875,2.609388279557616,30.255825351413552,0.7543686395303395,0.0,-0.41940971710818054,1.2517682303658735
0.29271467092510933,2.6360169948792853,3.3103439790094433,30.171864134962064,0.7644848281652261,0.0,-0.211657369520396,0.5815034398383517
0.2996658780897949,2.5093279853816957,1.5531436071163474,30.73429703719758,0.7554152380407724,0.0,-0.28787241867422236,0.5866901109046527
0.299417125879699,2.627865869747094,2.378833335278701,30.303165271704835,0.7875705712615074,0.0,-0.2078162938801647,0.5584445956057044
0.28270098224652074,2.451238581614632,4.133387989653247,30.401526526058166,0.8103040304819864,0.0,-0.4171594425478724,0.7601836218283881
0.3017617207964981,2.6191160187783513,3.556796088692159,30.43001067485094,0.7563753844438555,0.0,-0.2512073101248976,0.6595376085892989
0.3046248331298499,2.538003183547255,1.8356834449010955,30.659709774293344,0.8071635794126936,0.0,-0.47493776059979304,1.0280108946343176
0.2965285762478904,2.6618483447758297,4.738338344590017,30.402768542482026,0.7760444876030592,0.0,-0.3835630895270107,1.1342931007471657
0.3178438670630947,2.5111105867489742,1.939823099752224,31.05644518749118,0.8031059882804117,0.0,-0.6043327405503647,1.2361338252993899
0.3104176015985912,2.610373732214794,3.3530864553671127,30.689049216656695,0.7156763168293117,0.0,-0.5051653431963073,1.2965382084423431
0.3047933473684883,2.821328076154443,3.9922737538410327,29.97172547636054,0.7578764859853467,0.0,-0.4401754058459625,2.463595826205172
0.3005408001472705,2.6273894048443363,4.597956573642518,30.42110341232523,0.7575914110077895,0.0,-0.5355024689383181,1.4371638270634892
0.2937369012080808,2.6660102261250613,3.9674432513588433,30.255477313337263,0.7751870670258442,0.0,-0.2126911037937141,0.6368192095406955
0.29048038120213004,2.5251493512596714,2.0643318054722157,30.42722540763463,0.739877919757892,0.0,-0.32531605642294215,0.685091317208752
0.3020649220670483,2.7535646312731688,1.1518865667286637,30.23936326891444,0.7715796168101032,0.0,-0.42170815551857,1.7112322703403227
0.30556352617234894,2.392264292027843,1.4393768222552605,31.018263929059454,0.7775200008456821,0.0,-0.3646440820590311,0.6000043724199552
0.29882992935120306,2.515022102112784,1.261976497337153,30.59504257446344,0.7686555758647798,0.0,-0.1128259636407625,0.23264145465655994
0.29918212857560567,2.718722727200391,1.6940002472982978,30.23146792165416,0.8126331526718703,0.0,-0.22356965697665965,0.7948372605842846
0.2938796581999108,2.7068478618848104,2.0383639824860693,29.92318858938867,0.7840772728053517,0.0,-0.35356506708789237,1.2060804651165957
0.29261756799924377,2.6368160963266014,3.3223668087626272,30.16788675512999,0.7641368705516205,0.0,-0.20951085834301963,0.5768726428234745
0.2996658780897949,2.5093279853816957,1.5531436071163474,30.73429703719758,0.7554152380407724,0.0,-0.28787241867422236,0.5866901109046527
0.30243133365041935,2.6076245902114303,1.5358384485415777,30.32847085783764,0.7941418702600118,0.0,-0.2052294789614479,0.5230436817435506
0.28270098224652074,2.451238581614632,4.133387989653247,30.401526526058166,0.8103040304819864,0.0,-0.4171594425478724,0.7601836218283881
0.3017617207964981,2.6191160187783513,3.556796088692159,30.43001067485094,0.7563753844438555,0.0,-0.2512073101248976,0.6595376085892989
0.3046248331298499,2.538003183547255,1.8356834449010955,30.659709774293344,0.8071635794126936,0.0,-0.47493776059979304,1.0280108946343176
0.2965285762478904,2.6618483447758297,4.738338344590017,30.402768542482026,0.7760444876030592,0.0,-0.3835630895270107,1.1342931007471657
0.31739667269694216,2.517982027316723,1.91749202637931,31.033288098676678,0.8022124928210964,0.0,-0.5991569391537807,1.243017839808793
0.3104176015985912,2.610373732214794,3.3530864553671127,30.689049216656695,0.7156763168293117,0.0,-0.5051653431963073,1.2965382084423431
0.3047933473684883,2.821328076154443,3.9922737538410327,29.97172547636054,0.7578764859853467,0.0,-0.4401754058459625,2.463595826205172
0.3005408001472705,2.6273894048443363,4.597956573642518,30.42110341232523,0.7575914110077895,0.0,-0.5355024689383181,1.4371638270634892
0.2937369012080808,2.6660102261250613,3.9674432513588433,30.255477313337263,0.7751870670258442,0.0,-0.2126911037937141,0.6368192095406955
0.29048038120213004,2.5251493512596714,2.0643318054722157,30.42722540763463,0.739877919757892,0.0,-0.32531605642294215,0.685091317208752
0.3020649220670483,2.7535646312731688,1.1518865667286637,30.23936326891444,0.7715796168101032,0.0,-0.42170815551857,1.7112322703403227
0.3044183116287527,2.40235382592541,1.4868276382015466,30.97338828065206,0.7746619590514752,0.0,-0.36165803193365587,0.6051373665926265
0.29882992935120306,2.515022102112784,1.261976497337153,30.59504257446344,0.7686555758647798,0.0,-0.1128259636407625,0.23264145465655994
0.29918212857560567,2.718722727200391,1.6940002472982978,30.23146792165416,0.8126331526718703,0.0,-0.22356965697665965,0.7948372605842846
0.29430414254897125,2.69039885731895,1.97178897554608,29.980799878306385,0.7827548666608888,0.0,-0.3329217571565823,1.0753247041454148
0.29261756799924377,2.6368160963266014,3.3223668087626272,30.16788675512999,0.7641368705516205,0.0,-0.20951085834301963,0.5768726428234745
0.2996658780897949,2.5093279853816957,1.5531436071163474,30.73429703719758,0.7554152380407724,0.0,-0.28787241867422236,0.5866901109046527
0.3029645115324178,2.552543037958885,1.5226870798112384,30.501525471079262,0.7889147072451517,0.0,-0.2472049036854621,0.5524663256055169
0.2850212715128979,2.446015712268276,3.8506282880245153,30.462624493846114,0.8064960154946866,0.0,-0.41122964680501645,0.7423128343382929
0.30384082431142106,2.636433681019564,3.831850988970907,30.430523987903083,0.7594157979097376,0.0,-0.23754937937776177,0.6533866504574223
0.3046248331298499,2.538003183547255,1.8356834449010955,30.659709774293344,0.8071635794126936,0.0,-0.47493776059979304,1.0280108946343176
0.2965285762478904,2.6618483447758297,4.738338344590017,30.402768542482026,0.7760444876030592,0.0,-0.3835630895270107,1.1342931007471657
0.31439419480866054,2.5577300177165694,2.535101514638372,30.8851925116012,0.764983619337751,0.0,-0.5587206569366108,1.2633022346485008
0.3104176015985912,2.610373732214794,3.3530864553671127,30.689049216656695,0.7156763168293117,0.0,-0.5051653431963073,1.2965382084423431
0.3047933473684883,2.821328076154443,3.9922737538410327,29.97172547636054,0.7578764859853467,0.0,-0.4401754058459625,2.463595826205172
0.3005408001472705,2.6273894048443363,4.597956573642518,30.42110341232523,0.7575914110077895,0.0,-0.5355024689383181,1.4371638270634892
0.2937369012080808,2.6660102261250613,3.9674432513588433,30.255477313337263,0.7751870670258442,0.0,-0.2126911037937141,0.6368192095406955
0.2901051371033599,2.524808346550748,2.0703977137475045,30.421057732344643,0.7380928702666608,0.0,-0.32134667946671924,0.6762464726267278
0.3020649220670483,2.7535646312731688,1.1518865667286637,30.23936326891444,0.7715796168101032,0.0,-0.42170815551857,1.7112322703403227
0.30121045626436194,2.3460254233957962,1.6865922072986157,31.10547656303231,0.7594586662447526,0.0,-0.5023161470122269,0.768097361858513
0.2983626327513348,2.544835607858215,1.9678621212315228,30.55600075977688,0.7701559163935995,0.0,-0.16779994316726193,0.36865788726942356
0.29918212857560567,2.718722727200391,1.6940002472982978,30.23146792165416,0.8126331526718703,0.0,-0.22356965697665965,0.7948372605842846
0.29318246230486467,2.730629438901475,1.9728742744347056,29.821826606728102,0.7862369481509635,0.0,-0.37855790936781564,1.405342543090128
0.29261756799924377,2.6368160963266014,3.3223668087626272,30.16788675512999,0.7641368705516205,0.0,-0.20951085834301963,0.5768726428234745
0.29915569595989533,2.5117355455553168,1.571207951604117,30.729353302540705,0.7531928782369411,0.0,-0.2934006345995883,0.6009051691737033
0.30821332331674134,2.468992412047017,1.2504987553644709,30.81712295116,0.7926480174436008,0.0,-0.19525427300513998,0.367705240819324
0.2852104567986003,2.4487580861998324,3.788724235965002,30.46139773955471,0.8041873673464779,0.0,-0.4082523138574463,0.7406046304480451
0.3019495138007416,2.7088598683197698,4.948406671486888,30.263301838341484,0.7450413072532212,0.0,-0.25584399285520665,0.8787658073061855
0.3046248331298499,2.538003183547255,1.8356834449010955,30.659709774293344,0.8071635794126936,0.0,-0.47493776059979304,1.0280108946343176
0.2965285762478904,2.6618483447758297,4.738338344590017,30.402768542482026,0.7760444876030592,0.0,-0.3835630895270107,1.1342931007471657
0.31439419480866054,2.5577300177165694,2.535101514638372,30.8851925116012,0.764983619337751,0.0,-0.5587206569366108,1.2633022346485008
0.30971489379330536,2.619676456210669,3.497633400978976,30.654388536765428,0.7069631735682567,0.0,-0.4957015295770135,1.3033679814773513
0.3047933473684883,2.821328076154443,3.9922737538410327,29.97172547636054,0.7578764859853467,0.0,-0.4401754058459625,2.463595826205172
0.3005408001472705,2.6273894048443363,4.597956573642518,30.42110341232523,0.7575914110077895,0.0,-0.5355024689383181,1.4371638270634892
0.2937369012080808,2.6660102261250613,3.9674432513588433,30.255477313337263,0.7751870670258442,0.0,-0.2126911037937141,0.6368192095406955
0.29372330719828965,2.5136558466447814,1.9065749069170024,30.50019494208355,0.7489934541083617,0.0,-0.29615234090177356,0.6089357481911954
0.3020649220670483,2.7535646312731688,1.1518865667286637,30.23936326891444,0.7715796168101032,0.0,-0.42170815551857,1.7112322703403227
0.30121045626436194,2.3460254233957962,1.6865922072986157,31.10547656303231,0.7594586662447526,0.0,-0.5023161470122269,0.768097361858513
0.2983626327513348,2.544835607858215,1.9678621212315228,30.55600075977688,0.7701559163935995,0.0,-0.16779994316726193,0.36865788726942356
0.29918212857560567,2.718722727200391,1.6940002472982978,30.23146792165416,0.8126331526718703,0.0,-0.22356965697665965,0.7948372605842846
0.29546019764501963,2.726109131137216,1.8670015144517622,29.97734434016353,0.7962581001901087,0.0,-0.31971759994897386,1.167317484063875
0.29261756799924377,2.6368160963266014,3.3223668087626272,30.16788675512999,0.7641368705516205,0.0,-0.20951085834301963,0.5768726428234745
0.29915569595989533,2.5117355455553168,1.571207951604117,30.729353302540705,0.7531928782369411,0.0,-0.2934006345995883,0.6009051691737033
0.30821332331674134,2.468992412047017,1.2504987553644709,30.81712295116,0.7926480174436008,0.0,-0.19525427300513998,0.367705240819324
0.2852104567986003,2.4487580861998324,3.788724235965002,30.46139773955471,0.8041873673464779,0.0,-0.4082523138574463,0.7406046304480451
0.3019495138007416,2.7088598683197698,4.948406671486888,30.263301838341484,0.7450413072532212,0.0,-0.25584399285520665,0.8787658073061855
0.3046248331298499,2.538003183547255,1.8356834449010955,30.659709774293344,0.8071635794126936,0.0,-0.47493776059979304,1.0280108946343176
0.2965285762478904,2.6618483447758297,4.738338344590017,30.402768542482026,0.7760444876030592,0.0,-0.3835630895270107,1.1342931007471657
0.30834528655357984,2.6311887588704086,3.7081216568180535,30.582914002023923,0.755290384443522,0.0,-0.4115032913434301,1.1157558269728491
0.30802710038809955,2.6492158567459563,2.9800973657095717,30.56282258918572,0.7212193317181124,0.0,-0.4793765635204563,1.3665856132307663
0.3047933473684883,2.821328076154443,3.9922737538410327,29.97172547636054,0.7578764859853467,0.0,-0.4401754058459625,2.463595826205172
0.3006951453941283,2.6274645426823087,4.5803587737682205,30.424303455750387,0.7575459048085857,0.0,-0.5330502020395549,1.430871052859217
0.29373503281569213,2.645070285123521,3.6841927029219317,30.289111874584957,0.7715869558181433,0.0,-0.22416221074134574,0.6315678889251567
0.29372330719828965,2.5136558466447814,1.9065749069170024,30.50019494208355,0.7489934541083617,0.0,-0.29615234090177356,0.6089357481911954
0.3020649220670483,2.7535646312731688,1.1518865667286637,30.23936326891444,0.7715796168101032,0.0,-0.42170815551857,1.7112322703403227
0.29978725900917896,2.4631557716287587,2.805902925746591,30.843075925252585,0.7638963917773286,0.0,-0.4526404562399898,0.8431504565361136
0.2991550432165901,2.5810716967485874,2.6263212842898,30.491337983030295,0.7646076200214844,0.0,-0.18725055371586738,0.44697517991161406
0.2998370319722604,2.7268940175927665,1.5315487351678365,30.237810999981427,0.8174713104611431,0.0,-0.22497221162916903,0.8237542423867842
0.29546019764501963,2.726109131137216,1.8670015144517622,29.97734434016353,0.7962581001901087,0.0,-0.31971759994897386,1.167317484063875
0.2926477058767178,2.637192129417753,3.3148909828727886,30.168178656070516,0.7643595168341071,0.0,-0.2095754022444314,0.5776484449141013
0.29901131918581425,2.5015487060994475,1.3966836682100179,30.75343755240592,0.7536141288657816,0.0,-0.2953414579063538,0.5925181888790085
0.30425500004697814,2.548796463102252,1.4418492744438458,30.556471930937757,0.793768517226094,0.0,-0.23388527970543022,0.5183587019585651
0.2798543744063826,2.407925963503745,4.972927693975522,30.43698746525462,0.8389140608712524,0.0,-0.47878294262755494,0.8086538390720047
0.3024468317306529,2.7131727151922727,4.967678383151844,30.250507134119474,0.742197069089264,0.0,-0.2441270165669344,0.8511289877132269
0.3053022461848996,2.4809605225826443,2.016632282931932,30.77094340835427,0.8165799381165831,0.0,-0.48902357393961177,0.9421702880345489
0.2972925364098781,2.6684735698022695,4.767942786899118,30.383113823192545,0.7716752812708927,0.0,-0.3655639333236712,1.1026690484545678
0.31591369532001473,2.7797910304910443,4.506011137548982,30.35283624517625,0.7476795440937737,0.0,-0.37512307664862043,1.7034868174766353
0.30802710038809955,2.6492158567459563,2.9800973657095717,30.56282258918572,0.7212193317181124,0.0,-0.4793765635204563,1.3665856132307663
0.3047933473684883,2.821328076154443,3.9922737538410327,29.97172547636054,0.7578764859853467,0.0,-0.4401754058459625,2.463595826205172
0.3006951453941283,2.6274645426823087,4.5803587737682205,30.424303455750387,0.7575459048085857,0.0,-0.5330502020395549,1.430871052859217
0.29373503281569213,2.645070285123521,3.6841927029219317,30.289111874584957,0.7715869558181433,0.0,-0.22416221074134574,0.6315678889251567
0.29372330719828965,2.5136558466447814,1.9065749069170024,30.50019494208355,0.7489934541083617,0.0,-0.29615234090177356,0.6089357481911954
0.3020649220670483,2.7535646312731688,1.1518865667286637,30.23936326891444,0.7715796168101032,0.0,-0.42170815551857,1.7112322703403227
0.29898669756362894,2.3182706081856286,1.2412127152681594,31.212343599158654,0.769496161871829,0.0,-0.3817362732929114,0.5599527875378074
0.2991550432165901,2.5810716967485874,2.6263212842898,30.491337983030295,0.7646076200214844,0.0,-0.18725055371586738,0.44697517991161406
0.2998370319722604,2.7268940175927665,1.5315487351678365,30.237810999981427,0.8174713104611431,0.0,-0.22497221162916903,0.8237542423867842
0.29546019764501963,2.726109131137216,1.8670015144517622,29.97734434016353,0.7962581001901087,0.0,-0.31971759994897386,1.167317484063875
0.2926477058767178,2.637192129417753,3.3148909828727886,30.168178656070516,0.7643595168341071,0.0,-0.2095754022444314,0.5776484449141013
0.29901131918581425,2.5015487060994475,1.3966836682100179,30.75343755240592,0.7536141288657816,0.0,-0.2953414579063538,0.5925181888790085
0.3086151501898137,2.460891150449969,1.231073919265361,30.843582787126177,0.7925342705631181,0.0,-0.19133266893995599,0.3549054501695761
0.2786407741877317,2.3890191124993643,4.993430604249371,30.437941175941923,0.8433634071108578,0.0,-0.48455464504898155,0.7930766002045806
0.3024468317306529,2.7131727151922727,4.967678383151844,30.250507134119474,0.742197069089264,0.0,-0.2441270165669344,0.8511289877132269
0.3053022461848996,2.4809605225826443,2.016632282931932,30.77094340835427,0.8165799381165831,0.0,-0.48902357393961177,0.9421702880345489
0.29568197886544856,2.654506472195879,4.705531603329681,30.42454930374556,0.7808863089809389,0.0,-0.4035092062044322,1.1679211728481447
0.31591369532001473,2.7797910304910443,4.506011137548982,30.35283624517625,0.7476795440937737,0.0,-0.37512307664862043,1.7034868174766353
0.30802710038809955,2.6492158567459563,2.9800973657095717,30.56282258918572,0.7212193317181124,0.0,-0.4793765635204563,1.3665856132307663
0.3047933473684883,2.821328076154443,3.9922737538410327,29.97172547636054,0.7578764859853467,0.0,-0.4401754058459625,2.463595826205172
0.3006951453941283,2.6274645426823087,4.5803587737682205,30.424303455750387,0.7575459048085857,0.0,-0.5330502020395549,1.430871052859217
0.2937642321763886,2.643253272404622,3.670609685486985,30.294245061379264,0.7715753309621194,0.0,-0.22503832567055104,0.6308069794708515
0.29372330719828965,2.5136558466447814,1.9065749069170024,30.50019494208355,0.7489934541083617,0.0,-0.29615234090177356,0.6089357481911954
0.3020649220670483,2.7535646312731688,1.1518865667286637,30.23936326891444,0.7715796168101032,0.0,-0.42170815551857,1.7112322703403227
0.29898669756362894,2.3182706081856286,1.2412127152681594,31.212343599158654,0.769496161871829,0.0,-0.3817362732929114,0.5599527875378074
0.29914242096249916,2.5740877610168504,2.518331003568128,30.514356314369362,0.7636421402894961,0.0,-0.19674340505218552,0.46193414286920575
0.2998370319722604,2.7268940175927665,1.5315487351678365,30.237810999981427,0.8174713104611431,0.0,-0.22497221162916903,0.8237542423867842
0.29546019764501963,2.726109131137216,1.8670015144517622,29.97734434016353,0.7962581001901087,0.0,-0.31971759994897386,1.167317484063875
0.2926477058767178,2.637192129417753,3.3148909828727886,30.168178656070516,0.7643595168341071,0.0,-0.2095754022444314,0.5776484449141013
0.29901131918581425,2.5015487060994475,1.3966836682100179,30.75343755240592,0.7536141288657816,0.0,-0.2953414579063538,0.5925181888790085
0.3086151501898137,2.460891150449969,1.231073919265361,30.843582787126177,0.7925342705631181,0.0,-0.19133266893995599,0.3549054501695761
0.2786407741877317,2.3890191124993643,4.993430604249371,30.437941175941923,0.8433634071108578,0.0,-0.48455464504898155,0.7930766002045806
0.3028697408251246,2.695875915618214,4.711491219553919,30.29116928362211,0.7456482625440914,0.0,-0.24050735751463784,0.7908198326467102
0.3053022461848996,2.4809605225826443,2.016632282931932,30.77094340835427,0.8165799381165831,0.0,-0.48902357393961177,0.9421702880345489
0.29568197886544856,2.654506472195879,4.705531603329681,30.42454930374556,0.7808863089809389,0.0,-0.4035092062044322,1.1679211728481447
0.31591369532001473,2.7797910304910443,4.506011137548982,30.35283624517625,0.7476795440937737,0.0,-0.37512307664862043,1.7034868174766353
0.30912697783820026,2.6524788036500677,2.7400397769167704,30.5836020499705,0.7157699285760446,0.0,-0.4713249013484226,1.3562479247275256
0.3047933473684883,2.821328076154443,3.9922737538410327,29.97172547636054,0.7578764859853467,0.0,-0.4401754058459625,2.463595826205172
0.3006951453941283,2.6274645426823087,4.5803587737682205,30.424303455750387,0.7575459048085857,0.0,-0.5330502020395549,1.430871052859217
0.2937642321763886,2.643253272404622,3.670609685486985,30.294245061379264,0.7715753309621194,0.0,-0.22503832567055104,0.6308069794708515
0.2886080399945866,2.456612314603426,1.3291196192033012,30.486827589714704,0.735166111251199,0.0,-0.3899874754702377,0.7176965653640421
0.3020649220670483,2.7535646312731688,1.1518865667286637,30.23936326891444,0.7715796168101032,0.0,-0.42170815551857,1.7112322703403227
0.30365858230292864,2.472248814493659,1.9317604207122818,30.922666394083574,0.7447431212616926,0.0,-0.42301203026354717,0.8015368641146611
0.29914242096249916,2.5740877610168504,2.518331003568128,30.514356314369362,0.7636421402894961,0.0,-0.19674340505218552,0.46193414286920575
0.2998370319722604,2.7268940175927665,1.5315487351678365,30.237810999981427,0.8174713104611431,0.0,-0.22497221162916903,0.8237542423867842
0.29546019764501963,2.726109131137216,1.8670015144517622,29.97734434016353,0.7962581001901087,0.0,-0.31971759994897386,1.167317484063875
0.29306191553433714,2.6434718213965507,3.337992149314275,30.16147890255309,0.7641384223789464,0.0,-0.2174396841437064,0.6098807813604967
0.29885552278588284,2.459030304000833,1.3712371785184003,30.850726539442853,0.7415654853596737,0.0,-0.30861880496435323,0.5704918542513485
0.3086151501898137,2.460891150449969,1.231073919265361,30.843582787126177,0.7925342705631181,0.0,-0.19133266893995599,0.3549054501695761
0.2792688828296998,2.391185129223204,4.923301214873785,30.445786263414778,0.8427324243827108,0.0,-0.48465992704004507,0.7960711051976442
0.3028697408251246,2.695875915618214,4.711491219553919,30.29116928362211,0.7456482625440914,0.0,-0.24050735751463784,0.7908198326467102
0.3053022461848996,2.4809605225826443,2.016632282931932,30.77094340835427,0.8165799381165831,0.0,-0.48902357393961177,0.9421702880345489
0.2956234995993076,2.673386659348477,3.9570680670774494,30.30663031117132,0.7849395424668288,0.0,-0.38141503775719676,1.1677876874115314
0.3192891523015213,2.797492356904049,4.597332766239915,30.36052301886098,0.7414810074522125,0.0,-0.3740763521939304,1.8472209071965142
0.30912697783820026,2.6524788036500677,2.7400397769167704,30.5836020499705,0.7157699285760446,0.0,-0.4713249013484226,1.3562479247275256
0.30808700074583606,2.8847348153889487,3.844365657820276,29.88671800934165,0.7478102926469322,0.0,-0.4290071666651142,3.7219145409149177
0.2914272930121714,2.5427171995796587,4.571898388798827,30.456093681326387,0.7655531674697048,0.0,-0.6122878929954954,1.3389698725442352
0.2937642321763886,2.643253272404622,3.670609685486985,30.294245061379264,0.7715753309621194,0.0,-0.22503832567055104,0.6308069794708515
0.2886080399945866,2.456612314603426,1.3291196192033012,30.486827589714704,0.735166111251199,0.0,-0.3899874754702377,0.7176965653640421
0.3020649220670483,2.7535646312731688,1.1518865667286637,30.23936326891444,0.7715796168101032,0.0,-0.42170815551857,1.7112322703403227
0.2987141051501289,2.55214263999116,2.5879177582463386,30.567491107074932,0.753793101348844,0.0,-0.3270905682761099,0.7303454123644493
0.2995343506961409,2.5912355389023825,2.6205588416276466,30.476721218010432,0.7632422534048782,0.0,-0.2136270507372321,0.5226164969518119
0.2998370319722604,2.7268940175927665,1.5315487351678365,30.237810999981427,0.8174713104611431,0.0,-0.22497221162916903,0.8237542423867842
0.29123262867499256,2.7253510120547024,2.1910141808174273,29.72576050434882,0.7757683345761062,0.0,-0.4112318391837219,1.497299670609483
0.2885174705100007,2.6801481121798636,3.8417185125616307,29.940140049999613,0.7647676431487739,0.0,-0.2201166214139196,0.6881829677919509
0.3005452394393142,2.4593524785167693,1.3469702486903532,30.849489717917002,0.750389880144329,0.0,-0.2883126673368841,0.5332728920053446
0.30792522861904437,2.4650706536065927,1.3946686565073403,30.82845543232577,0.7975418484174948,0.0,-0.2533276366409384,0.47357214246875823
0.2867149052317998,2.473296594089334,4.804122375754065,30.43832059054495,0.8131285337742328,0.0,-0.5014764423145438,0.9521040431616256
0.3028697408251246,2.695875915618214,4.711491219553919,30.29116928362211,0.7456482625440914,0.0,-0.24050735751463784,0.7908198326467102
0.3053022461848996,2.4809605225826443,2.016632282931932,30.77094340835427,0.8165799381165831,0.0,-0.48902357393961177,0.9421702880345489
0.2956234995993076,2.673386659348477,3.9570680670774494,30.30663031117132,0.7849395424668288,0.0,-0.38141503775719676,1.1677876874115314
0.3192891523015213,2.797492356904049,4.597332766239915,30.36052301886098,0.7414810074522125,0.0,-0.3740763521939304,1.8472209071965142
0.31210477362460926,2.7194921208238054,3.2234239560320304,30.49134111862214,0.7037570774363381,0.0,-0.5348287083826246,1.9066441554273927
0.30808700074583606,2.8847348153889487,3.844365657820276,29.88671800934165,0.7478102926469322,0.0,-0.4290071666651142,3.7219145409149177
0.29086025870322607,2.5694982291771162,4.4296089394530105,30.355550294034224,0.7654000931017162,0.0,-0.5358658549489906,1.2447471561492265
0.29530081033553895,2.682279244782791,3.269000756468254,30.261806651590124,0.7748428317542394,0.0,-0.060570296893489584,0.19064003814318273
0.2886080399945866,2.456612314603426,1.3291196192033012,30.486827589714704,0.735166111251199,0.0,-0.3899874754702377,0.7176965653640421
0.3020649220670483,2.7535646312731688,1.1518865667286637,30.23936326891444,0.7715796168101032,0.0,-0.42170815551857,1.7112322703403227
0.30268657034542273,2.4790228209364513,1.719015460953836,30.786781665042017,0.7395221718506106,0.0,-0.40899145421862854,0.7850467748967174
0.30150134336289824,2.615470882579146,2.8530482471970924,30.474901833629666,0.7682966187103848,0.0,-0.18187803026441351,0.4729889676088019
0.2998370319722604,2.7268940175927665,1.5315487351678365,30.237810999981427,0.8174713104611431,0.0,-0.22497221162916903,0.8237542423867842
0.29123262867499256,2.7253510120547024,2.1910141808174273,29.72576050434882,0.7757683345761062,0.0,-0.4112318391837219,1.497299670609483
0.2885174705100007,2.6801481121798636,3.8417185125616307,29.940140049999613,0.7647676431487739,0.0,-0.2201166214139196,0.6881829677919509
0.3005452394393142,2.4593524785167693,1.3469702486903532,30.849489717917002,0.750389880144329,0.0,-0.2883126673368841,0.5332728920053446
0.30792522861904437,2.4650706536065927,1.3946686565073403,30.82845543232577,0.7975418484174948,0.0,-0.2533276366409384,0.47357214246875823
0.29296672789675293,2.559433431511507,4.768274684301718,30.381373933893254,0.7870140811277383,0.0,-0.4004830010765355,0.9090181364657846
0.3028697408251246,2.695875915618214,4.711491219553919,30.29116928362211,0.7456482625440914,0.0,-0.24050735751463784,0.7908198326467102
0.3049320231249061,2.480686260068161,1.9745075636240839,30.77318515703253,0.8056731729919869,0.0,-0.47769581848395193,0.9198597721420786
0.296657851595439,2.6909265451726165,3.9477148395522574,30.271781585882067,0.7818581680428559,0.0,-0.3853647315837791,1.2468386578168096
0.3192891523015213,2.797492356904049,4.597332766239915,30.36052301886098,0.7414810074522125,0.0,-0.3740763521939304,1.8472209071965142
0.31210477362460926,2.7194921208238054,3.2234239560320304,30.49134111862214,0.7037570774363381,0.0,-0.5348287083826246,1.9066441554273927
0.3033462541439511,2.780539303281904,3.2322106120377025,30.032771358400822,0.7447329796038534,0.0,-0.41951064008954486,1.9115524846274383
0.2911440809961177,2.5707244259715396,4.387558426289187,30.358733675119097,0.765477350126349,0.0,-0.5264241824812899,1.2263082605449818
0.29552082271160496,2.679949869487003,3.327299625020826,30.2907967008004,0.7747927793986945,0.0,-0.04160608006353689,0.1299986348915027
0.2886080399945866,2.456612314603426,1.3291196192033012,30.486827589714704,0.735166111251199,0.0,-0.3899874754702377,0.7176965653640421
0.3020649220670483,2.7535646312731688,1.1518865667286637,30.23936326891444,0.7715796168101032,0.0,-0.42170815551857,1.7112322703403227
0.30268657034542273,2.4790228209364513,1.719015460953836,30.786781665042017,0.7395221718506106,0.0,-0.40899145421862854,0.7850467748967174
0.30150134336289824,2.615470882579146,2.8530482471970924,30.474901833629666,0.7682966187103848,0.0,-0.18187803026441351,0.4729889676088019
0.2998370319722604,2.7268940175927665,1.5315487351678365,30.237810999981427,0.8174713104611431,0.0,-0.22497221162916903,0.8237542423867842
0.29123262867499256,2.7253510120547024,2.1910141808174273,29.72576050434882,0.7757683345761062,0.0,-0.4112318391837219,1.497299670609483
0.28852512531333635,2.6612551861932556,3.629357246755781,29.986345299170527,0.7622657639987918,0.0,-0.234473863107481,0.6921843628320448
0.3005452394393142,2.4593524785167693,1.3469702486903532,30.849489717917002,0.750389880144329,0.0,-0.2883126673368841,0.5332728920053446
0.30792522861904437,2.4650706536065927,1.3946686565073403,30.82845543232577,0.7975418484174948,0.0,-0.2533276366409384,0.47357214246875823
0.29296672789675293,2.559433431511507,4.768274684301718,30.381373933893254,0.7870140811277383,0.0,-0.4004830010765355,0.9090181364657846
0.3028697408251246,2.695875915618214,4.711491219553919,30.29116928362211,0.7456482625440914,0.0,-0.24050735751463784,0.7908198326467102
0.3049320231249061,2.480686260068161,1.9745075636240839,30.77318515703253,0.8056731729919869,0.0,-0.47769581848395193,0.9198597721420786
0.296657851595439,2.6909265451726165,3.9477148395522574,30.271781585882067,0.7818581680428559,0.0,-0.3853647315837791,1.2468386578168096
0.3192891523015213,2.797492356904049,4.597332766239915,30.36052301886098,0.7414810074522125,0.0,-0.3740763521939304,1.8472209071965142
0.31267564528393904,2.723543860063545,3.1917183540990397,30.494952727868736,0.702076104621683,0.0,-0.5350576085307358,1.9354158987162375
0.3033462541439511,2.780539303281904,3.2322106120377025,30.032771358400822,0.7447329796038534,0.0,-0.41951064008954486,1.9115524846274383
0.2911440809961177,2.5707244259715396,4.387558426289187,30.358733675119097,0.765477350126349,0.0,-0.5264241824812899,1.2263082605449818
0.2972462263047311,2.604195896112302,2.647247072323504,30.482653983233053,0.7664127320542988,0.0,-0.12632604960383967,0.3191630616333435
0.2886080399945866,2.456612314603426,1.3291196192033012,30.486827589714704,0.735166111251199,0.0,-0.3899874754702377,0.7176965653640421
0.3020649220670483,2.7535646312731688,1.1518865667286637,30.23936326891444,0.7715796168101032,0.0,-0.42170815551857,1.7112322703403227
0.2986610464418663,2.4018055102204405,1.0211279188180673,30.89013392518063,0.7390472252695164,0.0,-0.4174570999939175,0.6978618277606577
0.3010668901910606,2.6112088319239852,2.8378728843660643,30.474228268629336,0.7709409901754105,0.0,-0.16741662128392276,0.43060808740179557
0.2998370319722604,2.7268940175927665,1.5315487351678365,30.237810999981427,0.8174713104611431,0.0,-0.22497221162916903,0.8237542423867842
0.29123262867499256,2.7253510120547024,2.1910141808174273,29.72576050434882,0.7757683345761062,0.0,-0.4112318391837219,1.497299670609483
0.2858237783401878,2.6720345756125656,3.799833563883472,29.88126111080888,0.7603972234702405,0.0,-0.24891719536524756,0.7589738943675812
0.3005083096292467,2.4486019404027126,1.2414230967302438,30.876056024974865,0.7489349822311487,0.0,-0.2968713974905437,0.538397610081115
0.30792522861904437,2.4650706536065927,1.3946686565073403,30.82845543232577,0.7975418484174948,0.0,-0.2533276366409384,0.47357214246875823
0.29296672789675293,2.559433431511507,4.768274684301718,30.381373933893254,0.7870140811277383,0.0,-0.4004830010765355,0.9090181364657846
0.3028697408251246,2.695875915618214,4.711491219553919,30.29116928362211,0.7456482625440914,0.0,-0.24050735751463784,0.7908198326467102
0.3049320231249061,2.480686260068161,1.9745075636240839,30.77318515703253,0.8056731729919869,0.0,-0.47769581848395193,0.9198597721420786
0.2952490842811102,2.726722230668806,4.2836747486287905,30.18641219756217,0.7778034055275476,0.0,-0.36964436406925716,1.3526323966047649
0.3192891523015213,2.797492356904049,4.597332766239915,30.36052301886098,0.7414810074522125,0.0,-0.3740763521939304,1.8472209071965142
0.31267564528393904,2.723543860063545,3.1917183540990397,30.494952727868736,0.702076104621683,0.0,-0.5350576085307358,1.9354158987162375
0.3033462541439511,2.780539303281904,3.2322106120377025,30.032771358400822,0.7447329796038534,0.0,-0.41951064008954486,1.9115524846274383
0.2911440809961177,2.5707244259715396,4.387558426289187,30.358733675119097,0.765477350126349,0.0,-0.5264241824812899,1.2263082605449818
0.30240095395791566,2.53704049023333,2.0426306102467393,30.64957147605543,0.781438678506384,0.0,-0.18762939737266685,0.4052825212883767
0.2886080399945866,2.456612314603426,1.3291196192033012,30.486827589714704,0.735166111251199,0.0,-0.3899874754702377,0.7176965653640421
0.3020649220670483,2.7535646312731688,1.1518865667286637,30.23936326891444,0.7715796168101032,0.0,-0.42170815551857,1.7112322703403227
0.2986610464418663,2.4018055102204405,1.0211279188180673,30.89013392518063,0.7390472252695164,0.0,-0.4174570999939175,0.6978618277606577
0.3012526760987726,2.5937330961848906,3.0352099547006173,30.5099421388813,0.7639119866217745,0.0,-0.15872210883302945,0.3906843194523748
0.2998370319722604,2.7268940175927665,1.5315487351678365,30.237810999981427,0.8174713104611431,0.0,-0.22497221162916903,0.8237542423867842
0.29123262867499256,2.7253510120547024,2.1910141808174273,29.72576050434882,0.7757683345761062,0.0,-0.4112318391837219,1.497299670609483
0.2858237783401878,2.6720345756125656,3.799833563883472,29.88126111080888,0.7603972234702405,0.0,-0.24891719536524756,0.7589738943675812
0.3005083096292467,2.4486019404027126,1.2414230967302438,30.876056024974865,0.7489349822311487,0.0,-0.2968713974905437,0.538397610081115
0.3086345460401527,2.4558297193581793,1.3114702765939052,30.851424150270258,0.7996094970507879,0.0,-0.26176329715887636,0.4810319608967621
0.29296672789675293,2.559433431511507,4.768274684301718,30.381373933893254,0.7870140811277383,0.0,-0.4004830010765355,0.9090181364657846
0.30297550905740456,2.714668038520621,4.383145948348643,30.233814555651925,0.7454451037764344,0.0,-0.28023942799880264,0.9821522501223741
0.30854441856466924,2.4445120436361125,1.6294314253546238,30.941802546724446,0.8142325480379935,0.0,-0.5209461988396736,0.937817270152323
0.29554113158581835,2.7481282841828856,4.22166598170483,30.161465151602584,0.7766248196581307,0.0,-0.36569829285944255,1.451922823779778
0.320127325573042,2.8243701676502386,4.855823980758069,30.321904960416305,0.7369081734027692,0.0,-0.38291176088608875,2.180220499917872
0.30581681819022993,2.6664323997230217,3.7403698634601312,30.455426593881473,0.7316350541621243,0.0,-0.488224799523568,1.4636457471234314
0.30250967827633457,2.7129137951565934,2.837406680158847,30.185859306422127,0.7437177492943868,0.0,-0.4191439664655729,1.4599934075348489
0.2900921897919126,2.5844425413057857,4.740966294684662,30.300622446648358,0.7673355673877393,0.0,-0.5522100282666322,1.3288415758480536
0.3031247140978437,2.5632116422303426,2.2403154267061267,30.603016979428677,0.7896424225815528,0.0,-0.1431523268850488,0.32773842145431203
0.2886080399945866,2.456612314603426,1.3291196192033012,30.486827589714704,0.735166111251199,0.0,-0.3899874754702377,0.7176965653640421
0.30025629831360845,2.8398305704966367,1.018589330599109,30.04329118774844,0.7596738916351726,0.0,-0.3940078114468748,2.459943902332506
0.2986610464418663,2.4018055102204405,1.0211279188180673,30.89013392518063,0.7390472252695164,0.0,-0.4174570999939175,0.6978618277606577
0.3012526760987726,2.5937330961848906,3.0352099547006173,30.5099421388813,0.7639119866217745,0.0,-0.15872210883302945,0.3906843194523748
0.29688468358241354,2.726364580540778,1.7578249427511616,30.06211590479903,0.803162158570842,0.0,-0.2888817347542386,1.055717623563307
0.29123262867499256,2.7253510120547024,2.1910141808174273,29.72576050434882,0.7757683345761062,0.0,-0.4112318391837219,1.497299670609483
0.2858237783401878,2.6720345756125656,3.799833563883472,29.88126111080888,0.7603972234702405,0.0,-0.24891719536524756,0.7589738943675812
0.3005083096292467,2.4486019404027126,1.2414230967302438,30.876056024974865,0.7489349822311487,0.0,-0.2968713974905437,0.538397610081115
0.3086345460401527,2.4558297193581793,1.3114702765939052,30.851424150270258,0.7996094970507879,0.0,-0.26176329715887636,0.4810319608967621
0.29296672789675293,2.559433431511507,4.768274684301718,30.381373933893254,0.7870140811277383,0.0,-0.4004830010765355,0.9090181364657846
0.30297550905740456,2.714668038520621,4.383145948348643,30.233814555651925,0.7454451037764344,0.0,-0.28023942799880264,0.9821522501223741
0.30854441856466924,2.4445120436361125,1.6294314253546238,30.941802546724446,0.8142325480379935,0.0,-0.5209461988396736,0.937817270152323
0.294191739012535,2.7470038203592044,4.856624684947244,30.14535256471375,0.777668378502245,0.0,-0.3541131119864053,1.3996777045771038
0.320127325573042,2.8243701676502386,4.855823980758069,30.321904960416305,0.7369081734027692,0.0,-0.38291176088608875,2.180220499917872
0.30581681819022993,2.6664323997230217,3.7403698634601312,30.455426593881473,0.7316350541621243,0.0,-0.488224799523568,1.4636457471234314
0.30250967827633457,2.7129137951565934,2.837406680158847,30.185859306422127,0.7437177492943868,0.0,-0.4191439664655729,1.4599934075348489
0.2900921897919126,2.5844425413057857,4.740966294684662,30.300622446648358,0.7673355673877393,0.0,-0.5522100282666322,1.3288415758480536
0.2969001223089886,2.6023643416599307,2.8014043716754236,30.343341103146624,0.7791204815257835,0.0,-0.18120478492043923,0.4557055714693167
0.2886080399945866,2.456612314603426,1.3291196192033012,30.486827589714704,0.735166111251199,0.0,-0.3899874754702377,0.7176965653640421
0.3008472013232292,2.81263190007173,1.749730392763337,30.084693212859623,0.7565818791502391,0.0,-0.3692851670793777,1.9709073594744846
0.2986610464418663,2.4018055102204405,1.0211279188180673,30.89013392518063,0.7390472252695164,0.0,-0.4174570999939175,0.6978618277606577
0.302271115368296,2.6691553656940146,3.826688872962819,30.360537209791353,0.7736831548598694,0.0,-0.057046364115478254,0.17242644492374712
0.2975425287594742,2.726482550226336,1.707405855236228,30.10126445901317,0.8063505378932943,0.0,-0.27464135184392324,1.0041090689869665
0.29123262867499256,2.7253510120547024,2.1910141808174273,29.72576050434882,0.7757683345761062,0.0,-0.4112318391837219,1.497299670609483
0.2903019577292304,2.7139438023752205,3.188739156391626,29.94190011747877,0.759259946278803,0.0,-0.28479646007339976,0.9955961885746935
0.3005083096292467,2.4486019404027126,1.2414230967302438,30.876056024974865,0.7489349822311487,0.0,-0.2968713974905437,0.538397610081115
0.3086627097949563,2.4593663572399422,1.2121112322767553,30.82318198567372,0.7950399690541988,0.0,-0.18077174987480976,0.3343701456534019
0.29296672789675293,2.559433431511507,4.768274684301718,30.381373933893254,0.7870140811277383,0.0,-0.4004830010765355,0.9090181364657846
0.30297550905740456,2.714668038520621,4.383145948348643,30.233814555651925,0.7454451037764344,0.0,-0.28023942799880264,0.9821522501223741
0.30854441856466924,2.4445120436361125,1.6294314253546238,30.941802546724446,0.8142325480379935,0.0,-0.5209461988396736,0.937817270152323
0.29384499172001405,2.7332540931704297,4.846842088978121,30.15848557233811,0.7767944106376657,0.0,-0.3708685076848827,1.3903437623199915
0.320127325573042,2.8243701676502386,4.855823980758069,30.321904960416305,0.7369081734027692,0.0,-0.38291176088608875,2.180220499917872
0.30494115996737753,2.6340497693192817,3.4076137817285646,30.508622120873145,0.7325420882050786,0.0,-0.47956489250240625,1.310464790827837
0.30250967827633457,2.7129137951565934,2.837406680158847,30.185859306422127,0.7437177492943868,0.0,-0.4191439664655729,1.4599934075348489
0.28994245289011306,2.578504956227998,4.736741847533761,30.30629371190521,0.7669581592777495,0.0,-0.5594455600052498,1.3272885844604823
0.2969001223089886,2.6023643416599307,2.8014043716754236,30.343341103146624,0.7791204815257835,0.0,-0.18120478492043923,0.4557055714693167
0.2886080399945866,2.456612314603426,1.3291196192033012,30.486827589714704,0.735166111251199,0.0,-0.3899874754702377,0.7176965653640421
0.30128731157035304,2.8219697306063685,1.6273247990392377,30.075857083938022,0.7561418230541653,0.0,-0.36179962365361773,2.032236567893212
0.2986610464418663,2.4018055102204405,1.0211279188180673,30.89013392518063,0.7390472252695164,0.0,-0.4174570999939175,0.6978618277606577
0.30068889773555807,2.650497073625608,3.986806202340246,30.364080509378066,0.775950088246539,0.0,-0.11544800574851816,0.3303205696905918
0.2951600603378341,2.6545190242505736,1.6065321471365046,30.204078621929256,0.7873685174274059,0.0,-0.3053995188000762,0.8839836061525401
0.29123262867499256,2.7253510120547024,2.1910141808174273,29.72576050434882,0.7757683345761062,0.0,-0.4112318391837219,1.497299670609483
0.2903019577292304,2.7139438023752205,3.188739156391626,29.94190011747877,0.759259946278803,0.0,-0.28479646007339976,0.9955961885746935
0.29971649680701373,2.4824276151653395,1.6698608549870482,30.790785969877238,0.752245563075835,0.0,-0.30566459353164466,0.5905736134459527
0.30879233601999095,2.4551116822082735,1.1590856791833888,30.832564761210836,0.7954731009173893,0.0,-0.18328099148595473,0.3363643254983684
0.29296672789675293,2.559433431511507,4.768274684301718,30.381373933893254,0.7870140811277383,0.0,-0.4004830010765355,0.9090181364657846
0.3016155291116292,2.690241286120077,4.094061312540628,30.25776398271112,0.74447212630657,0.0,-0.2906278369103915,0.938239422775536
0.3066602535251185,2.4456556268323064,1.6010492894453574,30.898803367868798,0.8067600667409596,0.0,-0.5085694350593564,0.9174250875015377
0.29384499172001405,2.7332540931704297,4.846842088978121,30.15848557233811,0.7767944106376657,0.0,-0.3708685076848827,1.3903437623199915
0.320127325573042,2.8243701676502386,4.855823980758069,30.321904960416305,0.7369081734027692,0.0,-0.38291176088608875,2.180220499917872
0.30494115996737753,2.6340497693192817,3.4076137817285646,30.508622120873145,0.7325420882050786,0.0,-0.47956489250240625,1.310464790827837
0.30237717233644895,2.7083714650043205,2.9210533693560796,30.19882922095952,0.7460634336159826,0.0,-0.3970427204268215,1.3614673215455533
0.28994245289011306,2.578504956227998,4.736741847533761,30.30629371190521,0.7669581592777495,0.0,-0.5594455600052498,1.3272885844604823
0.3032011083228885,2.495810373066547,2.431514983241413,30.72670135515659,0.7980865065933752,0.0,-0.08227883537718253,0.1631902581526977
0.28857721407076586,2.4562526466936228,1.3256704953417553,30.486988884373314,0.735164407510959,0.0,-0.38999439553313714,0.7172345633715531
0.30128731157035304,2.8219697306063685,1.6273247990392377,30.075857083938022,0.7561418230541653,0.0,-0.36179962365361773,2.032236567893212
0.2986610464418663,2.4018055102204405,1.0211279188180673,30.89013392518063,0.7390472252695164,0.0,-0.4174570999939175,0.6978618277606577
0.30068889773555807,2.650497073625608,3.986806202340246,30.364080509378066,0.775950088246539,0.0,-0.11544800574851816,0.3303205696905918
0.2951600603378341,2.6545190242505736,1.6065321471365046,30.204078621929256,0.7873685174274059,0.0,-0.3053995188000762,0.8839836061525401
0.29123262867499256,2.7253510120547024,2.1910141808174273,29.72576050434882,0.7757683345761062,0.0,-0.4112318391837219,1.497299670609483
0.2903019577292304,2.7139438023752205,3.188739156391626,29.94190011747877,0.759259946278803,0.0,-0.28479646007339976,0.9955961885746935
0.299712423459719,2.482418148982369,1.6697359089738963,30.79067451172725,0.7522393002312239,0.0,-0.3056955137925619,0.5906225521461507
0.30879233601999095,2.4551116822082735,1.1590856791833888,30.832564761210836,0.7954731009173893,0.0,-0.18328099148595473,0.3363643254983684
0.29296672789675293,2.559433431511507,4.768274684301718,30.381373933893254,0.7870140811277383,0.0,-0.4004830010765355,0.9090181364657846
0.30229249890381593,2.7563314714741383,4.798172087073936,30.11286709334366,0.7457151507335782,0.0,-0.2615670538665229,1.0734543990926653
0.3066602535251185,2.4456556268323064,1.6010492894453574,30.898803367868798,0.8067600667409596,0.0,-0.5085694350593564,0.9174250875015377
0.29333621459537645,2.7318641870215425,4.849773389666732,30.161233085665785,0.7786662547386316,0.0,-0.3774515242106393,1.4076878430296236
0.320127325573042,2.8243701676502386,4.855823980758069,30.321904960416305,0.7369081734027692,0.0,-0.38291176088608875,2.180220499917872
0.30494115996737753,2.6340497693192817,3.4076137817285646,30.508622120873145,0.7325420882050786,0.0,-0.47956489250240625,1.310464790827837
0.30048901269009004,2.6886517839658213,3.1967579986120382,30.215147250175686,0.7492362094865241,0.0,-0.4217029059235231,1.3544413753031752
0.28994245289011306,2.578504956227998,4.736741847533761,30.30629371190521,0.7669581592777495,0.0,-0.5594455600052498,1.3272885844604823
0.3032011083228885,2.495810373066547,2.431514983241413,30.72670135515659,0.7980865065933752,0.0,-0.08227883537718253,0.1631902581526977
0.2823061286695524,2.4901130511618086,1.5150640151268535,30.236274980478612,0.7327497023804924,0.0,-0.3729154756657847,0.7313689368113764
0.30128731157035304,2.8219697306063685,1.6273247990392377,30.075857083938022,0.7561418230541653,0.0,-0.36179962365361773,2.032236567893212
0.2986610464418663,2.4018055102204405,1.0211279188180673,30.89013392518063,0.7390472252695164,0.0,-0.4174570999939175,0.6978618277606577
0.30068889773555807,2.650497073625608,3.986806202340246,30.364080509378066,0.775950088246539,0.0,-0.11544800574851816,0.3303205696905918
0.29210471742917976,2.6337336686409736,1.208903465401491,30.189659747280484,0.7935435491271742,0.0,-0.295914039434982,0.8079203958960597
0.2909001831275955,2.7279825846523624,2.127881135661597,29.703319661969307,0.7757619448257648,0.0,-0.42163044541920025,1.5500126890050683
0.27988105138789215,2.677104937200086,1.7899907939028425,29.793313759531383,0.771031645632001,0.0,-0.3049849955967042,0.9445328552009851
0.29973822764942676,2.489270795958543,1.7204751751753058,30.77155112698502,0.7521395147587305,0.0,-0.3095501600289231,0.6060944970043189
0.30270662431684486,2.4631539148257393,1.2408784967225048,30.69555580220605,0.781061202849591,0.0,-0.22685313393820936,0.42256643049669
0.29296672789675293,2.559433431511507,4.768274684301718,30.381373933893254,0.7870140811277383,0.0,-0.4004830010765355,0.9090181364657846
0.30229249890381593,2.7563314714741383,4.798172087073936,30.11286709334366,0.7457151507335782,0.0,-0.2615670538665229,1.0734543990926653
0.3066602535251185,2.4456556268323064,1.6010492894453574,30.898803367868798,0.8067600667409596,0.0,-0.5085694350593564,0.9174250875015377
0.29536830942951997,2.6832388546897774,4.351630120103063,30.27771534903773,0.7826666823724063,0.0,-0.31664814277269354,0.9996432563172533
0.3172934743693536,2.769361446232807,4.449937014450643,30.38967750129357,0.7471508809486787,0.0,-0.3325786613381635,1.4419907509213277
0.30494115996737753,2.6340497693192817,3.4076137817285646,30.508622120873145,0.7325420882050786,0.0,-0.47956489250240625,1.310464790827837
0.30048901269009004,2.6886517839658213,3.1967579986120382,30.215147250175686,0.7492362094865241,0.0,-0.4217029059235231,1.3544413753031752
0.28994245289011306,2.578504956227998,4.736741847533761,30.30629371190521,0.7669581592777495,0.0,-0.5594455600052498,1.3272885844604823
0.3044270809087683,2.4780347839136843,2.1371855710353955,30.787696872032807,0.8011605455079784,0.0,-0.23336257377928638,0.4470845308985033
0.2823061286695524,2.4901130511618086,1.5150640151268535,30.236274980478612,0.7327497023804924,0.0,-0.3729154756657847,0.7313689368113764
0.30128731157035304,2.8219697306063685,1.6273247990392377,30.075857083938022,0.7561418230541653,0.0,-0.36179962365361773,2.032236567893212
0.2986610464418663,2.4018055102204405,1.0211279188180673,30.89013392518063,0.7390472252695164,0.0,-0.4174570999939175,0.6978618277606577
0.30068889773555807,2.650497073625608,3.986806202340246,30.364080509378066,0.775950088246539,0.0,-0.11544800574851816,0.3303205696905918
0.29210471742917976,2.6337336686409736,1.208903465401491,30.189659747280484,0.7935435491271742,0.0,-0.295914039434982,0.8079203958960597
0.2909001831275955,2.7279825846523624,2.127881135661597,29.703319661969307,0.7757619448257648,0.0,-0.42163044541920025,1.5500126890050683
0.2878571417067506,2.663401408876508,2.3048451893591206,30.020980933350696,0.7587812523267886,0.0,-0.36054999928215403,1.0711571848198105
0.29973822764942676,2.489270795958543,1.7204751751753058,30.77155112698502,0.7521395147587305,0.0,-0.3095501600289231,0.6060944970043189
0.30133225884578557,2.4767396078963797,1.7386180325305571,30.651222608831297,0.7819011943655201,0.0,-0.2513534862876726,0.4803602376193181
0.29296672789675293,2.559433431511507,4.768274684301718,30.381373933893254,0.7870140811277383,0.0,-0.4004830010765355,0.9090181364657846
0.30229249890381593,2.7563314714741383,4.798172087073936,30.11286709334366,0.7457151507335782,0.0,-0.2615670538665229,1.0734543990926653
0.3066602535251185,2.4456556268323064,1.6010492894453574,30.898803367868798,0.8067600667409596,0.0,-0.5085694350593564,0.9174250875015377
0.29470436053304433,2.7127096301288836,4.7513978810151976,30.202683803066307,0.7873048651093959,0.0,-0.31772658350608335,1.1059423385775902
0.3172934743693536,2.769361446232807,4.449937014450643,30.38967750129357,0.7471508809486787,0.0,-0.3325786613381635,1.4419907509213277
0.30494115996737753,2.6340497693192817,3.4076137817285646,30.508622120873145,0.7325420882050786,0.0,-0.47956489250240625,1.310464790827837
0.29740909167685137,2.6564855102495293,3.646480818782508,30.241764830513468,0.7544115658674432,0.0,-0.46192801276134704,1.3447118725527183
0.2925343459119242,2.595868453588463,4.5558678009500335,30.320231083685066,0.7691268874740985,0.0,-0.4523595255882963,1.1193373286619097
0.3044270809087683,2.4780347839136843,2.1371855710353955,30.787696872032807,0.8011605455079784,0.0,-0.23336257377928638,0.4470845308985033
0.2823061286695524,2.4901130511618086,1.5150640151268535,30.236274980478612,0.7327497023804924,0.0,-0.3729154756657847,0.7313689368113764
0.29850990118424653,2.734335127982327,2.6757737030803055,30.17783859214501,0.7664469811512057,0.0,-0.37471213297252265,1.410469250701672
0.2986610464418663,2.4018055102204405,1.0211279188180673,30.89013392518063,0.7390472252695164,0.0,-0.4174570999939175,0.6978618277606577
0.30068889773555807,2.650497073625608,3.986806202340246,30.364080509378066,0.775950088246539,0.0,-0.11544800574851816,0.3303205696905918
0.29210471742917976,2.6337336686409736,1.208903465401491,30.189659747280484,0.7935435491271742,0.0,-0.295914039434982,0.8079203958960597
0.2909001831275955,2.7279825846523624,2.127881135661597,29.703319661969307,0.7757619448257648,0.0,-0.42163044541920025,1.5500126890050683
0.28716214494485104,2.6486517877453495,2.3452618078940897,30.093531229077417,0.7549030513201379,0.0,-0.34659990580336036,0.9864854685873606
0.29973822764942676,2.489270795958543,1.7204751751753058,30.77155112698502,0.7521395147587305,0.0,-0.3095501600289231,0.6060944970043189
0.30133225884578557,2.4767396078963797,1.7386180325305571,30.651222608831297,0.7819011943655201,0.0,-0.2513534862876726,0.4803602376193181
0.2918437394606894,2.576694134505229,4.299504496471565,30.325686207213852,0.7808016942184925,0.0,-0.39005846353568463,0.9214577338298255
0.30229249890381593,2.7563314714741383,4.798172087073936,30.11286709334366,0.7457151507335782,0.0,-0.2615670538665229,1.0734543990926653
0.3066602535251185,2.4456556268323064,1.6010492894453574,30.898803367868798,0.8067600667409596,0.0,-0.5085694350593564,0.9174250875015377
0.29280504237750293,2.6965782663908446,4.145472755308646,30.17519646024549,0.7791452795761017,0.0,-0.32499760680272083,1.0711085291647495
0.3172934743693536,2.769361446232807,4.449937014450643,30.38967750129357,0.7471508809486787,0.0,-0.3325786613381635,1.4419907509213277
0.30494115996737753,2.6340497693192817,3.4076137817285646,30.508622120873145,0.7325420882050786,0.0,-0.47956489250240625,1.310464790827837
0.2931415482682693,2.753740935467046,4.590034502513993,29.938674199816056,0.7302633017341363,0.0,-0.4404124131470084,1.7884109727383186
0.2925343459119242,2.595868453588463,4.5558678009500335,30.320231083685066,0.7691268874740985,0.0,-0.4523595255882963,1.1193373286619097
0.3044270809087683,2.4780347839136843,2.1371855710353955,30.787696872032807,0.8011605455079784,0.0,-0.23336257377928638,0.4470845308985033
0.2811507401599086,2.4796245974978723,1.1777562125352166,30.225443682550303,0.7269286723079805,0.0,-0.3708387699121539,0.7126370080696458
0.29850990118424653,2.734335127982327,2.6757737030803055,30.17783859214501,0.7664469811512057,0.0,-0.37471213297252265,1.410469250701672
0.2981198473690138,2.4827146095337733,2.159753919923716,30.690651088921815,0.7533554508917913,0.0,-0.3461513159225259,0.6691689390464739
0.2971926850753117,2.6213250947759823,4.110405995674141,30.34890445021254,0.777867775380512,0.0,-0.2239928762093916,0.5915176134443902
0.29209335217782356,2.632713792579846,1.1612472335557733,30.189894465310996,0.7937772120188558,0.0,-0.29544205560196257,0.8043919146247551
0.2940458785957706,2.5957738723849557,1.679283030317953,30.18436875382542,0.7608804397345672,0.0,-0.4199388715233811,1.0388711734222695
0.2863092426814881,2.6575314123706804,2.377815762488963,30.058306354471203,0.7526346792038586,0.0,-0.3395149017615801,0.9913753086430906
0.29992736592205094,2.487783919622985,1.722627898853787,30.757273659816867,0.7556708588654715,0.0,-0.30264488843258464,0.5908539384585972
0.30133225884578557,2.4767396078963797,1.7386180325305571,30.651222608831297,0.7819011943655201,0.0,-0.2513534862876726,0.4803602376193181
0.2918437394606894,2.576694134505229,4.299504496471565,30.325686207213852,0.7808016942184925,0.0,-0.39005846353568463,0.9214577338298255
0.30229249890381593,2.7563314714741383,4.798172087073936,30.11286709334366,0.7457151507335782,0.0,-0.2615670538665229,1.0734543990926653
0.3003221435726141,2.511642129190039,1.8429651014606763,30.637039344125828,0.7899032796227203,0.0,-0.45591916484705475,0.9335759534107528
0.29280504237750293,2.6965782663908446,4.145472755308646,30.17519646024549,0.7791452795761017,0.0,-0.32499760680272083,1.0711085291647495
0.3138514299409958,2.717092042617289,3.9212033956517893,30.439846251352503,0.7558217186936591,0.0,-0.3575939944300854,1.2639941192829043
0.30494115996737753,2.6340497693192817,3.4076137817285646,30.508622120873145,0.7325420882050786,0.0,-0.47956489250240625,1.310464790827837
0.2931415482682693,2.753740935467046,4.590034502513993,29.938674199816056,0.7302633017341363,0.0,-0.4404124131470084,1.7884109727383186
0.2925343459119242,2.595868453588463,4.5558678009500335,30.320231083685066,0.7691268874740985,0.0,-0.4523595255882963,1.1193373286619097
0.30424473914573924,2.478170077406284,2.1378380207186067,30.78489128396072,0.79977850294064,0.0,-0.2366232899019094,0.453449063874665
0.2811507401599086,2.4796245974978723,1.1777562125352166,30.225443682550303,0.7269286723079805,0.0,-0.3708387699121539,0.7126370080696458
0.30254462531314597,2.7982345938087314,3.62810750187631,30.17025786264243,0.7492617400161782,0.0,-0.42455713431928577,2.104211729521245
0.2981198473690138,2.4827146095337733,2.159753919923716,30.690651088921815,0.7533554508917913,0.0,-0.3461513159225259,0.6691689390464739
0.2971926850753117,2.6213250947759823,4.110405995674141,30.34890445021254,0.777867775380512,0.0,-0.2239928762093916,0.5915176134443902
0.29209335217782356,2.632713792579846,1.1612472335557733,30.189894465310996,0.7937772120188558,0.0,-0.29544205560196257,0.8043919146247551
0.29726388803652215,2.5432027226846134,1.7054881679494651,30.390553452030964,0.770164197174208,0.0,-0.34548360805286255,0.7563171349953784
0.28724305939586486,2.648281461094816,2.7045414926508404,30.097597219376485,0.7551086461678818,0.0,-0.356442523996298,1.0134311518119534
0.3001089079100322,2.4873905886046894,1.7393533190554864,30.7585010909859,0.7575061502495042,0.0,-0.2998496782534443,0.5849476650014298
0.3032739880307742,2.4450184655128697,1.7544300683472909,30.775633320911208,0.7875029625078459,0.0,-0.2064275901029312,0.3719539791421982
0.2918437394606894,2.576694134505229,4.299504496471565,30.325686207213852,0.7808016942184925,0.0,-0.39005846353568463,0.9214577338298255
0.30229249890381593,2.7563314714741383,4.798172087073936,30.11286709334366,0.7457151507335782,0.0,-0.2615670538665229,1.0734543990926653
0.3003221435726141,2.511642129190039,1.8429651014606763,30.637039344125828,0.7899032796227203,0.0,-0.45591916484705475,0.9335759534107528
0.28723543980844707,2.638445865230685,4.441329247696196,30.178020608474352,0.7962342493816085,0.0,-0.26806426541692363,0.7414222093959967
0.3138514299409958,2.717092042617289,3.9212033956517893,30.439846251352503,0.7558217186936591,0.0,-0.3575939944300854,1.2639941192829043
0.30607791324830186,2.672207498279473,3.8889006642569526,30.460335438140863,0.7156607339519138,0.0,-0.48577899401952973,1.4819710379882352
0.2931415482682693,2.753740935467046,4.590034502513993,29.938674199816056,0.7302633017341363,0.0,-0.4404124131470084,1.7884109727383186
0.2925343459119242,2.595868453588463,4.5558678009500335,30.320231083685066,0.7691268874740985,0.0,-0.4523595255882963,1.1193373286619097
0.30424473914573924,2.478170077406284,2.1378380207186067,30.78489128396072,0.79977850294064,0.0,-0.2366232899019094,0.453449063874665
0.2811507401599086,2.4796245974978723,1.1777562125352166,30.225443682550303,0.7269286723079805,0.0,-0.3708387699121539,0.7126370080696458
0.3004484776458353,2.7548380448326144,3.7596243934182523,30.20070401134446,0.7554399576273014,0.0,-0.4177993472271299,1.7041769263990216
0.28993828988765047,2.4812247779958914,1.6862893710489808,30.466354012529827,0.7406139315315567,0.0,-0.3580542299294735,0.6901914639374156
0.2971926850753117,2.6213250947759823,4.110405995674141,30.34890445021254,0.777867775380512,0.0,-0.2239928762093916,0.5915176134443902
0.29209335217782356,2.632713792579846,1.1612472335557733,30.189894465310996,0.7937772120188558,0.0,-0.29544205560196257,0.8043919146247551
0.29710393530668716,2.5449838734186376,1.8018877752165765,30.388175155255283,0.770129115444551,0.0,-0.3490981428879583,0.7672214730295617
0.28724305939586486,2.648281461094816,2.7045414926508404,30.097597219376485,0.7551086461678818,0.0,-0.356442523996298,1.0134311518119534
0.3001089079100322,2.4873905886046894,1.7393533190554864,30.7585010909859,0.7575061502495042,0.0,-0.2998496782534443,0.5849476650014298
0.30071196390370736,2.488028537820733,1.6185032074347503,30.641412235460844,0.7889406963575001,0.0,-0.22682510695849484,0.44304248129961593
0.2918437394606894,2.576694134505229,4.299504496471565,30.325686207213852,0.7808016942184925,0.0,-0.39005846353568463,0.9214577338298255
0.30229249890381593,2.7563314714741383,4.798172087073936,30.11286709334366,0.7457151507335782,0.0,-0.2615670538665229,1.0734543990926653
0.30080726216015646,2.4952860158082237,1.6573740228333298,30.68422065682164,0.7939325363358596,0.0,-0.4569667957416053,0.9053975321753153
0.28829433808303945,2.5768512028839186,3.361984524042563,30.29098127411056,0.7744438219151103,0.0,-0.30331972367787713,0.7168157530994189
0.3138514299409958,2.717092042617289,3.9212033956517893,30.439846251352503,0.7558217186936591,0.0,-0.3575939944300854,1.2639941192829043
0.30379107070335054,2.6568624542221606,3.954867704328193,30.438702880148853,0.7261261899439038,0.0,-0.47040066684705506,1.3708807812934898
0.2931415482682693,2.753740935467046,4.590034502513993,29.938674199816056,0.7302633017341363,0.0,-0.4404124131470084,1.7884109727383186
0.2925343459119242,2.595868453588463,4.5558678009500335,30.320231083685066,0.7691268874740985,0.0,-0.4523595255882963,1.1193373286619097
0.30424473914573924,2.478170077406284,2.1378380207186067,30.78489128396072,0.79977850294064,0.0,-0.2366232899019094,0.453449063874665
0.2811507401599086,2.4796245974978723,1.1777562125352166,30.225443682550303,0.7269286723079805,0.0,-0.3708387699121539,0.7126370080696458
0.29969177951859827,2.735138810968659,3.610351253427001,30.219829916896522,0.7543725336726455,0.0,-0.41349789996368885,1.5611872070647528
0.28993828988765047,2.4812247779958914,1.6862893710489808,30.466354012529827,0.7406139315315567,0.0,-0.3580542299294735,0.6901914639374156
0.2971926850753117,2.6213250947759823,4.110405995674141,30.34890445021254,0.777867775380512,0.0,-0.2239928762093916,0.5915176134443902
0.29209335217782356,2.632713792579846,1.1612472335557733,30.189894465310996,0.7937772120188558,0.0,-0.29544205560196257,0.8043919146247551
0.29713096460743377,2.543559843570374,1.7828685184688,30.391241412133432,0.7704010588609408,0.0,-0.34847524541495617,0.7634631627085691
0.28724305939586486,2.648281461094816,2.7045414926508404,30.097597219376485,0.7551086461678818,0.0,-0.356442523996298,1.0134311518119534
0.30043276061639757,2.5272777437621876,2.1930127905975856,30.662745833681218,0.755757403751256,0.0,-0.2941719063860164,0.6222933287025677
0.30071196390370736,2.488028537820733,1.6185032074347503,30.641412235460844,0.7889406963575001,0.0,-0.22682510695849484,0.44304248129961593
0.2918437394606894,2.576694134505229,4.299504496471565,30.325686207213852,0.7808016942184925,0.0,-0.39005846353568463,0.9214577338298255
0.3023843745734193,2.767647291958698,4.92687339757904,30.085701723995204,0.7452190386050235,0.0,-0.2599562935365269,1.118800360572161
0.29665850591893794,2.4919804764579467,1.556144650523784,30.58739000512692,0.7797905279445523,0.0,-0.43878839242593926,0.8637234832365982
0.28829433808303945,2.5768512028839186,3.361984524042563,30.29098127411056,0.7744438219151103,0.0,-0.30331972367787713,0.7168157530994189
0.3138514299409958,2.717092042617289,3.9212033956517893,30.439846251352503,0.7558217186936591,0.0,-0.3575939944300854,1.2639941192829043
0.30379107070335054,2.6568624542221606,3.954867704328193,30.438702880148853,0.7261261899439038,0.0,-0.47040066684705506,1.3708807812934898
0.2926679165209692,2.7545790899013087,4.605330565079575,29.927212473562943,0.7296787847449009,0.0,-0.44230645740015284,1.8022362366038325
0.2924614856066946,2.5092947268711225,4.528886774826527,30.534615491296364,0.7906451003962826,0.0,-0.4578432889844404,0.9330311167538518
0.30138409022627244,2.4833777611069343,1.9184906237746229,30.71041666618952,0.7922413527680243,0.0,-0.3128565620409878,0.6055809031979074
0.2850110190949989,2.5146676643127277,2.3047383437557576,30.2616322294186,0.7463773682071396,0.0,-0.3777772701726362,0.7783888325464058
0.2989536892348871,2.7015247159509435,3.7580389678980644,30.257951188852065,0.7613116910400703,0.0,-0.3575289000232293,1.1978509415354701
0.2900727509286293,2.482929592725488,1.7083091668064472,30.466085618761554,0.7404733072885816,0.0,-0.35914471270395554,0.6945760338461725
0.30044886039678853,2.5254310473337425,3.754241663833599,30.652368150320115,0.8125461904618672,0.0,-0.06688709568624374,0.14094283941343788
0.29209335217782356,2.632713792579846,1.1612472335557733,30.189894465310996,0.7937772120188558,0.0,-0.29544205560196257,0.8043919146247551
0.29713096460743377,2.543559843570374,1.7828685184688,30.391241412133432,0.7704010588609408,0.0,-0.34847524541495617,0.7634631627085691
0.2873019767601666,2.6446296251990815,2.682282642662951,30.105658191670756,0.7547917937186085,0.0,-0.3564777556642023,1.0031161316243768
0.30043276061639757,2.5272777437621876,2.1930127905975856,30.662745833681218,0.755757403751256,0.0,-0.2941719063860164,0.6222933287025677
0.30071196390370736,2.488028537820733,1.6185032074347503,30.641412235460844,0.7889406963575001,0.0,-0.22682510695849484,0.44304248129961593
0.2918437394606894,2.576694134505229,4.299504496471565,30.325686207213852,0.7808016942184925,0.0,-0.39005846353568463,0.9214577338298255
0.3023633564100541,2.7650586004739677,4.897430725964305,30.091916276480184,0.7453325329154372,0.0,-0.260324783082282,1.108041339701976
0.29665850591893794,2.4919804764579467,1.556144650523784,30.58739000512692,0.7797905279445523,0.0,-0.43878839242593926,0.8637234832365982
0.28778458368031723,2.569913285787998,3.2061218886699634,30.286304628504084,0.7710532256121168,0.0,-0.30813776235472967,0.7164549663416008
0.31801748656988843,2.754349568124378,4.039081540315806,30.428649790953678,0.7464277819021614,0.0,-0.40620148571351156,1.6535752964569597
0.3076794710800174,2.620961883539205,4.11308324673752,30.583995317618097,0.6978432611305588,0.0,-0.5611296332298171,1.48040423604167
0.2926679165209692,2.7545790899013087,4.605330565079575,29.927212473562943,0.7296787847449009,0.0,-0.44230645740015284,1.8022362366038325
0.2924614856066946,2.5092947268711225,4.528886774826527,30.534615491296364,0.7906451003962826,0.0,-0.4578432889844404,0.9330311167538518
0.3019058496898819,2.479767447566024,2.1513654096358987,30.76398355317925,0.7948035924252093,0.0,-0.37964121895796743,0.7297529098895608
0.27707263725183257,2.5281363797714667,2.651698135837311,30.069615841800243,0.724857392467454,0.0,-0.4540985314881446,0.9623512218810496
0.2989536892348871,2.7015247159509435,3.7580389678980644,30.257951188852065,0.7613116910400703,0.0,-0.3575289000232293,1.1978509415354701
0.2900727509286293,2.482929592725488,1.7083091668064472,30.466085618761554,0.7404733072885816,0.0,-0.35914471270395554,0.6945760338461725
0.29646212600890226,2.561577489524737,3.4291748259252346,30.486580770391093,0.7950324247731995,0.0,-0.15470418408951914,0.35286551304543007
0.29234445951025917,2.6513280099477834,1.093261893652409,30.1555712044435,0.8004014785982007,0.0,-0.2875254989333377,0.8246303320501261
0.2962473195630048,2.546051405684185,1.9174287078460868,30.381320259811964,0.7704627173705085,0.0,-0.34466157493770305,0.7592524335429925
0.2873019767601666,2.6446296251990815,2.682282642662951,30.105658191670756,0.7547917937186085,0.0,-0.3564777556642023,1.0031161316243768
0.30043276061639757,2.5272777437621876,2.1930127905975856,30.662745833681218,0.755757403751256,0.0,-0.2941719063860164,0.6222933287025677
0.30355923442089344,2.4510251869638555,1.4278672464922582,30.80728260665041,0.8007247939858827,0.0,-0.15167638837686115,0.27629025007177294
0.2892670640218383,2.5851279646821634,4.785076040210772,30.235920427572932,0.7728621305820511,0.0,-0.5213665697209715,1.2566924866882114
0.297355276899991,2.700521789612904,3.0755128794802946,30.139694500210293,0.7689561653213528,0.0,-0.2774494199352229,0.9264427604819753
0.2980771326274574,2.4688359796298767,1.3854008409318037,30.660429655334365,0.7835808086619331,0.0,-0.4512682410668187,0.8495836008477531
0.28778458368031723,2.569913285787998,3.2061218886699634,30.286304628504084,0.7710532256121168,0.0,-0.30813776235472967,0.7164549663416008
0.31801748656988843,2.754349568124378,4.039081540315806,30.428649790953678,0.7464277819021614,0.0,-0.40620148571351156,1.6535752964569597
0.3020857404069262,2.5913487884444453,3.7720400242254453,30.535417803297694,0.7463083838769231,0.0,-0.35845828035906646,0.8771741529765055
0.2926679165209692,2.7545790899013087,4.605330565079575,29.927212473562943,0.7296787847449009,0.0,-0.44230645740015284,1.8022362366038325
0.2924614856066946,2.5092947268711225,4.528886774826527,30.534615491296364,0.7906451003962826,0.0,-0.4578432889844404,0.9330311167538518
0.3029698309688678,2.497900318732013,2.2760265249553244,30.74183876131998,0.7916089476392306,0.0,-0.3813952075069422,0.7596005768093268
0.29002921830408956,2.599719242055722,3.0907215009264815,30.183228482711026,0.7316831227777202,0.0,-0.43894199858892513,1.0965853088796966
0.3081737325177065,2.746546012215353,4.609288936686233,30.37846120218516,0.7664709099646567,0.0,-0.35836067445190206,1.4139082110493033
0.29067672209333595,2.50097544839452,1.8216972442375634,30.43901660111623,0.7428355130682626,0.0,-0.3523693711097592,0.7061163022462595
0.29646212600890226,2.561577489524737,3.4291748259252346,30.486580770391093,0.7950324247731995,0.0,-0.15470418408951914,0.35286551304543007
0.2923236007821058,2.6524797551990646,1.0683073812819726,30.152692288148227,0.8005774095864742,0.0,-0.2865140894000153,0.824452945364765
0.2962473195630048,2.546051405684185,1.9174287078460868,30.381320259811964,0.7704627173705085,0.0,-0.34466157493770305,0.7592524335429925
0.2873019767601666,2.6446296251990815,2.682282642662951,30.105658191670756,0.7547917937186085,0.0,-0.3564777556642023,1.0031161316243768
0.30043276061639757,2.5272777437621876,2.1930127905975856,30.662745833681218,0.755757403751256,0.0,-0.2941719063860164,0.6222933287025677
0.2989810687358374,2.5786240758001404,2.7635140125077697,30.43734510957563,0.7708606026588167,0.0,-0.2738427433830951,0.6498775265888491
0.2944188173718514,2.536789299870133,3.574937120311239,30.441873543016317,0.7829055015693202,0.0,-0.38810810882742053,0.837865163129024
0.297355276899991,2.700521789612904,3.0755128794802946,30.139694500210293,0.7689561653213528,0.0,-0.2774494199352229,0.9264427604819753
0.2980771326274574,2.4688359796298767,1.3854008409318037,30.660429655334365,0.7835808086619331,0.0,-0.4512682410668187,0.8495836008477531
0.28778458368031723,2.569913285787998,3.2061218886699634,30.286304628504084,0.7710532256121168,0.0,-0.30813776235472967,0.7164549663416008
0.3151818954479298,2.728207756483407,3.98331043790207,30.430238743009962,0.7508109061016436,0.0,-0.40402740469081055,1.4865302977866046
0.3020857404069262,2.5913487884444453,3.7720400242254453,30.535417803297694,0.7463083838769231,0.0,-0.35845828035906646,0.8771741529765055
0.2926679165209692,2.7545790899013087,4.605330565079575,29.927212473562943,0.7296787847449009,0.0,-0.44230645740015284,1.8022362366038325
0.2924828922625087,2.509574481858478,4.523002428117495,30.53435846676175,0.790668576123526,0.0,-0.4562212500532008,0.9302559372971887
0.3029698309688678,2.497900318732013,2.2760265249553244,30.74183876131998,0.7916089476392306,0.0,-0.3813952075069422,0.7596005768093268
0.29002921830408956,2.599719242055722,3.0907215009264815,30.183228482711026,0.7316831227777202,0.0,-0.43894199858892513,1.0965853088796966
0.3081737325177065,2.746546012215353,4.609288936686233,30.37846120218516,0.7664709099646567,0.0,-0.35836067445190206,1.4139082110493033
0.29067672209333595,2.50097544839452,1.8216972442375634,30.43901660111623,0.7428355130682626,0.0,-0.3523693711097592,0.7061163022462595
0.29646212600890226,2.561577489524737,3.4291748259252346,30.486580770391093,0.7950324247731995,0.0,-0.15470418408951914,0.35286551304543007
0.2923236007821058,2.6524797551990646,1.0683073812819726,30.152692288148227,0.8005774095864742,0.0,-0.2865140894000153,0.824452945364765
0.2962473195630048,2.546051405684185,1.9174287078460868,30.381320259811964,0.7704627173705085,0.0,-0.34466157493770305,0.7592524335429925
0.2861254123920315,2.694712926033904,2.9823153904892292,29.989436791935265,0.7589602071542408,0.0,-0.35791009452243994,1.1723722523613571
0.30252045372524183,2.466164417063838,1.54442549995338,30.8605048496218,0.762769025944649,0.0,-0.25434374273801363,0.4764458400076884
0.2989810687358374,2.5786240758001404,2.7635140125077697,30.43734510957563,0.7708606026588167,0.0,-0.2738427433830951,0.6498775265888491
0.2944188173718514,2.536789299870133,3.574937120311239,30.441873543016317,0.7829055015693202,0.0,-0.38810810882742053,0.837865163129024
0.296438205236771,2.6966203537830693,2.9454959334861304,30.119454441532874,0.7691668383918934,0.0,-0.27059063885085843,0.891920872824057
0.2980771326274574,2.4688359796298767,1.3854008409318037,30.660429655334365,0.7835808086619331,0.0,-0.4512682410668187,0.8495836008477531
0.2838296097215928,2.512004218348702,3.325236049024132,30.362560348744967,0.7719153631903992,0.0,-0.3252979645560925,0.6665999518588814
0.3151818954479298,2.728207756483407,3.98331043790207,30.430238743009962,0.7508109061016436,0.0,-0.40402740469081055,1.4865302977866046
0.3025045002236524,2.5945977360982635,3.905061729187651,30.546470425366763,0.7445759181062435,0.0,-0.3594478468853799,0.8866448929661249
0.2926679165209692,2.7545790899013087,4.605330565079575,29.927212473562943,0.7296787847449009,0.0,-0.44230645740015284,1.8022362366038325
0.2924828922625087,2.509574481858478,4.523002428117495,30.53435846676175,0.790668576123526,0.0,-0.4562212500532008,0.9302559372971887
0.3029698309688678,2.497900318732013,2.2760265249553244,30.74183876131998,0.7916089476392306,0.0,-0.3813952075069422,0.7596005768093268
0.29002921830408956,2.599719242055722,3.0907215009264815,30.183228482711026,0.7316831227777202,0.0,-0.43894199858892513,1.0965853088796966
0.3081737325177065,2.746546012215353,4.609288936686233,30.37846120218516,0.7664709099646567,0.0,-0.35836067445190206,1.4139082110493033
0.2905063230059799,2.501715479791475,1.8317432421720348,30.433918426873934,0.7418973271188208,0.0,-0.3500921626895608,0.7025949000844981
0.2938517335865032,2.5770549293315317,3.29183475585839,30.363484256432866,0.7693260808488877,0.0,-0.2700442870686789,0.6384854814405841
0.2923236007821058,2.6524797551990646,1.0683073812819726,30.152692288148227,0.8005774095864742,0.0,-0.2865140894000153,0.824452945364765
0.2961565827846633,2.474479029406726,1.4287408658900598,30.505797179633223,0.7710787085097079,0.0,-0.37987091242573295,0.7228463442607952
0.2875016223780612,2.804236950589079,2.7767529348094273,29.76576932629619,0.751194289230586,0.0,-0.3774593090535001,1.9281437952122684
0.30252045372524183,2.466164417063838,1.54442549995338,30.8605048496218,0.762769025944649,0.0,-0.25434374273801363,0.4764458400076884
0.3124741266909026,2.637952065052221,2.2632751915317284,30.503944313724563,0.7699212908098405,0.0,-0.228019547034465,0.6298048546178117
0.2811025940973413,2.414024703128516,3.313030371395376,30.449335422900948,0.8034890970066967,0.0,-0.37789840401808794,0.6449050088556352
0.29642687646605004,2.6876843186314767,2.8844817271539824,30.134995774501512,0.76924374681326,0.0,-0.27498663481776076,0.8804765537638332
0.2980771326274574,2.4688359796298767,1.3854008409318037,30.660429655334365,0.7835808086619331,0.0,-0.4512682410668187,0.8495836008477531
0.2838296097215928,2.512004218348702,3.325236049024132,30.362560348744967,0.7719153631903992,0.0,-0.3252979645560925,0.6665999518588814
0.3200387294509318,2.77939506102572,4.013288282912961,30.385709249599866,0.7531995909354474,0.0,-0.42110626894942255,1.908870539831925
0.3125912501335011,2.6302219203108126,4.053120737889195,30.66775466095671,0.7310831503255231,0.0,-0.3705408299342371,1.0020627243391247
0.2926679165209692,2.7545790899013087,4.605330565079575,29.927212473562943,0.7296787847449009,0.0,-0.44230645740015284,1.8022362366038325
0.2924828922625087,2.509574481858478,4.523002428117495,30.53435846676175,0.790668576123526,0.0,-0.4562212500532008,0.9302559372971887
0.2926484060115836,2.3276827231731905,1.2255183808731895,30.95718739873533,0.8148347752046262,0.0,-0.3573822496067379,0.5315678503659819
0.2919134903940524,2.447255390486657,3.324778772568635,30.494435914655227,0.717137939344258,0.0,-0.48477611104118284,0.877034534028288
0.3043247206485994,2.7358897617779068,4.802631893560084,30.37610993141079,0.7707761335352665,0.0,-0.33800596729821963,1.2797912325306626
0.2905063230059799,2.501715479791475,1.8317432421720348,30.433918426873934,0.7418973271188208,0.0,-0.3500921626895608,0.7025949000844981
0.2938517335865032,2.5770549293315317,3.29183475585839,30.363484256432866,0.7693260808488877,0.0,-0.2700442870686789,0.6384854814405841
0.2923236007821058,2.6524797551990646,1.0683073812819726,30.152692288148227,0.8005774095864742,0.0,-0.2865140894000153,0.824452945364765
0.2974701153321563,2.4681472914938043,1.3350537154407147,30.5225070451829,0.7778625902672063,0.0,-0.38679366616347793,0.7272571145681626
0.2875016223780612,2.804236950589079,2.7767529348094273,29.76576932629619,0.751194289230586,0.0,-0.3774593090535001,1.9281437952122684
0.30076418737310845,2.498254647361169,1.4624207641660985,30.738593962776054,0.7692809951168028,0.0,-0.2598846383156999,0.5179612266439294
0.3124741266909026,2.637952065052221,2.2632751915317284,30.503944313724563,0.7699212908098405,0.0,-0.228019547034465,0.6298048546178117
0.2811025940973413,2.414024703128516,3.313030371395376,30.449335422900948,0.8034890970066967,0.0,-0.37789840401808794,0.6449050088556352
0.30242624004012353,2.60934014963243,2.9568947012048405,30.383181840927175,0.7813762034677999,0.0,-0.20610671015823528,0.527586108386389
0.2980771326274574,2.4688359796298767,1.3854008409318037,30.660429655334365,0.7835808086619331,0.0,-0.4512682410668187,0.8495836008477531
0.28104935343576126,2.5188228722114503,3.5901309741523133,30.28849128432563,0.7732758775478498,0.0,-0.33585237939030155,0.6979807642434114
0.3200387294509318,2.77939506102572,4.013288282912961,30.385709249599866,0.7531995909354474,0.0,-0.42110626894942255,1.908870539831925
0.3125912501335011,2.6302219203108126,4.053120737889195,30.66775466095671,0.7310831503255231,0.0,-0.3705408299342371,1.0020627243391247
0.2926679165209692,2.7545790899013087,4.605330565079575,29.927212473562943,0.7296787847449009,0.0,-0.44230645740015284,1.8022362366038325
0.2924828922625087,2.509574481858478,4.523002428117495,30.53435846676175,0.790668576123526,0.0,-0.4562212500532008,0.9302559372971887
0.2927613827817896,2.3310501860767006,1.2524707259524472,30.952376249567276,0.8144539418174378,0.0,-0.35704806758755714,0.5337441765526758
0.2919134903940524,2.447255390486657,3.324778772568635,30.494435914655227,0.717137939344258,0.0,-0.48477611104118284,0.877034534028288
0.305763467813074,2.7185992276300426,4.354317962990444,30.398678613609416,0.7706252142485241,0.0,-0.3185882760623479,1.1321513916937658
0.2905063230059799,2.501715479791475,1.8317432421720348,30.433918426873934,0.7418973271188208,0.0,-0.3500921626895608,0.7025949000844981
0.2939209173596759,2.566680191869882,3.215072392167107,30.388980533641973,0.7716431191991773,0.0,-0.2599770670011289,0.5999658038320338
0.2923236007821058,2.6524797551990646,1.0683073812819726,30.152692288148227,0.8005774095864742,0.0,-0.2865140894000153,0.824452945364765
0.29667984775850115,2.460924356847968,1.304497599087312,30.470666501945843,0.779921366242136,0.0,-0.4172399005704238,0.7739913792631739
0.2878436399646397,2.7934729808314227,2.655574784254452,29.79321334336052,0.7546969792525212,0.0,-0.37100866536943833,1.7964170831643254
0.3045447352087771,2.509381958023242,1.0260990875689608,30.8127318910448,0.7619727930360356,0.0,-0.2393282712376087,0.48780976393229813
0.31011224253284847,2.6227847685513144,2.5302529002236342,30.507537623907407,0.7723724993472895,0.0,-0.25498066287408483,0.6759553740575056
0.2853430589121001,2.4528655411775597,3.2422084874278885,30.43617998327853,0.799091680764849,0.0,-0.34373554860230937,0.6282469383158715
0.30025141501541797,2.6186269400785784,2.550332924642329,30.33356367338556,0.785509703883375,0.0,-0.22341624443733277,0.5858207301883506
0.29671792876322856,2.4671313341139927,1.583591944946183,30.636493794146226,0.7852364011903804,0.0,-0.43979046463833565,0.8253261878461001
0.29155396885106255,2.5890268844621755,3.704139076948699,30.314683992212686,0.7678668740862763,0.0,-0.3588216960094923,0.8731026007380468
0.3200387294509318,2.77939506102572,4.013288282912961,30.385709249599866,0.7531995909354474,0.0,-0.42110626894942255,1.908870539831925
0.3147969417132513,2.634541087910416,4.089710347577319,30.70477299001977,0.7272264946730325,0.0,-0.371769543600834,1.0172676908470162
0.2926679165209692,2.7545790899013087,4.605330565079575,29.927212473562943,0.7296787847449009,0.0,-0.44230645740015284,1.8022362366038325
0.2924828922625087,2.509574481858478,4.523002428117495,30.53435846676175,0.790668576123526,0.0,-0.4562212500532008,0.9302559372971887
0.2927613827817896,2.3310501860767006,1.2524707259524472,30.952376249567276,0.8144539418174378,0.0,-0.35704806758755714,0.5337441765526758
0.2919134903940524,2.447255390486657,3.324778772568635,30.494435914655227,0.717137939344258,0.0,-0.48477611104118284,0.877034534028288
0.30708033304405585,2.7306073437550924,4.414573287350288,30.406462814643003,0.7708808434064977,0.0,-0.3148596441103325,1.1687758994591537
0.2905063230059799,2.501715479791475,1.8317432421720348,30.433918426873934,0.7418973271188208,0.0,-0.3500921626895608,0.7025949000844981
0.2935696128054366,2.5637974597031485,3.251961435497255,30.39205583616137,0.7708736071297928,0.0,-0.26200597281104526,0.600652102192575
0.2923236007821058,2.6524797551990646,1.0683073812819726,30.152692288148227,0.8005774095864742,0.0,-0.2865140894000153,0.824452945364765
0.29667984775850115,2.460924356847968,1.304497599087312,30.470666501945843,0.779921366242136,0.0,-0.4172399005704238,0.7739913792631739
0.2878436399646397,2.7934729808314227,2.655574784254452,29.79321334336052,0.7546969792525212,0.0,-0.37100866536943833,1.7964170831643254
0.3049921161646538,2.5161527169469844,1.0175043891933588,30.80742998507316,0.7599802305074334,0.0,-0.23485877961007934,0.4853985706567368
0.31011224253284847,2.6227847685513144,2.5302529002236342,30.507537623907407,0.7723724993472895,0.0,-0.25498066287408483,0.6759553740575056
0.28513764109601003,2.4509220714026747,3.2983231244256084,30.436269958141168,0.8013671288157395,0.0,-0.34348265396825833,0.6255626680273222
0.30025141501541797,2.6186269400785784,2.550332924642329,30.33356367338556,0.785509703883375,0.0,-0.22341624443733277,0.5858207301883506
0.29671792876322856,2.4671313341139927,1.583591944946183,30.636493794146226,0.7852364011903804,0.0,-0.43979046463833565,0.8253261878461001
0.29155396885106255,2.5890268844621755,3.704139076948699,30.314683992212686,0.7678668740862763,0.0,-0.3588216960094923,0.8731026007380468
0.32015485238794633,2.7826040556737586,4.011595281394081,30.378640932360298,0.7537749809306721,0.0,-0.4221992406104024,1.9420750553506974
0.3147969417132513,2.634541087910416,4.089710347577319,30.70477299001977,0.7272264946730325,0.0,-0.371769543600834,1.0172676908470162
0.2926679165209692,2.7545790899013087,4.605330565079575,29.927212473562943,0.7296787847449009,0.0,-0.44230645740015284,1.8022362366038325
0.2924295101046089,2.4388871310130043,4.4992495773103975,30.70952881224425,0.8082650075360303,0.0,-0.4602358677294368,0.8202197689037554
0.2913603929824639,2.3045862520012554,1.2369081751239268,30.982541859278534,0.8217457447241588,0.0,-0.3730511094634901,0.536444829480368
0.2919134903940524,2.447255390486657,3.324778772568635,30.494435914655227,0.717137939344258,0.0,-0.48477611104118284,0.877034534028288
0.30708033304405585,2.7306073437550924,4.414573287350288,30.406462814643003,0.7708808434064977,0.0,-0.3148596441103325,1.1687758994591537
0.29069481467752634,2.5006660211357725,1.824213071288936,30.44006559253182,0.743212454774096,0.0,-0.3528140648079419,0.7065693098043196
0.29346397949598985,2.568034536278647,3.240959235970255,30.38100833102806,0.7705751791096336,0.0,-0.2640168651910281,0.6111990132649517
0.2923236007821058,2.6524797551990646,1.0683073812819726,30.152692288148227,0.8005774095864742,0.0,-0.2865140894000153,0.824452945364765
0.2970882354167829,2.478956717444233,1.4469515232638226,30.454989601842364,0.7805603597032206,0.0,-0.39507730825342013,0.7582427822800599
0.2878436399646397,2.7934729808314227,2.655574784254452,29.79321334336052,0.7546969792525212,0.0,-0.37100866536943833,1.7964170831643254
0.30204868443081223,2.506482254673352,1.3556364335416706,30.75240540256327,0.7661158502820571,0.0,-0.25096230074238235,0.5085172784947705
0.31011224253284847,2.6227847685513144,2.5302529002236342,30.507537623907407,0.7723724993472895,0.0,-0.25498066287408483,0.6759553740575056
0.28513764109601003,2.4509220714026747,3.2983231244256084,30.436269958141168,0.8013671288157395,0.0,-0.34348265396825833,0.6255626680273222
0.30025141501541797,2.6186269400785784,2.550332924642329,30.33356367338556,0.785509703883375,0.0,-0.22341624443733277,0.5858207301883506
0.29671792876322856,2.4671313341139927,1.583591944946183,30.636493794146226,0.7852364011903804,0.0,-0.43979046463833565,0.8253261878461001
0.29155396885106255,2.5890268844621755,3.704139076948699,30.314683992212686,0.7678668740862763,0.0,-0.3588216960094923,0.8731026007380468
0.3062739467729216,2.548120283602677,2.662903442693117,30.681006801558024,0.7869122607306389,0.0,-0.4025132267537625,0.8907530303923747
0.3116948734510014,2.6248702385952813,3.9662917684296373,30.65769373009947,0.7335299126808823,0.0,-0.3561010133487616,0.949274224511802
0.29178704920916243,2.7138944167781043,4.380213801360722,30.009289209937087,0.7398613768835864,0.0,-0.4220547655349596,1.4751713712892676
0.29002556889390135,2.3910209978745782,4.513143460530899,30.759256588233967,0.8143990884098675,0.0,-0.4840895376877327,0.7949199167757716
0.2909049155828214,2.288498288721303,1.1696228520958802,31.015788306699275,0.8236020777300076,0.0,-0.3807167410371565,0.5350890026011882
0.2859649675008695,2.3985707212402723,3.125935821731057,30.439759070212563,0.714515432734776,0.0,-0.514152018727579,0.8548835862927515
0.3045525016486193,2.710135792021466,4.309413681636931,30.387604635502232,0.7710898194300124,0.0,-0.3207966149037751,1.1067134405484507
0.29069481467752634,2.5006660211357725,1.824213071288936,30.44006559253182,0.743212454774096,0.0,-0.3528140648079419,0.7065693098043196
0.29346397949598985,2.568034536278647,3.240959235970255,30.38100833102806,0.7705751791096336,0.0,-0.2640168651910281,0.6111990132649517
0.2923236007821058,2.6524797551990646,1.0683073812819726,30.152692288148227,0.8005774095864742,0.0,-0.2865140894000153,0.824452945364765
0.2970882354167829,2.478956717444233,1.4469515232638226,30.454989601842364,0.7805603597032206,0.0,-0.39507730825342013,0.7582427822800599
0.2878436399646397,2.7934729808314227,2.655574784254452,29.79321334336052,0.7546969792525212,0.0,-0.37100866536943833,1.7964170831643254
0.30260983550536164,2.514575862955152,1.4373791684635633,30.73536480889773,0.7665512567492279,0.0,-0.2512419425828205,0.5175720023160044
0.31011224253284847,2.6227847685513144,2.5302529002236342,30.507537623907407,0.7723724993472895,0.0,-0.25498066287408483,0.6759553740575056
0.28513764109601003,2.4509220714026747,3.2983231244256084,30.436269958141168,0.8013671288157395,0.0,-0.34348265396825833,0.6255626680273222
0.3044714030284107,2.5591603400574927,2.514539288457704,30.517341337486528,0.7959893690979449,0.0,-0.1732188283338715,0.3929293211878035
0.29671792876322856,2.4671313341139927,1.583591944946183,30.636493794146226,0.7852364011903804,0.0,-0.43979046463833565,0.8253261878461001
0.28897415536215815,2.5839751143341156,3.661343262024358,30.27138673999014,0.7723776825627185,0.0,-0.35738457210686275,0.8590461398356912
0.299653282279123,2.5584127053366306,2.961664039285458,30.525956505246313,0.7784686531958048,0.0,-0.33093318882736544,0.7494173696270909
0.3116948734510014,2.6248702385952813,3.9662917684296373,30.65769373009947,0.7335299126808823,0.0,-0.3561010133487616,0.949274224511802
0.2909698646058404,2.723863100000536,4.500409162392128,29.976558147540484,0.7362453526298836,0.0,-0.43808592483022923,1.5864809260590655
0.29002556889390135,2.3910209978745782,4.513143460530899,30.759256588233967,0.8143990884098675,0.0,-0.4840895376877327,0.7949199167757716
0.2909049155828214,2.288498288721303,1.1696228520958802,31.015788306699275,0.8236020777300076,0.0,-0.3807167410371565,0.5350890026011882
0.2859649675008695,2.3985707212402723,3.125935821731057,30.439759070212563,0.714515432734776,0.0,-0.514152018727579,0.8548835862927515
0.3043637660487576,2.7042817917073245,4.243748378867233,30.393600398812232,0.7714306119190981,0.0,-0.32366318796883475,1.0944986777699595
0.29069481467752634,2.5006660211357725,1.824213071288936,30.44006559253182,0.743212454774096,0.0,-0.3528140648079419,0.7065693098043196
0.28804402314705896,2.576460348608372,3.4855373132656347,30.254077591872583,0.7636628843831494,0.0,-0.20541841463077323,0.48500397532044065
0.2923236007821058,2.6524797551990646,1.0683073812819726,30.152692288148227,0.8005774095864742,0.0,-0.2865140894000153,0.824452945364765
0.2970882354167829,2.478956717444233,1.4469515232638226,30.454989601842364,0.7805603597032206,0.0,-0.39507730825342013,0.7582427822800599
0.2869223068976966,2.8248182392637764,2.776028359707454,29.7272595270996,0.752119388079872,0.0,-0.36860994098174055,2.1041570733882935
0.30260983550536164,2.514575862955152,1.4373791684635633,30.73536480889773,0.7665512567492279,0.0,-0.2512419425828205,0.5175720023160044
0.30593249674908535,2.629762113813476,2.186743783310157,30.424160640053902,0.7789997256586366,0.0,-0.26238998104554445,0.708706458294097
0.28513764109601003,2.4509220714026747,3.2983231244256084,30.436269958141168,0.8013671288157395,0.0,-0.34348265396825833,0.6255626680273222
0.3058537037973141,2.5717347451508235,2.792350153862049,30.54419951075731,0.7840369764695234,0.0,-0.2082156055303578,0.4861837451737375
0.29555815209446734,2.431158613608502,1.1800799092982497,30.67333764556296,0.7873305645491758,0.0,-0.4574055015608416,0.8041002509723125
0.28582433779917993,2.657083306435175,4.8483922847612995,30.07909137999773,0.7652241476791184,0.0,-0.3095340501414533,0.9026508652106172
0.29815461946515104,2.5120037617667466,2.5537628091627447,30.568066229982772,0.7807078395003186,0.0,-0.3332461741760167,0.682886768517939
0.3116948734510014,2.6248702385952813,3.9662917684296373,30.65769373009947,0.7335299126808823,0.0,-0.3561010133487616,0.949274224511802
0.2908687045420488,2.722406856550382,4.702784621388351,29.979609598977877,0.7328376900594546,0.0,-0.4484120148719163,1.6153569547848048
0.29066757044035896,2.4009918842270572,4.425499584150854,30.745514657402904,0.8129325549626408,0.0,-0.47527653073122167,0.7934392176271912
0.2909049155828214,2.288498288721303,1.1696228520958802,31.015788306699275,0.8236020777300076,0.0,-0.3807167410371565,0.5350890026011882
0.2859649675008695,2.3985707212402723,3.125935821731057,30.439759070212563,0.714515432734776,0.0,-0.514152018727579,0.8548835862927515
0.3043637660487576,2.7042817917073245,4.243748378867233,30.393600398812232,0.7714306119190981,0.0,-0.32366318796883475,1.0944986777699595
0.2878288053471523,2.474984916076774,1.722639370337514,30.44357038093531,0.7365432644598595,0.0,-0.36899328016308053,0.7028241501286832
0.28804402314705896,2.576460348608372,3.4855373132656347,30.254077591872583,0.7636628843831494,0.0,-0.20541841463077323,0.48500397532044065
0.29269884156728476,2.748752481058623,1.0415095428057781,29.92440427340801,0.7944874083959187,0.0,-0.2615975843260955,1.0411946968803032
0.2970882354167829,2.478956717444233,1.4469515232638226,30.454989601842364,0.7805603597032206,0.0,-0.39507730825342013,0.7582427822800599
0.2853374754539857,2.8376099650579003,2.6998809458986184,29.667734754886546,0.7533086546450063,0.0,-0.36941020290846466,2.2748329541291015
0.30265515337514554,2.5154511661727725,1.4384158390225477,30.734279094886716,0.76633037342039,0.0,-0.2507406557653557,0.5174724161130904
0.3058006887757326,2.6360234101061017,2.359577531550749,30.4215929058581,0.7783637531861932,0.0,-0.26753828165806964,0.7350425524236571
0.286382500932498,2.499956231583187,2.9267661743259303,30.351997489103812,0.80023446639402,0.0,-0.33000127164109944,0.6599447738063318
0.3058537037973141,2.5717347451508235,2.792350153862049,30.54419951075731,0.7840369764695234,0.0,-0.2082156055303578,0.4861837451737375
0.2965111425396376,2.4175383587170147,1.0538594363661993,30.71904823864037,0.795975684858568,0.0,-0.4779006124953482,0.820484266470628
0.2902455327093335,2.5579821317318387,3.278571395995197,30.343845352290064,0.777946242164711,0.0,-0.379188301959216,0.8578574061833443
0.3030570375660886,2.483504239618671,2.1044928939998155,30.707048709673025,0.7824196053695734,0.0,-0.3047691166100118,0.5900708969711594
0.3116948734510014,2.6248702385952813,3.9662917684296373,30.65769373009947,0.7335299126808823,0.0,-0.3561010133487616,0.949274224511802
0.2908687045420488,2.722406856550382,4.702784621388351,29.979609598977877,0.7328376900594546,0.0,-0.4484120148719163,1.6153569547848048
0.29066757044035896,2.4009918842270572,4.425499584150854,30.745514657402904,0.8129325549626408,0.0,-0.47527653073122167,0.7934392176271912
0.2909049155828214,2.288498288721303,1.1696228520958802,31.015788306699275,0.8236020777300076,0.0,-0.3807167410371565,0.5350890026011882
0.2859649675008695,2.3985707212402723,3.125935821731057,30.439759070212563,0.714515432734776,0.0,-0.514152018727579,0.8548835862927515
0.3019027835836827,2.628254800196737,3.6816372954600007,30.507368921255292,0.7809702871582918,0.0,-0.33409556434649973,0.8987219324508064
0.2878288053471523,2.474984916076774,1.722639370337514,30.44357038093531,0.7365432644598595,0.0,-0.36899328016308053,0.7028241501286832
0.28951616448252426,2.644244499803611,3.980619523716559,30.167318638537317,0.7312597439919224,0.0,-0.0950355549326109,0.2671372751233588
0.29269884156728476,2.748752481058623,1.0415095428057781,29.92440427340801,0.7944874083959187,0.0,-0.2615975843260955,1.0411946968803032
0.30339414770568407,2.5419498486485326,2.5345897994158744,30.542500119347693,0.7602565859576185,0.0,-0.3782506369523761,0.8257843291533808
0.2853266348262325,2.8411126341404693,2.6975273398338317,29.66063651877693,0.7528218672243661,0.0,-0.3698190135669661,2.327554563991678
0.30265515337514554,2.5154511661727725,1.4384158390225477,30.734279094886716,0.76633037342039,0.0,-0.2507406557653557,0.5174724161130904
0.30767910523407765,2.625156529657389,2.0648063414678695,30.477193601985594,0.7840908491248569,0.0,-0.24478469499242245,0.6530317702178102
0.286382500932498,2.499956231583187,2.9267661743259303,30.351997489103812,0.80023446639402,0.0,-0.33000127164109944,0.6599447738063318
0.3052776850041334,2.5696113132781964,2.796326598174674,30.538513576645872,0.784516148643099,0.0,-0.2118184046438415,0.4921560700334057
0.29598384948600853,2.409135257776117,1.0208559268871156,30.717741091743246,0.7985199132482188,0.0,-0.49739599921474753,0.8418102548184885
0.28993763083658797,2.4767418091763274,2.574884393043217,30.5238099538303,0.800233847189365,0.0,-0.3449856796241373,0.6593029706445445
0.3030570375660886,2.483504239618671,2.1044928939998155,30.707048709673025,0.7824196053695734,0.0,-0.3047691166100118,0.5900708969711594
0.3116948734510014,2.6248702385952813,3.9662917684296373,30.65769373009947,0.7335299126808823,0.0,-0.3561010133487616,0.949274224511802
0.29086672492391097,2.74612816509865,4.895938725027404,29.922962838209866,0.7278756998966425,0.0,-0.4521128417210565,1.780870421867551
0.29066757044035896,2.4009918842270572,4.425499584150854,30.745514657402904,0.8129325549626408,0.0,-0.47527653073122167,0.7934392176271912
0.2909049155828214,2.288498288721303,1.1696228520958802,31.015788306699275,0.8236020777300076,0.0,-0.3807167410371565,0.5350890026011882
0.2859649675008695,2.3985707212402723,3.125935821731057,30.439759070212563,0.714515432734776,0.0,-0.514152018727579,0.8548835862927515
0.3020691995449726,2.618624340898378,3.553642388727825,30.511289085362474,0.7786589197019294,0.0,-0.33902267017204973,0.888946795846017
0.287706360264744,2.462702407129294,1.5587865424712373,30.463616894243746,0.736926668967851,0.0,-0.3888733255778506,0.72375780338072
0.28951616448252426,2.644244499803611,3.980619523716559,30.167318638537317,0.7312597439919224,0.0,-0.0950355549326109,0.2671372751233588
0.29269884156728476,2.748752481058623,1.0415095428057781,29.92440427340801,0.7944874083959187,0.0,-0.2615975843260955,1.0411946968803032
0.31900412059028443,2.670363478248986,2.0049667611959587,30.63451735551648,0.8012234101643981,0.0,-0.2565342475662229,0.7782336926852784
0.2853825729104009,2.8230387179046756,2.709672043733696,29.697263708455093,0.7553337102954328,0.0,-0.3677095337891515,2.0779095259440767
0.30265515337514554,2.5154511661727725,1.4384158390225477,30.734279094886716,0.76633037342039,0.0,-0.2507406557653557,0.5174724161130904
0.30767910523407765,2.625156529657389,2.0648063414678695,30.477193601985594,0.7840908491248569,0.0,-0.24478469499242245,0.6530317702178102
0.286382500932498,2.499956231583187,2.9267661743259303,30.351997489103812,0.80023446639402,0.0,-0.33000127164109944,0.6599447738063318
0.2983773160413808,2.5276275181589813,2.310336889533281,30.509101181716865,0.7658274627656767,0.0,-0.2813489778496789,0.5956083147628601
0.29598384948600853,2.409135257776117,1.0208559268871156,30.717741091743246,0.7985199132482188,0.0,-0.49739599921474753,0.8418102548184885
0.28993763083658797,2.4767418091763274,2.574884393043217,30.5238099538303,0.800233847189365,0.0,-0.3449856796241373,0.6593029706445445
0.31398013872989716,2.5295871052180754,2.048254914273607,30.7750489954859,0.75081366761289,0.0,-0.21068785097125625,0.4478785622339871
0.30881660545121276,2.6069557073984586,4.738631093935001,30.66682022644611,0.7068732647542552,0.0,-0.39530885929148885,1.0057616068534119
0.29109442761142545,2.7464543254439175,4.416895053435617,29.92314198546541,0.7361544659348611,0.0,-0.4284348535982775,1.6897738616460238
0.29066757044035896,2.4009918842270572,4.425499584150854,30.745514657402904,0.8129325549626408,0.0,-0.47527653073122167,0.7934392176271912
0.2909049155828214,2.288498288721303,1.1696228520958802,31.015788306699275,0.8236020777300076,0.0,-0.3807167410371565,0.5350890026011882
0.2883088135104074,2.4305978180249883,3.1881851936702548,30.450169708864077,0.7238510195267497,0.0,-0.4886633010016598,0.8582041243795319
0.3020691995449726,2.618624340898378,3.553642388727825,30.511289085362474,0.7786589197019294,0.0,-0.33902267017204973,0.888946795846017
0.287706360264744,2.462702407129294,1.5587865424712373,30.463616894243746,0.736926668967851,0.0,-0.3888733255778506,0.72375780338072
0.2892881648719611,2.603898849393245,3.830973958491498,30.22073304360365,0.7298606592751828,0.0,-0.1693693442641856,0.42759114434467704
0.29269884156728476,2.748752481058623,1.0415095428057781,29.92440427340801,0.7944874083959187,0.0,-0.2615975843260955,1.0411946968803032
0.3071047911549079,2.508652864411849,1.651218946495257,30.795976323877273,0.8107002312209809,0.0,-0.30912251116744105,0.6291326208657266
0.2853825729104009,2.8230387179046756,2.709672043733696,29.697263708455093,0.7553337102954328,0.0,-0.3677095337891515,2.0779095259440767
0.30265515337514554,2.5154511661727725,1.4384158390225477,30.734279094886716,0.76633037342039,0.0,-0.2507406557653557,0.5174724161130904
0.30089736908730946,2.5570395458675295,2.4581127034565324,30.467732262145027,0.7630002720861322,0.0,-0.3301690754339006,0.745369191208119
0.28089308733475726,2.5518816341240935,4.016439106212013,30.142889581560812,0.8012147340408151,0.0,-0.23429608099921695,0.5228441832355037
0.2996128338348776,2.5671661402595936,2.498947296371295,30.425323423535502,0.7562747674575592,0.0,-0.2649190982950477,0.612057241672206
0.29598384948600853,2.409135257776117,1.0208559268871156,30.717741091743246,0.7985199132482188,0.0,-0.49739599921474753,0.8418102548184885
0.29005859845151044,2.428665845857033,2.171415825906739,30.626128688732344,0.8200305229495175,0.0,-0.4167253811257771,0.7293899342511534
0.312721880830153,2.5211653974688466,1.9764216116105489,30.7710421626536,0.7541491752625112,0.0,-0.23073380530992066,0.48186535411235015
0.30863218480256704,2.609719002806628,4.834720514371654,30.662954729951522,0.7053038902272436,0.0,-0.40190277943694386,1.0297779864434793
0.29109442761142545,2.7464543254439175,4.416895053435617,29.92314198546541,0.7361544659348611,0.0,-0.4284348535982775,1.6897738616460238
0.2895234830602791,2.4923558732310545,4.054060122872549,30.51859105430758,0.8004636539049979,0.0,-0.45199060807621305,0.8903690286993841
0.2909049155828214,2.288498288721303,1.1696228520958802,31.015788306699275,0.8236020777300076,0.0,-0.3807167410371565,0.5350890026011882
0.2883088135104074,2.4305978180249883,3.1881851936702548,30.450169708864077,0.7238510195267497,0.0,-0.4886633010016598,0.8582041243795319
0.3026564844086535,2.649488718691251,4.102687685908454,30.53311840616426,0.7865065453292834,0.0,-0.3434598156182,0.9798823431182578
0.28863354888917575,2.412204585189437,1.4459768171810055,30.623678860179332,0.7620519036536628,0.0,-0.3865089167594052,0.6575568761181486
0.2892881648719611,2.603898849393245,3.830973958491498,30.22073304360365,0.7298606592751828,0.0,-0.1693693442641856,0.42759114434467704
0.29269884156728476,2.748752481058623,1.0415095428057781,29.92440427340801,0.7944874083959187,0.0,-0.2615975843260955,1.0411946968803032
0.30702001789962385,2.5030435013220886,1.4745285487550581,30.803359275585525,0.816549928798786,0.0,-0.30397302964420236,0.6116692918854737
0.2853825729104009,2.8230387179046756,2.709672043733696,29.697263708455093,0.7553337102954328,0.0,-0.3677095337891515,2.0779095259440767
0.29958874900765575,2.5201361188010565,1.2917656147868648,30.69176133011514,0.7357535191956627,0.0,-0.2105076333828747,0.43868197134762427
0.30089736908730946,2.5570395458675295,2.4581127034565324,30.467732262145027,0.7630002720861322,0.0,-0.3301690754339006,0.745369191208119
0.2821645376328893,2.5310871305939955,3.8744322873129984,30.195573755735506,0.7879504743373633,0.0,-0.2779081656483329,0.5926648291832407
0.30030212168210285,2.5799708940329835,2.35049453199275,30.400650709434306,0.7519089346524731,0.0,-0.24870975762425027,0.5921250553617126
0.29598384948600853,2.409135257776117,1.0208559268871156,30.717741091743246,0.7985199132482188,0.0,-0.49739599921474753,0.8418102548184885
0.29005859845151044,2.428665845857033,2.171415825906739,30.626128688732344,0.8200305229495175,0.0,-0.4167253811257771,0.7293899342511534
0.312721880830153,2.5211653974688466,1.9764216116105489,30.7710421626536,0.7541491752625112,0.0,-0.23073380530992066,0.48186535411235015
0.3074349927085048,2.6061623037486883,4.791284485997633,30.6418140216876,0.709042183867913,0.0,-0.3962942200367683,1.0062374013682251
0.29109442761142545,2.7464543254439175,4.416895053435617,29.92314198546541,0.7361544659348611,0.0,-0.4284348535982775,1.6897738616460238
0.2895234830602791,2.4923558732310545,4.054060122872549,30.51859105430758,0.8004636539049979,0.0,-0.45199060807621305,0.8903690286993841
0.2909049155828214,2.288498288721303,1.1696228520958802,31.015788306699275,0.8236020777300076,0.0,-0.3807167410371565,0.5350890026011882
0.2883088135104074,2.4305978180249883,3.1881851936702548,30.450169708864077,0.7238510195267497,0.0,-0.4886633010016598,0.8582041243795319
0.30492298957801983,2.6268948343633536,4.799456609661069,30.671670646944243,0.7846899841526378,0.0,-0.3620928569267908,0.9704847058574897
0.28863354888917575,2.412204585189437,1.4459768171810055,30.623678860179332,0.7620519036536628,0.0,-0.3865089167594052,0.6575568761181486
0.2892881648719611,2.603898849393245,3.830973958491498,30.22073304360365,0.7298606592751828,0.0,-0.1693693442641856,0.42759114434467704
0.29269884156728476,2.748752481058623,1.0415095428057781,29.92440427340801,0.7944874083959187,0.0,-0.2615975843260955,1.0411946968803032
0.30702001789962385,2.5030435013220886,1.4745285487550581,30.803359275585525,0.816549928798786,0.0,-0.30397302964420236,0.6116692918854737
0.2856286529607656,2.8453639738804335,2.6206039525894536,29.659158420303367,0.7528395378436075,0.0,-0.3745765576994671,2.422311068766342
0.29958874900765575,2.5201361188010565,1.2917656147868648,30.69176133011514,0.7357535191956627,0.0,-0.2105076333828747,0.43868197134762427
0.29949710514945926,2.5897830731548157,2.216164583472927,30.37493479489315,0.7683781038215356,0.0,-0.3184574374686256,0.7763147169907284
0.28025357150117775,2.5841259194662145,4.465802506431948,30.016244871263073,0.780155730561428,0.0,-0.2554304528145209,0.6142014248319325
0.30030212168210285,2.5799708940329835,2.35049453199275,30.400650709434306,0.7519089346524731,0.0,-0.24870975762425027,0.5921250553617126
0.29598384948600853,2.409135257776117,1.0208559268871156,30.717741091743246,0.7985199132482188,0.0,-0.49739599921474753,0.8418102548184885
0.29005859845151044,2.428665845857033,2.171415825906739,30.626128688732344,0.8200305229495175,0.0,-0.4167253811257771,0.7293899342511534
0.30627790621493733,2.5336611514485496,2.4704882145647167,30.621237793843626,0.7593106876922905,0.0,-0.23563534077294984,0.5052878213017945
0.3074349927085048,2.6061623037486883,4.791284485997633,30.6418140216876,0.709042183867913,0.0,-0.3962942200367683,1.0062374013682251
0.29109442761142545,2.7464543254439175,4.416895053435617,29.92314198546541,0.7361544659348611,0.0,-0.4284348535982775,1.6897738616460238
0.2906743853741073,2.5024108189196594,4.10976830679234,30.530031658405022,0.7992847880111694,0.0,-0.4452719817561665,0.8948586478295497
0.2909049155828214,2.288498288721303,1.1696228520958802,31.015788306699275,0.8236020777300076,0.0,-0.3807167410371565,0.5350890026011882
0.28933997692651753,2.434590256818192,3.0937465886903963,30.4696337771613,0.7289596016343625,0.0,-0.47848512929374865,0.8462626176215209
0.3000621523983534,2.5844277602637917,4.564173034021792,30.623351243041316,0.7896689255429818,0.0,-0.39046898252874446,0.9395935175472776
0.28869916740656854,2.4314199629689925,1.6850482430465008,30.583287687692497,0.7588250625976944,0.0,-0.3647429086124386,0.6414979156092802
0.2892881648719611,2.603898849393245,3.830973958491498,30.22073304360365,0.7298606592751828,0.0,-0.1693693442641856,0.42759114434467704
0.29269884156728476,2.748752481058623,1.0415095428057781,29.92440427340801,0.7944874083959187,0.0,-0.2615975843260955,1.0411946968803032
0.30702001789962385,2.5030435013220886,1.4745285487550581,30.803359275585525,0.816549928798786,0.0,-0.30397302964420236,0.6116692918854737
0.28692839417118354,2.827603494548281,2.330312675544313,29.707919632395317,0.7604958334101894,0.0,-0.35380717858153465,2.052287415307388
0.29895672642887905,2.5188794065778226,1.4915601712595499,30.68029480166949,0.74025784479874,0.0,-0.2271522728617179,0.472131677519766
0.29907672136556124,2.58561997155142,2.3063907630050404,30.38232482971393,0.7698507414183544,0.0,-0.3244998800870386,0.7830972967060008
0.28907563269226016,2.5670187282030223,3.789405396884052,30.221333095107486,0.7730894118353229,0.0,-0.24872005304308162,0.5744360535753265
0.29697953170569574,2.538589026913071,2.582565830084481,30.414369303903126,0.7441358543462717,0.0,-0.3151857646287835,0.6830911768745538
0.29598384948600853,2.409135257776117,1.0208559268871156,30.717741091743246,0.7985199132482188,0.0,-0.49739599921474753,0.8418102548184885
0.29072440790455173,2.4363568506130404,2.5103543178586882,30.62727329384085,0.8471192038079006,0.0,-0.43084307088504115,0.764389794063217
0.30627790621493733,2.5336611514485496,2.4704882145647167,30.621237793843626,0.7593106876922905,0.0,-0.23563534077294984,0.5052878213017945
0.3074245522217394,2.6055081198780186,4.770343750027028,30.64162836068846,0.7094957607196086,0.0,-0.39484458173227377,1.0008940655766685
0.29109442761142545,2.7464543254439175,4.416895053435617,29.92314198546541,0.7361544659348611,0.0,-0.4284348535982775,1.6897738616460238
0.29063925673074253,2.4820011635456996,4.084082923294985,30.58078658014469,0.8045644536559362,0.0,-0.44668009126944114,0.862318715476205
0.29062166953265134,2.343754774728478,1.6358772869562133,30.87649889032481,0.8071790841687202,0.0,-0.3436898110673476,0.5237216178222792
0.28933547265022597,2.434567972693226,3.0838447904762987,30.47043265514096,0.7291695271794193,0.0,-0.47768563057843294,0.8448153049513509
0.3000621523983534,2.5844277602637917,4.564173034021792,30.623351243041316,0.7896689255429818,0.0,-0.39046898252874446,0.9395935175472776
0.28869916740656854,2.4314199629689925,1.6850482430465008,30.583287687692497,0.7588250625976944,0.0,-0.3647429086124386,0.6414979156092802
0.29174176938294855,2.5830645193563124,3.4327222716810324,30.282504483197158,0.7344145550623433,0.0,-0.21588589125989052,0.5177920836254909
0.29635325748695074,2.667198016029995,2.789809707944633,30.2712921057202,0.792095992244897,0.0,-0.32555654246137605,0.9782289714075686
0.3095206662948192,2.5243218553411464,1.5773247069233711,30.822759212773924,0.8206352895655037,0.0,-0.2601459675404939,0.5468949340253274
0.28692839417118354,2.827603494548281,2.330312675544313,29.707919632395317,0.7604958334101894,0.0,-0.35380717858153465,2.052287415307388
0.2961019992115775,2.45889984564807,1.5409882679397517,30.74749400126748,0.7631781302657173,0.0,-0.26706596346933703,0.4935610557886444
0.2918641059942213,2.6606004681164217,3.0617323479008567,30.000020140075975,0.7274472789157509,0.0,-0.3431385241807491,1.0110164922043952
0.28802995800116293,2.6092759555712135,3.5798699317298524,30.019426772457653,0.7559561540138523,0.0,-0.12016397324707284,0.30754179314135854
0.29697953170569574,2.538589026913071,2.582565830084481,30.414369303903126,0.7441358543462717,0.0,-0.3151857646287835,0.6830911768745538
0.29598384948600853,2.409135257776117,1.0208559268871156,30.717741091743246,0.7985199132482188,0.0,-0.49739599921474753,0.8418102548184885
0.29072440790455173,2.4363568506130404,2.5103543178586882,30.62727329384085,0.8471192038079006,0.0,-0.43084307088504115,0.764389794063217
0.3028448131283273,2.5858139614871574,2.4456175267233595,30.459192039984124,0.7595209625334102,0.0,-0.25660201520356507,0.6195332322762701
0.3074245522217394,2.6055081198780186,4.770343750027028,30.64162836068846,0.7094957607196086,0.0,-0.39484458173227377,1.0008940655766685
0.2876516788417728,2.776168879825991,4.342380308792648,29.771669284347805,0.741774706243522,0.0,-0.4355164203283895,1.9457366785718342
0.28347181938743826,2.4292628384176775,3.7910448007665876,30.55480671877517,0.8451594434966836,0.0,-0.4688142125880187,0.8214187618137031
0.29062166953265134,2.343754774728478,1.6358772869562133,30.87649889032481,0.8071790841687202,0.0,-0.3436898110673476,0.5237216178222792
0.28933547265022597,2.434567972693226,3.0838447904762987,30.47043265514096,0.7291695271794193,0.0,-0.47768563057843294,0.8448153049513509
0.30015802685983395,2.5885486101954434,4.6474708240101705,30.62113228674797,0.7894608527984973,0.0,-0.3879552972133488,0.9428946087595701
0.28869916740656854,2.4314199629689925,1.6850482430465008,30.583287687692497,0.7588250625976944,0.0,-0.3647429086124386,0.6414979156092802
0.29182568964176947,2.5618829497144935,3.3051358278539285,30.329091610966206,0.7341889960498243,0.0,-0.18833141429544012,0.4298655214918267
0.29635325748695074,2.667198016029995,2.789809707944633,30.2712921057202,0.792095992244897,0.0,-0.32555654246137605,0.9782289714075686
0.3095206662948192,2.5243218553411464,1.5773247069233711,30.822759212773924,0.8206352895655037,0.0,-0.2601459675404939,0.5468949340253274
0.28692839417118354,2.827603494548281,2.330312675544313,29.707919632395317,0.7604958334101894,0.0,-0.35380717858153465,2.052287415307388
0.2961019992115775,2.45889984564807,1.5409882679397517,30.74749400126748,0.7631781302657173,0.0,-0.26706596346933703,0.4935610557886444
0.28832443127333907,2.745027618161267,3.393296856090915,29.713306708283234,0.715899436778889,0.0,-0.3624807416120474,1.421647078001225
0.28802995800116293,2.6092759555712135,3.5798699317298524,30.019426772457653,0.7559561540138523,0.0,-0.12016397324707284,0.30754179314135854
0.2978800799035754,2.531476175695979,2.4822124008457407,30.454110278915053,0.7429464402003615,0.0,-0.33480977450616,0.7146056553335589
0.29598384948600853,2.409135257776117,1.0208559268871156,30.717741091743246,0.7985199132482188,0.0,-0.49739599921474753,0.8418102548184885
0.2822362612104669,2.396632994483001,2.931698398319115,30.538994386300878,0.8590789962546477,0.0,-0.5079276705622884,0.841822084929996
0.3046818530504909,2.5627976715121457,2.216275187755225,30.542322138466673,0.7616667068320255,0.0,-0.23496902633731648,0.5374377285455011
0.3074245522217394,2.6055081198780186,4.770343750027028,30.64162836068846,0.7094957607196086,0.0,-0.39484458173227377,1.0008940655766685
0.2876516788417728,2.776168879825991,4.342380308792648,29.771669284347805,0.741774706243522,0.0,-0.4355164203283895,1.9457366785718342
0.28347181938743826,2.4292628384176775,3.7910448007665876,30.55480671877517,0.8451594434966836,0.0,-0.4688142125880187,0.8214187618137031
0.29062166953265134,2.343754774728478,1.6358772869562133,30.87649889032481,0.8071790841687202,0.0,-0.3436898110673476,0.5237216178222792
0.28933547265022597,2.434567972693226,3.0838447904762987,30.47043265514096,0.7291695271794193,0.0,-0.47768563057843294,0.8448153049513509
0.2996783352145768,2.5781927795225967,4.183931792334118,30.577014797859704,0.7775709277612765,0.0,-0.37216888513350554,0.8823198538713566
0.28869916740656854,2.4314199629689925,1.6850482430465008,30.583287687692497,0.7588250625976944,0.0,-0.3647429086124386,0.6414979156092802
0.29242614342511813,2.5869385828062152,3.6162763368518833,30.280272832623858,0.7294575985887896,0.0,-0.15445129407872657,0.3739184722892355
0.29635325748695074,2.667198016029995,2.789809707944633,30.2712921057202,0.792095992244897,0.0,-0.32555654246137605,0.9782289714075686
0.3095206662948192,2.5243218553411464,1.5773247069233711,30.822759212773924,0.8206352895655037,0.0,-0.2601459675404939,0.5468949340253274
0.28692839417118354,2.827603494548281,2.330312675544313,29.707919632395317,0.7604958334101894,0.0,-0.35380717858153465,2.052287415307388
0.2952606537677016,2.455874436634167,1.73282602901566,30.713044376467497,0.7589495230179945,0.0,-0.2932542737798345,0.5389459593955345
0.2892909775659596,2.5761949872501964,2.653875351925984,30.202711360412806,0.7543046846536839,0.0,-0.3545745942286642,0.836645588328588
0.28949605550049345,2.5819636521561953,3.209554762270998,30.151663156747343,0.7572678570945331,0.0,-0.1468452840701227,0.35127396176800885
0.2980639849313721,2.5433413528929547,2.623941380865528,30.428542166774207,0.7375566726853253,0.0,-0.3190414248913702,0.6986431263538162
0.29598384948600853,2.409135257776117,1.0208559268871156,30.717741091743246,0.7985199132482188,0.0,-0.49739599921474753,0.8418102548184885
0.27694215580692616,2.391818455501329,3.667551207594839,30.470160211158237,0.8823998989578657,0.0,-0.5119833476070051,0.8418265109130154
0.3046818530504909,2.5627976715121457,2.216275187755225,30.542322138466673,0.7616667068320255,0.0,-0.23496902633731648,0.5374377285455011
0.30386753631124125,2.572438874569211,4.184270603053456,30.63054614773935,0.7188662016139373,0.0,-0.3891265614471514,0.9101074403223328
0.2876516788417728,2.776168879825991,4.342380308792648,29.771669284347805,0.741774706243522,0.0,-0.4355164203283895,1.9457366785718342
0.2890319474047548,2.4727307625306634,3.346337371662926,30.506695486000243,0.8041590053555578,0.0,-0.4117455156494805,0.7809018360822265
0.29060029388120795,2.348534138783955,1.7021853600592132,30.85713290942884,0.803532800336669,0.0,-0.34930244462464854,0.5361792005073458
0.2901690487815453,2.4449558704857592,3.039923845804892,30.46643209810362,0.7299705026582219,0.0,-0.46253505062009376,0.8333302273188469
0.30084248101070676,2.5937554305690997,4.448894021693578,30.576349669276542,0.7795585939037946,0.0,-0.37295627808535153,0.9180584951764854
0.28869916740656854,2.4314199629689925,1.6850482430465008,30.583287687692497,0.7588250625976944,0.0,-0.3647429086124386,0.6414979156092802
0.29279450101749893,2.5862130036081123,3.5741979041559944,30.288148986215607,0.730425675503785,0.0,-0.1568713349335893,0.3791113212871974
0.29686183898831053,2.7520186318527404,3.1793495370382536,30.087231498658383,0.8088046386478172,0.0,-0.3538583425382352,1.4269553603240965
0.3095206662948192,2.5243218553411464,1.5773247069233711,30.822759212773924,0.8206352895655037,0.0,-0.2601459675404939,0.5468949340253274
0.2897959269383603,2.796531048544767,2.67168733911542,29.838550961777894,0.7533606240110469,0.0,-0.35954855205866765,1.7670929617867297
0.29513489968546675,2.464001755965463,1.8566281264360591,30.712227680372553,0.7520687603404614,0.0,-0.25775675259979697,0.48089103923106946
0.2889982377215133,2.6199487488414666,2.5251707844138096,30.114789599217865,0.762417448773082,0.0,-0.31858169678548864,0.8382598289423772
0.2895214065621214,2.5867528344408517,3.2580532390529378,30.137932069324243,0.757218318378898,0.0,-0.13991339971840405,0.33857074259442965
0.2980639849313721,2.5433413528929547,2.623941380865528,30.428542166774207,0.7375566726853253,0.0,-0.3190414248913702,0.6986431263538162
0.2959348705003145,2.412300704576604,1.0690746491002217,30.717423003092446,0.7958399781657328,0.0,-0.4835703440061626,0.8228193359629333
0.27532707501201764,2.378579221855525,3.630869742766346,30.462569719029585,0.8898465000377578,0.0,-0.5219151681271855,0.8398740217306422
0.2993621331499783,2.5190695630958655,2.039460188548246,30.55595722160021,0.7607208863535194,0.0,-0.27816331292257945,0.5783857530689551
0.30386753631124125,2.572438874569211,4.184270603053456,30.63054614773935,0.7188662016139373,0.0,-0.3891265614471514,0.9101074403223328
0.297919624749795,2.657921447014624,3.044129010527235,30.265177936850275,0.7788013955478953,0.0,-0.3531763336207796,1.0324421994262762
0.2890319474047548,2.4727307625306634,3.346337371662926,30.506695486000243,0.8041590053555578,0.0,-0.4117455156494805,0.7809018360822265
0.2910625101702583,2.311931447093908,1.2176279916154833,30.96041231090896,0.8033482479023943,0.0,-0.33089949285389075,0.4809106468480796
0.2901690487815453,2.4449558704857592,3.039923845804892,30.46643209810362,0.7299705026582219,0.0,-0.46253505062009376,0.8333302273188469
0.30084248101070676,2.5937554305690997,4.448894021693578,30.576349669276542,0.7795585939037946,0.0,-0.37295627808535153,0.9180584951764854
0.28869916740656854,2.4314199629689925,1.6850482430465008,30.583287687692497,0.7588250625976944,0.0,-0.3647429086124386,0.6414979156092802
0.29279450101749893,2.5862130036081123,3.5741979041559944,30.288148986215607,0.730425675503785,0.0,-0.1568713349335893,0.3791113212871974
0.2963064222264932,2.7293769861887736,3.233268194166622,30.114667856574133,0.7981015718713502,0.0,-0.3269587126896685,1.208170392033765
0.3095206662948192,2.5243218553411464,1.5773247069233711,30.822759212773924,0.8206352895655037,0.0,-0.2601459675404939,0.5468949340253274
0.2902003125862413,2.8860488032814824,2.7459633737501763,29.698512789001207,0.748769299630837,0.0,-0.3803165503735655,3.3375388879243095
0.2974337134807727,2.460713779951818,1.2954957422380913,30.78964598909763,0.732447801772586,0.0,-0.19975343280660748,0.3704033690843439
0.2889982377215133,2.6199487488414666,2.5251707844138096,30.114789599217865,0.762417448773082,0.0,-0.31858169678548864,0.8382598289423772
0.28996820098859205,2.5584030009176013,3.8839463935655187,30.15769610314223,0.7527781791689336,0.0,0.012672138869461669,-0.028696161649180825
0.3031824940902334,2.5000889161415136,2.6797071319791845,30.605686460948544,0.7235203106341972,0.0,-0.31930098678583624,0.6387155578175242
0.2959348705003145,2.412300704576604,1.0690746491002217,30.717423003092446,0.7958399781657328,0.0,-0.4835703440061626,0.8228193359629333
0.27532707501201764,2.378579221855525,3.630869742766346,30.462569719029585,0.8898465000377578,0.0,-0.5219151681271855,0.8398740217306422
0.30138079606937046,2.569450409911152,2.239349049278969,30.457584260160633,0.7503529124924778,0.0,-0.26533663739793745,0.6162742771237633
0.30386753631124125,2.572438874569211,4.184270603053456,30.63054614773935,0.7188662016139373,0.0,-0.3891265614471514,0.9101074403223328
0.2980682152745873,2.6788097219353086,3.2040196336917557,30.214533787971764,0.7836946906653911,0.0,-0.36573008436708043,1.138671091076481
0.29620025062302274,2.490780724493228,2.727420237514604,30.61727539301962,0.8099234946709208,0.0,-0.35870600964480837,0.7044234711811063
0.2910625101702583,2.311931447093908,1.2176279916154833,30.96041231090896,0.8033482479023943,0.0,-0.33089949285389075,0.4809106468480796
0.2901690487815453,2.4449558704857592,3.039923845804892,30.46643209810362,0.7299705026582219,0.0,-0.46253505062009376,0.8333302273188469
0.297374643134727,2.5593123237716418,4.131749458045897,30.56618442806348,0.7881967657014322,0.0,-0.38633989290127274,0.8766750552404301
0.28869916740656854,2.4314199629689925,1.6850482430465008,30.583287687692497,0.7588250625976944,0.0,-0.3647429086124386,0.6414979156092802
0.29279450101749893,2.5862130036081123,3.5741979041559944,30.288148986215607,0.730425675503785,0.0,-0.1568713349335893,0.3791113212871974
0.29633006385831245,2.696723447493728,3.026484986904089,30.191094494769196,0.7901432017055782,0.0,-0.31567737178483823,1.0408894758796416
0.29991084401526985,2.5691000573166565,2.021162643574735,30.491245710787886,0.7933742321562465,0.0,-0.28750905328906357,0.6672292678867818
0.2900657168648848,2.878393548573352,2.7452382375472255,29.71155930055216,0.7500142212474731,0.0,-0.3813711995057621,3.1361099269951334
0.2965024008537009,2.4586936536735116,1.5191272499721533,30.748210741857694,0.7321302179553333,0.0,-0.23344140726440696,0.4312556260399116
0.28821188154739374,2.623612876498057,2.561489323054947,30.087662386923263,0.7601867206510421,0.0,-0.32082077372108825,0.8523691531637425
0.28996820098859205,2.5584030009176013,3.8839463935655187,30.15769610314223,0.7527781791689336,0.0,0.012672138869461669,-0.028696161649180825
0.3009656971316747,2.4895785458471016,2.5274660862616827,30.602258137227484,0.728924004722215,0.0,-0.3262562613782328,0.6391899453358434
0.2959348705003145,2.412300704576604,1.0690746491002217,30.717423003092446,0.7958399781657328,0.0,-0.4835703440061626,0.8228193359629333
0.2817222302048686,2.4038501166381234,2.700287594428424,30.520302654264135,0.8271859678415355,0.0,-0.4467480991337465,0.7493888896100986
0.30138079606937046,2.569450409911152,2.239349049278969,30.457584260160633,0.7503529124924778,0.0,-0.26533663739793745,0.6162742771237633
0.30386753631124125,2.572438874569211,4.184270603053456,30.63054614773935,0.7188662016139373,0.0,-0.3891265614471514,0.9101074403223328
0.2980682152745873,2.6788097219353086,3.2040196336917557,30.214533787971764,0.7836946906653911,0.0,-0.36573008436708043,1.138671091076481
0.30019457213089185,2.52239028802395,3.282482587385786,30.635373822069635,0.8371333736122396,0.0,-0.3554913652139422,0.7443135185487364
0.2909184945584231,2.3805945255222505,1.9621327268398394,30.742762231305445,0.7889027283092273,0.0,-0.2400400848912434,0.3875330373752875
0.2901690487815453,2.4449558704857592,3.039923845804892,30.46643209810362,0.7299705026582219,0.0,-0.46253505062009376,0.8333302273188469
0.297374643134727,2.5593123237716418,4.131749458045897,30.56618442806348,0.7881967657014322,0.0,-0.38633989290127274,0.8766750552404301
0.28869916740656854,2.4314199629689925,1.6850482430465008,30.583287687692497,0.7588250625976944,0.0,-0.3647429086124386,0.6414979156092802
0.29209108865640615,2.6104042415015263,3.9640579772243676,30.20087232285348,0.730102312877125,0.0,-0.1423455015112836,0.3653671745808836
0.29633006385831245,2.696723447493728,3.026484986904089,30.191094494769196,0.7901432017055782,0.0,-0.31567737178483823,1.0408894758796416
0.29991084401526985,2.5691000573166565,2.021162643574735,30.491245710787886,0.7933742321562465,0.0,-0.28750905328906357,0.6672292678867818
0.2900640067310212,2.885566902896158,2.7403612174155407,29.699066224109483,0.750345942975085,0.0,-0.3800279451195365,3.32096180858132
0.2965024008537009,2.4586936536735116,1.5191272499721533,30.748210741857694,0.7321302179553333,0.0,-0.23344140726440696,0.4312556260399116
0.28821188154739374,2.623612876498057,2.561489323054947,30.087662386923263,0.7601867206510421,0.0,-0.32082077372108825,0.8523691531637425
0.2905443344676734,2.5589847939696524,3.8963949623386376,30.177295942627616,0.7513725129872242,0.0,-0.003982591571249083,0.00903050851034608
0.3033435453596727,2.4614575619740156,2.222863263909754,30.693665059506067,0.7284870129823156,0.0,-0.375547900150335,0.6973413302893968
0.2959348705003145,2.412300704576604,1.0690746491002217,30.717423003092446,0.7958399781657328,0.0,-0.4835703440061626,0.8228193359629333
0.2817222302048686,2.4038501166381234,2.700287594428424,30.520302654264135,0.8271859678415355,0.0,-0.4467480991337465,0.7493888896100986
0.30138079606937046,2.569450409911152,2.239349049278969,30.457584260160633,0.7503529124924778,0.0,-0.26533663739793745,0.6162742771237633
0.30386753631124125,2.572438874569211,4.184270603053456,30.63054614773935,0.7188662016139373,0.0,-0.3891265614471514,0.9101074403223328
0.29689582695423433,2.7486134358300056,3.9566225260939376,30.038473456745265,0.777535999476168,0.0,-0.41549888543759067,1.6528285304723729
0.30019457213089185,2.52239028802395,3.282482587385786,30.635373822069635,0.8371333736122396,0.0,-0.3554913652139422,0.7443135185487364
0.2915179339322224,2.3668665952481165,2.036973134805736,30.785836241588424,0.7970266937572236,0.0,-0.20635790220809352,0.325931155518421
0.2901690487815453,2.4449558704857592,3.039923845804892,30.46643209810362,0.7299705026582219,0.0,-0.46253505062009376,0.8333302273188469
0.29630104611311164,2.5422737920929874,3.969072978081727,30.551321836708084,0.7795213477526851,0.0,-0.39769258504280547,0.8688438157414771
0.28869916740656854,2.4314199629689925,1.6850482430465008,30.583287687692497,0.7588250625976944,0.0,-0.3647429086124386,0.6414979156092802
0.29209108865640615,2.6104042415015263,3.9640579772243676,30.20087232285348,0.730102312877125,0.0,-0.1423455015112836,0.3653671745808836
0.29633006385831245,2.696723447493728,3.026484986904089,30.191094494769196,0.7901432017055782,0.0,-0.31567737178483823,1.0408894758796416
0.30091570397595474,2.536804930178141,1.9477691437359246,30.572086840265307,0.797765226312724,0.0,-0.27806759230787176,0.6003250259438515
0.2900640067310212,2.885566902896158,2.7403612174155407,29.699066224109483,0.750345942975085,0.0,-0.3800279451195365,3.32096180858132
0.2965024008537009,2.4586936536735116,1.5191272499721533,30.748210741857694,0.7321302179553333,0.0,-0.23344140726440696,0.4312556260399116
0.28821188154739374,2.623612876498057,2.561489323054947,30.087662386923263,0.7601867206510421,0.0,-0.32082077372108825,0.8523691531637425
0.2905443344676734,2.5589847939696524,3.8963949623386376,30.177295942627616,0.7513725129872242,0.0,-0.003982591571249083,0.00903050851034608
0.3012618713531674,2.4773194698279313,2.495047812244661,30.609682368898174,0.7322091292040175,0.0,-0.3151162179853279,0.6028849360078331
0.2959348705003145,2.412300704576604,1.0690746491002217,30.717423003092446,0.7958399781657328,0.0,-0.4835703440061626,0.8228193359629333
0.2817222302048686,2.4038501166381234,2.700287594428424,30.520302654264135,0.8271859678415355,0.0,-0.4467480991337465,0.7493888896100986
0.30163258411698596,2.5622877951876246,2.1933978168573924,30.473432340423575,0.7491757466583552,0.0,-0.262976290986681,0.6007972546696645
0.30252115660525253,2.5561856412812127,3.164165178621546,30.603881887622567,0.7548533559000694,0.0,-0.3384707228923372,0.762640316256197
0.29689582695423433,2.7486134358300056,3.9566225260939376,30.038473456745265,0.777535999476168,0.0,-0.41549888543759067,1.6528285304723729
0.30019457213089185,2.52239028802395,3.282482587385786,30.635373822069635,0.8371333736122396,0.0,-0.3554913652139422,0.7443135185487364
0.2915179339322224,2.3668665952481165,2.036973134805736,30.785836241588424,0.7970266937572236,0.0,-0.20635790220809352,0.325931155518421
0.29177740713516087,2.459439012438767,3.05610121312972,30.48432932830357,0.7332104796276996,0.0,-0.4463807309902358,0.8257731158219613
0.29630104611311164,2.5422737920929874,3.969072978081727,30.551321836708084,0.7795213477526851,0.0,-0.39769258504280547,0.8688438157414771
0.2830713077147807,2.4117495909876623,1.8047140297067332,30.46434163602414,0.7780779583567587,0.0,-0.4594403736971687,0.7810285665054805
0.29209108865640615,2.6104042415015263,3.9640579772243676,30.20087232285348,0.730102312877125,0.0,-0.1423455015112836,0.3653671745808836
0.29377743342104445,2.78574327118465,3.6269601275154315,29.979012291951342,0.7859003454179789,0.0,-0.3366131332857216,1.5710738007944678
0.30091570397595474,2.536804930178141,1.9477691437359246,30.572086840265307,0.797765226312724,0.0,-0.27806759230787176,0.6003250259438515
0.2900640067310212,2.885566902896158,2.7403612174155407,29.699066224109483,0.750345942975085,0.0,-0.3800279451195365,3.32096180858132
0.2965024008537009,2.4586936536735116,1.5191272499721533,30.748210741857694,0.7321302179553333,0.0,-0.23344140726440696,0.4312556260399116
0.28888238946971695,2.6213298082938166,2.8039186050692777,30.107230344187148,0.7549867317914764,0.0,-0.2899719222438266,0.7657637928596732
0.28586201155590985,2.560079119043203,4.182659236249551,30.010522726732642,0.7500116820142129,0.0,0.12678510481822836,-0.28819978843122795
0.3012618713531674,2.4773194698279313,2.495047812244661,30.609682368898174,0.7322091292040175,0.0,-0.3151162179853279,0.6028849360078331
0.2959348705003145,2.412300704576604,1.0690746491002217,30.717423003092446,0.7958399781657328,0.0,-0.4835703440061626,0.8228193359629333
0.2857550186461562,2.4188142457737443,2.378006485664171,30.5824876670871,0.8012498850636761,0.0,-0.38854709578552526,0.6685420159735432
0.301901446045018,2.5718450026287103,2.285519490838196,30.43643251643859,0.7309525313197978,0.0,-0.25731638197610185,0.6009888558020517
0.30701027450015705,2.591894488570787,3.4233205454610727,30.596594098291096,0.7361130295452883,0.0,-0.3343869225293584,0.8193638977290769
0.29689582695423433,2.7486134358300056,3.9566225260939376,30.038473456745265,0.777535999476168,0.0,-0.41549888543759067,1.6528285304723729
0.2954685330754247,2.4888670035447333,2.9423934446581694,30.635667859347564,0.8375435291844079,0.0,-0.3558228534034128,0.6961453396103605
0.29190932107210266,2.3812196186544714,2.195070834174823,30.766646659844227,0.7955942859344038,0.0,-0.22201422207735652,0.35879324679717534
0.2923583649960678,2.4495550308400653,2.945460643022299,30.53086242419622,0.7315604140541696,0.0,-0.5026720125207917,0.9132102947329104
0.29620366602173887,2.5438505097749484,3.968879802112392,30.54319713410696,0.7783727372572954,0.0,-0.3917661813220211,0.8588548046578645
0.28014518208017747,2.309532175946129,1.3066700905968056,30.596988559279087,0.7759399966018138,0.0,-0.49301068163641026,0.7140241217061335
0.2921116626050453,2.610105676008525,3.9607623654228394,30.201789456883215,0.7301070393582046,0.0,-0.14273309938211126,0.3660815010613802
0.29377743342104445,2.78574327118465,3.6269601275154315,29.979012291951342,0.7859003454179789,0.0,-0.3366131332857216,1.5710738007944678
0.30364900172302195,2.5840226629798972,1.8727169101657257,30.513040947790824,0.7984240731004328,0.0,-0.295078922183827,0.7093629770738371
0.2910178999448949,2.7572442690265038,3.308880756296884,29.933258055990446,0.7409177216312093,0.0,-0.2694849843087903,1.1101076099340879
0.29636564884726035,2.447514817447678,1.410682660522825,30.740792134157168,0.747481709706623,0.0,-0.29371242847793727,0.5316204628711863
0.28888238946971695,2.6213298082938166,2.8039186050692777,30.107230344187148,0.7549867317914764,0.0,-0.2899719222438266,0.7657637928596732
0.28798490671174626,2.523961772040609,3.778364284541086,30.180560676993544,0.743982129014636,0.0,-0.07891051773602703,0.16576508587196614
0.3012618713531674,2.4773194698279313,2.495047812244661,30.609682368898174,0.7322091292040175,0.0,-0.3151162179853279,0.6028849360078331
0.2955962524237342,2.4096862496504716,1.1637903318228227,30.721563560864443,0.7958193112152241,0.0,-0.46156896692590066,0.7819044815618861
0.2824424877869096,2.3964691590239817,2.005029930876473,30.636478293382044,0.8386740118138774,0.0,-0.3567365107215124,0.5910824874245119
0.3041670633799161,2.630112790078219,2.6885854679316132,30.333977639432405,0.7076442382177413,0.0,-0.18392320407305818,0.4972413188116232
0.30701027450015705,2.591894488570787,3.4233205454610727,30.596594098291096,0.7361130295452883,0.0,-0.3343869225293584,0.8193638977290769
0.29689582695423433,2.7486134358300056,3.9566225260939376,30.038473456745265,0.777535999476168,0.0,-0.41549888543759067,1.6528285304723729
0.2954685330754247,2.4888670035447333,2.9423934446581694,30.635667859347564,0.8375435291844079,0.0,-0.3558228534034128,0.6961453396103605
0.29190932107210266,2.3812196186544714,2.195070834174823,30.766646659844227,0.7955942859344038,0.0,-0.22201422207735652,0.35879324679717534
0.29385079013555354,2.488129484631895,3.3871081907260865,30.530577292534858,0.7460852717450142,0.0,-0.46268438253383903,0.9039090329340527
0.2963077242014827,2.5516334333984085,4.11417910127203,30.530107888962423,0.7699971027100885,0.0,-0.39685396482553614,0.8851105197996882
0.28014518208017747,2.309532175946129,1.3066700905968056,30.596988559279087,0.7759399966018138,0.0,-0.49301068163641026,0.7140241217061335
0.2921116626050453,2.610105676008525,3.9607623654228394,30.201789456883215,0.7301070393582046,0.0,-0.14273309938211126,0.3660815010613802
0.2959355292233136,2.883274035006182,3.5705521570180885,29.903922310404,0.8015176280648507,0.0,-0.4326242456658933,3.706324001594727
0.30364900172302195,2.5840226629798972,1.8727169101657257,30.513040947790824,0.7984240731004328,0.0,-0.295078922183827,0.7093629770738371
0.2910178999448949,2.7572442690265038,3.308880756296884,29.933258055990446,0.7409177216312093,0.0,-0.2694849843087903,1.1101076099340879
0.30018098159517076,2.4799707077943354,1.4351482058077734,30.774617208144086,0.7407878311950012,0.0,-0.24683405174589643,0.47465413092206515
0.28802773161080647,2.5669351502694444,2.601826470183802,30.176856218219704,0.7606173246826499,0.0,-0.2981710496724714,0.6885136252872693
0.28854639626824274,2.5219892454661488,3.7240921812151253,30.198708450598275,0.7434842428922557,0.0,-0.08889977638488658,0.18597861144689157
0.3012618713531674,2.4773194698279313,2.495047812244661,30.609682368898174,0.7322091292040175,0.0,-0.3151162179853279,0.6028849360078331
0.2955962524237342,2.4096862496504716,1.1637903318228227,30.721563560864443,0.7958193112152241,0.0,-0.46156896692590066,0.7819044815618861
0.28551830602787426,2.4129359313957304,2.296743299020032,30.60371717602199,0.8054483121712507,0.0,-0.40200442489293614,0.6847709583873729
0.30449655374549056,2.6425235664373874,2.792194857809758,30.29755427924521,0.7049045817941522,0.0,-0.17872298006419535,0.4999573770025646
0.3078946752430544,2.5740816929393286,3.645369086845087,30.70180508389047,0.7470930774780348,0.0,-0.38915406645453343,0.9136824128085649
0.29689582695423433,2.7486134358300056,3.9566225260939376,30.038473456745265,0.777535999476168,0.0,-0.41549888543759067,1.6528285304723729
0.2954685330754247,2.4888670035447333,2.9423934446581694,30.635667859347564,0.8375435291844079,0.0,-0.3558228534034128,0.6961453396103605
0.2854545436280629,2.269713304724897,2.372309287209633,30.90608558314354,0.79403839639074,0.0,-0.18184137647564547,0.2489999854196233
0.29385079013555354,2.488129484631895,3.3871081907260865,30.530577292534858,0.7460852717450142,0.0,-0.46268438253383903,0.9039090329340527
0.2964310562631646,2.5929424558376515,4.081137635036176,30.42700636829199,0.7715780979981013,0.0,-0.40076402388957094,0.9845389911990735
0.27866264328911033,2.2921814777478873,1.1484133669465717,30.593246325430847,0.7699798364025996,0.0,-0.5062836450424404,0.7152732361842756
0.2927023893074726,2.6018738819161955,3.9823605618226012,30.248010528779044,0.7357228114439818,0.0,-0.1785085467656341,0.4483718566990838
0.2959355292233136,2.883274035006182,3.5705521570180885,29.903922310404,0.8015176280648507,0.0,-0.4326242456658933,3.706324001594727
0.30364900172302195,2.5840226629798972,1.8727169101657257,30.513040947790824,0.7984240731004328,0.0,-0.295078922183827,0.7093629770738371
0.2898996202142935,2.758886291087429,3.1856474308954295,29.91324075230085,0.733951068622677,0.0,-0.24170573734656495,1.0024553910130793
0.30018098159517076,2.4799707077943354,1.4351482058077734,30.774617208144086,0.7407878311950012,0.0,-0.24683405174589643,0.47465413092206515
0.2787434315095559,2.633370382253944,3.4930935092070095,29.720205328423262,0.7757657803329475,0.0,-0.3373892090669382,0.9202453722673023
0.2876008241595574,2.5370520464968327,4.067496353613038,30.128579756019708,0.7364647264906631,0.0,-0.03891498455797271,0.08405909187739063
0.3012618713531674,2.4773194698279313,2.495047812244661,30.609682368898174,0.7322091292040175,0.0,-0.3151162179853279,0.6028849360078331
0.2955962524237342,2.4096862496504716,1.1637903318228227,30.721563560864443,0.7958193112152241,0.0,-0.46156896692590066,0.7819044815618861
0.28551830602787426,2.4129359313957304,2.296743299020032,30.60371717602199,0.8054483121712507,0.0,-0.40200442489293614,0.6847709583873729
0.30449655374549056,2.6425235664373874,2.792194857809758,30.29755427924521,0.7049045817941522,0.0,-0.17872298006419535,0.4999573770025646
0.3078946752430544,2.5740816929393286,3.645369086845087,30.70180508389047,0.7470930774780348,0.0,-0.38915406645453343,0.9136824128085649
0.2958586901362098,2.6598928349378625,3.7626464526425005,30.20608358324928,0.7668239097294911,0.0,-0.43157022356233266,1.2689242329942827
0.29472353939612317,2.5193026631368824,3.2224833437968985,30.531261767244022,0.810120590428509,0.0,-0.3080675489881708,0.6408763381102224
0.2854545436280629,2.269713304724897,2.372309287209633,30.90608558314354,0.79403839639074,0.0,-0.18184137647564547,0.2489999854196233
0.29215005887965995,2.419044092917768,2.929652443887504,30.598844013620994,0.7292821807980229,0.0,-0.503497959162831,0.8666715546306736
0.29664401590021056,2.6015930876724185,4.138418648408351,30.41845824753838,0.7736821224504777,0.0,-0.39565349014984175,0.9930889196634324
0.28898529959617025,2.412750317715634,1.4476461086209083,30.56011094279613,0.7817310517757806,0.0,-0.4190282824707444,0.7135436512128022
0.2927023893074726,2.6018738819161955,3.9823605618226012,30.248010528779044,0.7357228114439818,0.0,-0.1785085467656341,0.4483718566990838
0.2959355292233136,2.883274035006182,3.5705521570180885,29.903922310404,0.8015176280648507,0.0,-0.4326242456658933,3.706324001594727
0.3023621597770812,2.627197416114191,1.90205465060264,30.453533859868116,0.8273262583260186,0.0,-0.33100744371779744,0.8878893495523258
0.2898996202142935,2.758886291087429,3.1856474308954295,29.91324075230085,0.733951068622677,0.0,-0.24170573734656495,1.0024553910130793
0.30018098159517076,2.4799707077943354,1.4351482058077734,30.774617208144086,0.7407878311950012,0.0,-0.24683405174589643,0.47465413092206515
0.2787434315095559,2.633370382253944,3.4930935092070095,29.720205328423262,0.7757657803329475,0.0,-0.3373892090669382,0.9202453722673023
0.2876008241595574,2.5370520464968327,4.067496353613038,30.128579756019708,0.7364647264906631,0.0,-0.03891498455797271,0.08405909187739063
0.30708238295667956,2.468829505306821,1.7944418370133817,30.671809877874203,0.7213110906722169,0.0,-0.19921919987922415,0.37505697675150346
0.2955939873982917,2.4065245587112636,1.1477226939089014,30.72702216645572,0.7957812690247172,0.0,-0.4617622030391947,0.778064551477437
0.2860403349424073,2.42540342224925,2.3707486574360024,30.583642850867115,0.803498379299327,0.0,-0.4034970388640407,0.7022266656086328
0.30449655374549056,2.6425235664373874,2.792194857809758,30.29755427924521,0.7049045817941522,0.0,-0.17872298006419535,0.4999573770025646
0.3106990903814782,2.612119585506588,3.804467448453239,30.67627549545404,0.7412261705767861,0.0,-0.41506259748007096,1.070078771629034
0.2958315887378853,2.581105552196247,3.83039874145545,30.312656856335586,0.7545873213549549,0.0,-0.4311984665055,1.0293725991505889
0.29472353939612317,2.5193026631368824,3.2224833437968985,30.531261767244022,0.810120590428509,0.0,-0.3080675489881708,0.6408763381102224
0.2897558688396285,2.3987865920200235,2.976692988339443,30.660107087640014,0.7776857736663609,0.0,-0.2852008518057477,0.47437540151341134
0.2975180835824981,2.4749194637492766,3.1828208400089943,30.6212524130685,0.7327387295766781,0.0,-0.477905075455078,0.910155761757051
0.29912131271888615,2.60141660959403,4.236500542350247,30.525583968734537,0.7975394001968689,0.0,-0.5321282334520812,1.335048690589167
0.28898529959617025,2.412750317715634,1.4476461086209083,30.56011094279613,0.7817310517757806,0.0,-0.4190282824707444,0.7135436512128022
0.2927023893074726,2.6018738819161955,3.9823605618226012,30.248010528779044,0.7357228114439818,0.0,-0.1785085467656341,0.4483718566990838
0.2959355292233136,2.883274035006182,3.5705521570180885,29.903922310404,0.8015176280648507,0.0,-0.4326242456658933,3.706324001594727
0.3023621597770812,2.627197416114191,1.90205465060264,30.453533859868116,0.8273262583260186,0.0,-0.33100744371779744,0.8878893495523258
0.2898996202142935,2.758886291087429,3.1856474308954295,29.91324075230085,0.733951068622677,0.0,-0.24170573734656495,1.0024553910130793
0.30030682531709973,2.484710810851196,1.4747202012630012,30.76070587206261,0.7397414620225675,0.0,-0.2448479070433081,0.4751660081356793
0.2787434315095559,2.633370382253944,3.4930935092070095,29.720205328423262,0.7757657803329475,0.0,-0.3373892090669382,0.9202453722673023
0.2881632025308766,2.5913216633767924,3.851760486185479,30.07589913742224,0.7358497842408105,0.0,-0.08852579411060202,0.21661484394319838
0.30708238295667956,2.468829505306821,1.7944418370133817,30.671809877874203,0.7213110906722169,0.0,-0.19921919987922415,0.37505697675150346
0.2955939873982917,2.4065245587112636,1.1477226939089014,30.72702216645572,0.7957812690247172,0.0,-0.4617622030391947,0.778064551477437
0.2884263504468892,2.454902795202341,2.302232350069046,30.5646227919619,0.80698167172358,0.0,-0.3929001050233396,0.7207890658129219
0.30449655374549056,2.6425235664373874,2.792194857809758,30.29755427924521,0.7049045817941522,0.0,-0.17872298006419535,0.4999573770025646
0.3106990903814782,2.612119585506588,3.804467448453239,30.67627549545404,0.7412261705767861,0.0,-0.41506259748007096,1.070078771629034
0.29641978783290684,2.5634772607931193,3.894330661504773,30.352261953698445,0.7566335603283223,0.0,-0.44998808943778124,1.0308468471891425
0.29472353939612317,2.5193026631368824,3.2224833437968985,30.531261767244022,0.810120590428509,0.0,-0.3080675489881708,0.6408763381102224
0.291695746215798,2.4467283066089016,3.2438187687533078,30.57049288145001,0.7715574410119653,0.0,-0.33317067774245057,0.6021827643131163
0.29440363565479566,2.444372529344374,3.10011577686143,30.636842146760415,0.7507729160760985,0.0,-0.40058599966482433,0.7209614729670283
0.29912131271888615,2.60141660959403,4.236500542350247,30.525583968734537,0.7975394001968689,0.0,-0.5321282334520812,1.335048690589167
0.28898529959617025,2.412750317715634,1.4476461086209083,30.56011094279613,0.7817310517757806,0.0,-0.4190282824707444,0.7135436512128022
0.29424635513134345,2.515380208829113,4.421247178838003,30.432425682708455,0.7366988142019115,0.0,-0.1436950108739083,0.2965108183607765
0.2934294360633259,2.831628578827959,3.4107407516537225,29.90779130237597,0.7734641746067403,0.0,-0.35335539534043064,2.098666109014869
0.3023621597770812,2.627197416114191,1.90205465060264,30.453533859868116,0.8273262583260186,0.0,-0.33100744371779744,0.8878893495523258
0.2898996202142935,2.758886291087429,3.1856474308954295,29.91324075230085,0.733951068622677,0.0,-0.24170573734656495,1.0024553910130793
0.2963352338587955,2.5195780624701736,2.252135068130694,30.53673872273939,0.7384686825144595,0.0,-0.19372250736670166,0.40323409951418926
0.2787434315095559,2.633370382253944,3.4930935092070095,29.720205328423262,0.7757657803329475,0.0,-0.3373892090669382,0.9202453722673023
0.29056940239078666,2.7011205286817814,3.6502537324668802,29.99908882381847,0.7530362117456706,0.0,-0.20952934350748556,0.7010496324265729
0.3086146051213954,2.529534508802705,2.6459914460244223,30.673701741780047,0.7297481366529451,0.0,-0.2906614978223593,0.6178168287808956
0.2955939873982917,2.4065245587112636,1.1477226939089014,30.72702216645572,0.7957812690247172,0.0,-0.4617622030391947,0.778064551477437
0.2884263504468892,2.454902795202341,2.302232350069046,30.5646227919619,0.80698167172358,0.0,-0.3929001050233396,0.7207890658129219
0.30161576198518664,2.6030107297663934,2.55661030640225,30.341149547995155,0.7192960738903387,0.0,-0.22338157448381654,0.5626891990112696
0.3087225949156899,2.6053866702318715,3.816906027475804,30.631426575560678,0.7433588122712917,0.0,-0.4198968725617868,1.064071689642402
0.2963902720219004,2.557927888757789,3.7991171175144665,30.365339331334706,0.7580809382311651,0.0,-0.4509681222657578,1.0201234386818685
0.29246509305167484,2.535423694677354,3.2607283007883816,30.416636292722927,0.8052652730661176,0.0,-0.3122115382833691,0.6720350020144479
0.2966352458169721,2.46632074519663,3.9857622424050416,30.558372107175057,0.7444597869506855,0.0,-0.2726465036991482,0.5108808357177058
0.29440363565479566,2.444372529344374,3.10011577686143,30.636842146760415,0.7507729160760985,0.0,-0.40058599966482433,0.7209614729670283
0.29299644465214836,2.6110207799082086,4.013058764909592,30.2835157249852,0.7909950226125713,0.0,-0.47359659223031786,1.2175369988107807
0.2891966458530914,2.432670577420979,1.5410034363837315,30.529089097419,0.7813379104852248,0.0,-0.415905129305045,0.7330928253542415
0.29425776329306713,2.5109638441107025,4.435358761240026,30.43975212922065,0.7361853910321664,0.0,-0.14076713262173027,0.28784606399040064
0.2934294360633259,2.831628578827959,3.4107407516537225,29.90779130237597,0.7734641746067403,0.0,-0.35335539534043064,2.098666109014869
0.3023621597770812,2.627197416114191,1.90205465060264,30.453533859868116,0.8273262583260186,0.0,-0.33100744371779744,0.8878893495523258
0.2898996202142935,2.758886291087429,3.1856474308954295,29.91324075230085,0.733951068622677,0.0,-0.24170573734656495,1.0024553910130793
0.29441662290060566,2.5019491627473167,2.2746576960617286,30.54556288836111,0.7503992728424745,0.0,-0.23243054418901135,0.4666803603245205
0.2787434315095559,2.633370382253944,3.4930935092070095,29.720205328423262,0.7757657803329475,0.0,-0.3373892090669382,0.9202453722673023
0.29037810015805604,2.7127234107762037,3.749173644748333,29.970638660836062,0.7512516024671765,0.0,-0.19917191567568415,0.6933106391085833
0.3086146051213954,2.529534508802705,2.6459914460244223,30.673701741780047,0.7297481366529451,0.0,-0.2906614978223593,0.6178168287808956
0.2955463463077653,2.3992584299755615,1.0767403517294758,30.739251986428958,0.799464840235811,0.0,-0.4789895411603385,0.7973304413424444
0.28590847711393425,2.4237732051565253,2.374535058441121,30.58469395202717,0.8033058829076917,0.0,-0.4040826547923877,0.7012562734125407
0.30161576198518664,2.6030107297663934,2.55661030640225,30.341149547995155,0.7192960738903387,0.0,-0.22338157448381654,0.5626891990112696
0.3087225949156899,2.6053866702318715,3.816906027475804,30.631426575560678,0.7433588122712917,0.0,-0.4198968725617868,1.064071689642402
0.2963902720219004,2.557927888757789,3.7991171175144665,30.365339331334706,0.7580809382311651,0.0,-0.4509681222657578,1.0201234386818685
0.29499424950831,2.6149350632749506,4.5914682455334255,30.329619210976258,0.8237805005992236,0.0,-0.2319724218742623,0.6024241621352796
0.2966352458169721,2.46632074519663,3.9857622424050416,30.558372107175057,0.7444597869506855,0.0,-0.2726465036991482,0.5108808357177058
0.2933167141190134,2.3822445185550554,2.7176806099246082,30.7853858168543,0.7467745765732876,0.0,-0.3730211090889085,0.6038329408529137
0.29299644465214836,2.6110207799082086,4.013058764909592,30.2835157249852,0.7909950226125713,0.0,-0.47359659223031786,1.2175369988107807
0.2891966458530914,2.432670577420979,1.5410034363837315,30.529089097419,0.7813379104852248,0.0,-0.415905129305045,0.7330928253542415
0.29301178335105876,2.5343601909762383,4.670981205919486,30.377586324943817,0.7318489842476583,0.0,-0.0716524074975885,0.15387947101819224
0.2934294360633259,2.831628578827959,3.4107407516537225,29.90779130237597,0.7734641746067403,0.0,-0.35335539534043064,2.098666109014869
0.2999623959422514,2.546942911212349,1.6114716679960877,30.55413168728267,0.8175165967469638,0.0,-0.38311011454991334,0.8456111250241979
0.2898996202142935,2.758886291087429,3.1856474308954295,29.91324075230085,0.733951068622677,0.0,-0.24170573734656495,1.0024553910130793
0.29758828533816556,2.3215379707769683,1.6349963711459197,30.989554735755238,0.7619485578688773,0.0,-0.2259178666942492,0.3329852769402117
0.2787434315095559,2.633370382253944,3.4930935092070095,29.720205328423262,0.7757657803329475,0.0,-0.3373892090669382,0.9202453722673023
0.2926580607340743,2.574439014583504,2.5702354955921742,30.309710761852898,0.77252076770631,0.0,-0.32261285407138085,0.7580884177050209
0.3067888900161949,2.5210306366520205,2.624164649881499,30.66654495722484,0.7356626408078439,0.0,-0.2997812702230719,0.6258881948682711
0.2955463463077653,2.3992584299755615,1.0767403517294758,30.739251986428958,0.799464840235811,0.0,-0.4789895411603385,0.7973304413424444
0.28590847711393425,2.4237732051565253,2.374535058441121,30.58469395202717,0.8033058829076917,0.0,-0.4040826547923877,0.7012562734125407
0.30161576198518664,2.6030107297663934,2.55661030640225,30.341149547995155,0.7192960738903387,0.0,-0.22338157448381654,0.5626891990112696
0.311953152937006,2.5936838412563152,4.792536804013597,30.722965223480987,0.70041753295566,0.0,-0.4656498671110041,1.1460284241482719
0.29627129397091123,2.562786408194562,3.8666463958699513,30.36229503207737,0.7636802790765282,0.0,-0.4323038948955434,0.9887704842623481
0.29499424950831,2.6149350632749506,4.5914682455334255,30.329619210976258,0.8237805005992236,0.0,-0.2319724218742623,0.6024241621352796
0.29658895425398274,2.466111334975788,3.9705481286185407,30.558189874456907,0.7446892852416028,0.0,-0.2735380243782016,0.5123503125240478
0.2933167141190134,2.3822445185550554,2.7176806099246082,30.7853858168543,0.7467745765732876,0.0,-0.3730211090889085,0.6038329408529137
0.29299644465214836,2.6110207799082086,4.013058764909592,30.2835157249852,0.7909950226125713,0.0,-0.47359659223031786,1.2175369988107807
0.2891966458530914,2.432670577420979,1.5410034363837315,30.529089097419,0.7813379104852248,0.0,-0.415905129305045,0.7330928253542415
0.2939624341834506,2.5480397451768613,4.928071710884763,30.350935490053327,0.7225800993812674,0.0,-0.03155278765609554,0.06981319113655865
0.293586011264342,2.911403164581609,3.1929348978501255,29.771924572741067,0.7671247970125507,0.0,-0.30987464933152303,3.4975814640349974
0.3023953496982959,2.6283073756261066,1.90607355702963,30.45214254214018,0.827461930799379,0.0,-0.33028683800031094,0.8886020769356685
0.2898996202142935,2.758886291087429,3.1856474308954295,29.91324075230085,0.733951068622677,0.0,-0.24170573734656495,1.0024553910130793
0.29758828533816556,2.3215379707769683,1.6349963711459197,30.989554735755238,0.7619485578688773,0.0,-0.2259178666942492,0.3329852769402117
0.28300583113121996,2.629391693391958,3.53913276442774,29.849761615449474,0.7711581985090659,0.0,-0.34912004454425083,0.94201894107431
0.2930390540992487,2.5900432792577015,2.6835217092551344,30.285564078144777,0.7715502764436134,0.0,-0.3123442965282426,0.7618957824686676
0.30391368536913876,2.539790187351704,2.913696687775766,30.586697809063242,0.7471973554359223,0.0,-0.33601520904783844,0.7301348207119385
0.2955463463077653,2.3992584299755615,1.0767403517294758,30.739251986428958,0.799464840235811,0.0,-0.4789895411603385,0.7973304413424444
0.28519186638757393,2.42183414639558,2.5561917033735004,30.596812258115115,0.8080934975111813,0.0,-0.4015061106062572,0.694447982535072
0.30161576198518664,2.6030107297663934,2.55661030640225,30.341149547995155,0.7192960738903387,0.0,-0.22338157448381654,0.5626891990112696
0.311953152937006,2.5936838412563152,4.792536804013597,30.722965223480987,0.70041753295566,0.0,-0.4656498671110041,1.1460284241482719
0.29627129397091123,2.562786408194562,3.8666463958699513,30.36229503207737,0.7636802790765282,0.0,-0.4323038948955434,0.9887704842623481
0.29552297101686914,2.593344495059909,4.291377752983079,30.343147643174145,0.7988978275844625,0.0,-0.31491358933521085,0.7743989335189362
0.29661765988705713,2.4573752123720323,3.9799372942618936,30.575892073208784,0.7429731484445441,0.0,-0.2591910157445202,0.4776615843104936
0.2933167141190134,2.3822445185550554,2.7176806099246082,30.7853858168543,0.7467745765732876,0.0,-0.3730211090889085,0.6038329408529137
0.2971650837215509,2.7120705439229065,4.791211375565256,30.116175463405423,0.7818622587304948,0.0,-0.5121020934941319,1.7785679189315589
0.2891966458530914,2.432670577420979,1.5410034363837315,30.529089097419,0.7813379104852248,0.0,-0.415905129305045,0.7330928253542415
0.2939624341834506,2.5480397451768613,4.928071710884763,30.350935490053327,0.7225800993812674,0.0,-0.03155278765609554,0.06981319113655865
0.297509287162846,2.770234860630163,3.086857912034188,30.08144055556282,0.759554762320991,0.0,-0.31980492277622763,1.39187747825165
0.3023953496982959,2.6283073756261066,1.90607355702963,30.45214254214018,0.827461930799379,0.0,-0.33028683800031094,0.8886020769356685
0.28946575082761167,2.806708604258766,3.2450653114873593,29.802504244962634,0.7323228641645098,0.0,-0.2250325871820195,1.1642141975283715
0.29758828533816556,2.3215379707769683,1.6349963711459197,30.989554735755238,0.7619485578688773,0.0,-0.2259178666942492,0.3329852769402117
0.28300583113121996,2.629391693391958,3.53913276442774,29.849761615449474,0.7711581985090659,0.0,-0.34912004454425083,0.94201894107431
0.28995236024892357,2.6978040481806445,1.564432055830054,30.048511673221665,0.7949063294994477,0.0,-0.3460869586816652,1.1452402211150283
0.3091049600230633,2.57757545764097,3.3978992120534635,30.607018651735295,0.735154648211748,0.0,-0.30783491384083905,0.7287334966896925
0.29559526506319406,2.410293137139862,1.2650004681223623,30.713815301831502,0.7970501332376796,0.0,-0.47583923965891456,0.8069080921850663
0.2831386126679934,2.3028052716956307,2.983948621995209,30.83330037219946,0.8137812691078764,0.0,-0.4254090045368688,0.6101724342802991
0.2994511391868406,2.63930115430859,2.6792641361243383,30.24518552886425,0.7216169019826786,0.0,-0.22367571575500877,0.6201176367122918
0.31172131758005045,2.5923726615089184,4.679016999096968,30.713527479739387,0.7032450421021009,0.0,-0.45280414804288627,1.1108287037837947
0.29627129397091123,2.562786408194562,3.8666463958699513,30.36229503207737,0.7636802790765282,0.0,-0.4323038948955434,0.9887704842623481
0.29552297101686914,2.593344495059909,4.291377752983079,30.343147643174145,0.7988978275844625,0.0,-0.31491358933521085,0.7743989335189362
0.2983731127316432,2.5093100448083345,3.349829047584018,30.538292881589324,0.7686436288901894,0.0,-0.2807922729069145,0.5722397003159274
0.2933167141190134,2.3822445185550554,2.7176806099246082,30.7853858168543,0.7467745765732876,0.0,-0.3730211090889085,0.6038329408529137
0.2971650837215509,2.7120705439229065,4.791211375565256,30.116175463405423,0.7818622587304948,0.0,-0.5121020934941319,1.7785679189315589
0.2891966458530914,2.432670577420979,1.5410034363837315,30.529089097419,0.7813379104852248,0.0,-0.415905129305045,0.7330928253542415
0.2939624341834506,2.5480397451768613,4.928071710884763,30.350935490053327,0.7225800993812674,0.0,-0.03155278765609554,0.06981319113655865
0.297509287162846,2.770234860630163,3.086857912034188,30.08144055556282,0.759554762320991,0.0,-0.31980492277622763,1.39187747825165
0.3023953496982959,2.6283073756261066,1.90607355702963,30.45214254214018,0.827461930799379,0.0,-0.33028683800031094,0.8886020769356685
0.28946575082761167,2.806708604258766,3.2450653114873593,29.802504244962634,0.7323228641645098,0.0,-0.2250325871820195,1.1642141975283715
0.29758828533816556,2.3215379707769683,1.6349963711459197,30.989554735755238,0.7619485578688773,0.0,-0.2259178666942492,0.3329852769402117
0.28302251591220534,2.588354188847227,3.46937061188662,29.97334904443811,0.776514037996586,0.0,-0.3587062010235944,0.8713952415040336
0.28995236024892357,2.6978040481806445,1.564432055830054,30.048511673221665,0.7949063294994477,0.0,-0.3460869586816652,1.1452402211150283
0.3172188828874454,2.629188220941472,3.4342431513578426,30.658979472889122,0.7098349619869082,0.0,-0.3282807789960828,0.8853029961172504
0.29559526506319406,2.410293137139862,1.2650004681223623,30.713815301831502,0.7970501332376796,0.0,-0.47583923965891456,0.8069080921850663
0.2831386126679934,2.3028052716956307,2.983948621995209,30.83330037219946,0.8137812691078764,0.0,-0.4254090045368688,0.6101724342802991
0.2994511391868406,2.63930115430859,2.6792641361243383,30.24518552886425,0.7216169019826786,0.0,-0.22367571575500877,0.6201176367122918
0.3071717944942897,2.539495421530877,4.1810550067221195,30.733175963727756,0.7142211192076711,0.0,-0.43166821281514967,0.9373809360379532
0.2961084455456698,2.5662660158339077,3.8073148699608956,30.354208363011857,0.7644850213576804,0.0,-0.4300819547851866,0.9915800248211419
0.29552297101686914,2.593344495059909,4.291377752983079,30.343147643174145,0.7988978275844625,0.0,-0.31491358933521085,0.7743989335189362
0.2983731127316432,2.5093100448083345,3.349829047584018,30.538292881589324,0.7686436288901894,0.0,-0.2807922729069145,0.5722397003159274
0.29346307007134975,2.380164542790335,2.680584826027679,30.792381213871035,0.7472944795245231,0.0,-0.36798094142509774,0.5936752038704763
0.2971650837215509,2.7120705439229065,4.791211375565256,30.116175463405423,0.7818622587304948,0.0,-0.5121020934941319,1.7785679189315589
0.2851762764786704,2.3730789537859462,1.4298018555486383,30.5525272757385,0.767288379495591,0.0,-0.44198474744700944,0.7050086292622241
0.2939624341834506,2.5480397451768613,4.928071710884763,30.350935490053327,0.7225800993812674,0.0,-0.03155278765609554,0.06981319113655865
0.29597729740679146,2.622545372508659,2.9330336876170833,30.350618847548166,0.7549127405940809,0.0,-0.33804545841448475,0.8955923011494669
0.3023953496982959,2.6283073756261066,1.90607355702963,30.45214254214018,0.827461930799379,0.0,-0.33028683800031094,0.8886020769356685
0.29177023322889273,2.7962588348044077,3.1997387097792003,29.88241981842012,0.7401248342731287,0.0,-0.2521849702139026,1.2377713162276467
0.29713760015588847,2.396069892512085,2.296575931019221,30.79606000932541,0.7627210377789239,0.0,-0.2880960360625159,0.4770353928219762
0.27756602253577534,2.577101095911347,3.9096841003213507,29.838493525739295,0.7621642096394613,0.0,-0.3667107122794668,0.8671356410102986
0.28995236024892357,2.6978040481806445,1.564432055830054,30.048511673221665,0.7949063294994477,0.0,-0.3460869586816652,1.1452402211150283
0.3172188828874454,2.629188220941472,3.4342431513578426,30.658979472889122,0.7098349619869082,0.0,-0.3282807789960828,0.8853029961172504
0.29559526506319406,2.410293137139862,1.2650004681223623,30.713815301831502,0.7970501332376796,0.0,-0.47583923965891456,0.8069080921850663
0.2831386126679934,2.3028052716956307,2.983948621995209,30.83330037219946,0.8137812691078764,0.0,-0.4254090045368688,0.6101724342802991
0.2985076018403564,2.633592065876246,2.766175389278257,30.27397651998104,0.7308808027656486,0.0,-0.25670048754968394,0.7005865966400813
0.30408901532475235,2.5092963628376066,3.5144194395548336,30.718306092337592,0.7339543454819354,0.0,-0.43127909004803433,0.8788993139362178
0.2961182930628817,2.5620401691061745,3.872962000486531,30.35447788887485,0.7652037749776901,0.0,-0.43699269701821986,0.9977917292697098
0.29552297101686914,2.593344495059909,4.291377752983079,30.343147643174145,0.7988978275844625,0.0,-0.31491358933521085,0.7743989335189362
0.29848819260604376,2.5104980156631505,3.3665721884300197,30.53816875393786,0.7686554470204687,0.0,-0.2793866322390449,0.5707568941064511
0.29346307007134975,2.380164542790335,2.680584826027679,30.792381213871035,0.7472944795245231,0.0,-0.36798094142509774,0.5936752038704763
0.2971064496407085,2.707405190269826,4.701971944224391,30.12785816363301,0.7805564466694082,0.0,-0.5037806928032772,1.7217690678377227
0.2851762764786704,2.3730789537859462,1.4298018555486383,30.5525272757385,0.767288379495591,0.0,-0.44198474744700944,0.7050086292622241
0.2951456435183372,2.491408958044732,3.94745828831741,30.516808862016077,0.7375384144537706,0.0,-0.12715231503562285,0.250008955224198
0.2959870945096062,2.6183411600173057,2.9983447374396204,30.350886993572605,0.7556278145525421,0.0,-0.3449208210796677,0.9037412079733501
0.3029353851680495,2.628339465662105,1.9617462346703665,30.459677809045452,0.8231766679981436,0.0,-0.330213755355109,0.8884821627439603
0.29324193135752263,2.718235912789225,3.405853264035005,30.042469688616542,0.7483888008860038,0.0,-0.31253486555442533,1.109207595078049
0.29713760015588847,2.396069892512085,2.296575931019221,30.79606000932541,0.7627210377789239,0.0,-0.2880960360625159,0.4770353928219762
0.27756602253577534,2.577101095911347,3.9096841003213507,29.838493525739295,0.7621642096394613,0.0,-0.3667107122794668,0.8671356410102986
0.28995236024892357,2.6978040481806445,1.564432055830054,30.048511673221665,0.7949063294994477,0.0,-0.3460869586816652,1.1452402211150283
0.31615576565885695,2.6180439437652536,3.4005155261938356,30.664949451279654,0.7115113457325263,0.0,-0.3300574358077347,0.8641241064780623
0.29542748060603036,2.4244475361914413,1.6414059046213687,30.676526937806663,0.7893978317283374,0.0,-0.4301857907321056,0.7474310645557323
0.28850965996231714,2.413599592720719,2.883628491844407,30.639658226428995,0.7834353153950093,0.0,-0.3589864896900753,0.61218663089895
0.2981283100201333,2.6296054463996414,2.9062862477023295,30.270897954708406,0.7340731953433833,0.0,-0.2840440925858755,0.7668689774859597
0.30699456637901357,2.541406312645984,3.821425033221721,30.71015339007264,0.7233735290112914,0.0,-0.46719400745263895,1.0187536818228897
0.29467875392312715,2.5933482249444695,4.180556453817521,30.24289923962934,0.7631071388491618,0.0,-0.5327267544245501,1.310031794037548
0.29552297101686914,2.593344495059909,4.291377752983079,30.343147643174145,0.7988978275844625,0.0,-0.31491358933521085,0.7743989335189362
0.2974795784860522,2.48264794729105,3.2029526949403575,30.593954629553515,0.7647907444561117,0.0,-0.3024483842436493,0.5846084550355494
0.2932443548922401,2.3657040494009527,2.5159058595849055,30.828202447352126,0.7485626556764619,0.0,-0.39928589054919705,0.6294946234042642
0.2971064496407085,2.707405190269826,4.701971944224391,30.12785816363301,0.7805564466694082,0.0,-0.5037806928032772,1.7217690678377227
0.28743392631451253,2.526576168516573,1.4934414113407304,30.314279624101584,0.7803433557673323,0.0,-0.3966539623355442,0.8378411392866896
0.2951411519380528,2.49111199435307,3.9440764069045833,30.51754449429694,0.7375644579822738,0.0,-0.12779519996415478,0.25112637465623433
0.2959870945096062,2.6183411600173057,2.9983447374396204,30.350886993572605,0.7556278145525421,0.0,-0.3449208210796677,0.9037412079733501
0.3029353851680495,2.628339465662105,1.9617462346703665,30.459677809045452,0.8231766679981436,0.0,-0.330213755355109,0.8884821627439603
0.28873922312213196,2.7906154032667816,3.952845872868811,29.844506728432762,0.763360001149812,0.0,-0.3602791964006974,1.7206575938331183
0.29435500040386897,2.4017234017343516,2.4859064402167372,30.745618820288513,0.7694016060796557,0.0,-0.3109589389407225,0.5197578174412393
0.2827968980633205,2.5516031112099626,3.920923937389367,30.040328542319482,0.754836721207774,0.0,-0.2954293030384046,0.6588567191792891
0.28995236024892357,2.6978040481806445,1.564432055830054,30.048511673221665,0.7949063294994477,0.0,-0.3460869586816652,1.1452402211150283
0.31615576565885695,2.6180439437652536,3.4005155261938356,30.664949451279654,0.7115113457325263,0.0,-0.3300574358077347,0.8641241064780623
0.29542748060603036,2.4244475361914413,1.6414059046213687,30.676526937806663,0.7893978317283374,0.0,-0.4301857907321056,0.7474310645557323
0.28549046497453096,2.325629434879239,2.2489034532595062,30.83383467307001,0.793384058132265,0.0,-0.27395686624856413,0.40624084207991207
0.2934312354398425,2.632617809387644,2.777514233095266,30.16822737795244,0.7399517115586092,0.0,-0.27205526237417665,0.7405238177732902
0.30699456637901357,2.541406312645984,3.821425033221721,30.71015339007264,0.7233735290112914,0.0,-0.46719400745263895,1.0187536818228897
0.29012989351842633,2.61253303382698,4.313202083578744,30.070318347260546,0.7777827962753133,0.0,-0.5569313547283915,1.4373647390619062
0.29552297101686914,2.593344495059909,4.291377752983079,30.343147643174145,0.7988978275844625,0.0,-0.31491358933521085,0.7743989335189362
0.29944558982125313,2.533566365610519,3.6541243499834506,30.498526219609367,0.7618895507657956,0.0,-0.2970934702158321,0.6369469273044608
0.29408450703471334,2.35545068560255,2.437786832634306,30.86631343702917,0.7421927194140405,0.0,-0.405558483737822,0.629212497288829
0.2971064496407085,2.707405190269826,4.701971944224391,30.12785816363301,0.7805564466694082,0.0,-0.5037806928032772,1.7217690678377227
0.28743392631451253,2.526576168516573,1.4934414113407304,30.314279624101584,0.7803433557673323,0.0,-0.3966539623355442,0.8378411392866896
0.2951411519380528,2.49111199435307,3.9440764069045833,30.51754449429694,0.7375644579822738,0.0,-0.12779519996415478,0.25112637465623433
0.2959870945096062,2.6183411600173057,2.9983447374396204,30.350886993572605,0.7556278145525421,0.0,-0.3449208210796677,0.9037412079733501
0.3029353851680495,2.628339465662105,1.9617462346703665,30.459677809045452,0.8231766679981436,0.0,-0.330213755355109,0.8884821627439603
0.28873922312213196,2.7906154032667816,3.952845872868811,29.844506728432762,0.763360001149812,0.0,-0.3602791964006974,1.7206575938331183
0.28492335339275715,2.297491981779441,1.4893421617621017,30.772083132397892,0.8037477676775104,0.0,-0.19437629521237154,0.27668907709370116
0.2796398719792711,2.5550233484968756,3.9715160961548004,29.95344231486766,0.7534993208159132,0.0,-0.29511373354719495,0.6632117270654656
0.2958417398020845,2.6798774649463937,1.9771033204649173,30.187059926362625,0.7761627843552388,0.0,-0.3424842229767532,1.069853526304864
0.31615576565885695,2.6180439437652536,3.4005155261938356,30.664949451279654,0.7115113457325263,0.0,-0.3300574358077347,0.8641241064780623
0.29542748060603036,2.4244475361914413,1.6414059046213687,30.676526937806663,0.7893978317283374,0.0,-0.4301857907321056,0.7474310645557323
0.2887488285958358,2.4205682391733254,2.9339088880270072,30.62427633967027,0.7826472155156298,0.0,-0.3657221986884601,0.6311738903761243
0.29530199302473387,2.643143268068503,2.6155514186078506,30.19736233527816,0.7381140185090638,0.0,-0.2689274490897071,0.7536006050218808
0.3063934700810699,2.5565236190463354,3.4730458865646145,30.669371451423068,0.7431024817718507,0.0,-0.4412840802881344,0.9950565559752792
0.29012989351842633,2.61253303382698,4.313202083578744,30.070318347260546,0.7777827962753133,0.0,-0.5569313547283915,1.4373647390619062
0.29552897318489957,2.603960722574852,4.457945015288315,30.322192674746642,0.799494961588978,0.0,-0.30766801236108227,0.7768623717359241
0.2996575132654024,2.5336896946267373,3.692245578555564,30.50177690783177,0.7615639677263281,0.0,-0.29533691065358936,0.6333484532733713
0.29408450703471334,2.35545068560255,2.437786832634306,30.86631343702917,0.7421927194140405,0.0,-0.405558483737822,0.629212497288829
0.2971064496407085,2.707405190269826,4.701971944224391,30.12785816363301,0.7805564466694082,0.0,-0.5037806928032772,1.7217690678377227
0.2864147924129439,2.50752333398299,1.1553784126789512,30.333921699280552,0.7803209036981982,0.0,-0.38536668195357904,0.7825074943556182
0.2951411519380528,2.49111199435307,3.9440764069045833,30.51754449429694,0.7375644579822738,0.0,-0.12779519996415478,0.25112637465623433
0.2959870945096062,2.6183411600173057,2.9983447374396204,30.350886993572605,0.7556278145525421,0.0,-0.3449208210796677,0.9037412079733501
0.3037826959997726,2.6221834340611405,1.9599118851270616,30.49224105022845,0.828792309998395,0.0,-0.3287480914277846,0.8701261963219066
0.2941631338174501,2.6629816730115152,3.823386708019646,30.171020743812104,0.7624677804113122,0.0,-0.32801762855261735,0.9732931484281715
0.28492335339275715,2.297491981779441,1.4893421617621017,30.772083132397892,0.8037477676775104,0.0,-0.19437629521237154,0.27668907709370116
0.28658580322350324,2.574345418536818,3.3927741673505523,30.108455620979544,0.7751612409620458,0.0,-0.30479039511272216,0.7160510150390238
0.2958417398020845,2.6798774649463937,1.9771033204649173,30.187059926362625,0.7761627843552388,0.0,-0.3424842229767532,1.069853526304864
0.3087275417150676,2.652890095212357,3.908014573246368,30.455512306182346,0.7384352768328383,0.0,-0.39780030153466844,1.1460355813759822
0.29542748060603036,2.4244475361914413,1.6414059046213687,30.676526937806663,0.7893978317283374,0.0,-0.4301857907321056,0.7474310645557323
0.2804997060168305,2.361130685469005,2.793466512231241,30.61203427545989,0.804058163709353,0.0,-0.37645681671884246,0.5892548102661744
0.2945598860722864,2.6184280614736792,2.5350237435895417,30.23845676714808,0.7428070479715216,0.0,-0.2635967957895485,0.6908180848088378
0.3063934700810699,2.5565236190463354,3.4730458865646145,30.669371451423068,0.7431024817718507,0.0,-0.4412840802881344,0.9950565559752792
0.29489729372656703,2.6159028416117067,3.4914604523464328,30.21764885941706,0.7955947265857998,0.0,-0.47725240687575476,1.2425304287028558
0.29552897318489957,2.603960722574852,4.457945015288315,30.322192674746642,0.799494961588978,0.0,-0.30766801236108227,0.7768623717359241
0.2995428883017589,2.531230751031141,3.7403813096040786,30.502041877264997,0.7596959180458759,0.0,-0.29440852623327773,0.6280457322678088
0.2940820839564708,2.36439473607264,2.479685844406162,30.8458893847918,0.7427923872900752,0.0,-0.4032888387602419,0.6344957501899036
0.29714874539746283,2.714533319414251,4.77907220877241,30.11403637149043,0.7803337188738979,0.0,-0.5056346591433758,1.7712563095134746
0.2864147924129439,2.50752333398299,1.1553784126789512,30.333921699280552,0.7803209036981982,0.0,-0.38536668195357904,0.7825074943556182
0.2951411519380528,2.49111199435307,3.9440764069045833,30.51754449429694,0.7375644579822738,0.0,-0.12779519996415478,0.25112637465623433
0.29531767310197005,2.5629087651212146,1.972169745506013,30.48737625940211,0.7413906100527966,0.0,-0.25230669335174,0.5772403407304884
0.3037826959997726,2.6221834340611405,1.9599118851270616,30.49224105022845,0.828792309998395,0.0,-0.3287480914277846,0.8701261963219066
0.29400011132726545,2.6669715657886623,3.897127549655753,30.154944605734006,0.7630791248727744,0.0,-0.3265068500859103,0.9804173354120003
0.28492335339275715,2.297491981779441,1.4893421617621017,30.772083132397892,0.8037477676775104,0.0,-0.19437629521237154,0.27668907709370116
0.28658580322350324,2.574345418536818,3.3927741673505523,30.108455620979544,0.7751612409620458,0.0,-0.30479039511272216,0.7160510150390238
0.296064951697621,2.6950688659147723,1.7130735639786514,30.182799372489722,0.7918978243846312,0.0,-0.3729035744538785,1.2229107912268895
0.3087275417150676,2.652890095212357,3.908014573246368,30.455512306182346,0.7384352768328383,0.0,-0.39780030153466844,1.1460355813759822
0.29542748060603036,2.4244475361914413,1.6414059046213687,30.676526937806663,0.7893978317283374,0.0,-0.4301857907321056,0.7474310645557323
0.27810686580277844,2.3395777942089477,2.6812075952505756,30.62580559384372,0.8093657555278045,0.0,-0.3865888203910025,0.5853661748516577
0.2943005375206412,2.6088003620425124,2.310217894307998,30.25092104015632,0.7390476750106394,0.0,-0.23934975822607352,0.6118353265247247
0.312914663869121,2.6350658913167866,4.56227539014767,30.66511626647497,0.7155718198795452,0.0,-0.44788394955442384,1.2273008713011704
0.30620126899441436,2.8019357120010357,4.036954486142777,29.942861721631996,0.7863235292536173,0.0,-0.5382906927354001,2.7177574421604715
0.29552897318489957,2.603960722574852,4.457945015288315,30.322192674746642,0.799494961588978,0.0,-0.30766801236108227,0.7768623717359241
0.2939268677708568,2.4568412946246787,3.6378807787824066,30.530492708748262,0.7726958857288753,0.0,-0.2311889025098984,0.4256378480579584
0.29479415192432423,2.4831431784280618,2.204387579510854,30.60776701900558,0.7604266490599468,0.0,-0.39237718138728367,0.7591603032227195
0.29714874539746283,2.714533319414251,4.77907220877241,30.11403637149043,0.7803337188738979,0.0,-0.5056346591433758,1.7712563095134746
0.2864147924129439,2.50752333398299,1.1553784126789512,30.333921699280552,0.7803209036981982,0.0,-0.38536668195357904,0.7825074943556182
0.2969531562174926,2.516095884068809,3.6037376963597114,30.511993504351064,0.7544102550728515,0.0,-0.17596043374515238,0.3636266523721263
0.29531767310197005,2.5629087651212146,1.972169745506013,30.48737625940211,0.7413906100527966,0.0,-0.25230669335174,0.5772403407304884
0.3022271364183563,2.5888134494721897,2.613155256037838,30.495836913882748,0.8034412652815817,0.0,-0.31614911443054744,0.7688702707438505
0.29400011132726545,2.6669715657886623,3.897127549655753,30.154944605734006,0.7630791248727744,0.0,-0.3265068500859103,0.9804173354120003
0.28492335339275715,2.297491981779441,1.4893421617621017,30.772083132397892,0.8037477676775104,0.0,-0.19437629521237154,0.27668907709370116
0.28539348023088296,2.5413319850699345,3.2927124328906348,30.181206277962776,0.7799711395548207,0.0,-0.3162930325754116,0.6895903404636526
0.296064951697621,2.6950688659147723,1.7130735639786514,30.182799372489722,0.7918978243846312,0.0,-0.3729035744538785,1.2229107912268895
0.3087275417150676,2.652890095212357,3.908014573246368,30.455512306182346,0.7384352768328383,0.0,-0.39780030153466844,1.1460355813759822
0.29542748060603036,2.4244475361914413,1.6414059046213687,30.676526937806663,0.7893978317283374,0.0,-0.4301857907321056,0.7474310645557323
0.2860060299653455,2.4204024404991458,2.997684923926469,30.581875321407093,0.7910679394722112,0.0,-0.3894810272878398,0.6719852782390222
0.2939403079392536,2.6097086806343004,2.296450703560642,30.23979067468607,0.7361212652898148,0.0,-0.23585956018611018,0.604316694948349
0.312914663869121,2.6350658913167866,4.56227539014767,30.66511626647497,0.7155718198795452,0.0,-0.44788394955442384,1.2273008713011704
0.30620126899441436,2.8019357120010357,4.036954486142777,29.942861721631996,0.7863235292536173,0.0,-0.5382906927354001,2.7177574421604715
0.2952751115256766,2.597078559821862,4.576898520343467,30.334156065209275,0.8031819565994573,0.0,-0.26847375561314807,0.6663178695441263
0.2939268677708568,2.4568412946246787,3.6378807787824066,30.530492708748262,0.7726958857288753,0.0,-0.2311889025098984,0.4256378480579584
0.29479415192432423,2.4831431784280618,2.204387579510854,30.60776701900558,0.7604266490599468,0.0,-0.39237718138728367,0.7591603032227195
0.2966773805832357,2.6350939257780386,3.9198287606262943,30.26807325333214,0.7828159074906831,0.0,-0.48497314208955283,1.329035541881822
0.2864147924129439,2.50752333398299,1.1553784126789512,30.333921699280552,0.7803209036981982,0.0,-0.38536668195357904,0.7825074943556182
0.2991509664756844,2.556034186128461,3.990031658406911,30.4644758799229,0.7453964339075347,0.0,-0.1725959090030784,0.38875945762125463
0.29531767310197005,2.5629087651212146,1.972169745506013,30.48737625940211,0.7413906100527966,0.0,-0.25230669335174,0.5772403407304884
0.3022271364183563,2.5888134494721897,2.613155256037838,30.495836913882748,0.8034412652815817,0.0,-0.31614911443054744,0.7688702707438505
0.29400011132726545,2.6669715657886623,3.897127549655753,30.154944605734006,0.7630791248727744,0.0,-0.3265068500859103,0.9804173354120003
0.29193810717226476,2.4249631109525978,2.7222770887748244,30.6204210704395,0.7749783432690396,0.0,-0.18363773733971536,0.3193494901586696
0.28539348023088296,2.5413319850699345,3.2927124328906348,30.181206277962776,0.7799711395548207,0.0,-0.3162930325754116,0.6895903404636526
0.296064951697621,2.6950688659147723,1.7130735639786514,30.182799372489722,0.7918978243846312,0.0,-0.3729035744538785,1.2229107912268895
0.3087275417150676,2.652890095212357,3.908014573246368,30.455512306182346,0.7384352768328383,0.0,-0.39780030153466844,1.1460355813759822
0.29542748060603036,2.4244475361914413,1.6414059046213687,30.676526937806663,0.7893978317283374,0.0,-0.4301857907321056,0.7474310645557323
0.2869850089398763,2.428212238859857,3.0546072179254553,30.584903759615177,0.7883212703546271,0.0,-0.3916058186523734,0.6848796796061404
0.2939403079392536,2.6097086806343004,2.296450703560642,30.23979067468607,0.7361212652898148,0.0,-0.23585956018611018,0.604316694948349
0.312914663869121,2.6350658913167866,4.56227539014767,30.66511626647497,0.7155718198795452,0.0,-0.44788394955442384,1.2273008713011704
0.3021538906177239,2.759264340400279,3.109041012346329,30.038667568213246,0.7885493160870359,0.0,-0.47225248312572876,1.9617055649792736
0.2952751115256766,2.597078559821862,4.576898520343467,30.334156065209275,0.8031819565994573,0.0,-0.26847375561314807,0.6663178695441263
0.29121567721630004,2.4053623992746145,3.455122337075606,30.56475396851116,0.7868636915274524,0.0,-0.26159735754389224,0.43992737294912954
0.3016936484954384,2.5215668311607704,1.4707826832085942,30.649315587989125,0.7339880145112225,0.0,-0.3940347223768989,0.8235940734061197
0.2966773805832357,2.6350939257780386,3.9198287606262943,30.26807325333214,0.7828159074906831,0.0,-0.48497314208955283,1.329035541881822
0.2864147924129439,2.50752333398299,1.1553784126789512,30.333921699280552,0.7803209036981982,0.0,-0.38536668195357904,0.7825074943556182
0.2991509664756844,2.556034186128461,3.990031658406911,30.4644758799229,0.7453964339075347,0.0,-0.1725959090030784,0.38875945762125463
0.29536413278741364,2.565375251408905,2.038719077947471,30.47988292071035,0.7428060661820667,0.0,-0.2602566459485861,0.5988076997277523
0.3032369801956953,2.5995742122812393,2.161154848710018,30.50613210094506,0.8224961981566032,0.0,-0.36327470044159843,0.9072210421591145
0.29415574179368786,2.6405284242650295,3.6511792747708753,30.211814333018882,0.7659487344997317,0.0,-0.3378112841458294,0.9397440769973127
0.29052013407325833,2.3670849009089188,3.0370015404487454,30.67624302122768,0.7890708341829218,0.0,-0.15482612827890369,0.24462385002545664
0.28539348023088296,2.5413319850699345,3.2927124328906348,30.181206277962776,0.7799711395548207,0.0,-0.3162930325754116,0.6895903404636526
0.296064951697621,2.6950688659147723,1.7130735639786514,30.182799372489722,0.7918978243846312,0.0,-0.3729035744538785,1.2229107912268895
0.3087275417150676,2.652890095212357,3.908014573246368,30.455512306182346,0.7384352768328383,0.0,-0.39780030153466844,1.1460355813759822
0.29542748060603036,2.4244475361914413,1.6414059046213687,30.676526937806663,0.7893978317283374,0.0,-0.4301857907321056,0.7474310645557323
0.28746532448896456,2.442328559939349,2.983642070808611,30.56363303196348,0.7885104647756271,0.0,-0.39061649758162975,0.7004419977812513
0.2939403079392536,2.6097086806343004,2.296450703560642,30.23979067468607,0.7361212652898148,0.0,-0.23585956018611018,0.604316694948349
0.3151385277520873,2.6511564245388386,4.693979805815139,30.693661716771096,0.7133440036056798,0.0,-0.5014608754855359,1.4374949426046293
0.3021538906177239,2.759264340400279,3.109041012346329,30.038667568213246,0.7885493160870359,0.0,-0.47225248312572876,1.9617055649792736
0.2949386251841042,2.5538642136869725,4.896585932415853,30.430486264187703,0.8221126180800479,0.0,-0.2448736063984725,0.5488768529917009
0.29121567721630004,2.4053623992746145,3.455122337075606,30.56475396851116,0.7868636915274524,0.0,-0.26159735754389224,0.43992737294912954
0.3016936484954384,2.5215668311607704,1.4707826832085942,30.649315587989125,0.7339880145112225,0.0,-0.3940347223768989,0.8235940734061197
0.2966773805832357,2.6350939257780386,3.9198287606262943,30.26807325333214,0.7828159074906831,0.0,-0.48497314208955283,1.329035541881822
0.2864147924129439,2.50752333398299,1.1553784126789512,30.333921699280552,0.7803209036981982,0.0,-0.38536668195357904,0.7825074943556182
0.30030406050860975,2.543823197068893,3.8154346506888355,30.503246938865114,0.7282048355982655,0.0,-0.1440715771480955,0.3158239880291623
0.2957596380339822,2.563649730096269,2.18096818974401,30.48175351321345,0.7416370484093021,0.0,-0.25095452517334627,0.5751217370135068
0.3032369801956953,2.5995742122812393,2.161154848710018,30.50613210094506,0.8224961981566032,0.0,-0.36327470044159843,0.9072210421591145
0.2960504923428257,2.6966593477434504,3.8402282422970853,30.112177996052036,0.759559170309233,0.0,-0.3228566553689088,1.0643369194573156
0.29052013407325833,2.3670849009089188,3.0370015404487454,30.67624302122768,0.7890708341829218,0.0,-0.15482612827890369,0.24462385002545664
0.2782845224821714,2.4844585980836116,4.121368722934821,30.132477788837885,0.8164439589531738,0.0,-0.3831948324370952,0.7432862443494742
0.296064951697621,2.6950688659147723,1.7130735639786514,30.182799372489722,0.7918978243846312,0.0,-0.3729035744538785,1.2229107912268895
0.3087275417150676,2.652890095212357,3.908014573246368,30.455512306182346,0.7384352768328383,0.0,-0.39780030153466844,1.1460355813759822
0.29542748060603036,2.4244475361914413,1.6414059046213687,30.676526937806663,0.7893978317283374,0.0,-0.4301857907321056,0.7474310645557323
0.2836876215050075,2.4212903369202103,3.3853150591552135,30.540883813754515,0.8029864932216182,0.0,-0.3897089389680468,0.6734101118928709
0.2939403079392536,2.6097086806343004,2.296450703560642,30.23979067468607,0.7361212652898148,0.0,-0.23585956018611018,0.604316694948349
0.31629393334277434,2.656382548517254,4.711931668620926,30.711255328184265,0.7101117290147463,0.0,-0.5051686203107136,1.4701483237561341
0.3021538906177239,2.759264340400279,3.109041012346329,30.038667568213246,0.7885493160870359,0.0,-0.47225248312572876,1.9617055649792736
0.2949386251841042,2.5538642136869725,4.896585932415853,30.430486264187703,0.8221126180800479,0.0,-0.2448736063984725,0.5488768529917009
0.29070473803255253,2.4030471572332197,3.6751465660809743,30.55119464856851,0.7865562717820533,0.0,-0.24114568198551045,0.40396102457245875
0.3016936484954384,2.5215668311607704,1.4707826832085942,30.649315587989125,0.7339880145112225,0.0,-0.3940347223768989,0.8235940734061197
0.30148895008881044,2.6745001097008534,3.867105930304329,30.303545010819196,0.7740188132022507,0.0,-0.5115983358664992,1.5717312082542365
0.2859421463202385,2.50444406164528,1.0970699223931821,30.33134607202442,0.7812081577792783,0.0,-0.38510330330697595,0.7771136888916022
0.30030406050860975,2.543823197068893,3.8154346506888355,30.503246938865114,0.7282048355982655,0.0,-0.1440715771480955,0.3158239880291623
0.2957596380339822,2.563649730096269,2.18096818974401,30.48175351321345,0.7416370484093021,0.0,-0.25095452517334627,0.5751217370135068
0.3032369801956953,2.5995742122812393,2.161154848710018,30.50613210094506,0.8224961981566032,0.0,-0.36327470044159843,0.9072210421591145
0.29638666303686717,2.7151233115049678,3.85060949411789,30.08457019288596,0.757861442764631,0.0,-0.32799509478059535,1.151358142055611
0.2903910086364111,2.357924869058476,3.0649603384711197,30.692720867711017,0.7910698951903673,0.0,-0.15176678752483236,0.23636920386915636
0.2747752979798135,2.468556015923033,4.511025722642382,30.06233880026161,0.8314661339223716,0.0,-0.40975036078673177,0.7710132639819087
0.29506175816855634,2.7259918530282823,1.756256675890834,30.099652941725463,0.802218996162243,0.0,-0.3691374041271518,1.3471767471397593
0.3087275417150676,2.652890095212357,3.908014573246368,30.455512306182346,0.7384352768328383,0.0,-0.39780030153466844,1.1460355813759822
0.2974434100681912,2.459073248161197,1.984962461001807,30.64302709868507,0.7816732870786128,0.0,-0.4252770266832515,0.7862007660696817
0.2865505593127696,2.4473994106428476,3.2060409149393694,30.535794542333345,0.8058436238702701,0.0,-0.38583773367204793,0.6982217194536439
0.28958546850918876,2.6592155478671575,2.7602058585311573,30.009771726450474,0.7373194539334723,0.0,-0.14701689576633667,0.43140728647158894
0.31629393334277434,2.656382548517254,4.711931668620926,30.711255328184265,0.7101117290147463,0.0,-0.5051686203107136,1.4701483237561341
0.3021538906177239,2.759264340400279,3.109041012346329,30.038667568213246,0.7885493160870359,0.0,-0.47225248312572876,1.9617055649792736
0.29451769629821056,2.5364199710565316,4.726689885210454,30.453494526098794,0.8192812506746814,0.0,-0.2369193778614309,0.5110646772281949
0.29072326870679444,2.4049175646271483,3.7044314149954887,30.545228877454257,0.7863643273250595,0.0,-0.2449081109146503,0.4115532510402563
0.3016936484954384,2.5215668311607704,1.4707826832085942,30.649315587989125,0.7339880145112225,0.0,-0.3940347223768989,0.8235940734061197
0.30013310180239866,2.636571692342784,3.764603406548938,30.34967578876604,0.7760562894314706,0.0,-0.4686701643740501,1.289580790762446
0.2859421463202385,2.50444406164528,1.0970699223931821,30.33134607202442,0.7812081577792783,0.0,-0.38510330330697595,0.7771136888916022
0.29846334058578683,2.5472679686887982,4.186345226159022,30.478284933850343,0.7604217789901355,0.0,-0.17865372981233313,0.3946125245322636
0.2954044989881137,2.477857005837661,1.2353044330362346,30.706713131676782,0.7324477562684238,0.0,-0.20731971913276462,0.3970554454443319
0.30330172479020856,2.5999303396122833,2.1651383357777862,30.506786426430377,0.8226507632395481,0.0,-0.3631929833200876,0.9078243598080117
0.29638666303686717,2.7151233115049678,3.85060949411789,30.08457019288596,0.757861442764631,0.0,-0.32799509478059535,1.151358142055611
0.2902904947372661,2.3612352019705427,3.020499457294587,30.68455626580029,0.790847087288237,0.0,-0.1570385989110641,0.24584729683839293
0.2824290877786736,2.4653542004883144,3.6581114107737416,30.258405687414054,0.8146537949969627,0.0,-0.4149928722312566,0.7762015012748383
0.29506175816855634,2.7259918530282823,1.756256675890834,30.099652941725463,0.802218996162243,0.0,-0.3691374041271518,1.3471767471397593
0.3086058565301496,2.6528339284360207,3.895085715579103,30.451399363255913,0.7388907853927121,0.0,-0.39607356911485064,1.1408763746138662
0.2974434100681912,2.459073248161197,1.984962461001807,30.64302709868507,0.7816732870786128,0.0,-0.4252770266832515,0.7862007660696817
0.2865505593127696,2.4473994106428476,3.2060409149393694,30.535794542333345,0.8058436238702701,0.0,-0.38583773367204793,0.6982217194536439
0.28958546850918876,2.6592155478671575,2.7602058585311573,30.009771726450474,0.7373194539334723,0.0,-0.14701689576633667,0.43140728647158894
0.31629393334277434,2.656382548517254,4.711931668620926,30.711255328184265,0.7101117290147463,0.0,-0.5051686203107136,1.4701483237561341
0.30313534620230803,2.793336631826357,3.143056144895027,29.980694238186626,0.7881867411025122,0.0,-0.5013245106741528,2.425802478225988
0.29451769629821056,2.5364199710565316,4.726689885210454,30.453494526098794,0.8192812506746814,0.0,-0.2369193778614309,0.5110646772281949
0.2909916082997829,2.4320026211263213,4.128500411939212,30.458839544191765,0.7835848117610923,0.0,-0.2993912146762545,0.5270996413221801
0.3016936484954384,2.5215668311607704,1.4707826832085942,30.649315587989125,0.7339880145112225,0.0,-0.3940347223768989,0.8235940734061197
0.30013310180239866,2.636571692342784,3.764603406548938,30.34967578876604,0.7760562894314706,0.0,-0.4686701643740501,1.289580790762446
0.2859421463202385,2.50444406164528,1.0970699223931821,30.33134607202442,0.7812081577792783,0.0,-0.38510330330697595,0.7771136888916022
0.29846334058578683,2.5472679686887982,4.186345226159022,30.478284933850343,0.7604217789901355,0.0,-0.17865372981233313,0.3946125245322636
0.2954044989881137,2.477857005837661,1.2353044330362346,30.706713131676782,0.7324477562684238,0.0,-0.20731971913276462,0.3970554454443319
0.30330172479020856,2.5999303396122833,2.1651383357777862,30.506786426430377,0.8226507632395481,0.0,-0.3631929833200876,0.9078243598080117
0.29638666303686717,2.7151233115049678,3.85060949411789,30.08457019288596,0.757861442764631,0.0,-0.32799509478059535,1.151358142055611
0.2900817731666918,2.3401677349276016,2.690647473514606,30.751752154109578,0.7930090673653696,0.0,-0.11466021240373686,0.17377175757107916
0.2824290877786736,2.4653542004883144,3.6581114107737416,30.258405687414054,0.8146537949969627,0.0,-0.4149928722312566,0.7762015012748383
0.295341328346424,2.7466817260147622,1.63071723108426,30.070940242362433,0.8032406634097748,0.0,-0.3771426801352875,1.4888096077792858
0.3086058565301496,2.6528339284360207,3.895085715579103,30.451399363255913,0.7388907853927121,0.0,-0.39607356911485064,1.1408763746138662
0.2996852310517165,2.495283248490014,1.770061958575734,30.609917327862775,0.7782212300902672,0.0,-0.5198683928977115,1.0300200881829176
0.28738493274432236,2.451485982703572,3.1104294219359176,30.542049471118002,0.8018844309583086,0.0,-0.3862893819131409,0.7042470561046437
0.2891367943870869,2.61686091688481,2.8316140366479807,30.118299501193352,0.7504838091089969,0.0,-0.19580291159897062,0.5110491730756237
0.31738355960313525,2.652464134675184,4.751707188794495,30.74684639474744,0.7071570119760289,0.0,-0.513751367287471,1.4782686293609026
0.30336295462803087,2.787490815401202,3.174345413431688,30.00027859980485,0.7861357121854282,0.0,-0.49694539434340834,2.3384654892992307
0.2933162381640361,2.500841427787467,4.522866382008117,30.455315755593908,0.8071182595885497,0.0,-0.258205657878111,0.5172818263615266
0.2909916082997829,2.4320026211263213,4.128500411939212,30.458839544191765,0.7835848117610923,0.0,-0.2993912146762545,0.5270996413221801
0.3016936484954384,2.5215668311607704,1.4707826832085942,30.649315587989125,0.7339880145112225,0.0,-0.3940347223768989,0.8235940734061197
0.3114884343118336,2.8014353497137607,4.347303799088585,30.17832042634346,0.7530500731033161,0.0,-0.5420502060858764,2.729842423132659
0.28696812444545466,2.530885782217788,1.1553207854759675,30.30292118524516,0.7836131403360174,0.0,-0.38423435266696415,0.8190635416753587
0.29846334058578683,2.5472679686887982,4.186345226159022,30.478284933850343,0.7604217789901355,0.0,-0.17865372981233313,0.3946125245322636
0.2954044989881137,2.477857005837661,1.2353044330362346,30.706713131676782,0.7324477562684238,0.0,-0.20731971913276462,0.3970554454443319
0.3049363663274838,2.581027656211432,1.3400000810337245,30.587837272574568,0.846688101410477,0.0,-0.30877900537167974,0.7369913789047216
0.2974739603417184,2.724061206234528,4.024930773909034,30.096528117428676,0.7611454613295325,0.0,-0.3569278222925375,1.293503597018331
0.2900817731666918,2.3401677349276016,2.690647473514606,30.751752154109578,0.7930090673653696,0.0,-0.11466021240373686,0.17377175757107916
0.2824290877786736,2.4653542004883144,3.6581114107737416,30.258405687414054,0.8146537949969627,0.0,-0.4149928722312566,0.7762015012748383
0.295341328346424,2.7466817260147622,1.63071723108426,30.070940242362433,0.8032406634097748,0.0,-0.3771426801352875,1.4888096077792858
0.30975992479909914,2.6231932364407653,4.053735167426618,30.550700126131673,0.7284912257789259,0.0,-0.37386964943436657,0.992205251049305
0.29961099810060243,2.495874187972947,1.812534670770181,30.607670274528765,0.7788110677297178,0.0,-0.5158037583276738,1.0231647458273654
0.28738493274432236,2.451485982703572,3.1104294219359176,30.542049471118002,0.8018844309583086,0.0,-0.3862893819131409,0.7042470561046437
0.2925281610097346,2.693461586993065,2.4137431052031824,30.04746285443552,0.7180399410299634,0.0,-0.08498209609469165,0.27723147406249876
0.313675826446935,2.658579812631727,4.402948068390026,30.642517850927437,0.7087804418614205,0.0,-0.4497909348209649,1.317411657137302
0.300534742944478,2.7439694466759224,3.239703268988622,30.03515213990479,0.7899885682096168,0.0,-0.485873427458259,1.8977165855797353
0.2933162381640361,2.500841427787467,4.522866382008117,30.455315755593908,0.8071182595885497,0.0,-0.258205657878111,0.5172818263615266
0.2909916082997829,2.4320026211263213,4.128500411939212,30.458839544191765,0.7835848117610923,0.0,-0.2993912146762545,0.5270996413221801
0.3016936484954384,2.5215668311607704,1.4707826832085942,30.649315587989125,0.7339880145112225,0.0,-0.3940347223768989,0.8235940734061197
0.3114884343118336,2.8014353497137607,4.347303799088585,30.17832042634346,0.7530500731033161,0.0,-0.5420502060858764,2.729842423132659
0.28696812444545466,2.530885782217788,1.1553207854759675,30.30292118524516,0.7836131403360174,0.0,-0.38423435266696415,0.8190635416753587
0.29744983917479184,2.541982111300879,4.632006179147446,30.46113198956965,0.7469147974048213,0.0,-0.1582796179752717,0.3455751879578836
0.2954044989881137,2.477857005837661,1.2353044330362346,30.706713131676782,0.7324477562684238,0.0,-0.20731971913276462,0.3970554454443319
0.30634048684876786,2.5875318162761456,1.2417809707273857,30.603872359335266,0.8522063004397394,0.0,-0.31731898153960025,0.7693174748044176
0.3015420803306474,2.690661874372211,4.034468464616536,30.246913236433862,0.7503330136110457,0.0,-0.3625375882888285,1.1719783571878617
0.29244971163324307,2.5231870367111364,2.213449401216864,30.44523940555535,0.7976155006130182,0.0,-0.2328341474414302,0.4883133751973397
0.28276288432702995,2.4664422275260525,3.684624521583722,30.264442887119078,0.8144227578917228,0.0,-0.4101858263905147,0.768774906021153
0.29620536214677934,2.73887572999473,1.96566407603177,30.09546091585724,0.7958683321441842,0.0,-0.37510755713008725,1.4365097396826312
0.30975992479909914,2.6231932364407653,4.053735167426618,30.550700126131673,0.7284912257789259,0.0,-0.37386964943436657,0.992205251049305
0.29961099810060243,2.495874187972947,1.812534670770181,30.607670274528765,0.7788110677297178,0.0,-0.5158037583276738,1.0231647458273654
0.28738493274432236,2.451485982703572,3.1104294219359176,30.542049471118002,0.8018844309583086,0.0,-0.3862893819131409,0.7042470561046437
0.2925281610097346,2.693461586993065,2.4137431052031824,30.04746285443552,0.7180399410299634,0.0,-0.08498209609469165,0.27723147406249876
0.313675826446935,2.658579812631727,4.402948068390026,30.642517850927437,0.7087804418614205,0.0,-0.4497909348209649,1.317411657137302
0.300534742944478,2.7439694466759224,3.239703268988622,30.03515213990479,0.7899885682096168,0.0,-0.485873427458259,1.8977165855797353
0.29592248561614976,2.545091307839684,4.49719891145524,30.412424412312014,0.79960402429812,0.0,-0.2997186876871097,0.6588546072043066
0.290848130432576,2.431227378894598,4.124412343857028,30.461836108904027,0.7839774296248455,0.0,-0.30333994617731785,0.5333237482278609
0.3016936484954384,2.5215668311607704,1.4707826832085942,30.649315587989125,0.7339880145112225,0.0,-0.3940347223768989,0.8235940734061197
0.3113919345909875,2.807737612224682,4.3448489779487875,30.15784173796793,0.7550030869174595,0.0,-0.5461203468620359,2.8404949776252857
0.28696812444545466,2.530885782217788,1.1553207854759675,30.30292118524516,0.7836131403360174,0.0,-0.38423435266696415,0.8190635416753587
0.29744983917479184,2.541982111300879,4.632006179147446,30.46113198956965,0.7469147974048213,0.0,-0.1582796179752717,0.3455751879578836
0.2954044989881137,2.477857005837661,1.2353044330362346,30.706713131676782,0.7324477562684238,0.0,-0.20731971913276462,0.3970554454443319
0.30634048684876786,2.5875318162761456,1.2417809707273857,30.603872359335266,0.8522063004397394,0.0,-0.31731898153960025,0.7693174748044176
0.30173051618080043,2.6806899842740557,4.183139860482911,30.286525964802394,0.7429149149217001,0.0,-0.33946597988103566,1.0631234949184643
0.29244971163324307,2.5231870367111364,2.213449401216864,30.44523940555535,0.7976155006130182,0.0,-0.2328341474414302,0.4883133751973397
0.28276288432702995,2.4664422275260525,3.684624521583722,30.264442887119078,0.8144227578917228,0.0,-0.4101858263905147,0.768774906021153
0.293028430679717,2.7351379232355324,1.030764747119234,30.139715939154154,0.8001829461583995,0.0,-0.2938267469252729,1.1093575589024869
0.30975992479909914,2.6231932364407653,4.053735167426618,30.550700126131673,0.7284912257789259,0.0,-0.37386964943436657,0.992205251049305
0.30033799399784405,2.4953005103423207,1.4995124023929955,30.625266038514688,0.7755418068601718,0.0,-0.5455543388186304,1.0809488616456924
0.282932923867742,2.3884597902669924,3.8988869443545173,30.627146822982677,0.805636878243285,0.0,-0.5211786003783835,0.852239300185878
0.2925281610097346,2.693461586993065,2.4137431052031824,30.04746285443552,0.7180399410299634,0.0,-0.08498209609469165,0.27723147406249876
0.313675826446935,2.658579812631727,4.402948068390026,30.642517850927437,0.7087804418614205,0.0,-0.4497909348209649,1.317411657137302
0.2969691272053939,2.6466012107867884,2.7871104709696386,30.21600655499774,0.7933521557050306,0.0,-0.37427944535694524,1.059085250943336
0.29592248561614976,2.545091307839684,4.49719891145524,30.412424412312014,0.79960402429812,0.0,-0.2997186876871097,0.6588546072043066
0.290848130432576,2.431227378894598,4.124412343857028,30.461836108904027,0.7839774296248455,0.0,-0.30333994617731785,0.5333237482278609
0.3016936484954384,2.5215668311607704,1.4707826832085942,30.649315587989125,0.7339880145112225,0.0,-0.3940347223768989,0.8235940734061197
0.3108867435052277,2.840730939176516,4.331997606503492,30.05063261109521,0.7652274187665095,0.0,-0.567428168479291,3.562701792460272
0.28696812444545466,2.530885782217788,1.1553207854759675,30.30292118524516,0.7836131403360174,0.0,-0.38423435266696415,0.8190635416753587
0.29744983917479184,2.541982111300879,4.632006179147446,30.46113198956965,0.7469147974048213,0.0,-0.1582796179752717,0.3455751879578836
0.30111151316223594,2.5305101712500866,2.0022035759980206,30.671056414351128,0.7291004767658802,0.0,-0.28212218025868174,0.6009122306437906
0.30313562174903036,2.6077326673942265,1.7702605906961877,30.47122804442181,0.832079061531719,0.0,-0.33679860984328447,0.8585945905971355
0.30173051618080043,2.6806899842740557,4.183139860482911,30.286525964802394,0.7429149149217001,0.0,-0.33946597988103566,1.0631234949184643
0.2946298041721416,2.520125153890898,2.6342797595318355,30.501841057525557,0.803184406136379,0.0,-0.17262048185654325,0.35971979622640415
0.28276288432702995,2.4664422275260525,3.684624521583722,30.264442887119078,0.8144227578917228,0.0,-0.4101858263905147,0.768774906021153
0.293028430679717,2.7351379232355324,1.030764747119234,30.139715939154154,0.8001829461583995,0.0,-0.2938267469252729,1.1093575589024869
0.3146639997981661,2.6555460129038475,3.823364356222383,30.586382157324007,0.7211516686254267,0.0,-0.45975610998334415,1.3347388249421124
0.30031681238452446,2.4962518073597564,1.507608123025448,30.62269283611124,0.7756537887061635,0.0,-0.5444774548727328,1.0808524235472075
0.282932923867742,2.3884597902669924,3.8988869443545173,30.627146822982677,0.805636878243285,0.0,-0.5211786003783835,0.852239300185878
0.2906302818682552,2.633134099557986,2.7074954609512827,30.162120793189413,0.7353660787308313,0.0,-0.17125909319393628,0.46681660243592216
0.313675826446935,2.658579812631727,4.402948068390026,30.642517850927437,0.7087804418614205,0.0,-0.4497909348209649,1.317411657137302
0.29970399990622415,2.742830637982514,2.189601516027789,30.106169454769034,0.7975408006898337,0.0,-0.405975345047416,1.5786302919700526
0.29592248561614976,2.545091307839684,4.49719891145524,30.412424412312014,0.79960402429812,0.0,-0.2997186876871097,0.6588546072043066
0.2896843445500829,2.4215334409406757,4.409161925991103,30.44171849259914,0.7893415786904889,0.0,-0.2936078799408169,0.5075624084791842
0.3016936484954384,2.5215668311607704,1.4707826832085942,30.649315587989125,0.7339880145112225,0.0,-0.3940347223768989,0.8235940734061197
0.3033583057137042,2.7635763047297783,3.728241453816695,30.092067875477923,0.7541292692051959,0.0,-0.4201895099384829,1.7772732528278317
0.28696812444545466,2.530885782217788,1.1553207854759675,30.30292118524516,0.7836131403360174,0.0,-0.38423435266696415,0.8190635416753587
0.29744983917479184,2.541982111300879,4.632006179147446,30.46113198956965,0.7469147974048213,0.0,-0.1582796179752717,0.3455751879578836
0.30111151316223594,2.5305101712500866,2.0022035759980206,30.671056414351128,0.7291004767658802,0.0,-0.28212218025868174,0.6009122306437906
0.30313562174903036,2.6077326673942265,1.7702605906961877,30.47122804442181,0.832079061531719,0.0,-0.33679860984328447,0.8585945905971355
0.30319500509576724,2.7281441935271027,4.029575424982767,30.22679041657039,0.741546490359539,0.0,-0.40145276799462104,1.4767121335502684
0.2946298041721416,2.520125153890898,2.6342797595318355,30.501841057525557,0.803184406136379,0.0,-0.17262048185654325,0.35971979622640415
0.2879855295341924,2.533335749442369,3.7727972669748846,30.254818556043773,0.7957948878996267,0.0,-0.4079535732587219,0.8741907544262201
0.293028430679717,2.7351379232355324,1.030764747119234,30.139715939154154,0.8001829461583995,0.0,-0.2938267469252729,1.1093575589024869
0.3146639997981661,2.6555460129038475,3.823364356222383,30.586382157324007,0.7211516686254267,0.0,-0.45975610998334415,1.3347388249421124
0.30031681238452446,2.4962518073597564,1.507608123025448,30.62269283611124,0.7756537887061635,0.0,-0.5444774548727328,1.0808524235472075
0.282932923867742,2.3884597902669924,3.8988869443545173,30.627146822982677,0.805636878243285,0.0,-0.5211786003783835,0.852239300185878
0.29356236914211226,2.593943053461892,3.5349440960431435,30.2906814730457,0.7403314818400484,0.0,-0.16567853240394023,0.4080179733814541
0.313675826446935,2.658579812631727,4.402948068390026,30.642517850927437,0.7087804418614205,0.0,-0.4497909348209649,1.317411657137302
0.29874591997021227,2.6574645232649754,3.227690269295147,30.257038236167908,0.7760233652596537,0.0,-0.3006978894362953,0.8778591120034739
0.2964279550341318,2.559943399843921,4.444927006881688,30.390647334586113,0.7965127582792912,0.0,-0.3079080085163268,0.6997009212158579
0.2869678073973926,2.379397903690477,4.331206210068445,30.434927233531592,0.8041833799152116,0.0,-0.34094861858078335,0.5493836076421124
0.3016936484954384,2.5215668311607704,1.4707826832085942,30.649315587989125,0.7339880145112225,0.0,-0.3940347223768989,0.8235940734061197
0.3080400898884942,2.9011400956027575,3.24408599967346,29.89036313480868,0.7254971901670648,0.0,-0.4960410477299786,5.01761609779399
0.28696812444545466,2.530885782217788,1.1553207854759675,30.30292118524516,0.7836131403360174,0.0,-0.38423435266696415,0.8190635416753587
0.29744983917479184,2.541982111300879,4.632006179147446,30.46113198956965,0.7469147974048213,0.0,-0.1582796179752717,0.3455751879578836
0.30111151316223594,2.5305101712500866,2.0022035759980206,30.671056414351128,0.7291004767658802,0.0,-0.28212218025868174,0.6009122306437906
0.30321690157265263,2.6125895840907574,1.7871412862560585,30.46118976937446,0.8376081675542411,0.0,-0.3335723772346221,0.8610309984870592
0.30042320490303737,2.6583766218828897,4.207802361818362,30.297541735506822,0.7636741565983711,0.0,-0.3626785104358928,1.061632586255747
0.2946298041721416,2.520125153890898,2.6342797595318355,30.501841057525557,0.803184406136379,0.0,-0.17262048185654325,0.35971979622640415
0.29271799651299085,2.6690322074841646,3.6546967711201046,29.906081420220644,0.78657649695804,0.0,-0.30190260918382344,0.9121812333729684
0.293028430679717,2.7351379232355324,1.030764747119234,30.139715939154154,0.8001829461583995,0.0,-0.2938267469252729,1.1093575589024869
0.3146639997981661,2.6555460129038475,3.823364356222383,30.586382157324007,0.7211516686254267,0.0,-0.45975610998334415,1.3347388249421124
0.30030590101199833,2.4796246584613355,1.2306823988843005,30.656039586762194,0.7768823922816892,0.0,-0.563122337382657,1.0821464670435703
0.282932923867742,2.3884597902669924,3.8988869443545173,30.627146822982677,0.805636878243285,0.0,-0.5211786003783835,0.852239300185878
0.29356236914211226,2.593943053461892,3.5349440960431435,30.2906814730457,0.7403314818400484,0.0,-0.16567853240394023,0.4080179733814541
0.30976850473730533,2.64139844642354,3.425715824073913,30.57477597897274,0.7569088465925342,0.0,-0.40637315540507424,1.1332163827852144
0.2952381624469147,2.6572024878213525,2.9515653389068244,30.166470420431168,0.7918219820029283,0.0,-0.26566871812602566,0.7750018850416087
0.2964279550341318,2.559943399843921,4.444927006881688,30.390647334586113,0.7965127582792912,0.0,-0.3079080085163268,0.6997009212158579
0.2904277956559929,2.44351631041411,3.5689581123640806,30.463914532940606,0.8033485458101183,0.0,-0.26475021694924317,0.47575557362024107
0.30155029269201156,2.523922093769194,1.505663353637885,30.63744492595108,0.7348279383593067,0.0,-0.3925632222414174,0.8245776943303474
0.30911286886699696,2.959606847229929,3.523357309523726,29.784159159820877,0.7183697504943399,0.0,-0.4867364653698369,12.049974611798033
0.28696812444545466,2.530885782217788,1.1553207854759675,30.30292118524516,0.7836131403360174,0.0,-0.38423435266696415,0.8190635416753587
0.29744983917479184,2.541982111300879,4.632006179147446,30.46113198956965,0.7469147974048213,0.0,-0.1582796179752717,0.3455751879578836
0.3044319115184478,2.4464524305555906,2.401254791613514,30.88932240931634,0.6999009585082305,0.0,-0.27731413530751725,0.500976159259185
0.30321690157265263,2.6125895840907574,1.7871412862560585,30.46118976937446,0.8376081675542411,0.0,-0.3335723772346221,0.8610309984870592
0.30042320490303737,2.6583766218828897,4.207802361818362,30.297541735506822,0.7636741565983711,0.0,-0.3626785104358928,1.061632586255747
0.2946154320348435,2.521119051372094,2.6464064662068307,30.49899796688813,0.8023381430551076,0.0,-0.17252701420011263,0.36027120037754373
0.29377319623834985,2.640700067939099,3.872636523696057,30.0298575578056,0.7777319479172019,0.0,-0.2698747182097766,0.7511126335644092
0.293028430679717,2.7351379232355324,1.030764747119234,30.139715939154154,0.8001829461583995,0.0,-0.2938267469252729,1.1093575589024869
0.31706062603486557,2.6681103454508004,3.741677050910406,30.612106113240944,0.7112475272928215,0.0,-0.47971236413153506,1.4453971600383888
0.30030590101199833,2.4796246584613355,1.2306823988843005,30.656039586762194,0.7768823922816892,0.0,-0.563122337382657,1.0821464670435703
0.282932923867742,2.3884597902669924,3.8988869443545173,30.627146822982677,0.805636878243285,0.0,-0.5211786003783835,0.852239300185878
0.29356236914211226,2.593943053461892,3.5349440960431435,30.2906814730457,0.7403314818400484,0.0,-0.16567853240394023,0.4080179733814541
0.3069803444515988,2.6188969282247667,3.6987430317677195,30.549054227184367,0.7546468312064379,0.0,-0.3502206001877951,0.9189655663398798
0.2952381624469147,2.6572024878213525,2.9515653389068244,30.166470420431168,0.7918219820029283,0.0,-0.26566871812602566,0.7750018850416087
0.2964279550341318,2.559943399843921,4.444927006881688,30.390647334586113,0.7965127582792912,0.0,-0.3079080085163268,0.6997009212158579
0.2904277956559929,2.44351631041411,3.5689581123640806,30.463914532940606,0.8033485458101183,0.0,-0.26475021694924317,0.47575557362024107
0.30155029269201156,2.523922093769194,1.505663353637885,30.63744492595108,0.7348279383593067,0.0,-0.3925632222414174,0.8245776943303474
0.30807690937247784,2.9282733363059696,3.4606920561497097,29.83524019282042,0.7243699734661627,0.0,-0.46428365057398385,6.472957567837149
0.2791547228333167,2.5609150562126257,1.1111732059479822,30.09606092829577,0.7875560792086401,0.0,-0.2794399994855096,0.6364144419873976
0.29744983917479184,2.541982111300879,4.632006179147446,30.46113198956965,0.7469147974048213,0.0,-0.1582796179752717,0.3455751879578836
0.3039978953530056,2.3890811863688586,2.2751057738377702,31.01483379230894,0.6969873907999675,0.0,-0.25505135345681723,0.41748813060913736
0.30311707628398643,2.607278645261935,1.770281532175087,30.47174696854011,0.8314519144778655,0.0,-0.3371057666218193,0.8583840999597797
0.30171311235414483,2.6618053570607962,4.272814745072295,30.34946464760676,0.7609473556748529,0.0,-0.3806797355649913,1.1256231980984541
0.29426170074811975,2.5175341749508857,2.6828597440862314,30.500131809992787,0.8011267948117614,0.0,-0.16567932072394884,0.34340115324662207
0.29377319623834985,2.640700067939099,3.872636523696057,30.0298575578056,0.7777319479172019,0.0,-0.2698747182097766,0.7511126335644092
0.29987071279780725,2.6817958618231534,2.03741664950714,30.327838272045845,0.7761740881156907,0.0,-0.3249176701492782,1.0210981919056643
0.30867251701493076,2.613177472083242,3.332357841158317,30.56983588547418,0.7452894703344499,0.0,-0.36491254531290196,0.9433590832419905
0.30030590101199833,2.4796246584613355,1.2306823988843005,30.656039586762194,0.7768823922816892,0.0,-0.563122337382657,1.0821464670435703
0.282932923867742,2.3884597902669924,3.8988869443545173,30.627146822982677,0.805636878243285,0.0,-0.5211786003783835,0.852239300185878
0.2947611672748167,2.5772028726927934,3.3850756607463985,30.416841423215473,0.7260567296998558,0.0,-0.14163699523966866,0.3349998996959941
0.3157932914229582,2.690020775615274,2.8357459094433586,30.63035673898166,0.7617967148584868,0.0,-0.5277102136698986,1.7024051038173411
0.2967974038677106,2.691255849961963,2.8315267816269207,30.108096442241315,0.790071446383211,0.0,-0.2332921340177847,0.7556163703475622
0.2964279550341318,2.559943399843921,4.444927006881688,30.390647334586113,0.7965127582792912,0.0,-0.3079080085163268,0.6997009212158579
0.28849399220218835,2.350713970147236,3.589942282150007,30.57078670901858,0.8422254828140137,0.0,-0.3258702278841682,0.5018900960460594
0.30155029269201156,2.523922093769194,1.505663353637885,30.63744492595108,0.7348279383593067,0.0,-0.3925632222414174,0.8245776943303474
0.30983351231631073,2.981033839094972,3.7653557022668696,29.729795578105165,0.7132808825008187,0.0,-0.4941160691928398,26.052508552843364
0.2791547228333167,2.5609150562126257,1.1111732059479822,30.09606092829577,0.7875560792086401,0.0,-0.2794399994855096,0.6364144419873976
0.29744983917479184,2.541982111300879,4.632006179147446,30.46113198956965,0.7469147974048213,0.0,-0.1582796179752717,0.3455751879578836
0.3022490644513435,2.428554300589663,2.77638455062928,30.870632316513543,0.7199800473884429,0.0,-0.2672624605240811,0.46769528723352666
0.3023015126431516,2.6259991405799354,1.8373922207389817,30.435593684731835,0.817564811102873,0.0,-0.3340438272005837,0.8931632609576371
0.30171311235414483,2.6618053570607962,4.272814745072295,30.34946464760676,0.7609473556748529,0.0,-0.3806797355649913,1.1256231980984541
0.2906861248198634,2.469296140874238,3.0588677109481197,30.52883409434355,0.7938162537038153,0.0,-0.09080193747290285,0.17109718708750773
0.2896714012124646,2.6482770607748027,4.021375680725851,29.881201088713517,0.7866633881601351,0.0,-0.2437107277616162,0.692905410999013
0.2998976897613482,2.681503154893061,2.0701480148161084,30.328154931883837,0.7759511337600563,0.0,-0.32573415493430385,1.0227233328635787
0.30867251701493076,2.613177472083242,3.332357841158317,30.56983588547418,0.7452894703344499,0.0,-0.36491254531290196,0.9433590832419905
0.30030590101199833,2.4796246584613355,1.2306823988843005,30.656039586762194,0.7768823922816892,0.0,-0.563122337382657,1.0821464670435703
0.282932923867742,2.3884597902669924,3.8988869443545173,30.627146822982677,0.805636878243285,0.0,-0.5211786003783835,0.852239300185878
0.2947611672748167,2.5772028726927934,3.3850756607463985,30.416841423215473,0.7260567296998558,0.0,-0.14163699523966866,0.3349998996959941
0.3157932914229582,2.690020775615274,2.8357459094433586,30.63035673898166,0.7617967148584868,0.0,-0.5277102136698986,1.7024051038173411
0.2950171490526708,2.696856069732552,3.268727821203833,29.981733842398363,0.7981796516906072,0.0,-0.18020981887182616,0.5944694941206197
0.3010047435429758,2.5801435905624697,4.037849313523513,30.45660200664488,0.7774894040833259,0.0,-0.3300913743754443,0.786200631824719
0.2867803423636244,2.379002818861351,3.634059976700853,30.585690893177016,0.8231085163216911,0.0,-0.3663247290499766,0.5898975714805827
0.30147989687346954,2.5143565900126847,1.4745774844484942,30.65636013624041,0.7270747764903339,0.0,-0.3980469966116691,0.8196281230750477
0.30645618872377667,2.8032955790863294,2.866871111170504,30.058128215002814,0.7358261850580815,0.0,-0.5185772368608278,2.6363273100426166
0.2791547228333167,2.5609150562126257,1.1111732059479822,30.09606092829577,0.7875560792086401,0.0,-0.2794399994855096,0.6364144419873976
0.29744983917479184,2.541982111300879,4.632006179147446,30.46113198956965,0.7469147974048213,0.0,-0.1582796179752717,0.3455751879578836
0.3022490644513435,2.428554300589663,2.77638455062928,30.870632316513543,0.7199800473884429,0.0,-0.2672624605240811,0.46769528723352666
0.3023192266364261,2.624921182105446,1.7640729871787681,30.438186629046914,0.8192692990907422,0.0,-0.33263983712350303,0.8868531659311618
0.30171311235414483,2.6618053570607962,4.272814745072295,30.34946464760676,0.7609473556748529,0.0,-0.3806797355649913,1.1256231980984541
0.2906861248198634,2.469296140874238,3.0588677109481197,30.52883409434355,0.7938162537038153,0.0,-0.09080193747290285,0.17109718708750773
0.2896714012124646,2.6482770607748027,4.021375680725851,29.881201088713517,0.7866633881601351,0.0,-0.2437107277616162,0.692905410999013
0.2998976897613482,2.681503154893061,2.0701480148161084,30.328154931883837,0.7759511337600563,0.0,-0.32573415493430385,1.0227233328635787
0.3088980521365337,2.6149816300921795,3.335787190919248,30.57035001548137,0.7446809828807397,0.0,-0.36834967537219243,0.9567067552137349
0.30030590101199833,2.4796246584613355,1.2306823988843005,30.656039586762194,0.7768823922816892,0.0,-0.563122337382657,1.0821464670435703
0.2849398943035905,2.4093848464873187,3.681442075144788,30.601697883755538,0.8025770266890065,0.0,-0.4097725831650526,0.6938064164590626
0.2963766123566725,2.619979702908029,3.5143923571953737,30.3724448281425,0.6991952206453842,0.0,-0.16178923781455412,0.4257384120075
0.3090977043779427,2.676603418490783,3.5191192835749945,30.496783334917303,0.7613928167035905,0.0,-0.45779239802207383,1.4155758724648932
0.2950171490526708,2.696856069732552,3.268727821203833,29.981733842398363,0.7981796516906072,0.0,-0.18020981887182616,0.5944694941206197
0.30336981018367026,2.5812575344681017,4.28511996800094,30.471663315331536,0.7969721007305011,0.0,-0.40147789169242193,0.958770425116673
0.2859329581951765,2.372698801696975,3.7846329891131076,30.5812835063352,0.8260046100578943,0.0,-0.35399524366420565,0.564314630072178
0.30147989687346954,2.5143565900126847,1.4745774844484942,30.65636013624041,0.7270747764903339,0.0,-0.3980469966116691,0.8196281230750477
0.30645618872377667,2.8032955790863294,2.866871111170504,30.058128215002814,0.7358261850580815,0.0,-0.5185772368608278,2.6363273100426166
0.2791547228333167,2.5609150562126257,1.1111732059479822,30.09606092829577,0.7875560792086401,0.0,-0.2794399994855096,0.6364144419873976
0.29744983917479184,2.541982111300879,4.632006179147446,30.46113198956965,0.7469147974048213,0.0,-0.1582796179752717,0.3455751879578836
0.29777195482258184,2.5067661962812395,3.2195480914568373,30.518437159682822,0.7437164618063524,0.0,-0.25887905197495453,0.5248607253256432
0.3023192266364261,2.624921182105446,1.7640729871787681,30.438186629046914,0.8192692990907422,0.0,-0.33263983712350303,0.8868531659311618
0.30171311235414483,2.6618053570607962,4.272814745072295,30.34946464760676,0.7609473556748529,0.0,-0.3806797355649913,1.1256231980984541
0.2906861248198634,2.469296140874238,3.0588677109481197,30.52883409434355,0.7938162537038153,0.0,-0.09080193747290285,0.17109718708750773
0.2919293853582952,2.6372298633827764,4.064850103227936,29.978530227390706,0.788362629991558,0.0,-0.26971635773201913,0.7434910719142518
0.300431333695987,2.6937967213650262,2.0128695532028553,30.316529196350807,0.7749161724955868,0.0,-0.3393442367929165,1.1082318853856892
0.3088980521365337,2.6149816300921795,3.335787190919248,30.57035001548137,0.7446809828807397,0.0,-0.36834967537219243,0.9567067552137349
0.30030590101199833,2.4796246584613355,1.2306823988843005,30.656039586762194,0.7768823922816892,0.0,-0.563122337382657,1.0821464670435703
0.27798466206710937,2.365243205553305,4.6094501378951644,30.578711873989505,0.8343264585461091,0.0,-0.41470330655782045,0.6533262978607566
0.2923282090534522,2.5241231375904043,3.619149087933706,30.453399557355247,0.7483519183910531,0.0,-0.23629643777999693,0.49654954137402957
0.30950434688370304,2.6861384162329784,3.6609189799748614,30.486110406042247,0.7635174772330242,0.0,-0.459377809397137,1.463631846508911
0.2950171490526708,2.696856069732552,3.268727821203833,29.981733842398363,0.7981796516906072,0.0,-0.18020981887182616,0.5944694941206197
0.30336981018367026,2.5812575344681017,4.28511996800094,30.471663315331536,0.7969721007305011,0.0,-0.40147789169242193,0.958770425116673
0.28728251340194016,2.404653060484378,3.749711816289492,30.554296848105203,0.8096179824367765,0.0,-0.3291579011062744,0.552884174350639
0.3020203173806903,2.5106520777344357,1.0511743115206316,30.682539735128582,0.7244142800489566,0.0,-0.4301991934450251,0.8791274548654571
0.30645618872377667,2.8032955790863294,2.866871111170504,30.058128215002814,0.7358261850580815,0.0,-0.5185772368608278,2.6363273100426166
0.2791547228333167,2.5609150562126257,1.1111732059479822,30.09606092829577,0.7875560792086401,0.0,-0.2794399994855096,0.6364144419873976
0.2983002239510121,2.551120735354476,4.829792917918919,30.452619974396235,0.7410179953924536,0.0,-0.16676341685007992,0.37151062654179745
0.29775219344763126,2.506977863801187,3.2350585710563644,30.517364045673148,0.7434578121197707,0.0,-0.2565063632161146,0.5202735219837623
0.30375156314631957,2.6227571509663994,2.1062653187885445,30.466961133501872,0.8030299918591823,0.0,-0.34041455391530007,0.9023751007801866
0.2980343867012878,2.6857793430340724,4.752577610913688,30.236370217625197,0.769275821144155,0.0,-0.38699278899429085,1.2315956332439795
0.2906861248198634,2.469296140874238,3.0588677109481197,30.52883409434355,0.7938162537038153,0.0,-0.09080193747290285,0.17109718708750773
0.2938846317209795,2.6034948069902257,4.265726678121495,30.14945917118617,0.7736825463244884,0.0,-0.23024745040638006,0.5806921434209418
0.3132034586493526,2.7735641825594897,2.5541483542048695,30.44887397090282,0.7673285698938376,0.0,-0.37530411823571896,1.6574414881794026
0.3088980521365337,2.6149816300921795,3.335787190919248,30.57035001548137,0.7446809828807397,0.0,-0.36834967537219243,0.9567067552137349
0.30030590101199833,2.4796246584613355,1.2306823988843005,30.656039586762194,0.7768823922816892,0.0,-0.563122337382657,1.0821464670435703
0.2780686329776747,2.3665014597733967,4.607634865757658,30.576444904863042,0.834006185951862,0.0,-0.4137291583967025,0.653086206400272
0.29654657371464677,2.6162661736597275,3.5299192264406654,30.398694457350906,0.691280008104349,0.0,-0.15912943748075065,0.4146870214658742
0.30950434688370304,2.6861384162329784,3.6609189799748614,30.486110406042247,0.7635174772330242,0.0,-0.459377809397137,1.463631846508911
0.2950171490526708,2.696856069732552,3.268727821203833,29.981733842398363,0.7981796516906072,0.0,-0.18020981887182616,0.5944694941206197
0.30336981018367026,2.5812575344681017,4.28511996800094,30.471663315331536,0.7969721007305011,0.0,-0.40147789169242193,0.958770425116673
0.2878633278540922,2.4265953649958534,3.7135934432704385,30.511301562548255,0.8087590476264158,0.0,-0.31797299173385685,0.5545350914918178
0.3020203173806903,2.5106520777344357,1.0511743115206316,30.682539735128582,0.7244142800489566,0.0,-0.4301991934450251,0.8791274548654571
0.30645618872377667,2.8032955790863294,2.866871111170504,30.058128215002814,0.7358261850580815,0.0,-0.5185772368608278,2.6363273100426166
0.2791547228333167,2.5609150562126257,1.1111732059479822,30.09606092829577,0.7875560792086401,0.0,-0.2794399994855096,0.6364144419873976
0.2983002239510121,2.551120735354476,4.829792917918919,30.452619974396235,0.7410179953924536,0.0,-0.16676341685007992,0.37151062654179745
0.29775219344763126,2.506977863801187,3.2350585710563644,30.517364045673148,0.7434578121197707,0.0,-0.2565063632161146,0.5202735219837623
0.30175300585186937,2.644787861909131,3.0313385233099757,30.386353308749538,0.791230523231752,0.0,-0.35669693952553055,1.0041800413765194
0.2980343867012878,2.6857793430340724,4.752577610913688,30.236370217625197,0.769275821144155,0.0,-0.38699278899429085,1.2315956332439795
0.2909023509232283,2.471057734510998,3.032326470336079,30.528018187334027,0.7931275183708993,0.0,-0.08526792995983007,0.16120460686007135
0.2938846317209795,2.6034948069902257,4.265726678121495,30.14945917118617,0.7736825463244884,0.0,-0.23024745040638006,0.5806921434209418
0.3132034586493526,2.7735641825594897,2.5541483542048695,30.44887397090282,0.7673285698938376,0.0,-0.37530411823571896,1.6574414881794026
0.31478648293993683,2.6504644151613044,2.505678494182288,30.635763908618337,0.7467162346305247,0.0,-0.48035627837091543,1.374270029166247
0.30356113438932897,2.5309061740586234,2.028225095991054,30.62357512606085,0.7646825250819922,0.0,-0.48933051724608057,1.043139965153225
0.2780686329776747,2.3665014597733967,4.607634865757658,30.576444904863042,0.834006185951862,0.0,-0.4137291583967025,0.653086206400272
0.29654657371464677,2.6162661736597275,3.5299192264406654,30.398694457350906,0.691280008104349,0.0,-0.15912943748075065,0.4146870214658742
0.30950434688370304,2.6861384162329784,3.6609189799748614,30.486110406042247,0.7635174772330242,0.0,-0.459377809397137,1.463631846508911
0.2951447795007349,2.6934625629914724,3.2283136351111343,29.994505800161722,0.7968353019629885,0.0,-0.18476579330990947,0.602751152071417
0.30336981018367026,2.5812575344681017,4.28511996800094,30.471663315331536,0.7969721007305011,0.0,-0.40147789169242193,0.958770425116673
0.2878633278540922,2.4265953649958534,3.7135934432704385,30.511301562548255,0.8087590476264158,0.0,-0.31797299173385685,0.5545350914918178
0.3020203173806903,2.5106520777344357,1.0511743115206316,30.682539735128582,0.7244142800489566,0.0,-0.4301991934450251,0.8791274548654571
0.30597450341504134,2.7715178144949904,2.669707035419714,30.125932222961346,0.7345869816271376,0.0,-0.5089803838784906,2.227658943096598
0.28467822315337876,2.565555208177774,1.8351555605193162,30.18173643608938,0.7897038888422465,0.0,-0.30727703872108103,0.7072867358640547
0.2983002239510121,2.551120735354476,4.829792917918919,30.452619974396235,0.7410179953924536,0.0,-0.16676341685007992,0.37151062654179745
0.30496390048829675,2.4320700816045218,1.6944929556237267,30.9772134230893,0.7220411626754372,0.0,-0.3377550143755773,0.5947124872903446
0.30175300585186937,2.644787861909131,3.0313385233099757,30.386353308749538,0.791230523231752,0.0,-0.35669693952553055,1.0041800413765194
0.2980343867012878,2.6857793430340724,4.752577610913688,30.236370217625197,0.769275821144155,0.0,-0.38699278899429085,1.2315956332439795
0.2909023509232283,2.471057734510998,3.032326470336079,30.528018187334027,0.7931275183708993,0.0,-0.08526792995983007,0.16120460686007135
0.29028086547458704,2.584582320744436,4.831084437330302,30.040960123896642,0.7656454593966304,0.0,-0.1723327664855697,0.4148421578840678
0.3132034586493526,2.7735641825594897,2.5541483542048695,30.44887397090282,0.7673285698938376,0.0,-0.37530411823571896,1.6574414881794026
0.31478648293993683,2.6504644151613044,2.505678494182288,30.635763908618337,0.7467162346305247,0.0,-0.48035627837091543,1.374270029166247
0.30356113438932897,2.5309061740586234,2.028225095991054,30.62357512606085,0.7646825250819922,0.0,-0.48933051724608057,1.043139965153225
0.28818336352737434,2.4836880311906953,4.016470334420815,30.539719359814406,0.814810811925376,0.0,-0.40266722994936616,0.7798913336794788
0.2964666831464538,2.6192339867238505,3.470701233229801,30.396237787196554,0.6890141081074043,0.0,-0.1587816583531104,0.4170058587607042
0.30950434688370304,2.6861384162329784,3.6609189799748614,30.486110406042247,0.7635174772330242,0.0,-0.459377809397137,1.463631846508911
0.2951447795007349,2.6934625629914724,3.2283136351111343,29.994505800161722,0.7968353019629885,0.0,-0.18476579330990947,0.602751152071417
0.3037839101046579,2.542502821348115,3.612147779398899,30.602991044425792,0.7775071460550506,0.0,-0.3849244766284042,0.8413701648667387
0.2838612928779951,2.363727528584625,3.910171654279582,30.547302921397954,0.8138095439531156,0.0,-0.30681545492849405,0.4822076527151793
0.3020203173806903,2.5106520777344357,1.0511743115206316,30.682539735128582,0.7244142800489566,0.0,-0.4301991934450251,0.8791274548654571
0.30597450341504134,2.7715178144949904,2.669707035419714,30.125932222961346,0.7345869816271376,0.0,-0.5089803838784906,2.227658943096598
0.28467822315337876,2.565555208177774,1.8351555605193162,30.18173643608938,0.7897038888422465,0.0,-0.30727703872108103,0.7072867358640547
0.2983002239510121,2.551120735354476,4.829792917918919,30.452619974396235,0.7410179953924536,0.0,-0.16676341685007992,0.37151062654179745
0.3046900220789607,2.457701767691935,2.1395849327053758,30.890355571341175,0.7349149415730436,0.0,-0.3487031521487026,0.6430099369208598
0.30175300585186937,2.644787861909131,3.0313385233099757,30.386353308749538,0.791230523231752,0.0,-0.35669693952553055,1.0041800413765194
0.2980343867012878,2.6857793430340724,4.752577610913688,30.236370217625197,0.769275821144155,0.0,-0.38699278899429085,1.2315956332439795
0.2909023509232283,2.471057734510998,3.032326470336079,30.528018187334027,0.7931275183708993,0.0,-0.08526792995983007,0.16120460686007135
0.2898559314093708,2.584690260305629,4.848809235361936,30.026977296242784,0.7646284364549464,0.0,-0.16489354416911745,0.3970375081751362
0.3132034586493526,2.7735641825594897,2.5541483542048695,30.44887397090282,0.7673285698938376,0.0,-0.37530411823571896,1.6574414881794026
0.31478648293993683,2.6504644151613044,2.505678494182288,30.635763908618337,0.7467162346305247,0.0,-0.48035627837091543,1.374270029166247
0.30356113438932897,2.5309061740586234,2.028225095991054,30.62357512606085,0.7646825250819922,0.0,-0.48933051724608057,1.043139965153225
0.2796360395597802,2.4287733975872188,3.865267389850972,30.578023057401683,0.8248508988000586,0.0,-0.4033366202036652,0.7060886494081818
