Omega_m,s,q_BAO,sigma8_0,mu0,Sigma0,kappa_BW
0.3090732683668099,2.5665138744231024,30.74144730595844,0.7487120999786248,0.0,-0.19602351346097036,0.45220250867336487
0.30058791082611735,2.569225498005532,30.421951040821735,0.7361310238470534,0.0,-0.26465454817380385,0.6143691117939065
0.28325305317736743,2.4572507432896358,30.42425270506909,0.82519360513824,0.0,-0.4435918649455954,0.8173053384434504
0.2973431386037924,2.61123224888994,30.22344099704931,0.7983207785999918,0.0,-0.3301520671813921,0.8492269902498322
0.2848248615178148,2.607864366038431,30.253395880029018,0.7937433802127273,0.0,-0.4199469296496067,1.070922643288172
0.28069265395572957,2.4290350894681945,30.56862455988777,0.7973343325748544,0.0,-0.44813351051132283,0.7848704924684853
0.2968730835525536,2.6361496426171347,30.195002319869467,0.7631867269393351,0.0,-0.1729245238144661,0.4752627565307143
0.3129888052085267,2.5867231831897994,30.682817614578806,0.7527452666512593,0.0,-0.44013612505340655,1.0649910838224959
0.28317898102242894,2.632578171275046,29.933677666958232,0.8084151212929892,0.0,-0.32117945424058914,0.8741436385398285
0.30261480038012306,2.67166130617641,30.469980393182524,0.775781658318955,0.0,-0.37755101794879464,1.1498828041011984
0.30561903574173405,2.7066695931287525,30.121253643616246,0.7368180284847617,0.0,-0.17710918564655215,0.6037873384339978
0.3026884131014213,2.41208137693715,30.795807432547466,0.7972663022010771,0.0,-0.19939090633651338,0.33914711750030413
0.3135929201735421,2.770707283124103,30.16111245991319,0.7779822921828505,0.0,-0.5114829512742567,2.230698638156454
0.2883058580982777,2.4934979998968174,30.23894378201534,0.7488925993872149,0.0,-0.48042417494515927,0.9485138752606883
0.2983963995751121,2.4935525963619276,30.50700313134825,0.8225572124652699,0.0,-0.3776353082849003,0.7456555321878471
0.3044245780107603,2.7680915683083462,30.20261469886529,0.7542237870614037,0.0,-0.3280216685750796,1.4144447710776566
0.3090732683668099,2.5665138744231024,30.74144730595844,0.7487120999786248,0.0,-0.19602351346097036,0.45220250867336487
0.30058791082611735,2.569225498005532,30.421951040821735,0.7361310238470534,0.0,-0.26465454817380385,0.6143691117939065
0.28325305317736743,2.4572507432896358,30.42425270506909,0.82519360513824,0.0,-0.4435918649455954,0.8173053384434504
0.2973431386037924,2.61123224888994,30.22344099704931,0.7983207785999918,0.0,-0.3301520671813921,0.8492269902498322
0.2848248615178148,2.607864366038431,30.253395880029018,0.7937433802127273,0.0,-0.4199469296496067,1.070922643288172
0.28544455693807885,2.4810325684324175,30.470112184039245,0.7976158556600892,0.0,-0.4144626364033672,0.7986293767056822
0.2968730835525536,2.6361496426171347,30.195002319869467,0.7631867269393351,0.0,-0.1729245238144661,0.4752627565307143
0.3129888052085267,2.5867231831897994,30.682817614578806,0.7527452666512593,0.0,-0.44013612505340655,1.0649910838224959
0.28317898102242894,2.632578171275046,29.933677666958232,0.8084151212929892,0.0,-0.32117945424058914,0.8741436385398285
0.29868944106557715,2.6637678726759595,30.361665901106967,0.7823724824819869,0.0,-0.36616592331475106,1.0890271736640507
0.30561903574173405,2.7066695931287525,30.121253643616246,0.7368180284847617,0.0,-0.17710918564655215,0.6037873384339978
0.3026884131014213,2.41208137693715,30.795807432547466,0.7972663022010771,0.0,-0.19939090633651338,0.33914711750030413
0.3135929201735421,2.770707283124103,30.16111245991319,0.7779822921828505,0.0,-0.5114829512742567,2.230698638156454
0.2893772945335775,2.500104159504312,30.25490859256896,0.747779331327832,0.0,-0.46160130837092217,0.9233949774681186
0.2983963995751121,2.4935525963619276,30.50700313134825,0.8225572124652699,0.0,-0.3776353082849003,0.7456555321878471
0.3024416793615524,2.733445781613414,30.200615812934615,0.7565773081392835,0.0,-0.28729570094789086,1.0778133720293386
0.30955210219250173,2.5780955783942496,30.737370554599515,0.7450707653770988,0.0,-0.19577097498575313,0.4640173578666398
0.2981342874008849,2.554935913311127,30.42975441846569,0.7460931910623428,0.0,-0.28892741647543463,0.6491816012946752
0.28325305317736743,2.4572507432896358,30.42425270506909,0.82519360513824,0.0,-0.4435918649455954,0.8173053384434504
0.2973431386037924,2.61123224888994,30.22344099704931,0.7983207785999918,0.0,-0.3301520671813921,0.8492269902498322
0.2874318347231317,2.605907449144251,30.29314496375273,0.7899484222090818,0.0,-0.42181572657778593,1.0703468656330537
0.28544455693807885,2.4810325684324175,30.470112184039245,0.7976158556600892,0.0,-0.4144626364033672,0.7986293767056822
0.2968730835525536,2.6361496426171347,30.195002319869467,0.7631867269393351,0.0,-0.1729245238144661,0.4752627565307143
0.3129888052085267,2.5867231831897994,30.682817614578806,0.7527452666512593,0.0,-0.44013612505340655,1.0649910838224959
0.28317898102242894,2.632578171275046,29.933677666958232,0.8084151212929892,0.0,-0.32117945424058914,0.8741436385398285
0.29868944106557715,2.6637678726759595,30.361665901106967,0.7823724824819869,0.0,-0.36616592331475106,1.0890271736640507
0.3068168819743616,2.7162894097141437,30.127241281554394,0.743001772256235,0.0,-0.22733920325865825,0.8013067225640031
0.3026884131014213,2.41208137693715,30.795807432547466,0.7972663022010771,0.0,-0.19939090633651338,0.33914711750030413
0.3135929201735421,2.770707283124103,30.16111245991319,0.7779822921828505,0.0,-0.5114829512742567,2.230698638156454
0.291493021215123,2.537288677978991,30.279163933198284,0.7556389212348504,0.0,-0.4399183172546356,0.9507403348878103
0.2983997033041154,2.4954715913283865,30.505364609710757,0.8221041726662793,0.0,-0.3775060032512822,0.7482353753780246
0.3024416793615524,2.733445781613414,30.200615812934615,0.7565773081392835,0.0,-0.28729570094789086,1.0778133720293386
0.30955210219250173,2.5780955783942496,30.737370554599515,0.7450707653770988,0.0,-0.19577097498575313,0.4640173578666398
0.2981342874008849,2.554935913311127,30.42975441846569,0.7460931910623428,0.0,-0.28892741647543463,0.6491816012946752
0.28226604295733143,2.349464754106313,30.71280543459848,0.8372235425848744,0.0,-0.5335109038150874,0.8201106814468834
0.2973037389781326,2.611211081632915,30.22371808573796,0.7982874966310739,0.0,-0.3305164505067661,0.8501179814870664
0.28761792482629794,2.605262222717634,30.313057352235973,0.7887492860370751,0.0,-0.4293210259194348,1.0876106889874144
0.28544455693807885,2.4810325684324175,30.470112184039245,0.7976158556600892,0.0,-0.4144626364033672,0.7986293767056822
0.2990627597495526,2.6261236614132435,30.288669727996382,0.7600580865496448,0.0,-0.17687012337041663,0.4730711872245818
0.3129888052085267,2.5867231831897994,30.682817614578806,0.7527452666512593,0.0,-0.44013612505340655,1.0649910838224959
0.2847010259012201,2.6153759269835146,30.00093745131564,0.8075453367223924,0.0,-0.3116780174544095,0.8103445398256459
0.292426780614386,2.6191355270419563,30.44515227967593,0.784041076855749,0.0,-0.3042774868521184,0.7989127588848063
0.30020947658766406,2.678665649946549,30.183789654597987,0.7590035670295835,0.0,-0.29362664693169294,0.9137729809553536
0.3026884131014213,2.41208137693715,30.795807432547466,0.7972663022010771,0.0,-0.19939090633651338,0.33914711750030413
0.3137847707637169,2.7713483455113432,30.16043282777908,0.7783505524411193,0.0,-0.5153399620778013,2.253821268996621
0.291493021215123,2.537288677978991,30.279163933198284,0.7556389212348504,0.0,-0.4399183172546356,0.9507403348878103
0.2983997033041154,2.4954715913283865,30.505364609710757,0.8221041726662793,0.0,-0.3775060032512822,0.7482353753780246
0.3024416793615524,2.733445781613414,30.200615812934615,0.7565773081392835,0.0,-0.28729570094789086,1.0778133720293386
0.3147596034914373,2.5887753208481143,30.8672822739633,0.7451679564477893,0.0,-0.17251400830390806,0.41951277987425967
0.29525529357372143,2.548775137515632,30.38070756356764,0.7448039345003787,0.0,-0.25962125223324106,0.5753700068826219
0.2872172191202548,2.431015631224921,30.58778275151404,0.8144774445676909,0.0,-0.4283837320762754,0.7528919168702448
0.29645069953079617,2.5909167587845636,30.227553698562115,0.805212535359463,0.0,-0.33769228392751727,0.8254855000273102
0.28761792482629794,2.605262222717634,30.313057352235973,0.7887492860370751,0.0,-0.4293210259194348,1.0876106889874144
0.28804151271590445,2.5069603065679855,30.412879265692606,0.7994083311864951,0.0,-0.39634827810314055,0.8038871583425428
0.29915631370682005,2.627221567794853,30.288787209560148,0.7601127027561542,0.0,-0.17361912607665275,0.465743484808442
0.3129888052085267,2.5867231831897994,30.682817614578806,0.7527452666512593,0.0,-0.44013612505340655,1.0649910838224959
0.2847010259012201,2.6153759269835146,30.00093745131564,0.8075453367223924,0.0,-0.3116780174544095,0.8103445398256459
0.29329424928408093,2.5975568974301764,30.42538791127634,0.7720075482239264,0.0,-0.29058199208319063,0.7220449057957823
0.2951487988474615,2.7150753244059413,29.986172098641973,0.7614818851287348,0.0,-0.23560816437629187,0.8269138637608573
0.29756908770753265,2.4325514842157636,30.699115605582364,0.7973700770112061,0.0,-0.263241019606386,0.46390291327588806
0.3137847707637169,2.7713483455113432,30.16043282777908,0.7783505524411193,0.0,-0.5153399620778013,2.253821268996621
0.291493021215123,2.537288677978991,30.279163933198284,0.7556389212348504,0.0,-0.4399183172546356,0.9507403348878103
0.29868439048045353,2.517036979339976,30.438957929949005,0.8305815957730561,0.0,-0.41666945705833613,0.8627357359346264
0.3024416793615524,2.733445781613414,30.200615812934615,0.7565773081392835,0.0,-0.28729570094789086,1.0778133720293386
0.3106605736267295,2.5515241888876177,30.827183407553065,0.7576154044406451,0.0,-0.19414760752451649,0.4329054158862217
0.29525529357372143,2.548775137515632,30.38070756356764,0.7448039345003787,0.0,-0.25962125223324106,0.5753700068826219
0.28790334130649037,2.449818838480231,30.56944769313626,0.8096824151959368,0.0,-0.4128253378339808,0.7503443714678102
0.29645069953079617,2.5909167587845636,30.227553698562115,0.805212535359463,0.0,-0.33769228392751727,0.8254855000273102
0.28774652828508507,2.5754172561063586,30.343363797836194,0.7919854268881672,0.0,-0.41931033033786325,0.987582129439771
0.28804151271590445,2.5069603065679855,30.412879265692606,0.7994083311864951,0.0,-0.39634827810314055,0.8038871583425428
0.30198517285080906,2.631460063445775,30.340423770525938,0.7505820397512869,0.0,-0.14710106547155552,0.39914552231956507
0.3110276022435026,2.5822129453578744,30.645989611608115,0.7530092739538464,0.0,-0.44011625300310653,1.0534463624779087
0.2834811870613727,2.6037354369086407,30.0026613929411,0.8129235151763555,0.0,-0.3205596194765473,0.80895353593009
0.29329424928408093,2.5975568974301764,30.42538791127634,0.7720075482239264,0.0,-0.29058199208319063,0.7220449057957823
0.2951487988474615,2.7150753244059413,29.986172098641973,0.7614818851287348,0.0,-0.23560816437629187,0.8269138637608573
0.2961946149079945,2.4856050571872164,30.61110496446902,0.7892153580505133,0.0,-0.27203186016216685,0.5288385198242007
0.31270682649248577,2.757539782923384,30.17777200183182,0.7798163546696362,0.0,-0.5118118247757302,2.1109105277011295
0.2850129725833929,2.5223863139642684,30.157479816604756,0.7565112328672549,0.0,-0.43985265762906256,0.9209381357555066
0.29868439048045353,2.517036979339976,30.438957929949005,0.8305815957730561,0.0,-0.41666945705833613,0.8627357359346264
0.3024416793615524,2.733445781613414,30.200615812934615,0.7565773081392835,0.0,-0.28729570094789086,1.0778133720293386
0.3106605736267295,2.5515241888876177,30.827183407553065,0.7576154044406451,0.0,-0.19414760752451649,0.4329054158862217
0.29525529357372143,2.548775137515632,30.38070756356764,0.7448039345003787,0.0,-0.25962125223324106,0.5753700068826219
0.28790334130649037,2.449818838480231,30.56944769313626,0.8096824151959368,0.0,-0.4128253378339808,0.7503443714678102
0.29645069953079617,2.5909167587845636,30.227553698562115,0.805212535359463,0.0,-0.33769228392751727,0.8254855000273102
0.28774652828508507,2.5754172561063586,30.343363797836194,0.7919854268881672,0.0,-0.41931033033786325,0.987582129439771
0.28804151271590445,2.5069603065679855,30.412879265692606,0.7994083311864951,0.0,-0.39634827810314055,0.8038871583425428
0.30198517285080906,2.631460063445775,30.340423770525938,0.7505820397512869,0.0,-0.14710106547155552,0.39914552231956507
0.3111538420605824,2.5927683702652593,30.583667845373157,0.7514249913025066,0.0,-0.5247173859762433,1.288498602915568
0.2834811870613727,2.6037354369086407,30.0026613929411,0.8129235151763555,0.0,-0.3205596194765473,0.80895353593009
0.29368980523511823,2.6043792499685354,30.426329871554728,0.7699441394419992,0.0,-0.28261728962547206,0.7143641722609213
0.2951487988474615,2.7150753244059413,29.986172098641973,0.7614818851287348,0.0,-0.23560816437629187,0.8269138637608573
0.2957143859299048,2.4900672393948295,30.588122002037082,0.790110894974645,0.0,-0.273864917032877,0.5370608405466314
0.3078260990151717,2.7460839067696323,30.18863345516647,0.7687669803644713,0.0,-0.40506206262527367,1.5952595106202168
0.28760186794455395,2.537897975635283,30.173340830665694,0.7675346273480265,0.0,-0.4167289619169129,0.9018115912602165
0.29868439048045353,2.517036979339976,30.438957929949005,0.8305815957730561,0.0,-0.41666945705833613,0.8627357359346264
0.3024416793615524,2.733445781613414,30.200615812934615,0.7565773081392835,0.0,-0.28729570094789086,1.0778133720293386
0.31009747873014265,2.5574612793270974,30.796653749744173,0.7577557620447359,0.0,-0.1956526724384351,0.44211424514658354
0.29525529357372143,2.548775137515632,30.38070756356764,0.7448039345003787,0.0,-0.25962125223324106,0.5753700068826219
0.28790334130649037,2.449818838480231,30.56944769313626,0.8096824151959368,0.0,-0.4128253378339808,0.7503443714678102
0.2981288002995711,2.6308397879949026,30.220008273964186,0.7915895864440392,0.0,-0.3235759712322923,0.876519084965268
0.28555238848395326,2.564725063232395,30.31273437133968,0.800122632416433,0.0,-0.46977468589227117,1.0792596729342259
0.28804151271590445,2.5069603065679855,30.412879265692606,0.7994083311864951,0.0,-0.39634827810314055,0.8038871583425428
0.30198517285080906,2.631460063445775,30.340423770525938,0.7505820397512869,0.0,-0.14710106547155552,0.39914552231956507
0.30306449457506196,2.573922150129197,30.44273368043596,0.7569581344350301,0.0,-0.48762682692900167,1.1444547682468402
0.28598782104807596,2.5993774903718565,30.077436957152415,0.8077279993362572,0.0,-0.3087962978794804,0.7707911823679205
0.29368980523511823,2.6043792499685354,30.426329871554728,0.7699441394419992,0.0,-0.28261728962547206,0.7143641722609213
0.2951487988474615,2.7150753244059413,29.986172098641973,0.7614818851287348,0.0,-0.23560816437629187,0.8269138637608573
0.2957143859299048,2.4900672393948295,30.588122002037082,0.790110894974645,0.0,-0.273864917032877,0.5370608405466314
0.3055476106026768,2.851058259841279,29.918155456011988,0.7806409503760062,0.0,-0.3231346830084765,2.1695374491000634
0.28760186794455395,2.537897975635283,30.173340830665694,0.7675346273480265,0.0,-0.4167289619169129,0.9018115912602165
0.29743129160076887,2.528635091477049,30.4176714306639,0.7992357650291831,0.0,-0.3592791485090334,0.7622102155097953
0.3050456937678654,2.795396854601284,30.18890710346951,0.7354377223096871,0.0,-0.2653905315406807,1.2970989816579155
0.31540972896790986,2.569624600778259,30.889087066554502,0.7477236070176523,0.0,-0.1473144913665693,0.3422930112477661
0.29525529357372143,2.548775137515632,30.38070756356764,0.7448039345003787,0.0,-0.25962125223324106,0.5753700068826219
0.28607567687657476,2.520031013087516,30.321621698670874,0.8108884482674033,0.0,-0.37636004426043,0.784134088915737
0.2981288002995711,2.6308397879949026,30.220008273964186,0.7915895864440392,0.0,-0.3235759712322923,0.876519084965268
0.28555238848395326,2.564725063232395,30.31273437133968,0.800122632416433,0.0,-0.46977468589227117,1.0792596729342259
0.290495813671051,2.52228919599416,30.409021155777637,0.7929797019811728,0.0,-0.40829789624964263,0.8546968015499415
0.3058501695815226,2.6789463488962912,30.317288626194745,0.7539004288315355,0.0,-0.08248026975330067,0.2569049424286328
0.3033194959268865,2.6023823919503815,30.388862594720194,0.7593902197716794,0.0,-0.47073445516796764,1.1838873471348503
0.2831924965852094,2.6307922418602274,29.93067081554644,0.8127909916038447,0.0,-0.31883525249383127,0.8635659610736793
0.29368980523511823,2.6043792499685354,30.426329871554728,0.7699441394419992,0.0,-0.28261728962547206,0.7143641722609213
0.2951487988474615,2.7150753244059413,29.986172098641973,0.7614818851287348,0.0,-0.23560816437629187,0.8269138637608573
0.2958322928098618,2.4969418058311286,30.570145327572373,0.7901831062320687,0.0,-0.2762925348327309,0.5492257914399111
0.302443732975131,2.8066104813819552,29.97940632185959,0.7836651106815633,0.0,-0.34589775218328994,1.7886065111235814
0.28760186794455395,2.537897975635283,30.173340830665694,0.7675346273480265,0.0,-0.4167289619169129,0.9018115912602165
0.29743129160076887,2.528635091477049,30.4176714306639,0.7992357650291831,0.0,-0.3592791485090334,0.7622102155097953
0.30235911931231374,2.7557387017642636,30.186509696426672,0.7403810602019419,0.0,-0.2886986042828842,1.181925283981179
0.31540972896790986,2.569624600778259,30.889087066554502,0.7477236070176523,0.0,-0.1473144913665693,0.3422930112477661
0.29260848561862135,2.553126039629979,30.362165489389028,0.759894051156718,0.0,-0.3169479780802116,0.709255866727549
0.28607567687657476,2.520031013087516,30.321621698670874,0.8108884482674033,0.0,-0.37636004426043,0.784134088915737
0.2981288002995711,2.6308397879949026,30.220008273964186,0.7915895864440392,0.0,-0.3235759712322923,0.876519084965268
0.2915352318141977,2.5961771217269414,30.26862276610951,0.7960632967385723,0.0,-0.4002251182001926,0.9910907472893764
0.29251763196112707,2.4922516883681713,30.54144556725752,0.7874952313990639,0.0,-0.43306434241349767,0.8529114376012248
0.3058501695815226,2.6789463488962912,30.317288626194745,0.7539004288315355,0.0,-0.08248026975330067,0.2569049424286328
0.302915902970252,2.54539756219034,30.467224769301705,0.7673078248541062,0.0,-0.5236887057326323,1.1519707378953792
0.2831924965852094,2.6307922418602274,29.93067081554644,0.8127909916038447,0.0,-0.31883525249383127,0.8635659610736793
0.29246078797276265,2.607471663849843,30.36829846975515,0.7749606177318857,0.0,-0.28685766237786825,0.7307947884509777
0.29561973623764126,2.7017633632155444,30.02312583839868,0.7662398835759183,0.0,-0.249509945984914,0.836617354175846
0.2958322928098618,2.4969418058311286,30.570145327572373,0.7901831062320687,0.0,-0.2762925348327309,0.5492257914399111
0.302443732975131,2.8066104813819552,29.97940632185959,0.7836651106815633,0.0,-0.34589775218328994,1.7886065111235814
0.2864539260486529,2.525362261737849,30.12563719881481,0.7670802895732864,0.0,-0.44201706854562456,0.9312724903924319
0.29743129160076887,2.528635091477049,30.4176714306639,0.7992357650291831,0.0,-0.3592791485090334,0.7622102155097953
0.30469440431054223,2.7965109536369286,30.12190845436044,0.7324175448838903,0.0,-0.2903367503648584,1.426793016892077
0.31540972896790986,2.569624600778259,30.889087066554502,0.7477236070176523,0.0,-0.1473144913665693,0.3422930112477661
0.29015781646922545,2.432159388412326,30.638088724690657,0.7547295737669111,0.0,-0.37183158813512923,0.6548168280804951
0.28607567687657476,2.520031013087516,30.321621698670874,0.8108884482674033,0.0,-0.37636004426043,0.784134088915737
0.2981288002995711,2.6308397879949026,30.220008273964186,0.7915895864440392,0.0,-0.3235759712322923,0.876519084965268
0.29075385005394244,2.614222168304684,30.2137936096069,0.7971325563123239,0.0,-0.4227611399700408,1.0958668571291408
0.2924398441142148,2.4401317754507073,30.694943088835288,0.8111270415265067,0.0,-0.532481825670365,0.9510842057504255
0.3058501695815226,2.6789463488962912,30.317288626194745,0.7539004288315355,0.0,-0.08248026975330067,0.2569049424286328
0.302915902970252,2.54539756219034,30.467224769301705,0.7673078248541062,0.0,-0.5236887057326323,1.1519707378953792
0.2831924965852094,2.6307922418602274,29.93067081554644,0.8127909916038447,0.0,-0.31883525249383127,0.8635659610736793
0.29246078797276265,2.607471663849843,30.36829846975515,0.7749606177318857,0.0,-0.28685766237786825,0.7307947884509777
0.29561973623764126,2.7017633632155444,30.02312583839868,0.7662398835759183,0.0,-0.249509945984914,0.836617354175846
0.2958322928098618,2.4969418058311286,30.570145327572373,0.7901831062320687,0.0,-0.2762925348327309,0.5492257914399111
0.302443732975131,2.8066104813819552,29.97940632185959,0.7836651106815633,0.0,-0.34589775218328994,1.7886065111235814
0.2864539260486529,2.525362261737849,30.12563719881481,0.7670802895732864,0.0,-0.44201706854562456,0.9312724903924319
0.29743129160076887,2.528635091477049,30.4176714306639,0.7992357650291831,0.0,-0.3592791485090334,0.7622102155097953
0.31063235276490136,2.916088712744971,30.0038674575473,0.7189180267990144,0.0,-0.277262353415075,3.304231915456135
0.31679550499813686,2.567339198901537,30.920534981925094,0.7460788951073815,0.0,-0.13888815127487555,0.32100932398372745
0.29015781646922545,2.432159388412326,30.638088724690657,0.7547295737669111,0.0,-0.37183158813512923,0.6548168280804951
0.2891060918969251,2.5777343888395716,30.22684375311751,0.7967117048127146,0.0,-0.33608279653969864,0.7959037810730296
0.3041230801954436,2.684995558885479,30.268461612849208,0.8041734980422963,0.0,-0.2627642594132511,0.8341604914634274
0.28915511296350954,2.6205447660582952,30.06908263456342,0.8178990412468476,0.0,-0.5500498526700315,1.4495777195012547
0.2924398441142148,2.4401317754507073,30.694943088835288,0.8111270415265067,0.0,-0.532481825670365,0.9510842057504255
0.3074611089805429,2.704280907388767,30.284356056160256,0.753815310797654,0.0,-0.05277615618893855,0.17846719237137898
0.302915902970252,2.54539756219034,30.467224769301705,0.7673078248541062,0.0,-0.5236887057326323,1.1519707378953792
0.2831924965852094,2.6307922418602274,29.93067081554644,0.8127909916038447,0.0,-0.31883525249383127,0.8635659610736793
0.29246078797276265,2.607471663849843,30.36829846975515,0.7749606177318857,0.0,-0.28685766237786825,0.7307947884509777
0.29561973623764126,2.7017633632155444,30.02312583839868,0.7662398835759183,0.0,-0.249509945984914,0.836617354175846
0.2981786061322456,2.52372839192674,30.54205172240831,0.8048426255524432,0.0,-0.23678852774646325,0.4971712017526784
0.30730743372284663,2.851029825973846,29.99171903329768,0.7763066446614931,0.0,-0.35273491823895076,2.3678224218025163
0.2864539260486529,2.525362261737849,30.12563719881481,0.7670802895732864,0.0,-0.44201706854562456,0.9312724903924319
0.2996814280176819,2.5685322425429247,30.29267781766688,0.7938751969049491,0.0,-0.2811996630616976,0.6517281029734251
0.31063235276490136,2.916088712744971,30.0038674575473,0.7189180267990144,0.0,-0.277262353415075,3.304231915456135
0.31679550499813686,2.567339198901537,30.920534981925094,0.7460788951073815,0.0,-0.13888815127487555,0.32100932398372745
0.29015781646922545,2.432159388412326,30.638088724690657,0.7547295737669111,0.0,-0.37183158813512923,0.6548168280804951
0.2891060918969251,2.5777343888395716,30.22684375311751,0.7967117048127146,0.0,-0.33608279653969864,0.7959037810730296
0.3041230801954436,2.684995558885479,30.268461612849208,0.8041734980422963,0.0,-0.2627642594132511,0.8341604914634274
0.2963734135505762,2.6535630534851053,30.153967841795325,0.7926299639077932,0.0,-0.35396814196156334,1.0217390076965849
0.2924398441142148,2.4401317754507073,30.694943088835288,0.8111270415265067,0.0,-0.532481825670365,0.9510842057504255
0.3074611089805429,2.704280907388767,30.284356056160256,0.753815310797654,0.0,-0.05277615618893855,0.17846719237137898
0.3037429909558326,2.5394817902488485,30.511858191645004,0.7605142788987596,0.0,-0.5856956084816276,1.2718185645647273
0.287726296418313,2.6566844646832535,29.96440095827327,0.7958078632736125,0.0,-0.2935434683269042,0.8550252992661049
0.29246078797276265,2.607471663849843,30.36829846975515,0.7749606177318857,0.0,-0.28685766237786825,0.7307947884509777
0.29845951253540876,2.7179811327192787,30.044252942232553,0.7556023858765277,0.0,-0.23366826530879023,0.8285554351801472
0.2982866220230888,2.5159595772457135,30.56527319279987,0.8055733849963435,0.0,-0.22977694319496736,0.4747061038569687
0.3073764601382644,2.785114518798063,30.123162995127014,0.7662041976061948,0.0,-0.21800224605826143,1.0145043063816643
0.2860921520526785,2.5182183368164073,30.111831916014438,0.76303835701295,0.0,-0.4564672451509779,0.9474566593810603
0.30159319655449074,2.5668687139741717,30.30457904631991,0.7933624239291728,0.0,-0.2712781015541834,0.6263184173170226
0.30880431448657275,2.886338199907663,30.00993228798142,0.7244270461688055,0.0,-0.27071567570759625,2.3817648100564273
0.3076763022116316,2.542024803127086,30.745499875717062,0.7753914321582955,0.0,-0.1836684508562793,0.40104453715043953
0.29015781646922545,2.432159388412326,30.638088724690657,0.7547295737669111,0.0,-0.37183158813512923,0.6548168280804951
0.28880521248217234,2.5750672816861466,30.214156817730874,0.7986625385702801,0.0,-0.3404977507480441,0.8012980316016853
0.30316329893654026,2.6648799275063904,30.303497190755447,0.8047447336719381,0.0,-0.28492163631557393,0.8502076112465841
0.2963734135505762,2.6535630534851053,30.153967841795325,0.7926299639077932,0.0,-0.35396814196156334,1.0217390076965849
0.2907380990681221,2.4044656528515804,30.757063098562362,0.8121398737670584,0.0,-0.571768075561325,0.9600925258116616
0.3038546783979815,2.6475641081109536,30.35808262080133,0.7540058656259143,0.0,-0.11927513414648422,0.3384307242578866
0.3037429909558326,2.5394817902488485,30.511858191645004,0.7605142788987596,0.0,-0.5856956084816276,1.2718185645647273
0.287059069077971,2.6948623323031446,29.837491564301363,0.7953707928558776,0.0,-0.27297273645879633,0.8945887884611681
0.29246078797276265,2.607471663849843,30.36829846975515,0.7749606177318857,0.0,-0.28685766237786825,0.7307947884509777
0.29845951253540876,2.7179811327192787,30.044252942232553,0.7556023858765277,0.0,-0.23366826530879023,0.8285554351801472
0.2982866220230888,2.5159595772457135,30.56527319279987,0.8055733849963435,0.0,-0.22977694319496736,0.4747061038569687
0.3073764601382644,2.785114518798063,30.123162995127014,0.7662041976061948,0.0,-0.21800224605826143,1.0145043063816643
0.2865707661272101,2.506499814116873,30.178302051008995,0.7680966749234311,0.0,-0.46834525410289496,0.9490275130591551
0.30159319655449074,2.5668687139741717,30.30457904631991,0.7933624239291728,0.0,-0.2712781015541834,0.6263184173170226
0.3092233199799259,2.9431299606084482,29.924327318483137,0.7152595403297319,0.0,-0.33870069772182315,5.955696555612694
0.3076763022116316,2.542024803127086,30.745499875717062,0.7753914321582955,0.0,-0.1836684508562793,0.40104453715043953
0.2917870710501468,2.3983936289223915,30.84692592320111,0.7486581756218091,0.0,-0.32799464206340256,0.5451980860440232
0.2895172235294643,2.532880977518585,30.365250031312065,0.7867224488509028,0.0,-0.3375122464707556,0.722540145502604
0.30316329893654026,2.6648799275063904,30.303497190755447,0.8047447336719381,0.0,-0.28492163631557393,0.8502076112465841
0.29839258658874146,2.6773492526478417,30.043359091578203,0.8017485127417803,0.0,-0.3886015788337565,1.2044031573545868
0.2907380990681221,2.4044656528515804,30.757063098562362,0.8121398737670584,0.0,-0.571768075561325,0.9600925258116616
0.3038546783979815,2.6475641081109536,30.35808262080133,0.7540058656259143,0.0,-0.11927513414648422,0.3384307242578866
0.3040356730229224,2.5370009131870015,30.530863621543023,0.7575752502693301,0.0,-0.6128601826270315,1.323674711424562
0.28767086619569116,2.6465713827975472,29.990409919330933,0.7981593744645464,0.0,-0.3226603246927887,0.9129434035273969
0.29246078797276265,2.607471663849843,30.36829846975515,0.7749606177318857,0.0,-0.28685766237786825,0.7307947884509777
0.29914750889170655,2.7048466989435727,30.09659821125252,0.7570795587550179,0.0,-0.22993597984201472,0.7790391603922994
0.29943547331493636,2.5209122344301638,30.55402653887357,0.7960860843962952,0.0,-0.3047164539662104,0.6360347223723711
0.3073764601382644,2.785114518798063,30.123162995127014,0.7662041976061948,0.0,-0.21800224605826143,1.0145043063816643
0.28783221074742854,2.5256325835800246,30.181931976779925,0.7666820248851773,0.0,-0.46474221036236024,0.9797093861752647
0.30042354462255944,2.567618595308802,30.296308584473802,0.793847198487412,0.0,-0.27760927118571777,0.642047202247246
0.3025639406824695,2.7490738572775886,30.224323917959516,0.7501610916772321,0.0,-0.4226642098866001,1.6844167981100915
0.3055172794648659,2.573495883950424,30.582209875681947,0.7815210400469488,0.0,-0.2313277397490041,0.5423810252797535
0.2917870710501468,2.3983936289223915,30.84692592320111,0.7486581756218091,0.0,-0.32799464206340256,0.5451980860440232
0.2899422453817458,2.5076986419264586,30.4554423362597,0.7795950326847657,0.0,-0.33573010479928356,0.6819605497597089
0.30316329893654026,2.6648799275063904,30.303497190755447,0.8047447336719381,0.0,-0.28492163631557393,0.8502076112465841
0.299230431369313,2.6872192055649244,29.997462597170195,0.80553220458123,0.0,-0.402972533560345,1.2883544665463489
0.2907380990681221,2.4044656528515804,30.757063098562362,0.8121398737670584,0.0,-0.571768075561325,0.9600925258116616
0.30417643442026276,2.622259685127028,30.391426086057404,0.7549642936298623,0.0,-0.04364608802769632,0.11554522064284774
0.30378614104968366,2.5361282033022485,30.532120064487756,0.7596642214098848,0.0,-0.5961453185918058,1.2851510327545108
0.28767086619569116,2.6465713827975472,29.990409919330933,0.7981593744645464,0.0,-0.3226603246927887,0.9129434035273969
0.294806603964183,2.6351057721290214,30.239796469111305,0.7855542802209368,0.0,-0.3270937731603605,0.896407090539169
0.29850603054101305,2.715381311379352,30.058990635281397,0.7573493771836383,0.0,-0.2536986965244039,0.8913634510576511
0.29943547331493636,2.5209122344301638,30.55402653887357,0.7960860843962952,0.0,-0.3047164539662104,0.6360347223723711
0.3073764601382644,2.785114518798063,30.123162995127014,0.7662041976061948,0.0,-0.21800224605826143,1.0145043063816643
0.2878072531911377,2.544339982477079,30.152306417823954,0.7715510936919889,0.0,-0.4427642965045775,0.9716988093700921
0.30042354462255944,2.567618595308802,30.296308584473802,0.793847198487412,0.0,-0.27760927118571777,0.642047202247246
0.3025639406824695,2.7490738572775886,30.224323917959516,0.7501610916772321,0.0,-0.4226642098866001,1.6844167981100915
0.3055172794648659,2.573495883950424,30.582209875681947,0.7815210400469488,0.0,-0.2313277397490041,0.5423810252797535
0.2917870710501468,2.3983936289223915,30.84692592320111,0.7486581756218091,0.0,-0.32799464206340256,0.5451980860440232
0.2899422453817458,2.5076986419264586,30.4554423362597,0.7795950326847657,0.0,-0.33573010479928356,0.6819605497597089
0.3023828925480999,2.6753463844446683,30.257805302122033,0.7982384807439213,0.0,-0.2818007758264021,0.8680044278711382
0.299230431369313,2.6872192055649244,29.997462597170195,0.80553220458123,0.0,-0.402972533560345,1.2883544665463489
0.2907380990681221,2.4044656528515804,30.757063098562362,0.8121398737670584,0.0,-0.571768075561325,0.9600925258116616
0.30417643442026276,2.622259685127028,30.391426086057404,0.7549642936298623,0.0,-0.04364608802769632,0.11554522064284774
0.30378614104968366,2.5361282033022485,30.532120064487756,0.7596642214098848,0.0,-0.5961453185918058,1.2851510327545108
0.28767086619569116,2.6465713827975472,29.990409919330933,0.7981593744645464,0.0,-0.3226603246927887,0.9129434035273969
0.2908250825943549,2.6209199682561133,30.209446458091566,0.7764110482656486,0.0,-0.34718655680440313,0.915866117260876
0.2967537521040911,2.750841865939229,29.92822565992623,0.7513083017518661,0.0,-0.25928973252905696,1.0406633261501905
0.2996931046892613,2.5308618936660108,30.53671236519271,0.7966844867732074,0.0,-0.3033484269731316,0.646607945245811
0.3079193749892711,2.8469110409179508,29.989112887825723,0.7617313987273137,0.0,-0.2141109575325071,1.3986048296125175
0.2878072531911377,2.544339982477079,30.152306417823954,0.7715510936919889,0.0,-0.4427642965045775,0.9716988093700921
0.2998674169827898,2.5595215229317643,30.282213453918985,0.7996091204386108,0.0,-0.3122794586562608,0.7089550906885393
0.3026625535657626,2.7413184714022245,30.234543136933485,0.7504548339613021,0.0,-0.399485161843912,1.5443126689771205
0.3069690259420124,2.5657921462769884,30.627781556651286,0.7825759191367588,0.0,-0.2207126355661004,0.5083110166563146
0.2917870710501468,2.3983936289223915,30.84692592320111,0.7486581756218091,0.0,-0.32799464206340256,0.5451980860440232
0.2899422453817458,2.5076986419264586,30.4554423362597,0.7795950326847657,0.0,-0.33573010479928356,0.6819605497597089
0.3023828925480999,2.6753463844446683,30.257805302122033,0.7982384807439213,0.0,-0.2818007758264021,0.8680044278711382
0.2991841666125801,2.684537819825195,29.992330174864176,0.8080614771021535,0.0,-0.40579955304357646,1.2863651446861661
0.29257236325124536,2.4356195059137176,30.66165622329748,0.8096221925741409,0.0,-0.5196315763873366,0.9207114381736505
0.30417643442026276,2.622259685127028,30.391426086057404,0.7549642936298623,0.0,-0.04364608802769632,0.11554522064284774
0.3037007908324267,2.544595913756397,30.515435332925037,0.7620104355059425,0.0,-0.5770258433254527,1.2670633855858557
0.28767086619569116,2.6465713827975472,29.990409919330933,0.7981593744645464,0.0,-0.3226603246927887,0.9129434035273969
0.2919470415322796,2.6455067721078596,30.156227403206863,0.7716605303338689,0.0,-0.3305527020332825,0.9324654916506835
0.2961937016983516,2.7385688236668635,29.954791118138438,0.7536796269450031,0.0,-0.26759288587868835,1.023569145929635
0.3012567594658005,2.4138385953644037,30.860410565929463,0.8208233698754661,0.0,-0.3267864413042936,0.5575024877447357
0.3083907344631187,2.9005628725044947,29.872730387089934,0.7578481081481989,0.0,-0.21073253509906678,2.1192540493347645
0.2893819739932142,2.486592425409982,30.427151102529663,0.7624929016886188,0.0,-0.39735262976547436,0.7739516310852649
0.30059282972846907,2.571842213863979,30.24448204969741,0.7986134306989847,0.0,-0.2916605743298442,0.6811988098172457
0.3002314684031163,2.74523672509667,30.10851353884289,0.7508059801109732,0.0,-0.3418039162835379,1.3416530165630645
0.3039084481442338,2.5320457552986406,30.671959555304806,0.77573833507779,0.0,-0.24233995098927474,0.517871039173781
0.2917870710501468,2.3983936289223915,30.84692592320111,0.7486581756218091,0.0,-0.32799464206340256,0.5451980860440232
0.2899422453817458,2.5076986419264586,30.4554423362597,0.7795950326847657,0.0,-0.33573010479928356,0.6819605497597089
0.3014884979183695,2.701819398270965,30.19117194751401,0.8198182392995936,0.0,-0.40056258290672264,1.3433556059113634
0.2996148385343714,2.6877676898452427,30.02949304642884,0.810258777185216,0.0,-0.40482078059556265,1.296537121334157
0.29257236325124536,2.4356195059137176,30.66165622329748,0.8096221925741409,0.0,-0.5196315763873366,0.9207114381736505
0.30417643442026276,2.622259685127028,30.391426086057404,0.7549642936298623,0.0,-0.04364608802769632,0.11554522064284774
0.3037007908324267,2.544595913756397,30.515435332925037,0.7620104355059425,0.0,-0.5770258433254527,1.2670633855858557
0.28792475638883414,2.61560421207785,30.066498018829943,0.7900358147855215,0.0,-0.3422115490713908,0.8902583218229685
0.2931684096781648,2.6602098999971227,30.149192976449307,0.7685859563487123,0.0,-0.3322114618849949,0.9776961185219396
0.2963203959338629,2.736279742563434,29.956381500313146,0.7559835720267762,0.0,-0.2734481587346621,1.0368871977930478
0.2990528568706139,2.410244052425921,30.857272253685203,0.8040281964846633,0.0,-0.3270676286751584,0.5545813145599104
0.3019743616647673,2.801039302493689,29.983351678199973,0.7632377520903615,0.0,-0.2574866835159817,1.2941585285094526
0.28907675320508786,2.4750943261470373,30.411738799076545,0.7531761205569524,0.0,-0.4309229244860565,0.8209530701448794
0.30059282972846907,2.571842213863979,30.24448204969741,0.7986134306989847,0.0,-0.2916605743298442,0.6811988098172457
0.3002314684031163,2.74523672509667,30.10851353884289,0.7508059801109732,0.0,-0.3418039162835379,1.3416530165630645
0.3039084481442338,2.5320457552986406,30.671959555304806,0.77573833507779,0.0,-0.24233995098927474,0.517871039173781
0.2917870710501468,2.3983936289223915,30.84692592320111,0.7486581756218091,0.0,-0.32799464206340256,0.5451980860440232
0.28814940287314134,2.5568320060717364,30.3148748632832,0.7591267604120187,0.0,-0.21037208207283054,0.4747005310741909
0.29977492218920765,2.6909273999072396,30.175421262661526,0.8160556757258348,0.0,-0.39319080314123545,1.2721632490982024
0.2996148385343714,2.6877676898452427,30.02949304642884,0.810258777185216,0.0,-0.40482078059556265,1.296537121334157
0.2954956927510645,2.4852704659703564,30.509603026427826,0.8056096780355516,0.0,-0.4365398563096432,0.8480956064287203
0.30417643442026276,2.622259685127028,30.391426086057404,0.7549642936298623,0.0,-0.04364608802769632,0.11554522064284774
0.3037007908324267,2.544595913756397,30.515435332925037,0.7620104355059425,0.0,-0.5770258433254527,1.2670633855858557
0.28792475638883414,2.61560421207785,30.066498018829943,0.7900358147855215,0.0,-0.3422115490713908,0.8902583218229685
0.29297711056793907,2.6624867996896833,30.14673773889498,0.7678122623649918,0.0,-0.3332563042640097,0.9873874679793467
0.29348344088569744,2.812636971680271,29.68884739285268,0.7485978328134524,0.0,-0.2850786252306672,1.5215308366183609
0.2942973449349136,2.290952823168889,31.038765443561502,0.831734971210658,0.0,-0.4100489711758011,0.5783098566281595
0.30804638680925756,2.908296970794318,29.83774421953426,0.7650433303359044,0.0,-0.2781797683162587,3.0334850519749446
0.28907675320508786,2.4750943261470373,30.411738799076545,0.7531761205569524,0.0,-0.4309229244860565,0.8209530701448794
0.30059282972846907,2.571842213863979,30.24448204969741,0.7986134306989847,0.0,-0.2916605743298442,0.6811988098172457
0.3002314684031163,2.74523672509667,30.10851353884289,0.7508059801109732,0.0,-0.3418039162835379,1.3416530165630645
0.3068380317247618,2.6055338741926044,30.56015256665071,0.7586698651834525,0.0,-0.19122015952054455,0.4847568574593167
0.2917870710501468,2.3983936289223915,30.84692592320111,0.7486581756218091,0.0,-0.32799464206340256,0.5451980860440232
0.29246432606179606,2.6061085826301937,30.207473744341925,0.7783698778456987,0.0,-0.2835512636626436,0.7198716477653804
0.2990496402957367,2.7179613093410695,30.11260559787523,0.826040226336686,0.0,-0.3592283254965977,1.2736845595805601
0.2996148385343714,2.6877676898452427,30.02949304642884,0.810258777185216,0.0,-0.40482078059556265,1.296537121334157
0.2954956927510645,2.4852704659703564,30.509603026427826,0.8056096780355516,0.0,-0.4365398563096432,0.8480956064287203
0.30417643442026276,2.622259685127028,30.391426086057404,0.7549642936298623,0.0,-0.04364608802769632,0.11554522064284774
0.3037007908324267,2.544595913756397,30.515435332925037,0.7620104355059425,0.0,-0.5770258433254527,1.2670633855858557
0.29007361988737956,2.578611505199969,30.192264784166916,0.7944561539177168,0.0,-0.36898481021185886,0.8756404476276928
0.29297711056793907,2.6624867996896833,30.14673773889498,0.7678122623649918,0.0,-0.3332563042640097,0.9873874679793467
0.29348344088569744,2.812636971680271,29.68884739285268,0.7485978328134524,0.0,-0.2850786252306672,1.5215308366183609
0.2942973449349136,2.290952823168889,31.038765443561502,0.831734971210658,0.0,-0.4100489711758011,0.5783098566281595
0.30991005994653403,2.9205389286781496,29.856799087798468,0.767147920445805,0.0,-0.27729689651430434,3.489720084330809
0.2889319569639758,2.4738778762173665,30.413841785155316,0.7526048190636484,0.0,-0.43267392577456965,0.8223830670031436
0.30059282972846907,2.571842213863979,30.24448204969741,0.7986134306989847,0.0,-0.2916605743298442,0.6811988098172457
0.300270596840136,2.7459376092212224,30.108015008238173,0.7506671218038719,0.0,-0.3420973749520088,1.3465093117614833
0.3068380317247618,2.6055338741926044,30.56015256665071,0.7586698651834525,0.0,-0.19122015952054455,0.4847568574593167
0.2917870710501468,2.3983936289223915,30.84692592320111,0.7486581756218091,0.0,-0.32799464206340256,0.5451980860440232
0.28769752479117655,2.632203860293789,30.076828410446787,0.7853099797481763,0.0,-0.15905169660239876,0.43244525820593577
0.2990496402957367,2.7179613093410695,30.11260559787523,0.826040226336686,0.0,-0.3592283254965977,1.2736845595805601
0.299703514129639,2.6875220676695477,30.036931752094883,0.8083985207864828,0.0,-0.39763541467363234,1.2725231881434882
0.2954956927510645,2.4852704659703564,30.509603026427826,0.8056096780355516,0.0,-0.4365398563096432,0.8480956064287203
0.302346606894383,2.6802009756207004,30.25865215967308,0.7529511317588617,0.0,-0.18346613142300436,0.5736919672569207
0.3037007908324267,2.544595913756397,30.515435332925037,0.7620104355059425,0.0,-0.5770258433254527,1.2670633855858557
0.28947060100007665,2.569249832652878,30.1976163755956,0.7923343013215653,0.0,-0.3696402615465625,0.8581314403731527
0.29297711056793907,2.6624867996896833,30.14673773889498,0.7678122623649918,0.0,-0.3332563042640097,0.9873874679793467
0.2915847589505693,2.6713213511095484,29.991283648677904,0.7502693739060717,0.0,-0.34664899121946124,1.054674504686184
0.2923006558792293,2.138864286266691,31.349888971795536,0.8588336588680242,0.0,-0.4327632666130484,0.5025494352532148
0.30765495264427933,2.7840024341887224,30.096005245338002,0.7652820680257859,0.0,-0.386153659561544,1.7877685709612856
0.289017669366223,2.465353867303984,30.437658354994895,0.7553076812892796,0.0,-0.43267619894236453,0.8092758415001414
0.2985761362085679,2.466540058274735,30.513321924159715,0.813259257731013,0.0,-0.32597737597218335,0.6110625193673185
0.300270596840136,2.7459376092212224,30.108015008238173,0.7506671218038719,0.0,-0.3420973749520088,1.3465093117614833
0.3087904679527472,2.5971130024766196,30.632968433833273,0.7597451376017484,0.0,-0.17132509264703694,0.42524353900772033
0.29483403903534894,2.435785282360069,30.762146254514487,0.7520730543616604,0.0,-0.3916850856384223,0.6942128118827041
0.28851637559384535,2.606051944827292,30.143991317940028,0.7849160055231734,0.0,-0.20530773836930952,0.5211543391915006
0.2990496402957367,2.7179613093410695,30.11260559787523,0.826040226336686,0.0,-0.3592283254965977,1.2736845595805601
0.299703514129639,2.6875220676695477,30.036931752094883,0.8083985207864828,0.0,-0.39763541467363234,1.2725231881434882
0.29257898288985423,2.476303079426506,30.4772101620981,0.7829613606040748,0.0,-0.43480025660862187,0.8302516962148211
0.302346606894383,2.6802009756207004,30.25865215967308,0.7529511317588617,0.0,-0.18346613142300436,0.5736919672569207
0.3037007908324267,2.544595913756397,30.515435332925037,0.7620104355059425,0.0,-0.5770258433254527,1.2670633855858557
0.28947060100007665,2.569249832652878,30.1976163755956,0.7923343013215653,0.0,-0.3696402615465625,0.8581314403731527
0.2965308729567807,2.6477952363424375,30.25600918036838,0.7659993238553462,0.0,-0.29686523085560107,0.8428768190774208
0.2915847589505693,2.6713213511095484,29.991283648677904,0.7502693739060717,0.0,-0.34664899121946124,1.054674504686184
0.2923006558792293,2.138864286266691,31.349888971795536,0.8588336588680242,0.0,-0.4327632666130484,0.5025494352532148
0.3157084646044165,2.8506762415979976,30.06816908648688,0.7638937883136672,0.0,-0.4151776456034035,2.7803857205742286
0.289017669366223,2.465353867303984,30.437658354994895,0.7553076812892796,0.0,-0.43267619894236453,0.8092758415001414
0.29682403236909677,2.4521402288561402,30.629825062477046,0.7846109953039088,0.0,-0.35674267282577543,0.6511569047695239
0.300270596840136,2.7459376092212224,30.108015008238173,0.7506671218038719,0.0,-0.3420973749520088,1.3465093117614833
0.30733521636134165,2.5809394800277454,30.629539866873156,0.7594648217475427,0.0,-0.22769350880632333,0.5433427821389584
0.295530549119523,2.4232707140192,30.85015331460905,0.7425327079610264,0.0,-0.3783682769098998,0.6560587195887535
0.28851637559384535,2.606051944827292,30.143991317940028,0.7849160055231734,0.0,-0.20530773836930952,0.5211543391915006
0.2987197772951134,2.7333171457025625,30.150781161024526,0.8349400256973254,0.0,-0.3398529092858982,1.2743710508919797
0.299703514129639,2.6875220676695477,30.036931752094883,0.8083985207864828,0.0,-0.39763541467363234,1.2725231881434882
0.29257898288985423,2.476303079426506,30.4772101620981,0.7829613606040748,0.0,-0.43480025660862187,0.8302516962148211
0.29916784560234605,2.6173705490381685,30.331123932071844,0.7644011742337069,0.0,-0.24261865369476268,0.6340825388241341
0.30020374306945086,2.501680990251047,30.612738144167643,0.7580911314252866,0.0,-0.5039274306382624,1.0112546797926387
0.28947060100007665,2.569249832652878,30.1976163755956,0.7923343013215653,0.0,-0.3696402615465625,0.8581314403731527
0.2965308729567807,2.6477952363424375,30.25600918036838,0.7659993238553462,0.0,-0.29686523085560107,0.8428768190774208
0.2918517246841201,2.472762333450212,30.49792231713955,0.790754173898904,0.0,-0.3787619390186281,0.7183893774077705
0.29241739810865697,2.2804005206422637,30.98385022625796,0.8270095781535886,0.0,-0.4336176671718414,0.602581963453973
0.3157084646044165,2.8506762415979976,30.06816908648688,0.7638937883136672,0.0,-0.4151776456034035,2.7803857205742286
0.29089468968714527,2.495609271183692,30.412450174261796,0.7549758250294307,0.0,-0.39758170173101504,0.7882414941766478
0.29682403236909677,2.4521402288561402,30.629825062477046,0.7846109953039088,0.0,-0.35674267282577543,0.6511569047695239
0.2998855460555942,2.7581302006247364,30.080075377973618,0.7502434919552249,0.0,-0.3715197203056523,1.5360318703090143
0.31129144507572143,2.563292473963298,30.774090876607726,0.7570736802129732,0.0,-0.22046385210084232,0.5048318129564683
0.295530549119523,2.4232707140192,30.85015331460905,0.7425327079610264,0.0,-0.3783682769098998,0.6560587195887535
0.28895547208531003,2.589117079931903,30.16866743169406,0.788329609516999,0.0,-0.28092701436999257,0.6837154835334448
0.2987197772951134,2.7333171457025625,30.150781161024526,0.8349400256973254,0.0,-0.3398529092858982,1.2743710508919797
0.2993982371321622,2.669786965796217,30.082509632030426,0.8075106292460242,0.0,-0.3982740366654901,1.2061124044537408
0.2928378953617671,2.4771648321202036,30.481812258954193,0.7821168471555143,0.0,-0.4371475943717499,0.8361097746053939
0.29916784560234605,2.6173705490381685,30.331123932071844,0.7644011742337069,0.0,-0.24261865369476268,0.6340825388241341
0.30020374306945086,2.501680990251047,30.612738144167643,0.7580911314252866,0.0,-0.5039274306382624,1.0112546797926387
0.28977654962951377,2.5574501512499044,30.214809915807454,0.7947127932559195,0.0,-0.42232939548671755,0.9543092076056806
0.2965308729567807,2.6477952363424375,30.25600918036838,0.7659993238553462,0.0,-0.29686523085560107,0.8428768190774208
0.28970799774023714,2.501602121793914,30.29267004348398,0.8188538175812043,0.0,-0.3789913340561149,0.7604192365750868
0.2937422088337549,2.3411993588039652,30.92695510557582,0.7910601933459818,0.0,-0.41010612387739,0.6225041358989168
0.3157084646044165,2.8506762415979976,30.06816908648688,0.7638937883136672,0.0,-0.4151776456034035,2.7803857205742286
0.29053275664223216,2.4997579246112043,30.398534082011093,0.7489620917389538,0.0,-0.38958391080455873,0.778790769452506
0.294643376943792,2.4201755609636444,30.640849876260436,0.8017221300052317,0.0,-0.2617761892707355,0.45147491489975267
0.29992714169110785,2.7246064168746287,30.149706597970756,0.7512693581224859,0.0,-0.38882843980441484,1.4119008707163774
0.31129144507572143,2.563292473963298,30.774090876607726,0.7570736802129732,0.0,-0.22046385210084232,0.5048318129564683
0.295530549119523,2.4232707140192,30.85015331460905,0.7425327079610264,0.0,-0.3783682769098998,0.6560587195887535
0.28787086532631684,2.616474643727337,30.056251380760827,0.7958841413818106,0.0,-0.26485336969546114,0.6905759042100116
0.2987197772951134,2.7333171457025625,30.150781161024526,0.8349400256973254,0.0,-0.3398529092858982,1.2743710508919797
0.2993982371321622,2.669786965796217,30.082509632030426,0.8075106292460242,0.0,-0.3982740366654901,1.2061124044537408
0.2928378953617671,2.4771648321202036,30.481812258954193,0.7821168471555143,0.0,-0.4371475943717499,0.8361097746053939
0.30024117468452055,2.631880269965789,30.323684046394114,0.7657234487931218,0.0,-0.22455704264525317,0.6100108859266634
0.30020374306945086,2.501680990251047,30.612738144167643,0.7580911314252866,0.0,-0.5039274306382624,1.0112546797926387
0.2895516211704674,2.5759384917238104,30.158107140514378,0.8078862391473552,0.0,-0.43307628502607476,1.0212581820654514
0.2956438069643921,2.6131369938286073,30.298653436570753,0.738060710447505,0.0,-0.2794442285032092,0.722333808209634
0.28970799774023714,2.501602121793914,30.29267004348398,0.8188538175812043,0.0,-0.3789913340561149,0.7604192365750868
0.2937422088337549,2.3411993588039652,30.92695510557582,0.7910601933459818,0.0,-0.41010612387739,0.6225041358989168
0.3157084646044165,2.8506762415979976,30.06816908648688,0.7638937883136672,0.0,-0.4151776456034035,2.7803857205742286
0.29047691192312314,2.4998827958595182,30.391365990243923,0.7536944853975888,0.0,-0.3888666836588722,0.7775511029003522
0.29286619125255703,2.3941250672705925,30.64983485438995,0.8156673243716159,0.0,-0.18438061647072335,0.30432124933789
0.2993115764105133,2.689139836850285,30.206925411519578,0.7571471699036694,0.0,-0.37402669181030457,1.20319917489771
0.31311132840195116,2.568494110270846,30.814683546234747,0.7518644733545405,0.0,-0.20709705685839414,0.47994027842443604
0.295530549119523,2.4232707140192,30.85015331460905,0.7425327079610264,0.0,-0.3783682769098998,0.6560587195887535
0.28787086532631684,2.616474643727337,30.056251380760827,0.7958841413818106,0.0,-0.26485336969546114,0.6905759042100116
0.2965550938958141,2.758108753359894,30.05092128759247,0.8474357092903612,0.0,-0.35982118009814645,1.4875328689900906
0.2993982371321622,2.669786965796217,30.082509632030426,0.8075106292460242,0.0,-0.3982740366654901,1.2061124044537408
0.2928378953617671,2.4771648321202036,30.481812258954193,0.7821168471555143,0.0,-0.4371475943717499,0.8361097746053939
0.30365823100431266,2.615051094314249,30.45404557748235,0.7620438579624303,0.0,-0.21992137503114653,0.5713001694065786
0.30203651249296304,2.502019813414392,30.65444999346623,0.7589195655046233,0.0,-0.5256076485569124,1.0554790385551918
0.2895516211704674,2.5759384917238104,30.158107140514378,0.8078862391473552,0.0,-0.43307628502607476,1.0212581820654514
0.2950915984781378,2.614548309065264,30.282339948321273,0.7376243259812397,0.0,-0.2817313716609591,0.7309122732806002
0.28970799774023714,2.501602121793914,30.29267004348398,0.8188538175812043,0.0,-0.3789913340561149,0.7604192365750868
0.2937422088337549,2.3411993588039652,30.92695510557582,0.7910601933459818,0.0,-0.41010612387739,0.6225041358989168
0.3135048206599694,2.8289667125751423,30.08681710870891,0.7629870830517373,0.0,-0.4096472029326958,2.395131433772338
0.29047691192312314,2.4998827958595182,30.391365990243923,0.7536944853975888,0.0,-0.3888666836588722,0.7775511029003522
0.29204731218226154,2.3466742752571794,30.71964925900954,0.8129711973088305,0.0,-0.162631041821677,0.24892796297849157
0.2993115764105133,2.689139836850285,30.206925411519578,0.7571471699036694,0.0,-0.37402669181030457,1.20319917489771
0.31311132840195116,2.568494110270846,30.814683546234747,0.7518644733545405,0.0,-0.20709705685839414,0.47994027842443604
0.295530549119523,2.4232707140192,30.85015331460905,0.7425327079610264,0.0,-0.3783682769098998,0.6560587195887535
0.2879601685100576,2.610890679362407,30.06774371474663,0.7970006995561469,0.0,-0.27040162714596716,0.6949245695345674
0.29664058822122025,2.766495252690014,30.037402295973884,0.8538506594326962,0.0,-0.3643830225288068,1.56049513650819
0.2993982371321622,2.669786965796217,30.082509632030426,0.8075106292460242,0.0,-0.3982740366654901,1.2061124044537408
0.29014970407805124,2.3982352337972457,30.645432063962716,0.7717113917592207,0.0,-0.4530765753075554,0.7529130995265001
0.3041440407441678,2.600264009596426,30.495198868326337,0.7625311372569545,0.0,-0.21417692639065627,0.5357959541607024
0.2916492503778673,2.4817979862262707,30.453345154880058,0.7895079393932402,0.0,-0.4902148263162704,0.9459917431550557
0.278152278709617,2.4555222048303555,30.192034110769505,0.8292537753197753,0.0,-0.4442261996937523,0.8158756952711791
0.295276038496479,2.6192816831524133,30.278267353216414,0.7367354161292706,0.0,-0.2768202975579275,0.7271000246325084
0.28970799774023714,2.501602121793914,30.29267004348398,0.8188538175812043,0.0,-0.3789913340561149,0.7604192365750868
0.2937422088337549,2.3411993588039652,30.92695510557582,0.7910601933459818,0.0,-0.41010612387739,0.6225041358989168
0.3135048206599694,2.8289667125751423,30.08681710870891,0.7629870830517373,0.0,-0.4096472029326958,2.395131433772338
0.2910455130995323,2.510711647923441,30.371681012451194,0.7571244604276459,0.0,-0.3894662618449739,0.7959851490272835
0.3003193810599799,2.433785343466574,30.756970259975013,0.7889739204282178,0.0,-0.1800933308393601,0.31806546997910234
0.2977888841053191,2.793702370140037,29.956848999928006,0.7561567565282091,0.0,-0.2893233631933128,1.402456069852613
0.31311132840195116,2.568494110270846,30.814683546234747,0.7518644733545405,0.0,-0.20709705685839414,0.47994027842443604
0.2967212468165308,2.4991626505732016,30.613828264092568,0.7625366640654399,0.0,-0.38449641915423727,0.7677071600077117
0.29360307041835193,2.6590644284801317,30.071957093365207,0.7894869741644552,0.0,-0.3011614558849615,0.8833383226701854
0.29664058822122025,2.766495252690014,30.037402295973884,0.8538506594326962,0.0,-0.3643830225288068,1.56049513650819
0.3005101974069467,2.6718443760708808,30.084534423442534,0.8109689574437898,0.0,-0.41690772527921266,1.2704573527871752
0.29014970407805124,2.3982352337972457,30.645432063962716,0.7717113917592207,0.0,-0.4530765753075554,0.7529130995265001
0.30219460346102545,2.588102649264664,30.474133521668065,0.7605918891977697,0.0,-0.2364225773861294,0.5739842146691599
0.2933439624999682,2.5678923957334066,30.316298208803858,0.7803020720081789,0.0,-0.43476311487967384,1.0061454845664832
0.278152278709617,2.4555222048303555,30.192034110769505,0.8292537753197753,0.0,-0.4442261996937523,0.8158756952711791
0.29636536898362376,2.666253381973329,30.200245967841735,0.7293031275851647,0.0,-0.2393663741047223,0.7172098867099044
0.28923866209355975,2.506390157412438,30.25382370486208,0.825948755380479,0.0,-0.35210088782889826,0.7133182069124535
0.2937422088337549,2.3411993588039652,30.92695510557582,0.7910601933459818,0.0,-0.41010612387739,0.6225041358989168
0.3135048206599694,2.8289667125751423,30.08681710870891,0.7629870830517373,0.0,-0.4096472029326958,2.395131433772338
0.2909007017714575,2.517646826353072,30.35209319943122,0.7493570179241397,0.0,-0.3653008939833857,0.7573307566765962
0.299368047266179,2.4510708690723715,30.719124029461796,0.781984004629751,0.0,-0.23413677455612802,0.42653370237513755
0.2977888841053191,2.793702370140037,29.956848999928006,0.7561567565282091,0.0,-0.2893233631933128,1.402456069852613
0.3126277597281094,2.5694460799848073,30.800614951716874,0.7532241099974264,0.0,-0.21454702280084298,0.49830465553134995
0.2982949068512482,2.502861037310007,30.649573955406176,0.7568826045071355,0.0,-0.37943451329192496,0.7632363217697211
0.29360307041835193,2.6590644284801317,30.071957093365207,0.7894869741644552,0.0,-0.3011614558849615,0.8833383226701854
0.29656292827810243,2.7382095193020852,30.08335268230879,0.8187064801114547,0.0,-0.3291064703147075,1.257136888390033
0.3063505659790281,2.757574810470832,29.996816843600623,0.8032071451748204,0.0,-0.4504875177544467,1.8582537508968122
0.29014970407805124,2.3982352337972457,30.645432063962716,0.7717113917592207,0.0,-0.4530765753075554,0.7529130995265001
0.30219460346102545,2.588102649264664,30.474133521668065,0.7605918891977697,0.0,-0.2364225773861294,0.5739842146691599
0.2950976292743,2.6039564901427603,30.290606114211485,0.8025130921190613,0.0,-0.48462008979670157,1.2236536585876405
0.278152278709617,2.4555222048303555,30.192034110769505,0.8292537753197753,0.0,-0.4442261996937523,0.8158756952711791
0.29636536898362376,2.666253381973329,30.200245967841735,0.7293031275851647,0.0,-0.2393663741047223,0.7172098867099044
0.29259142749672973,2.5556052079537523,30.203467898834763,0.8214929517235486,0.0,-0.3713779531488475,0.8356937565330392
0.2948611722576703,2.323434300075187,31.014641554996476,0.7970867967172947,0.0,-0.39672204599046496,0.5863762322484762
0.3135048206599694,2.8289667125751423,30.08681710870891,0.7629870830517373,0.0,-0.4096472029326958,2.395131433772338
0.290986176786068,2.5195658207667786,30.344579414344686,0.7530038660812832,0.0,-0.3656081210594231,0.7609952348580569
0.2991646570574155,2.495200503209198,30.620945904974867,0.7786575533083444,0.0,-0.2412445972701217,0.4779018180560861
0.2977888841053191,2.793702370140037,29.956848999928006,0.7561567565282091,0.0,-0.2893233631933128,1.402456069852613
0.3126277597281094,2.5694460799848073,30.800614951716874,0.7532241099974264,0.0,-0.21454702280084298,0.49830465553134995
0.29857233443516784,2.517357768156571,30.620078425288302,0.7536343185361799,0.0,-0.3780377721350932,0.7832670810658152
0.29352764639369083,2.6602415406084576,30.06512969057167,0.7888109389600827,0.0,-0.2915766078887161,0.8581879268315705
0.29656292827810243,2.7382095193020852,30.08335268230879,0.8187064801114547,0.0,-0.3291064703147075,1.257136888390033
0.30494549440736474,2.7062723678307075,30.11885373701968,0.7984069265798173,0.0,-0.40957393502587985,1.3944004246417587
0.29014970407805124,2.3982352337972457,30.645432063962716,0.7717113917592207,0.0,-0.4530765753075554,0.7529130995265001
0.30219460346102545,2.588102649264664,30.474133521668065,0.7605918891977697,0.0,-0.2364225773861294,0.5739842146691599
0.2951240718328525,2.6353267769791002,30.209638546363717,0.8031199048748405,0.0,-0.494449568334177,1.355870234283255
0.28393613999312645,2.5443308157069136,30.15789092076569,0.8259402533185976,0.0,-0.4080603629997939,0.8955188919190319
0.29636536898362376,2.666253381973329,30.200245967841735,0.7293031275851647,0.0,-0.2393663741047223,0.7172098867099044
0.29259142749672973,2.5556052079537523,30.203467898834763,0.8214929517235486,0.0,-0.3713779531488475,0.8356937565330392
0.29482485926628244,2.280354166454253,31.12583255749006,0.7962534739383784,0.0,-0.38322343658890834,0.5325167168699342
0.3135048206599694,2.8289667125751423,30.08681710870891,0.7629870830517373,0.0,-0.4096472029326958,2.395131433772338
0.290986176786068,2.5195658207667786,30.344579414344686,0.7530038660812832,0.0,-0.3656081210594231,0.7609952348580569
0.2991646570574155,2.495200503209198,30.620945904974867,0.7786575533083444,0.0,-0.2412445972701217,0.4779018180560861
0.2980349015040852,2.7069252286253453,30.165114887114186,0.7553646659390488,0.0,-0.31718127235411375,1.0822537568361432
0.3072233709518019,2.626219986398681,30.55931991102373,0.7752531108737546,0.0,-0.25308610080428195,0.677099073237844
0.29857233443516784,2.517357768156571,30.620078425288302,0.7536343185361799,0.0,-0.3780377721350932,0.7832670810658152
0.29494982155149985,2.77055096152752,29.820811835990988,0.7960101593630647,0.0,-0.22358218400923255,0.9744306862111727
0.2973254511300159,2.730199103540961,30.117397787166627,0.8155983364770326,0.0,-0.32366886601093703,1.199658230416874
0.30186253213888914,2.6148865270075765,30.361316943451314,0.7767485558717304,0.0,-0.3943185827816334,1.0239023312211957
0.29014970407805124,2.3982352337972457,30.645432063962716,0.7717113917592207,0.0,-0.4530765753075554,0.7529130995265001
0.2991291921371281,2.608576551860644,30.35946238588228,0.7790298041517072,0.0,-0.3482895347124625,0.8898024284647946
0.29424926708493604,2.5976255222116285,30.246294044215,0.7981611087118102,0.0,-0.5623160052709579,1.3974942157407595
0.2869240390200236,2.4718947877738513,30.423497169022266,0.8177941071101501,0.0,-0.4012450317939328,0.759782373861724
0.2968361619873016,2.670722853873541,30.197130260624064,0.7302283713367922,0.0,-0.24404371293600594,0.7411498666302238
0.29198589759199217,2.516578582443842,30.313071843638713,0.8091474817033603,0.0,-0.3916386258010055,0.8101391696314525
0.29482485926628244,2.280354166454253,31.12583255749006,0.7962534739383784,0.0,-0.38322343658890834,0.5325167168699342
0.3135048206599694,2.8289667125751423,30.08681710870891,0.7629870830517373,0.0,-0.4096472029326958,2.395131433772338
0.2908045404745747,2.5201085632477933,30.350303931523115,0.7428032988878646,0.0,-0.3608787157699158,0.7520007404430027
0.2991646570574155,2.495200503209198,30.620945904974867,0.7786575533083444,0.0,-0.2412445972701217,0.4779018180560861
0.29809911209284856,2.6948916792131246,30.191022419010935,0.7566885364060469,0.0,-0.3128653487886118,1.0254238494110253
0.3038349587957664,2.6517221123581685,30.422547848956576,0.7683589147784431,0.0,-0.2752859017612663,0.790420269357927
0.29857233443516784,2.517357768156571,30.620078425288302,0.7536343185361799,0.0,-0.3780377721350932,0.7832670810658152
0.29494982155149985,2.77055096152752,29.820811835990988,0.7960101593630647,0.0,-0.22358218400923255,0.9744306862111727
0.3015737227774306,2.6855703791996626,30.307074533690187,0.7982818213784056,0.0,-0.2933741408946998,0.9330359529994542
0.30230000839123644,2.6278542936162403,30.326911107231247,0.7798219061187339,0.0,-0.3964833365952928,1.0653981217411548
0.28966999308776226,2.3673176836902687,30.732262155243294,0.7619311024578453,0.0,-0.4691274214603976,0.7414897008607635
0.2991291921371281,2.608576551860644,30.35946238588228,0.7790298041517072,0.0,-0.3482895347124625,0.8898024284647946
0.29424926708493604,2.5976255222116285,30.246294044215,0.7981611087118102,0.0,-0.5623160052709579,1.3974942157407595
0.28366907824700693,2.443161468426332,30.494504704566918,0.8233542044771386,0.0,-0.40742230329057405,0.7316704577522097
0.29674179005387097,2.667723658007817,30.199386144110473,0.731763905984578,0.0,-0.2469154774742583,0.7431027920731933
0.29158410936931284,2.5130317780067433,30.321836923617507,0.8098338130587258,0.0,-0.39240114034686985,0.8058044090447931
0.29482485926628244,2.280354166454253,31.12583255749006,0.7962534739383784,0.0,-0.38322343658890834,0.5325167168699342
0.3135048206599694,2.8289667125751423,30.08681710870891,0.7629870830517373,0.0,-0.4096472029326958,2.395131433772338
0.2908045404745747,2.5201085632477933,30.350303931523115,0.7428032988878646,0.0,-0.3608787157699158,0.7520007404430027
0.2977871327082427,2.436918732893818,30.75013081928632,0.7781459920265072,0.0,-0.1730400738890965,0.30730923580248637
0.29809911209284856,2.6948916792131246,30.191022419010935,0.7566885364060469,0.0,-0.3128653487886118,1.0254238494110253
0.3038349587957664,2.6517221123581685,30.422547848956576,0.7683589147784431,0.0,-0.2752859017612663,0.790420269357927
0.29857233443516784,2.517357768156571,30.620078425288302,0.7536343185361799,0.0,-0.3780377721350932,0.7832670810658152
0.2958026447235352,2.6702696459444777,30.1001413558722,0.7906406475217119,0.0,-0.20839051827613903,0.6320028341735525
0.3015737227774306,2.6855703791996626,30.307074533690187,0.7982818213784056,0.0,-0.2933741408946998,0.9330359529994542
0.30230000839123644,2.6278542936162403,30.326911107231247,0.7798219061187339,0.0,-0.3964833365952928,1.0653981217411548
0.28966999308776226,2.3673176836902687,30.732262155243294,0.7619311024578453,0.0,-0.4691274214603976,0.7414897008607635
0.3000246445270777,2.5335424926088255,30.505887871683708,0.7984511507824428,0.0,-0.37908391047354123,0.8126869103119372
0.29437492965784334,2.6039455361630046,30.23295830513924,0.7991553177949816,0.0,-0.5648732484528356,1.4262514376944913
0.27896268358749693,2.511846521961058,30.228160462934397,0.8347874455255294,0.0,-0.41763130764572676,0.855532791292354
0.2967338450664802,2.6681795597877915,30.197707672585725,0.7320487523266425,0.0,-0.24681202547601216,0.7438120006054146
0.29158410936931284,2.5130317780067433,30.321836923617507,0.8098338130587258,0.0,-0.39240114034686985,0.8058044090447931
0.29482485926628244,2.280354166454253,31.12583255749006,0.7962534739383784,0.0,-0.38322343658890834,0.5325167168699342
0.3135048206599694,2.8289667125751423,30.08681710870891,0.7629870830517373,0.0,-0.4096472029326958,2.395131433772338
0.2908045404745747,2.5201085632477933,30.350303931523115,0.7428032988878646,0.0,-0.3608787157699158,0.7520007404430027
0.2977871327082427,2.436918732893818,30.75013081928632,0.7781459920265072,0.0,-0.1730400738890965,0.30730923580248637
0.2839108901276993,2.571412364708565,30.28699256319942,0.7508877530485306,0.0,-0.2237319978095081,0.5220215876208674
0.3047559704058942,2.637935560892097,30.469580650113958,0.7561711802103287,0.0,-0.26791848053076517,0.7399745779809092
0.29857233443516784,2.517357768156571,30.620078425288302,0.7536343185361799,0.0,-0.3780377721350932,0.7832670810658152
0.29574041247459,2.670494391798899,30.097573478979854,0.7908802358653992,0.0,-0.20797675482134503,0.6311781943766321
0.3015737227774306,2.6855703791996626,30.307074533690187,0.7982818213784056,0.0,-0.2933741408946998,0.9330359529994542
0.30230000839123644,2.6278542936162403,30.326911107231247,0.7798219061187339,0.0,-0.3964833365952928,1.0653981217411548
0.2910656412435109,2.3897222377562812,30.701750374792695,0.7668534446912644,0.0,-0.45699093760264187,0.748824495787771
0.3000246445270777,2.5335424926088255,30.505887871683708,0.7984511507824428,0.0,-0.37908391047354123,0.8126869103119372
0.29437492965784334,2.6039455361630046,30.23295830513924,0.7991553177949816,0.0,-0.5648732484528356,1.4262514376944913
0.28274590237022923,2.540913534502719,30.241364154821238,0.8286794218390174,0.0,-0.39684092984872277,0.8644143525748816
0.29585207984441453,2.740515801081901,29.995132750536172,0.721696012786053,0.0,-0.18387432150322613,0.7086147143829071
0.2910116057529943,2.504780499562194,30.327974940407092,0.8110573099601759,0.0,-0.3919507246159784,0.7914686805940976
0.29474429271658603,2.338297986287335,30.965950219285617,0.7967730919917341,0.0,-0.41575052153814585,0.6283047548933105
0.3160406287766156,2.8786048782034586,30.017324693750666,0.7625501530265596,0.0,-0.4042969793607796,3.3304219591161366
0.290720539094134,2.562056472388402,30.237236526528854,0.735065882198067,0.0,-0.32995747664807507,0.7534247131075462
0.2977871327082427,2.436918732893818,30.75013081928632,0.7781459920265072,0.0,-0.1730400738890965,0.30730923580248637
0.2839108901276993,2.571412364708565,30.28699256319942,0.7508877530485306,0.0,-0.2237319978095081,0.5220215876208674
0.2986182462926982,2.6108800138616974,30.405940234104452,0.7763908170750905,0.0,-0.3038697744853736,0.7809153610973121
0.2984540967262017,2.52705748326418,30.59291473808706,0.7522460984361237,0.0,-0.36959832619290023,0.7814867835182459
0.29574041247459,2.670494391798899,30.097573478979854,0.7908802358653992,0.0,-0.20797675482134503,0.6311781943766321
0.30599224227248983,2.7195184982364644,30.322495468444224,0.7911481018435166,0.0,-0.26909251858276895,0.959394886617627
0.3024776329298474,2.635369422163998,30.31025339020879,0.7798878692624795,0.0,-0.40527795209810413,1.1114754952898758
0.2910656412435109,2.3897222377562812,30.701750374792695,0.7668534446912644,0.0,-0.45699093760264187,0.748824495787771
0.30221363115121164,2.506264776085885,30.611634654366473,0.7981783207003447,0.0,-0.3070996802678702,0.6219926498930328
0.29288216448872006,2.622547397256959,30.160844975530324,0.799341372492235,0.0,-0.6139624253315165,1.6265947588377987
0.28274590237022923,2.540913534502719,30.241364154821238,0.8286794218390174,0.0,-0.39684092984872277,0.8644143525748816
0.29688551557079546,2.655737161377422,30.232552141181237,0.7338295043770435,0.0,-0.2576378020695087,0.748375291101233
0.2900488786522318,2.501708289304145,30.30897118320496,0.8124038359633511,0.0,-0.39332509246081865,0.7893470511711854
0.29474429271658603,2.338297986287335,30.965950219285617,0.7967730919917341,0.0,-0.41575052153814585,0.6283047548933105
0.3193023668037123,2.9120430385286573,30.004430717129136,0.7579982158879872,0.0,-0.43584073891197933,4.955159109878766
0.290720539094134,2.562056472388402,30.237236526528854,0.735065882198067,0.0,-0.32995747664807507,0.7534247131075462
0.2977871327082427,2.436918732893818,30.75013081928632,0.7781459920265072,0.0,-0.1730400738890965,0.30730923580248637
0.2826940642290961,2.567677547199769,30.284351114190482,0.7489731519074968,0.0,-0.21230087316065868,0.4910706621540179
0.30104423363102406,2.6819185444229894,30.3109224685541,0.7794543354893827,0.0,-0.2546854201423375,0.8006924505558788
0.2972839679411506,2.5235285062323594,30.553385659367944,0.7606209317485582,0.0,-0.3729014376579379,0.7826311595459047
0.29574041247459,2.670494391798899,30.097573478979854,0.7908802358653992,0.0,-0.20797675482134503,0.6311781943766321
0.30220451924166836,2.6915019083609333,30.27579190916316,0.7935152761994403,0.0,-0.3687312629117043,1.1952464955378348
0.3024776329298474,2.635369422163998,30.31025339020879,0.7798878692624795,0.0,-0.40527795209810413,1.1114754952898758
0.2910656412435109,2.3897222377562812,30.701750374792695,0.7668534446912644,0.0,-0.45699093760264187,0.748824495787771
0.29953615303435777,2.442687081393972,30.70677190076554,0.8044737748261295,0.0,-0.28692841808266817,0.5148425749762705
0.2948131102442154,2.5757776142466713,30.32430430634719,0.7916528405190485,0.0,-0.4152680479862859,0.9788923497020512
0.28274590237022923,2.540913534502719,30.241364154821238,0.8286794218390174,0.0,-0.39684092984872277,0.8644143525748816
0.2955006347995464,2.767049614754438,29.98478614699204,0.6969199333441293,0.0,-0.24233430943715592,1.0402829305549424
0.28538658979282466,2.4883518634232447,30.17288845764129,0.8321549844987975,0.0,-0.5316932540469945,1.0391775441700102
0.29474429271658603,2.338297986287335,30.965950219285617,0.7967730919917341,0.0,-0.41575052153814585,0.6283047548933105
0.3193023668037123,2.9120430385286573,30.004430717129136,0.7579982158879872,0.0,-0.43584073891197933,4.955159109878766
0.2889693059713604,2.5511364212457237,30.22636057776259,0.7283895938675874,0.0,-0.3187384021663803,0.7101008352046957
0.2970438179809658,2.52174724259575,30.51313922978277,0.782770733029478,0.0,-0.1857281535944347,0.3883472718536683
0.2826940642290961,2.567677547199769,30.284351114190482,0.7489731519074968,0.0,-0.21230087316065868,0.4910706621540179
0.29993339993806406,2.6884721961190503,30.264525759131804,0.7698339312243483,0.0,-0.25975962738959585,0.8338248597831831
0.2975069233472648,2.525182232750536,30.590750475276746,0.7400570393534186,0.0,-0.5466732572743226,1.15133277434226
0.29574041247459,2.670494391798899,30.097573478979854,0.7908802358653992,0.0,-0.20797675482134503,0.6311781943766321
0.30123787505049415,2.659705384342743,30.320249124796774,0.7915027298966437,0.0,-0.33445319029095455,0.9828342115992051
0.30586112328090886,2.752492203641723,30.057649095193383,0.7726628099215228,0.0,-0.4097217444383733,1.6553892461847373
0.2879844756850851,2.3234215613883995,30.775264725755616,0.7699416394991696,0.0,-0.49865707765173517,0.7370277401612504
0.29953615303435777,2.442687081393972,30.70677190076554,0.8044737748261295,0.0,-0.28692841808266817,0.5148425749762705
0.2951559329599205,2.5661172194684516,30.352065769711732,0.7925834498131679,0.0,-0.40595249815727025,0.9356271241277175
0.28274590237022923,2.540913534502719,30.241364154821238,0.8286794218390174,0.0,-0.39684092984872277,0.8644143525748816
0.2939336123848424,2.7238695000749655,30.013929831526674,0.7178726141233993,0.0,-0.2871662191031076,1.039965593011526
0.28927914527243104,2.5956132468140862,30.10049420988406,0.7801075653843776,0.0,-0.4203287362239495,1.0394226143968335
0.2948425761431528,2.3710745683845214,30.880270720508115,0.7961916658251436,0.0,-0.395250257810284,0.6284532918235333
0.3193023668037123,2.9120430385286573,30.004430717129136,0.7579982158879872,0.0,-0.43584073891197933,4.955159109878766
0.2938173036673605,2.6025516530394635,30.24446704691015,0.7522448315163501,0.0,-0.337050556928065,0.8480361272241785
0.2970438179809658,2.52174724259575,30.51313922978277,0.782770733029478,0.0,-0.1857281535944347,0.3883472718536683
0.2826940642290961,2.567677547199769,30.284351114190482,0.7489731519074968,0.0,-0.21230087316065868,0.4910706621540179
0.30145863352684277,2.7103542659561017,30.222677338487173,0.7729691848167985,0.0,-0.29830445281599083,1.02989416985779
0.2975069233472648,2.525182232750536,30.590750475276746,0.7400570393534186,0.0,-0.5466732572743226,1.15133277434226
0.29503429921527585,2.67340058681579,30.077208138804735,0.7742650058211265,0.0,-0.24215400265511544,0.7414404095041495
0.30166062939304,2.713618672831437,30.224226284118796,0.7882803671844616,0.0,-0.34625964495219863,1.2090859707078303
0.30586112328090886,2.752492203641723,30.057649095193383,0.7726628099215228,0.0,-0.4097217444383733,1.6553892461847373
0.2879844756850851,2.3234215613883995,30.775264725755616,0.7699416394991696,0.0,-0.49865707765173517,0.7370277401612504
0.30084801705879266,2.427914058248657,30.762565358813426,0.8081780884883378,0.0,-0.28101155734120614,0.4912051439001235
0.29515989722178093,2.5685846945686595,30.345383474548836,0.792537802447752,0.0,-0.40608789167979403,0.9412922688817832
0.28274590237022923,2.540913534502719,30.241364154821238,0.8286794218390174,0.0,-0.39684092984872277,0.8644143525748816
0.2939336123848424,2.7238695000749655,30.013929831526674,0.7178726141233993,0.0,-0.2871662191031076,1.039965593011526
0.28686540828340507,2.58537351991784,30.16788627502218,0.7686953618068926,0.0,-0.34407689596267904,0.8298478570266394
0.2948425761431528,2.3710745683845214,30.880270720508115,0.7961916658251436,0.0,-0.395250257810284,0.6284532918235333
0.3063543965404246,2.7805923127425176,30.08835040556613,0.7830328620719058,0.0,-0.422027357999726,1.9234848298841167
0.29347507082491786,2.679818001753807,30.032237709257515,0.7375755115287735,0.0,-0.31762367331174757,0.9920097789742746
0.2970438179809658,2.52174724259575,30.51313922978277,0.782770733029478,0.0,-0.1857281535944347,0.3883472718536683
0.2863581072354244,2.5679441821670945,30.302290163531346,0.761777972349807,0.0,-0.2692600808075851,0.6232067008335472
0.30149480071353846,2.727083372125059,30.19069944098916,0.7708837399277908,0.0,-0.29932872158676727,1.0967771510203814
0.2975069233472648,2.525182232750536,30.590750475276746,0.7400570393534186,0.0,-0.5466732572743226,1.15133277434226
0.29503429921527585,2.67340058681579,30.077208138804735,0.7742650058211265,0.0,-0.24215400265511544,0.7414404095041495
0.30114183974643255,2.6920581405502797,30.256691340973696,0.7876612513269836,0.0,-0.32822077174783526,1.0658530552954137
0.30580072146306536,2.749051316387963,30.053889688169146,0.7713929863725434,0.0,-0.4082149094043499,1.6266867932068705
0.29482124751356426,2.4935677551731144,30.51961438791078,0.7748138271580303,0.0,-0.4701376347718912,0.9283327425815845
0.3009762318716903,2.5431780780639985,30.54181813514569,0.7992251976853022,0.0,-0.30161214690360566,0.6602400901107808
0.2952156438701335,2.58093356964371,30.31670254194008,0.7954554255666052,0.0,-0.3955443760097804,0.94387034455012
0.28274590237022923,2.540913534502719,30.241364154821238,0.8286794218390174,0.0,-0.39684092984872277,0.8644143525748816
0.2939336123848424,2.7238695000749655,30.013929831526674,0.7178726141233993,0.0,-0.2871662191031076,1.039965593011526
0.28686540828340507,2.58537351991784,30.16788627502218,0.7686953618068926,0.0,-0.34407689596267904,0.8298478570266394
0.2948425761431528,2.3710745683845214,30.880270720508115,0.7961916658251436,0.0,-0.395250257810284,0.6284532918235333
0.3063543965404246,2.7805923127425176,30.08835040556613,0.7830328620719058,0.0,-0.422027357999726,1.9234848298841167
0.29347507082491786,2.679818001753807,30.032237709257515,0.7375755115287735,0.0,-0.31762367331174757,0.9920097789742746
0.2970438179809658,2.52174724259575,30.51313922978277,0.782770733029478,0.0,-0.1857281535944347,0.3883472718536683
0.2839634332687111,2.5303015386503325,30.393155821865086,0.7699214737362814,0.0,-0.2529869842193967,0.5386157397502315
0.30149480071353846,2.727083372125059,30.19069944098916,0.7708837399277908,0.0,-0.29932872158676727,1.0967771510203814
0.2971389554336212,2.514559684119265,30.61164537955391,0.7382696675832428,0.0,-0.5518573014074848,1.1368180255202935
0.29355328141098147,2.6542573473317654,30.119474402897936,0.7736839448289485,0.0,-0.24360319720301543,0.7045795342953262
0.30114183974643255,2.6920581405502797,30.256691340973696,0.7876612513269836,0.0,-0.32822077174783526,1.0658530552954137
0.3044297289929454,2.7211193078431974,30.105191820718453,0.7723099834984392,0.0,-0.3516573490821692,1.2609598260909634
0.29483710099670496,2.491374346856787,30.52535406385628,0.7752523706374981,0.0,-0.4719337418781323,0.9278606750596797
0.3009558661138367,2.524869435998841,30.576881825545215,0.8006472830283591,0.0,-0.298339930463181,0.6279114691145257
0.2964460331827254,2.584882346250459,30.32413618010649,0.7921772140707628,0.0,-0.39541644505093515,0.9525406628201541
0.28274590237022923,2.540913534502719,30.241364154821238,0.8286794218390174,0.0,-0.39684092984872277,0.8644143525748816
0.2950275554327661,2.719041709017421,30.05077207473589,0.7284639551928752,0.0,-0.2933967859537916,1.0442716779338037
0.28686540828340507,2.58537351991784,30.16788627502218,0.7686953618068926,0.0,-0.34407689596267904,0.8298478570266394
0.2948425761431528,2.3710745683845214,30.880270720508115,0.7961916658251436,0.0,-0.395250257810284,0.6284532918235333
0.30413969567463967,2.675684192981637,30.28876623604144,0.7902590273909766,0.0,-0.37128565031150296,1.144827486902235
0.2920688529324297,2.6442897403559296,30.015449551597307,0.7458286262348274,0.0,-0.3395680341832366,0.954619736082434
0.29806086059946146,2.591362733489646,30.343512991427016,0.7765698420602606,0.0,-0.08892238430371269,0.2176071337376656
0.2839634332687111,2.5303015386503325,30.393155821865086,0.7699214737362814,0.0,-0.2529869842193967,0.5386157397502315
0.3017395814396324,2.751373598001259,30.1449336291857,0.7592484266634993,0.0,-0.2792918969068078,1.1233396560523843
0.29726210857583757,2.513855284950912,30.61602289605319,0.7375511511660896,0.0,-0.553746392104789,1.139056694360804
0.29788377309030944,2.7102321229628044,29.995887971700984,0.7753829654514638,0.0,-0.2393657566312605,0.8260603593425045
0.3009120493822017,2.690340967887318,30.2552619537698,0.7873559804564534,0.0,-0.3284759885061726,1.0607666964051063
0.3037804591705614,2.7153805078071085,30.135108907101976,0.7753414466010905,0.0,-0.34702925450164457,1.2192743786727611
0.29483710099670496,2.491374346856787,30.52535406385628,0.7752523706374981,0.0,-0.4719337418781323,0.9278606750596797
0.30078930763925554,2.476731819612311,30.66868127148646,0.8094455419606227,0.0,-0.30238809860344085,0.577883597621781
0.3014607757611123,2.586638511076056,30.381804294449957,0.7857924926092928,0.0,-0.4054555866522465,0.9808741199082719
0.2855135075834692,2.581053771480719,30.198415242996376,0.8060963992992284,0.0,-0.3735303420585462,0.8915949509290199
0.2950275554327661,2.719041709017421,30.05077207473589,0.7284639551928752,0.0,-0.2933967859537916,1.0442716779338037
0.28686540828340507,2.58537351991784,30.16788627502218,0.7686953618068926,0.0,-0.34407689596267904,0.8298478570266394
0.2937903142660071,2.3174557968182357,30.984436675416973,0.7976166307953333,0.0,-0.40644721308478005,0.5954884843942356
0.30413969567463967,2.675684192981637,30.28876623604144,0.7902590273909766,0.0,-0.37128565031150296,1.144827486902235
0.2920688529324297,2.6442897403559296,30.015449551597307,0.7458286262348274,0.0,-0.3395680341832366,0.954619736082434
0.29806086059946146,2.591362733489646,30.343512991427016,0.7765698420602606,0.0,-0.08892238430371269,0.2176071337376656
0.2839634332687111,2.5303015386503325,30.393155821865086,0.7699214737362814,0.0,-0.2529869842193967,0.5386157397502315
0.30324896737764945,2.76028322624406,30.16260529576503,0.7652546215974755,0.0,-0.2747569560866834,1.1461732601424823
0.29718417451431894,2.4892367902191386,30.693765202746352,0.7328084211674453,0.0,-0.5931582601057801,1.161317512199576
0.29788377309030944,2.7102321229628044,29.995887971700984,0.7753829654514638,0.0,-0.2393657566312605,0.8260603593425045
0.3009120493822017,2.690340967887318,30.2552619537698,0.7873559804564534,0.0,-0.3284759885061726,1.0607666964051063
0.3037731939962717,2.7153170870844523,30.135413233502277,0.7753718772887919,0.0,-0.34698226236277807,1.2188376843878639
0.29483710099670496,2.491374346856787,30.52535406385628,0.7752523706374981,0.0,-0.4719337418781323,0.9278606750596797
0.3031062754108417,2.495289174093049,30.627855647821274,0.8202810028344261,0.0,-0.23488334407728292,0.46538202079419283
0.29997695898987287,2.5373173366912725,30.433336791085264,0.7833185406315123,0.0,-0.42438184284921465,0.9172201089497999
0.2855135075834692,2.581053771480719,30.198415242996376,0.8060963992992284,0.0,-0.3735303420585462,0.8915949509290199
0.295703608854146,2.7157443593380988,30.07426535785358,0.7352298989619653,0.0,-0.2974269396269192,1.0463361041291848
0.2868177398228293,2.5853480187962266,30.16713848431479,0.7686618335187166,0.0,-0.34516330341066553,0.8324168677757772
0.297670110211594,2.4517491448119206,30.723642407278152,0.7948583983241975,0.0,-0.39326577901622106,0.7173099235409489
0.30413969567463967,2.675684192981637,30.28876623604144,0.7902590273909766,0.0,-0.37128565031150296,1.144827486902235
0.2920688529324297,2.6442897403559296,30.015449551597307,0.7458286262348274,0.0,-0.3395680341832366,0.954619736082434
0.29806086059946146,2.591362733489646,30.343512991427016,0.7765698420602606,0.0,-0.08892238430371269,0.2176071337376656
0.2839634332687111,2.5303015386503325,30.393155821865086,0.7699214737362814,0.0,-0.2529869842193967,0.5386157397502315
0.30199587156229696,2.6909817985809443,30.288622728326697,0.7719040782210647,0.0,-0.3013758326191248,0.9752688716559866
0.29718417451431894,2.4892367902191386,30.693765202746352,0.7328084211674453,0.0,-0.5931582601057801,1.161317512199576
0.29788377309030944,2.7102321229628044,29.995887971700984,0.7753829654514638,0.0,-0.2393657566312605,0.8260603593425045
0.3035416447952689,2.673068537928681,30.48048863977042,0.7977527152002415,0.0,-0.4058546139714231,1.2414058023050936
0.3086902482287249,2.7195625035278432,30.25190232301185,0.7753626198256106,0.0,-0.4368308575707184,1.5576763559294187
0.2987740550299326,2.44523974601546,30.70121324266906,0.7784878704645227,0.0,-0.5341692963315711,0.9628831418525835
0.3031062754108417,2.495289174093049,30.627855647821274,0.8202810028344261,0.0,-0.23488334407728292,0.46538202079419283
0.3003808871294921,2.5515552917966575,30.41762349712274,0.7838155865219051,0.0,-0.42006098698369987,0.936706308045512
0.2855135075834692,2.581053771480719,30.198415242996376,0.8060963992992284,0.0,-0.3735303420585462,0.8915949509290199
0.295703608854146,2.7157443593380988,30.07426535785358,0.7352298989619653,0.0,-0.2974269396269192,1.0463361041291848
0.2868177398228293,2.5853480187962266,30.16713848431479,0.7686618335187166,0.0,-0.34516330341066553,0.8324168677757772
0.2975901361344184,2.4522207111013468,30.725267263622086,0.7960443433431029,0.0,-0.38305817753025945,0.6992929183219457
0.30419973582078913,2.6861648693125826,30.269065656757096,0.7885147962621076,0.0,-0.3792104169222612,1.2083109245661798
0.2920688529324297,2.6442897403559296,30.015449551597307,0.7458286262348274,0.0,-0.3395680341832366,0.954619736082434
0.29806086059946146,2.591362733489646,30.343512991427016,0.7765698420602606,0.0,-0.08892238430371269,0.2176071337376656
0.2839634332687111,2.5303015386503325,30.393155821865086,0.7699214737362814,0.0,-0.2529869842193967,0.5386157397502315
0.3132352412754058,2.765942025160042,30.35013546277545,0.7485882396410857,0.0,-0.25217347250261574,1.077397481008902
0.29718417451431894,2.4892367902191386,30.693765202746352,0.7328084211674453,0.0,-0.5931582601057801,1.161317512199576
0.297704089064462,2.7079095753686584,30.001015913085467,0.7753124684067728,0.0,-0.23954157971039416,0.8200939144538157
0.3035416447952689,2.673068537928681,30.48048863977042,0.7977527152002415,0.0,-0.4058546139714231,1.2414058023050936
0.2987406584536024,2.64340756954139,30.308739985693567,0.7731732083877492,0.0,-0.3628556559334186,1.0175641010291594
0.2987740550299326,2.44523974601546,30.70121324266906,0.7784878704645227,0.0,-0.5341692963315711,0.9628831418525835
0.3031062754108417,2.495289174093049,30.627855647821274,0.8202810028344261,0.0,-0.23488334407728292,0.46538202079419283
0.3003808871294921,2.5515552917966575,30.41762349712274,0.7838155865219051,0.0,-0.42006098698369987,0.936706308045512
0.2851453967311193,2.577457858723605,30.208038233777387,0.8091018937852007,0.0,-0.37575723153469615,0.8892775295728533
0.29553170781893057,2.7161789867498998,30.080445238063348,0.7320639201874652,0.0,-0.3020049330171549,1.0640682645686674
0.2868177398228293,2.5853480187962266,30.16713848431479,0.7686618335187166,0.0,-0.34516330341066553,0.8324168677757772
0.2975901361344184,2.4522207111013468,30.725267263622086,0.7960443433431029,0.0,-0.38305817753025945,0.6992929183219457
0.3021590027942515,2.6681466325333703,30.250755465763618,0.7975324924100096,0.0,-0.4079026123251349,1.2291652046175257
0.2925780723685524,2.6500643927975727,30.013736520908317,0.7484167346769495,0.0,-0.33079320221859077,0.9452973501700178
0.29806086059946146,2.591362733489646,30.343512991427016,0.7765698420602606,0.0,-0.08892238430371269,0.2176071337376656
0.2839634332687111,2.5303015386503325,30.393155821865086,0.7699214737362814,0.0,-0.2529869842193967,0.5386157397502315
0.3132352412754058,2.765942025160042,30.35013546277545,0.7485882396410857,0.0,-0.25217347250261574,1.077397481008902
0.2934782650057041,2.5441117003627927,30.428031992400413,0.7455697097780329,0.0,-0.4780721093158844,1.048660625193344
0.297704089064462,2.7079095753686584,30.001015913085467,0.7753124684067728,0.0,-0.23954157971039416,0.8200939144538157
0.3035416447952689,2.673068537928681,30.48048863977042,0.7977527152002415,0.0,-0.4058546139714231,1.2414058023050936
0.2987406584536024,2.64340756954139,30.308739985693567,0.7731732083877492,0.0,-0.3628556559334186,1.0175641010291594
0.2988921161822239,2.421050762562444,30.760426413765508,0.77880537805272,0.0,-0.6078748123062633,1.0499621952983869
0.30114354532491755,2.4932832650198247,30.649699697536345,0.7912904350053562,0.0,-0.3536244748023545,0.6978740791266537
0.298621041267828,2.6070672256341454,30.3047317642521,0.766937096759893,0.0,-0.34737331502201285,0.8840527888838767
0.2851453967311193,2.577457858723605,30.208038233777387,0.8091018937852007,0.0,-0.37575723153469615,0.8892775295728533
0.29618665861192717,2.6838565012595184,30.148569407944933,0.743589198157234,0.0,-0.2468249591824738,0.7807371025051172
0.2890214207866199,2.6101060063430057,30.10845281228394,0.7609168398792806,0.0,-0.33966585717933084,0.8711748903681465
0.2975901361344184,2.4522207111013468,30.725267263622086,0.7960443433431029,0.0,-0.38305817753025945,0.6992929183219457
0.3021590027942515,2.6681466325333703,30.250755465763618,0.7975324924100096,0.0,-0.4079026123251349,1.2291652046175257
0.29177526174690765,2.6425465833920674,29.983739933170185,0.7494907280175606,0.0,-0.3494738136391995,0.9776765234349811
0.29806086059946146,2.591362733489646,30.343512991427016,0.7765698420602606,0.0,-0.08892238430371269,0.2176071337376656
0.2839634332687111,2.5303015386503325,30.393155821865086,0.7699214737362814,0.0,-0.2529869842193967,0.5386157397502315
0.31317007462930074,2.7643576522852955,30.352033044602234,0.7487285941826118,0.0,-0.25380770317221196,1.0770886711734027
0.2934782650057041,2.5441117003627927,30.428031992400413,0.7455697097780329,0.0,-0.4780721093158844,1.048660625193344
0.29773041911792647,2.7052664544166527,30.00913222372519,0.77510348395366,0.0,-0.24242157653244206,0.8225109770000306
0.2992523345848754,2.6481783586954157,30.421516678290047,0.800325335208552,0.0,-0.39865843472919027,1.1331265275522313
0.2979007252057532,2.69588377896397,30.189556930688944,0.7668403005939594,0.0,-0.3660824312100488,1.2037583196414814
0.2989734857647096,2.4192011703216107,30.765422265037586,0.7793049064592034,0.0,-0.6098257325298656,1.0499775505187392
0.3009000360701967,2.451350589760541,30.74536752754193,0.7897935739427963,0.0,-0.34060844093096526,0.6208125527416608
0.2986983264010029,2.6081038708712496,30.307492277968574,0.7674211002285218,0.0,-0.34829184766792504,0.8887351055041935
0.2858475010407188,2.5703922594998696,30.237219136577785,0.8083652160500462,0.0,-0.3761691345470067,0.8756107003777147
0.2980653733247728,2.7807924166615945,29.954716318091222,0.7422153888584646,0.0,-0.08641717271412785,0.39422528818594677
0.2890214207866199,2.6101060063430057,30.10845281228394,0.7609168398792806,0.0,-0.33966585717933084,0.8711748903681465
0.29814070553525324,2.4390790234290023,30.74124884527415,0.7893820928652242,0.0,-0.4733110493647138,0.8438105707120139
0.3021590027942515,2.6681466325333703,30.250755465763618,0.7975324924100096,0.0,-0.4079026123251349,1.2291652046175257
0.29414826276471606,2.564876205914749,30.286350960103885,0.7684888643809951,0.0,-0.36317930826984945,0.8346574313026288
0.29806086059946146,2.591362733489646,30.343512991427016,0.7765698420602606,0.0,-0.08892238430371269,0.2176071337376656
0.2839634332687111,2.5303015386503325,30.393155821865086,0.7699214737362814,0.0,-0.2529869842193967,0.5386157397502315
0.31317007462930074,2.7643576522852955,30.352033044602234,0.7487285941826118,0.0,-0.25380770317221196,1.0770886711734027
0.2934782650057041,2.5441117003627927,30.428031992400413,0.7455697097780329,0.0,-0.4780721093158844,1.048660625193344
0.2968944639004913,2.6735841226125032,30.091486117296423,0.769297270923492,0.0,-0.2887494581596538,0.8846060445058309
0.2992523345848754,2.6481783586954157,30.421516678290047,0.800325335208552,0.0,-0.39865843472919027,1.1331265275522313
0.29475646806871597,2.716364529411293,30.14436872332442,0.7441775828252557,0.0,-0.335202949961934,1.1818089933046625
0.2989541315699521,2.426907603023672,30.74814405135144,0.7785144341393252,0.0,-0.5986705597132367,1.0446318305248168
0.3009000360701967,2.451350589760541,30.74536752754193,0.7897935739427963,0.0,-0.34060844093096526,0.6208125527416608
0.3044155960386714,2.6409662197414483,30.267792794991173,0.7646432879897895,0.0,-0.4363070146152181,1.2152255264143097
0.2858475010407188,2.5703922594998696,30.237219136577785,0.8083652160500462,0.0,-0.3761691345470067,0.8756107003777147
0.2980653733247728,2.7807924166615945,29.954716318091222,0.7422153888584646,0.0,-0.08641717271412785,0.39422528818594677
0.2899239784104356,2.6213992802292942,30.071835935681364,0.7474240936603802,0.0,-0.3292855344490528,0.8697435510647734
0.29814070553525324,2.4390790234290023,30.74124884527415,0.7893820928652242,0.0,-0.4733110493647138,0.8438105707120139
0.3021590027942515,2.6681466325333703,30.250755465763618,0.7975324924100096,0.0,-0.4079026123251349,1.2291652046175257
0.2937668122043532,2.4698666663626287,30.3753985291154,0.78373626836052,0.0,-0.380725353138719,0.718169051031882
0.29805998821411883,2.554742804808938,30.4186738965737,0.7832111329342601,0.0,-0.08940668363951111,0.20079784134907966
0.288829169770793,2.551376851019016,30.376021565630808,0.772216162524122,0.0,-0.1963599774769749,0.4376947063988847
0.31131288712091965,2.751173312114285,30.344228839955107,0.7527822529206939,0.0,-0.26212493292072525,1.053443805196323
0.2934441427510211,2.5428184820513016,30.431393536741506,0.7453327101450057,0.0,-0.4799631337904482,1.049830570456932
0.29342284041874217,2.688639977961425,30.010106028364444,0.7714454683144516,0.0,-0.2206394624184262,0.7086313168075595
0.2990080403292475,2.6754723013585804,30.325442231419107,0.7883654452228058,0.0,-0.33439454571761396,1.030403713203835
0.29504686960976445,2.712016135965399,30.153819339647598,0.7464710216165501,0.0,-0.33906439259351534,1.177372884172348
0.2989541315699521,2.426907603023672,30.74814405135144,0.7785144341393252,0.0,-0.5986705597132367,1.0446318305248168
0.3009000360701967,2.451350589760541,30.74536752754193,0.7897935739427963,0.0,-0.34060844093096526,0.6208125527416608
0.3044155960386714,2.6409662197414483,30.267792794991173,0.7646432879897895,0.0,-0.4363070146152181,1.2152255264143097
0.2862900895198023,2.5750079774574615,30.212083663493882,0.7999044135218495,0.0,-0.3694350756094648,0.8692753181560887
0.29806469090811016,2.7521467617024897,30.01351035272789,0.7474104870935921,0.0,-0.08679601211032563,0.3501911562928226
0.28900299338366464,2.6033006232750404,30.05801249971089,0.7480428198408442,0.0,-0.32815778219919384,0.8272203120367211
0.29814070553525324,2.4390790234290023,30.74124884527415,0.7893820928652242,0.0,-0.4733110493647138,0.8438105707120139
0.30128895895479585,2.6185487931316707,30.356957350699155,0.7957677636067427,0.0,-0.4220648815717098,1.1064714804202982
0.29366972372291933,2.491817244360999,30.392246948456485,0.7721809658356029,0.0,-0.41058515339204127,0.8079478275010767
0.29805998821411883,2.554742804808938,30.4186738965737,0.7832111329342601,0.0,-0.08940668363951111,0.20079784134907966
0.28961424285786724,2.560948050272457,30.372120496860582,0.7734617198921504,0.0,-0.20700626912488587,0.47148468251500814
0.30083580274839256,2.6774126118066746,30.288899448522674,0.7725123750398942,0.0,-0.30705585698844995,0.951853259695424
0.29227686733073976,2.5515829391627722,30.404565502205404,0.7368431081867071,0.0,-0.5257854841304597,1.1725367521672332
0.29342284041874217,2.688639977961425,30.010106028364444,0.7714454683144516,0.0,-0.2206394624184262,0.7086313168075595
0.3019013353732606,2.6686510641483387,30.488795502226814,0.7971304824852462,0.0,-0.3933229679790583,1.1870355550353773
0.2949133907722386,2.708574932428914,30.159300612093652,0.7470357473898105,0.0,-0.33783144384999403,1.1592394802056225
0.2983863395625312,2.3803035856379338,30.843274288165322,0.7743187053087525,0.0,-0.6416181853770592,1.0353750167129172
0.2999658682154581,2.392218242613163,30.893804743929593,0.7976847108919496,0.0,-0.31858416536198086,0.5241752676680135
0.3040082299644359,2.648097672657049,30.251482357640544,0.7635379245329518,0.0,-0.4138883322281376,1.1761454814840637
0.28777201424244553,2.5854410141171598,30.219909695063077,0.7971136985949102,0.0,-0.36307984882883837,0.8758219244859149
0.29806469090811016,2.7521467617024897,30.01351035272789,0.7474104870935921,0.0,-0.08679601211032563,0.3501911562928226
0.292574801612637,2.5399870575830965,30.30572462158856,0.7589801378303948,0.0,-0.42525418933162207,0.9244396192362344
0.2978240556869082,2.437670787058394,30.740776201602447,0.7893348729257642,0.0,-0.48853947535551423,0.8687784026014055
0.30128895895479585,2.6185487931316707,30.356957350699155,0.7957677636067427,0.0,-0.4220648815717098,1.1064714804202982
0.2935804509608708,2.491700975225073,30.39376100592896,0.7723234071210981,0.0,-0.408763813686622,0.8041798110228937
0.298403867851837,2.5055785152229855,30.54538520827195,0.781404824058243,0.0,-0.28526507263795464,0.5769673879900465
0.28612453409328326,2.481990364823415,30.520212640094645,0.7842198731740623,0.0,-0.2566484638348511,0.4954511391421551
0.3010801867374469,2.6814780518892087,30.28840171188727,0.7729126972351997,0.0,-0.3035592130002812,0.9530244769653814
0.29319516671733403,2.532725555442105,30.460222901810273,0.7455327636060198,0.0,-0.5196196601462995,1.1120224232205336
0.29690612644198294,2.7522539517692772,29.88077871284702,0.7556230407635401,0.0,-0.13283626485952124,0.5361791471878998
0.3019013353732606,2.6686510641483387,30.488795502226814,0.7971304824852462,0.0,-0.3933229679790583,1.1870355550353773
0.2949133907722386,2.708574932428914,30.159300612093652,0.7470357473898105,0.0,-0.33783144384999403,1.1592394802056225
0.2983863395625312,2.3803035856379338,30.843274288165322,0.7743187053087525,0.0,-0.6416181853770592,1.0353750167129172
0.29964777679818067,2.4121352732104486,30.84756219007012,0.7944959780841166,0.0,-0.31979592615889496,0.5439957724719519
0.302481270625682,2.625196209400839,30.272316488344217,0.7648243993114107,0.0,-0.41313793931696163,1.1022779109478054
0.28777201424244553,2.5854410141171598,30.219909695063077,0.7971136985949102,0.0,-0.36307984882883837,0.8758219244859149
0.2979427994352713,2.775223103471848,29.957071440133756,0.7441872216143924,0.0,-0.07193522070636321,0.3200294239197031
0.2967614111823284,2.5843279742401233,30.24023322689933,0.7537559956879123,0.0,-0.49347450212459976,1.187172750493601
0.2980716846973604,2.4562123478230116,30.706373087752507,0.7880859652335954,0.0,-0.47447171253846065,0.8725312364835248
0.3013052482818362,2.621335278024208,30.350347915307392,0.7957441629720172,0.0,-0.42333889187092366,1.1179781672346745
0.2935804509608708,2.491700975225073,30.39376100592896,0.7723234071210981,0.0,-0.408763813686622,0.8041798110228937
0.2975125018959907,2.446993994717435,30.630975285419815,0.7842331838562813,0.0,-0.2791720864851723,0.5048265006498908
0.27780425305361467,2.383550291333013,30.53678123418945,0.7774111483916349,0.0,-0.18456982981666406,0.29940776550252324
0.30136558641416233,2.7351430955707157,30.176992110954757,0.7686123491240339,0.0,-0.30032413862711477,1.1339109292780398
0.29543915399853227,2.490788563097383,30.59492566944588,0.7625604205012608,0.0,-0.45012810371702294,0.8839709226780522
0.29690612644198294,2.7522539517692772,29.88077871284702,0.7556230407635401,0.0,-0.13283626485952124,0.5361791471878998
0.3019013353732606,2.6686510641483387,30.488795502226814,0.7971304824852462,0.0,-0.3933229679790583,1.1870355550353773
0.294295021063096,2.6949705578703993,30.200580085467774,0.7476171948771453,0.0,-0.3921067788927229,1.2854719077449737
0.2982555378633365,2.422116828378969,30.720069169048404,0.7691257218166159,0.0,-0.6141751704321017,1.0628016190699363
0.29964777679818067,2.4121352732104486,30.84756219007012,0.7944959780841166,0.0,-0.31979592615889496,0.5439957724719519
0.3032591129373489,2.631933068616454,30.277222664295913,0.7674259692902748,0.0,-0.39758129868545267,1.080187500656371
0.28893389133615366,2.57109739730544,30.27673955395069,0.7918775005332189,0.0,-0.3762711270133212,0.8772880477978356
0.2979427994352713,2.775223103471848,29.957071440133756,0.7441872216143924,0.0,-0.07193522070636321,0.3200294239197031
0.2977484854085103,2.58420575770183,30.242464837606335,0.7489951344942016,0.0,-0.5077923926750918,1.221258836746828
0.29975135477357673,2.458503572654295,30.766707277771122,0.7910231118259844,0.0,-0.4894364530639309,0.903859062308203
0.3013052482818362,2.621335278024208,30.350347915307392,0.7957441629720172,0.0,-0.42333889187092366,1.1179781672346745
0.29052814704433455,2.4459222670321052,30.435407235223014,0.7748949962296986,0.0,-0.40726382140549644,0.7350301179294906
0.2980496871140365,2.43564722807338,30.64031540669959,0.7898483959115242,0.0,-0.2348789673682583,0.4161917492961273
0.27406473678811755,2.312510186796217,30.619286556751714,0.7840502501386315,0.0,-0.15107168935046675,0.21974389503526598
0.30136558641416233,2.7351430955707157,30.176992110954757,0.7686123491240339,0.0,-0.30032413862711477,1.1339109292780398
0.29591329724488563,2.5446551028115043,30.47412810340546,0.759080883008339,0.0,-0.37850550146389467,0.8312501222720579
0.2969306419035008,2.7573800919026037,29.866127417142366,0.7555376579013771,0.0,-0.12677007066045054,0.5225048169153559
0.30108026242253444,2.613128893246867,30.540880828283886,0.7908235081088635,0.0,-0.44306126777461097,1.1452425886571398
0.294295021063096,2.6949705578703993,30.200580085467774,0.7476171948771453,0.0,-0.3921067788927229,1.2854719077449737
0.2982555378633365,2.422116828378969,30.720069169048404,0.7691257218166159,0.0,-0.6141751704321017,1.0628016190699363
0.29964777679818067,2.4121352732104486,30.84756219007012,0.7944959780841166,0.0,-0.31979592615889496,0.5439957724719519
0.30912137210624335,2.656828632668956,30.277420365813537,0.7574197566666253,0.0,-0.4063019839742054,1.18396236589943
0.28893389133615366,2.57109739730544,30.27673955395069,0.7918775005332189,0.0,-0.3762711270133212,0.8772880477978356
0.2982199683501483,2.7356082097976224,30.030927893286382,0.747330653521113,0.0,-0.17487862971551665,0.6614374432037263
0.29893333932917654,2.633648307486705,30.22101793392612,0.7554211462728021,0.0,-0.43983200842306003,1.2005731580101773
0.29880060638857187,2.295568729210207,31.114037071319306,0.804222578315117,0.0,-0.6008196170503043,0.8529144601668216
0.3018541316865629,2.692372466862711,30.222335885522416,0.796617708970356,0.0,-0.5100844656447053,1.6581235770501175
0.29052814704433455,2.4459222670321052,30.435407235223014,0.7748949962296986,0.0,-0.40726382140549644,0.7350301179294906
0.2998514730798201,2.433185841067242,30.689401187566204,0.7934304848770535,0.0,-0.1935841517002418,0.34153019759551734
0.2779315051821007,2.3797565691951004,30.53020617766186,0.7860857501625101,0.0,-0.20963548092881976,0.3379890386856214
0.30136558641416233,2.7351430955707157,30.176992110954757,0.7686123491240339,0.0,-0.30032413862711477,1.1339109292780398
0.29591329724488563,2.5446551028115043,30.47412810340546,0.759080883008339,0.0,-0.37850550146389467,0.8312501222720579
0.2969306419035008,2.7573800919026037,29.866127417142366,0.7555376579013771,0.0,-0.12677007066045054,0.5225048169153559
0.300105246088658,2.600207756405126,30.528284459845256,0.7848336132887844,0.0,-0.43087946967170593,1.0777584522333397
0.294295021063096,2.6949705578703993,30.200580085467774,0.7476171948771453,0.0,-0.3921067788927229,1.2854719077449737
0.2982555378633365,2.422116828378969,30.720069169048404,0.7691257218166159,0.0,-0.6141751704321017,1.0628016190699363
0.29964777679818067,2.4121352732104486,30.84756219007012,0.7944959780841166,0.0,-0.31979592615889496,0.5439957724719519
0.3068867762194405,2.6677579677540417,30.26048249862094,0.7694726925722277,0.0,-0.43821394687487564,1.3189599880320577
0.28893389133615366,2.57109739730544,30.27673955395069,0.7918775005332189,0.0,-0.3762711270133212,0.8772880477978356
0.2982199683501483,2.7356082097976224,30.030927893286382,0.747330653521113,0.0,-0.17487862971551665,0.6614374432037263
0.29893333932917654,2.633648307486705,30.22101793392612,0.7554211462728021,0.0,-0.43983200842306003,1.2005731580101773
0.29841456040164405,2.3288726776763644,31.028478415571453,0.798186934243401,0.0,-0.5710952377446732,0.8509491697750844
0.3018541316865629,2.692372466862711,30.222335885522416,0.796617708970356,0.0,-0.5100844656447053,1.6581235770501175
0.2904098367385745,2.44146651707376,30.441628658305476,0.7753189719936003,0.0,-0.41083821061578285,0.7355659475656505
0.2993234321661737,2.4917951266014136,30.540566076026646,0.7865800502681984,0.0,-0.18150520352866217,0.3571496713812643
0.28079388462590177,2.4295357757666816,30.464264331662093,0.7875925312345994,0.0,-0.2529873903490397,0.44347634716102463
0.30136558641416233,2.7351430955707157,30.176992110954757,0.7686123491240339,0.0,-0.30032413862711477,1.1339109292780398
0.29547849054664327,2.50866050879317,30.557671188322303,0.761295797165487,0.0,-0.41688909571637833,0.8484746355160946
0.2969306419035008,2.7573800919026037,29.866127417142366,0.7555376579013771,0.0,-0.12677007066045054,0.5225048169153559
0.300105246088658,2.600207756405126,30.528284459845256,0.7848336132887844,0.0,-0.43087946967170593,1.0777584522333397
0.294295021063096,2.6949705578703993,30.200580085467774,0.7476171948771453,0.0,-0.3921067788927229,1.2854719077449737
0.2982555378633365,2.422116828378969,30.720069169048404,0.7691257218166159,0.0,-0.6141751704321017,1.0628016190699363
0.29924960921656824,2.4213534504469885,30.819877547631727,0.791325354877185,0.0,-0.32906834119145173,0.5686862583828555
0.3081426050406047,2.698172303881728,30.2102396793531,0.7671627517078528,0.0,-0.4683166171651304,1.5516025308082362
0.29137398952548915,2.547818334110502,30.381482526027348,0.7804753723639655,0.0,-0.3914151914088857,0.865614908642797
0.2982199683501483,2.7356082097976224,30.030927893286382,0.747330653521113,0.0,-0.17487862971551665,0.6614374432037263
0.3073791709266547,2.6864806692359298,30.17395379404614,0.7246290236520009,0.0,-0.49351742195273707,1.574121189752472
0.29841456040164405,2.3288726776763644,31.028478415571453,0.798186934243401,0.0,-0.5710952377446732,0.8509491697750844
0.3018541316865629,2.692372466862711,30.222335885522416,0.796617708970356,0.0,-0.5100844656447053,1.6581235770501175
0.2904098367385745,2.44146651707376,30.441628658305476,0.7753189719936003,0.0,-0.41083821061578285,0.7355659475656505
0.2991476992239204,2.4803288491568205,30.570105148008274,0.7837077617976049,0.0,-0.25270547691392264,0.486279595286176
0.28079388462590177,2.4295357757666816,30.464264331662093,0.7875925312345994,0.0,-0.2529873903490397,0.44347634716102463
0.3004430773348707,2.7299017140224726,30.18006967541671,0.7658730744759378,0.0,-0.31229918089917447,1.1562427350063165
0.29980703097167505,2.5660429855789615,30.65676945015293,0.7493202546586879,0.0,-0.42205644423867356,0.9725766152248004
0.2969306419035008,2.7573800919026037,29.866127417142366,0.7555376579013771,0.0,-0.12677007066045054,0.5225048169153559
0.300105246088658,2.600207756405126,30.528284459845256,0.7848336132887844,0.0,-0.43087946967170593,1.0777584522333397
0.294295021063096,2.6949705578703993,30.200580085467774,0.7476171948771453,0.0,-0.3921067788927229,1.2854719077449737
0.2982555378633365,2.422116828378969,30.720069169048404,0.7691257218166159,0.0,-0.6141751704321017,1.0628016190699363
0.29924960921656824,2.4213534504469885,30.819877547631727,0.791325354877185,0.0,-0.32906834119145173,0.5686862583828555
0.3088466408407435,2.717829592953771,30.1739358689029,0.76702297302461,0.0,-0.45793035788164016,1.6228858393595322
0.2909614365492459,2.533843970593304,30.403849923177823,0.783214877853361,0.0,-0.40077317156218045,0.8597404008101491
0.2963447677354177,2.7161929809290664,30.111981693962484,0.7474675528187801,0.0,-0.27866253535360125,0.9818733034363516
0.30401457200493914,2.6022164918692674,30.335879931499104,0.7487773492296719,0.0,-0.39508598224497826,0.9932186080352337
0.29841456040164405,2.3288726776763644,31.028478415571453,0.798186934243401,0.0,-0.5710952377446732,0.8509491697750844
0.3018541316865629,2.692372466862711,30.222335885522416,0.796617708970356,0.0,-0.5100844656447053,1.6581235770501175
0.2904098367385745,2.44146651707376,30.441628658305476,0.7753189719936003,0.0,-0.41083821061578285,0.7355659475656505
0.2989081137792013,2.434169333789675,30.642243793371478,0.7870063596797741,0.0,-0.2416833792336594,0.42713022405155954
0.2762972120129277,2.3897946097893863,30.44935717156178,0.7882349484350808,0.0,-0.2115650161317701,0.3467111558269716
0.3038350451916648,2.8274138694849147,30.091643642561287,0.7626796714621288,0.0,-0.27898579443839294,1.6165018220511498
0.29631589265767366,2.519761758285653,30.576842799421627,0.7589790012963913,0.0,-0.4178887741613285,0.8701697154927844
0.2968705706346132,2.7671985275509527,29.842550699770314,0.7545817075946725,0.0,-0.12327925577559849,0.5295467184065185
0.300105246088658,2.600207756405126,30.528284459845256,0.7848336132887844,0.0,-0.43087946967170593,1.0777584522333397
0.2872871677935111,2.597681150440811,30.2806019593447,0.7365526918568622,0.0,-0.4752025080107441,1.181158945277886
0.2982555378633365,2.422116828378969,30.720069169048404,0.7691257218166159,0.0,-0.6141751704321017,1.0628016190699363
0.30077102325265004,2.4178917887412377,30.88497799798675,0.7940802148746126,0.0,-0.3149949216118801,0.5411277757630816
0.3089639270731275,2.718256588520128,30.173124049358375,0.7665265768096118,0.0,-0.45705557049588164,1.6222404921384792
0.2909614365492459,2.533843970593304,30.403849923177823,0.783214877853361,0.0,-0.40077317156218045,0.8597404008101491
0.2963447677354177,2.7161929809290664,30.111981693962484,0.7474675528187801,0.0,-0.27866253535360125,0.9818733034363516
0.30377237442964805,2.5993547490009714,30.337762517578227,0.7492498550559048,0.0,-0.395366410451933,0.9868241529534356
0.2974179243038659,2.419523972505427,30.814001226702267,0.7795674832099899,0.0,-0.4983390368363637,0.8585006326398603
0.3018541316865629,2.692372466862711,30.222335885522416,0.796617708970356,0.0,-0.5100844656447053,1.6581235770501175
0.28625232097700604,2.4517201112969884,30.294080237372217,0.7786008374147652,0.0,-0.3030879150204462,0.5527977977405273
0.2989081137792013,2.434169333789675,30.642243793371478,0.7870063596797741,0.0,-0.2416833792336594,0.42713022405155954
0.2797330365824554,2.3948520751684996,30.491715543441625,0.7852449231131289,0.0,-0.27456152458647404,0.4537097680090764
0.3038350451916648,2.8274138694849147,30.091643642561287,0.7626796714621288,0.0,-0.27898579443839294,1.6165018220511498
0.29631589265767366,2.519761758285653,30.576842799421627,0.7589790012963913,0.0,-0.4178887741613285,0.8701697154927844
0.2968705706346132,2.7671985275509527,29.842550699770314,0.7545817075946725,0.0,-0.12327925577559849,0.5295467184065185
0.300105246088658,2.600207756405126,30.528284459845256,0.7848336132887844,0.0,-0.43087946967170593,1.0777584522333397
0.28945105146653743,2.6557816139003867,30.22012839527517,0.7226047842451367,0.0,-0.5326761917530003,1.5474948848282881
0.2982555378633365,2.422116828378969,30.720069169048404,0.7691257218166159,0.0,-0.6141751704321017,1.0628016190699363
0.30260630818961154,2.3934206937823026,30.967239502742675,0.8019102748137098,0.0,-0.2931890982703441,0.48334833593073556
0.3028614348208022,2.622485726120159,30.36791246180681,0.7628849816351876,0.0,-0.43815816214538134,1.1606399875752578
0.2909614365492459,2.533843970593304,30.403849923177823,0.783214877853361,0.0,-0.40077317156218045,0.8597404008101491
0.297648111449997,2.697451381893021,30.16316825194785,0.7505510629443635,0.0,-0.31056191274364486,1.0264859733513383
0.31092121975952663,2.6595952724178265,30.355586542241923,0.7372735426701771,0.0,-0.4330195313683037,1.2720726132211926
0.29658820926721785,2.3637375559964586,30.90221675006284,0.7779415568560836,0.0,-0.5191672895447055,0.8159640639449967
0.3020478680846174,2.702582202166828,30.18844380312993,0.7979231163991853,0.0,-0.5188585619298575,1.744544427771255
0.28625232097700604,2.4517201112969884,30.294080237372217,0.7786008374147652,0.0,-0.3030879150204462,0.5527977977405273
0.2989081137792013,2.434169333789675,30.642243793371478,0.7870063596797741,0.0,-0.2416833792336594,0.42713022405155954
0.2797330365824554,2.3948520751684996,30.491715543441625,0.7852449231131289,0.0,-0.27456152458647404,0.4537097680090764
0.3038350451916648,2.8274138694849147,30.091643642561287,0.7626796714621288,0.0,-0.27898579443839294,1.6165018220511498
0.29426084566011823,2.4761341817315627,30.603177020224773,0.7449574950643568,0.0,-0.4108436435629343,0.7842535802792375
0.2937830674196218,2.720834326406938,29.999673058021816,0.7412750698718361,0.0,-0.2936426347768376,1.0518579558777648
0.300105246088658,2.600207756405126,30.528284459845256,0.7848336132887844,0.0,-0.43087946967170593,1.0777584522333397
0.29302570095510644,2.6690624057054566,30.2111371306929,0.7439781713219885,0.0,-0.528755107174406,1.5977486882430156
0.2983611771558133,2.4206883441055016,30.723160371891986,0.7697648484988848,0.0,-0.6195522552095942,1.0694627820891356
0.30260630818961154,2.3934206937823026,30.967239502742675,0.8019102748137098,0.0,-0.2931890982703441,0.48334833593073556
0.30357476350380075,2.656465127922989,30.31841271073903,0.7585325724451444,0.0,-0.4736096462677252,1.3786363038031113
0.2909614365492459,2.533843970593304,30.403849923177823,0.783214877853361,0.0,-0.40077317156218045,0.8597404008101491
0.3017569220012982,2.797984437230263,30.01527480641135,0.7304798871603031,0.0,-0.2551291337344349,1.2629182140053161
0.30756891648003526,2.6715739196750716,30.28596818918363,0.7380562602289341,0.0,-0.4057567542461174,1.2354583833436186
0.29658820926721785,2.3637375559964586,30.90221675006284,0.7779415568560836,0.0,-0.5191672895447055,0.8159640639449967
0.3020478680846174,2.702582202166828,30.18844380312993,0.7979231163991853,0.0,-0.5188585619298575,1.744544427771255
0.28625232097700604,2.4517201112969884,30.294080237372217,0.7786008374147652,0.0,-0.3030879150204462,0.5527977977405273
0.3026620693439772,2.428963430064837,30.745515910647995,0.7894996019108025,0.0,-0.2234695934659825,0.3913402489990367
0.2797330365824554,2.3948520751684996,30.491715543441625,0.7852449231131289,0.0,-0.27456152458647404,0.4537097680090764
0.30547978556760247,2.850705932099167,30.152086117223728,0.7881643422377598,0.0,-0.297867260790695,1.9951714423680231
0.2961388705591611,2.4425294246608553,30.717437444867123,0.7229090991347544,0.0,-0.4161926935045187,0.7465733832701794
0.29448781505085087,2.631119396917004,30.22642292081102,0.7504869462230394,0.0,-0.3503021460837681,0.9496355816924108
0.3009316877985209,2.531877804283436,30.673331140640094,0.790476362160965,0.0,-0.38538157262660155,0.8232499466014216
0.2933939089736173,2.6686227060952303,30.214881513530813,0.7444861830219317,0.0,-0.5268302915050904,1.5898201270739132
0.2983611771558133,2.4206883441055016,30.723160371891986,0.7697648484988848,0.0,-0.6195522552095942,1.0694627820891356
0.30260630818961154,2.3934206937823026,30.967239502742675,0.8019102748137098,0.0,-0.2931890982703441,0.48334833593073556
0.30357476350380075,2.656465127922989,30.31841271073903,0.7585325724451444,0.0,-0.4736096462677252,1.3786363038031113
0.2909990429623652,2.5344998015518505,30.404726530279316,0.7832517250082505,0.0,-0.40155327390981194,0.8626275031642969
0.3017569220012982,2.797984437230263,30.01527480641135,0.7304798871603031,0.0,-0.2551291337344349,1.2629182140053161
0.30988026124434664,2.6213023151554857,30.393618968153472,0.7410692724209993,0.0,-0.4656591446052383,1.2296329321274533
0.2957977105315081,2.464368668743015,30.64787679641926,0.7676088132093388,0.0,-0.4556136569117749,0.8506105418489436
0.3020478680846174,2.702582202166828,30.18844380312993,0.7979231163991853,0.0,-0.5188585619298575,1.744544427771255
0.2801724003967998,2.46534348318806,30.10399452708484,0.7750931762945764,0.0,-0.31381933844510856,0.5869550423070806
0.30158245184219423,2.4173696504381446,30.773369197789673,0.7874451805758071,0.0,-0.2760293172477366,0.4737640554689843
0.2797330365824554,2.3948520751684996,30.491715543441625,0.7852449231131289,0.0,-0.27456152458647404,0.4537097680090764
0.3044815525065496,2.8356667667852706,30.157272703416975,0.7845567443745755,0.0,-0.3167784638995964,1.9276591697412255
0.2917863347755731,2.5141689278276007,30.471990931710746,0.7578616517610217,0.0,-0.3877682917029629,0.7981545724711523
0.2876423146156094,2.6354853590666507,30.152065628898768,0.7546752792079595,0.0,-0.29899929443433004,0.8202668997567135
0.29880206665170167,2.43149331718063,30.959301683293607,0.816214622307076,0.0,-0.3142930408097012,0.5528396592473489
0.2933939089736173,2.6686227060952303,30.214881513530813,0.7444861830219317,0.0,-0.5268302915050904,1.5898201270739132
0.297351413371869,2.423167408135479,30.688786908814997,0.7700606546714691,0.0,-0.6025792596641163,1.044634558037668
0.30312081042348454,2.389513960825077,30.987111935094852,0.80819503296492,0.0,-0.28340382810021847,0.464226550509232
0.30357476350380075,2.656465127922989,30.31841271073903,0.7585325724451444,0.0,-0.4736096462677252,1.3786363038031113
0.28700205303898496,2.592914648405312,30.20219756789025,0.7962812920561181,0.0,-0.35652435640313096,0.8757975569656514
0.30459375781086356,2.8306444462095635,29.98778179204344,0.7256169566719313,0.0,-0.24631185391614996,1.454406710635191
0.30988026124434664,2.6213023151554857,30.393618968153472,0.7410692724209993,0.0,-0.4656591446052383,1.2296329321274533
0.2968025636831745,2.501157724005874,30.57711981688393,0.7724361365609356,0.0,-0.4644381971982372,0.9310321509392401
0.30203157744455444,2.692599106180618,30.20891753868002,0.7975563645208822,0.0,-0.5103589792739488,1.6602390869228179
0.2822443273066872,2.5040450312736366,30.133786601958562,0.7815210620914302,0.0,-0.32677485471074114,0.6588800905653087
0.30158245184219423,2.4173696504381446,30.773369197789673,0.7874451805758071,0.0,-0.2760293172477366,0.4737640554689843
0.2797330365824554,2.3948520751684996,30.491715543441625,0.7852449231131289,0.0,-0.27456152458647404,0.4537097680090764
0.3045230265992249,2.833810382274079,30.094624312515077,0.7627710165750927,0.0,-0.2907321131425032,1.7493999752859253
0.2917863347755731,2.5141689278276007,30.471990931710746,0.7578616517610217,0.0,-0.3877682917029629,0.7981545724711523
0.28800159918666235,2.637555348146534,30.155989545774776,0.754038797421389,0.0,-0.3132312024862531,0.864218028558166
0.29911412204032317,2.43328433424779,31.017493116250982,0.8261429728696682,0.0,-0.252278726769608,0.44515926065808453
0.2931499656192832,2.6451849246192527,30.253896903288876,0.7465158602299723,0.0,-0.5057281546746976,1.4253288255354073
0.297351413371869,2.423167408135479,30.688786908814997,0.7700606546714691,0.0,-0.6025792596641163,1.044634558037668
0.3027512377884107,2.278831286554504,31.237850744532878,0.8289144405394409,0.0,-0.29271045965865516,0.4058834697087527
0.30357476350380075,2.656465127922989,30.31841271073903,0.7585325724451444,0.0,-0.4736096462677252,1.3786363038031113
0.28737297609854895,2.5894418947529703,30.216387370110176,0.7953788168328197,0.0,-0.3606086060356493,0.8783375639817751
0.30459375781086356,2.8306444462095635,29.98778179204344,0.7256169566719313,0.0,-0.24631185391614996,1.454406710635191
0.30988026124434664,2.6213023151554857,30.393618968153472,0.7410692724209993,0.0,-0.4656591446052383,1.2296329321274533
0.3016732969183181,2.455555661271329,30.763451562755865,0.7605853875965015,0.0,-0.518070048636953,0.9515574169559661
0.30203157744455444,2.692599106180618,30.20891753868002,0.7975563645208822,0.0,-0.5103589792739488,1.6602390869228179
0.2822443273066872,2.5040450312736366,30.133786601958562,0.7815210620914302,0.0,-0.32677485471074114,0.6588800905653087
0.30158245184219423,2.4173696504381446,30.773369197789673,0.7874451805758071,0.0,-0.2760293172477366,0.4737640554689843
0.2772917202770229,2.2887016635074233,30.839671179400938,0.7888650227470406,0.0,-0.22380306282681595,0.31464021683277427
0.304511061120768,2.8343459582793296,30.112698679507652,0.7690563055311135,0.0,-0.29824661264717833,1.8004185684167517
0.2907234372176694,2.5366520361135163,30.39974386697382,0.7512506525134259,0.0,-0.3939337205505693,0.8501898168415816
0.28098008413264014,2.628222446355819,30.05686862087508,0.7572877702631172,0.0,-0.15924795071466058,0.4283420264448585
0.3022971581458964,2.398149774189306,31.25444775021167,0.8558029374091102,0.0,-0.19342491981128238,0.3213838119787003
0.29633223235810613,2.6486283118367595,30.27359095495791,0.7501840736587566,0.0,-0.4959236805605366,1.4113933969834815
0.297351413371869,2.423167408135479,30.688786908814997,0.7700606546714691,0.0,-0.6025792596641163,1.044634558037668
0.30214146093494787,2.295130488022807,31.175847539934477,0.8222683584462881,0.0,-0.3277024903763219,0.464912277815933
0.3038968440992644,2.7115191926634408,30.213907903956436,0.7481287055591297,0.0,-0.40176605715172686,1.3926959677528987
0.28737297609854895,2.5894418947529703,30.216387370110176,0.7953788168328197,0.0,-0.3606086060356493,0.8783375639817751
0.30459375781086356,2.8306444462095635,29.98778179204344,0.7256169566719313,0.0,-0.24631185391614996,1.454406710635191
0.30988026124434664,2.6213023151554857,30.393618968153472,0.7410692724209993,0.0,-0.4656591446052383,1.2296329321274533
0.3016732969183181,2.455555661271329,30.763451562755865,0.7605853875965015,0.0,-0.518070048636953,0.9515574169559661
0.2989502727704613,2.720589421631904,30.136405842137563,0.8197325593266795,0.0,-0.527907629851455,1.8893616445544468
0.2822443273066872,2.5040450312736366,30.133786601958562,0.7815210620914302,0.0,-0.32677485471074114,0.6588800905653087
0.3007569932056509,2.4255263311912296,30.7479739017852,0.7849523582469683,0.0,-0.2854448745420485,0.49688069278083274
0.2867986067022089,2.4790078727423457,30.579563351259413,0.7797551860715759,0.0,-0.2471690693036343,0.4744199698461047
0.304511061120768,2.8343459582793296,30.112698679507652,0.7690563055311135,0.0,-0.29824661264717833,1.8004185684167517
0.2907234372176694,2.5366520361135163,30.39974386697382,0.7512506525134259,0.0,-0.3939337205505693,0.8501898168415816
0.2817706044663721,2.618320979292354,30.08738198045474,0.7579045329399691,0.0,-0.18065503435358554,0.4733166471100375
0.2946439306812741,2.4380777263486872,30.921187971949603,0.8182503479768742,0.0,-0.2199639291149655,0.3914490302825383
0.29954433460168584,2.719396650799081,30.16246762081303,0.7406323156882806,0.0,-0.39887396341406844,1.4214868231257807
0.297351413371869,2.423167408135479,30.688786908814997,0.7700606546714691,0.0,-0.6025792596641163,1.044634558037668
0.3023939125766994,2.271353375715422,31.25386842848768,0.8290727680504778,0.0,-0.33540798200181854,0.46031638770184236
0.3028115337009845,2.6971125061451326,30.229218271642633,0.7483859117262838,0.0,-0.4011207786423429,1.32432268344016
0.2886966315328686,2.6114820123366975,30.23770584210544,0.7989553714216261,0.0,-0.36934077519406383,0.950640091120162
0.3067030836008714,2.877116653869705,29.914809234880302,0.7193445008473045,0.0,-0.18258117046758188,1.4858089091583533
0.3059683838294906,2.619488847807015,30.364827252816017,0.7517588155445735,0.0,-0.4478725018500933,1.1770285818664896
0.3016732969183181,2.455555661271329,30.763451562755865,0.7605853875965015,0.0,-0.518070048636953,0.9515574169559661
0.29905918407963017,2.722817410282489,30.135941523419415,0.818740035102242,0.0,-0.5234095838059885,1.8883205627720634
0.2882083401480423,2.4891604938460903,30.3270716802212,0.7750945436488135,0.0,-0.38549577588519535,0.7546318779993695
0.3007569932056509,2.4255263311912296,30.7479739017852,0.7849523582469683,0.0,-0.2854448745420485,0.49688069278083274
0.2917976530401788,2.4711261158675364,30.641364012444384,0.7733126511700653,0.0,-0.3382127501476254,0.6394960316530122
0.30332716409473015,2.7868001409646848,30.209704397104563,0.7749587997676548,0.0,-0.2888539491172535,1.354850563336473
0.2907234372176694,2.5366520361135163,30.39974386697382,0.7512506525134259,0.0,-0.3939337205505693,0.8501898168415816
0.2817706044663721,2.618320979292354,30.08738198045474,0.7579045329399691,0.0,-0.18065503435358554,0.4733166471100375
0.2932502917996526,2.4731184660138807,30.735827433529426,0.7944336061505004,0.0,-0.28180590585156584,0.5348562962902967
0.30016553211755875,2.803310686182339,30.013375063443725,0.7322960330967941,0.0,-0.34116955420860967,1.7345607017821414
0.297351413371869,2.423167408135479,30.688786908814997,0.7700606546714691,0.0,-0.6025792596641163,1.044634558037668
0.30558876455336537,2.4976319998494807,30.682694519901283,0.7880236084993254,0.0,-0.3674121679646868,0.7313606118514772
0.3016191001115849,2.690552086374012,30.25561940763246,0.7488977201436707,0.0,-0.4012732246520377,1.2967391505409662
0.2938088891462985,2.672742354983901,30.22792146824294,0.7905703959864857,0.0,-0.34121675526162576,1.0426548025939621
0.3048597076324591,2.8100046590566596,30.068645444720534,0.7344633622590224,0.0,-0.1882955418983941,0.9910534698561204
0.3088763619448173,2.730479411835303,30.094939636216925,0.7457828064692752,0.0,-0.4003454240452605,1.485398302116423
0.30162932024438543,2.4541144469238447,30.762708734760803,0.7617548451772238,0.0,-0.5069055392190819,0.9285930656390986
0.29905918407963017,2.722817410282489,30.135941523419415,0.818740035102242,0.0,-0.5234095838059885,1.8883205627720634
0.2882083401480423,2.4891604938460903,30.3270716802212,0.7750945436488135,0.0,-0.38549577588519535,0.7546318779993695
0.3007569932056509,2.4255263311912296,30.7479739017852,0.7849523582469683,0.0,-0.2854448745420485,0.49688069278083274
0.2917976530401788,2.4711261158675364,30.641364012444384,0.7733126511700653,0.0,-0.3382127501476254,0.6394960316530122
0.3024886381989365,2.853064301439118,30.09453404788188,0.7717205749379216,0.0,-0.2711416996062128,1.8453085415037287
0.29101122442064836,2.5190973502533116,30.464474980025116,0.7571611602088799,0.0,-0.3790058244206486,0.7881134042831474
0.2856715870255232,2.5827356922871005,30.223486195210445,0.7550052638241844,0.0,-0.27358611641501823,0.655666232069052
0.29305705611395083,2.477977057034837,30.710126176757655,0.791131284079343,0.0,-0.29038063560217897,0.5562602937579266
0.30016553211755875,2.803310686182339,30.013375063443725,0.7322960330967941,0.0,-0.34116955420860967,1.7345607017821414
0.2983432175752356,2.557144590735148,30.450745671831367,0.7567509425373671,0.0,-0.5104483767478575,1.152629878892551
0.30697781404642493,2.498309045521384,30.7111160194952,0.7890569038065929,0.0,-0.3659669198033716,0.7294668491356474
0.3055380028885806,2.7170466227893577,30.263515744491684,0.7473968673297541,0.0,-0.43265074165774275,1.5290531108793217
0.2938088891462985,2.672742354983901,30.22792146824294,0.7905703959864857,0.0,-0.34121675526162576,1.0426548025939621
0.3048597076324591,2.8100046590566596,30.068645444720534,0.7344633622590224,0.0,-0.1882955418983941,0.9910534698561204
0.3066374421815079,2.753202983230363,30.141243462143546,0.7575543651295775,0.0,-0.3553622619017611,1.4398969102347774
0.3011500433413585,2.568449089371923,30.517360166384833,0.7521093726105282,0.0,-0.45263987866331334,1.0488678566441756
0.29905918407963017,2.722817410282489,30.135941523419415,0.818740035102242,0.0,-0.5234095838059885,1.8883205627720634
0.2804038600990979,2.4368085506057575,30.23183508688016,0.7892202466904658,0.0,-0.2892745746420714,0.5136345286371258
0.2940279875483235,2.495651236518107,30.514020589385208,0.7715941386945581,0.0,-0.28015514952086984,0.5554790054143315
0.2917976530401788,2.4711261158675364,30.641364012444384,0.7733126511700653,0.0,-0.3382127501476254,0.6394960316530122
0.3024886381989365,2.853064301439118,30.09453404788188,0.7717205749379216,0.0,-0.2711416996062128,1.8453085415037287
0.29148504036795814,2.5310911744421554,30.445132886182627,0.7607865577230569,0.0,-0.38750745799579966,0.8264025688465032
0.28229254779719143,2.545360154357001,30.221644434717504,0.7402367355142424,0.0,-0.24550228982138872,0.5399929024570511
0.2925096351769105,2.496472914977293,30.61784791821872,0.7805643806761579,0.0,-0.32420297883379284,0.6438640313046368
0.3014315966784573,2.7829818880937482,30.072322662232356,0.7358546622410376,0.0,-0.36272780819539424,1.6714172149469564
0.2989018958741523,2.564486456353776,30.43447597810126,0.7553373643568275,0.0,-0.5251490654915877,1.2058156931123514
0.30764834072691966,2.445320953225632,30.803211913424168,0.7916463481596758,0.0,-0.38013050846331586,0.6853161493550072
0.3055380028885806,2.7170466227893577,30.263515744491684,0.7473968673297541,0.0,-0.43265074165774275,1.5290531108793217
0.2938088891462985,2.672742354983901,30.22792146824294,0.7905703959864857,0.0,-0.34121675526162576,1.0426548025939621
0.3048597076324591,2.8100046590566596,30.068645444720534,0.7344633622590224,0.0,-0.1882955418983941,0.9910534698561204
0.3066374421815079,2.753202983230363,30.141243462143546,0.7575543651295775,0.0,-0.3553622619017611,1.4398969102347774
0.3026358904087322,2.585059470699617,30.48196893158444,0.7449450720759991,0.0,-0.48243016668454947,1.16264894031431
0.29905918407963017,2.722817410282489,30.135941523419415,0.818740035102242,0.0,-0.5234095838059885,1.8883205627720634
0.2804038600990979,2.4368085506057575,30.23183508688016,0.7892202466904658,0.0,-0.2892745746420714,0.5136345286371258
0.2940279875483235,2.495651236518107,30.514020589385208,0.7715941386945581,0.0,-0.28015514952086984,0.5554790054143315
0.2917976530401788,2.4711261158675364,30.641364012444384,0.7733126511700653,0.0,-0.3382127501476254,0.6394960316530122
0.3024886381989365,2.853064301439118,30.09453404788188,0.7717205749379216,0.0,-0.2711416996062128,1.8453085415037287
0.29148504036795814,2.5310911744421554,30.445132886182627,0.7607865577230569,0.0,-0.38750745799579966,0.8264025688465032
0.28229254779719143,2.545360154357001,30.221644434717504,0.7402367355142424,0.0,-0.24550228982138872,0.5399929024570511
0.2925096351769105,2.496472914977293,30.61784791821872,0.7805643806761579,0.0,-0.32420297883379284,0.6438640313046368
0.3014315966784573,2.7829818880937482,30.072322662232356,0.7358546622410376,0.0,-0.36272780819539424,1.6714172149469564
0.2989018958741523,2.564486456353776,30.43447597810126,0.7553373643568275,0.0,-0.5251490654915877,1.2058156931123514
0.30764834072691966,2.445320953225632,30.803211913424168,0.7916463481596758,0.0,-0.38013050846331586,0.6853161493550072
0.3055380028885806,2.7170466227893577,30.263515744491684,0.7473968673297541,0.0,-0.43265074165774275,1.5290531108793217
0.2938088891462985,2.672742354983901,30.22792146824294,0.7905703959864857,0.0,-0.34121675526162576,1.0426548025939621
0.3044601399482159,2.8647640384683735,29.95385196252435,0.726844540479537,0.0,-0.04435167612684515,0.32795770906300675
0.30784647961743866,2.714572158097137,30.190617380699464,0.7732585583785776,0.0,-0.4689843540697482,1.6430925271451042
0.3026358904087322,2.585059470699617,30.48196893158444,0.7449450720759991,0.0,-0.48243016668454947,1.16264894031431
0.29905037461397244,2.7139495419197637,30.152661969928243,0.8151889509707797,0.0,-0.5235070094465503,1.8301212064471089
0.2804038600990979,2.4368085506057575,30.23183508688016,0.7892202466904658,0.0,-0.2892745746420714,0.5136345286371258
0.2940279875483235,2.495651236518107,30.514020589385208,0.7715941386945581,0.0,-0.28015514952086984,0.5554790054143315
0.2917976530401788,2.4711261158675364,30.641364012444384,0.7733126511700653,0.0,-0.3382127501476254,0.6394960316530122
0.2984817632666307,2.792016246643158,30.119752563570607,0.7654742270334488,0.0,-0.26605487803320915,1.2792099081736137
0.29148504036795814,2.5310911744421554,30.445132886182627,0.7607865577230569,0.0,-0.38750745799579966,0.8264025688465032
0.276750292400645,2.534544638222782,30.150722714763994,0.7389540159427129,0.0,-0.18095464742007505,0.3887690684862834
0.2948698148676932,2.5300361036881522,30.552101614156946,0.7794400911602747,0.0,-0.3464833157545035,0.7372551774159948
0.30129181980899816,2.7775572123348073,30.080661723954666,0.7365294077667637,0.0,-0.3611688728802559,1.6236483846977556
0.2971190128984286,2.523499033619305,30.480406836263366,0.7574706899553408,0.0,-0.5500000340621332,1.1542474682469306
0.3073079758748143,2.454809741505664,30.781398266791694,0.7884751500592821,0.0,-0.3870770527342011,0.7099852697353771
0.3055380028885806,2.7170466227893577,30.263515744491684,0.7473968673297541,0.0,-0.43265074165774275,1.5290531108793217
0.2934966195317615,2.6683683340851276,30.234066753513982,0.7928255763858834,0.0,-0.3403841349476325,1.0263921390275403
0.3028206418529138,2.7885491300968424,30.071447763102704,0.7336842959273701,0.0,-0.15727841259458608,0.7438059378361414
0.310791108107007,2.7585749859293154,30.103295094082725,0.7731264728114369,0.0,-0.4875355351804912,2.019407711571056
0.3026358904087322,2.585059470699617,30.48196893158444,0.7449450720759991,0.0,-0.48243016668454947,1.16264894031431
0.2974249097133343,2.7131735732552724,30.12488773379308,0.8321741492335867,0.0,-0.5462709022040473,1.9045347683050924
0.28270790166392384,2.4467597195619577,30.279556831203674,0.7862394109929114,0.0,-0.2877323449025984,0.5200856753864322
0.29371960102216116,2.4830550312214412,30.50007037100687,0.7687199316337222,0.0,-0.2558571583522994,0.494940803770352
0.29088014447700467,2.461037042624216,30.693750181736043,0.7740196078648757,0.0,-0.3620963180778471,0.6718389698633419
0.2984817632666307,2.792016246643158,30.119752563570607,0.7654742270334488,0.0,-0.26605487803320915,1.2792099081736137
0.29148504036795814,2.5310911744421554,30.445132886182627,0.7607865577230569,0.0,-0.38750745799579966,0.8264025688465032
0.27782814649385035,2.534276444488022,30.174599055347677,0.7413623620771338,0.0,-0.19080125088501482,0.4096877828635138
0.2948698148676932,2.5300361036881522,30.552101614156946,0.7794400911602747,0.0,-0.3464833157545035,0.7372551774159948
0.3003630801338156,2.7419297133998874,30.13119583957747,0.7404603864918016,0.0,-0.34692480897761047,1.344303575386734
0.29599312062854694,2.5041406109706057,30.51146185664798,0.7561814416998456,0.0,-0.5551439637495703,1.119559246092367
0.30424778849528566,2.453808339016148,30.718970453991393,0.7881970297407752,0.0,-0.3747188208637199,0.6860573817416783
0.31780943601602185,2.8794280313875347,30.104922664506816,0.735704621654336,0.0,-0.4720710977426397,3.915264079828872
0.29439317691450023,2.6799243960738774,30.218430019558937,0.7871388084017039,0.0,-0.3227774860633935,1.008441387297654
0.3028206418529138,2.7885491300968424,30.071447763102704,0.7336842959273701,0.0,-0.15727841259458608,0.7438059378361414
0.310791108107007,2.7585749859293154,30.103295094082725,0.7731264728114369,0.0,-0.4875355351804912,2.019407711571056
0.30914253631428795,2.5983789878110937,30.56258678033236,0.745884755483926,0.0,-0.5589194313850936,1.3916588386122597
0.2974249097133343,2.7131735732552724,30.12488773379308,0.8321741492335867,0.0,-0.5462709022040473,1.9045347683050924
0.28270790166392384,2.4467597195619577,30.279556831203674,0.7862394109929114,0.0,-0.2877323449025984,0.5200856753864322
0.29356756871476264,2.4812462492236182,30.50094978564313,0.7692230328262514,0.0,-0.24270217104075847,0.4678562240321606
0.2933078472517146,2.4853425959088407,30.610732846414248,0.7675800019598268,0.0,-0.4352144449334926,0.845639140666875
0.2984817632666307,2.792016246643158,30.119752563570607,0.7654742270334488,0.0,-0.26605487803320915,1.2792099081736137
0.2953644879147716,2.5601954615287186,30.519100972090968,0.7531246069282389,0.0,-0.43412770096683306,0.9870923626113989
0.27782814649385035,2.534276444488022,30.174599055347677,0.7413623620771338,0.0,-0.19080125088501482,0.4096877828635138
0.2948698148676932,2.5300361036881522,30.552101614156946,0.7794400911602747,0.0,-0.3464833157545035,0.7372551774159948
0.3003630801338156,2.7419297133998874,30.13119583957747,0.7404603864918016,0.0,-0.34692480897761047,1.344303575386734
0.29599312062854694,2.5041406109706057,30.51146185664798,0.7561814416998456,0.0,-0.5551439637495703,1.119559246092367
0.30424778849528566,2.453808339016148,30.718970453991393,0.7881970297407752,0.0,-0.3747188208637199,0.6860573817416783
0.31780943601602185,2.8794280313875347,30.104922664506816,0.735704621654336,0.0,-0.4720710977426397,3.915264079828872
0.2948008340912517,2.6705706196532972,30.239135949841216,0.7871825840005622,0.0,-0.32492615095270166,0.9863302132030186
0.3028206418529138,2.7885491300968424,30.071447763102704,0.7336842959273701,0.0,-0.15727841259458608,0.7438059378361414
0.30602926188586216,2.771511672895643,30.109661634293168,0.7701662163466363,0.0,-0.401856171739958,1.7587601818994418
0.30914253631428795,2.5983789878110937,30.56258678033236,0.745884755483926,0.0,-0.5589194313850936,1.3916588386122597
0.2974249097133343,2.7131735732552724,30.12488773379308,0.8321741492335867,0.0,-0.5462709022040473,1.9045347683050924
0.2819812449886283,2.45979205625736,30.263927303534402,0.7795566562182035,0.0,-0.2732980907122359,0.5059127579997926
0.2897491505141296,2.3923053034351143,30.620845355072795,0.7689340296329191,0.0,-0.1939354003756954,0.31913294862034103
0.2933078472517146,2.4853425959088407,30.610732846414248,0.7675800019598268,0.0,-0.4352144449334926,0.845639140666875
0.3013774852913762,2.784149329561861,30.115881012526614,0.7672743859310533,0.0,-0.3181572787111718,1.473969379225779
0.2953644879147716,2.5601954615287186,30.519100972090968,0.7531246069282389,0.0,-0.43412770096683306,0.9870923626113989
0.2868334507099924,2.5193365746803913,30.341599128252636,0.7487089357202446,0.0,-0.37142451761528794,0.7727330561261567
0.2948698148676932,2.5300361036881522,30.552101614156946,0.7794400911602747,0.0,-0.3464833157545035,0.7372551774159948
0.2982398782588156,2.660030717512138,30.293880124149858,0.7555264315541892,0.0,-0.3467541674386188,1.019957347031784
0.29599312062854694,2.5041406109706057,30.51146185664798,0.7561814416998456,0.0,-0.5551439637495703,1.119559246092367
0.30316626874356156,2.522267472289286,30.586862399369647,0.7848852831609988,0.0,-0.37055089465414337,0.7756451008890204
0.31634622749520047,2.845335374589551,30.156985798011043,0.7371309611887271,0.0,-0.4781415313143297,3.091473115105909
0.3000680308810096,2.7183828723143075,30.208411450022947,0.7753980975332895,0.0,-0.3586110047258758,1.2733991276486378
0.30112641572011806,2.736661420157167,30.173165856826337,0.7381016246467869,0.0,-0.22018554985294483,0.8361309990520838
0.30602926188586216,2.771511672895643,30.109661634293168,0.7701662163466363,0.0,-0.401856171739958,1.7587601818994418
0.30528884520044924,2.587699135943642,30.550423891370247,0.7479097266821285,0.0,-0.5240154472613123,1.2709540361033145
0.2974249097133343,2.7131735732552724,30.12488773379308,0.8321741492335867,0.0,-0.5462709022040473,1.9045347683050924
0.28622790598354914,2.473233031778532,30.338949046419973,0.7724721934172194,0.0,-0.3587187657428639,0.6809818902540754
0.2897491505141296,2.3923053034351143,30.620845355072795,0.7689340296329191,0.0,-0.1939354003756954,0.31913294862034103
0.2957689477069903,2.524927124651198,30.559925950545157,0.76437822946513,0.0,-0.438916569145971,0.9238931370765283
0.29467555205708035,2.75349824455669,30.10154045677569,0.7786903980682635,0.0,-0.2398493114432711,0.9730125897559021
0.29341005441654516,2.50033858853561,30.636441417915137,0.758220370152986,0.0,-0.5066964177132701,1.0140795468440567
0.2868334507099924,2.5193365746803913,30.341599128252636,0.7487089357202446,0.0,-0.37142451761528794,0.7727330561261567
0.2907399209176749,2.53390325274896,30.534798033772393,0.7767295276066233,0.0,-0.3345027093440559,0.7176679762665079
0.29857581689878626,2.678398905645684,30.257709511008553,0.7543229736304933,0.0,-0.33422410589434515,1.0392505242103496
0.29599312062854694,2.5041406109706057,30.51146185664798,0.7561814416998456,0.0,-0.5551439637495703,1.119559246092367
0.30316626874356156,2.522267472289286,30.586862399369647,0.7848852831609988,0.0,-0.37055089465414337,0.7756451008890204
0.31917970151927777,2.865567216581319,30.153973554690385,0.7369502526664945,0.0,-0.5261652246180036,3.9139651150367176
0.3031574961348812,2.880814430636907,29.978648426193434,0.7899675449112175,0.0,-0.20960606706440765,1.7586530666800193
0.30112641572011806,2.736661420157167,30.173165856826337,0.7381016246467869,0.0,-0.22018554985294483,0.8361309990520838
0.30602926188586216,2.771511672895643,30.109661634293168,0.7701662163466363,0.0,-0.401856171739958,1.7587601818994418
0.3083271376094053,2.5371956058069904,30.71856323426581,0.7166885875875442,0.0,-0.5231611187503468,1.1304151933617248
0.2976531670291393,2.714621976385793,30.12786485574168,0.8263730666704817,0.0,-0.5261625011601004,1.8437386821046935
0.28622790598354914,2.473233031778532,30.338949046419973,0.7724721934172194,0.0,-0.3587187657428639,0.6809818902540754
0.29244437771809967,2.4796641347261783,30.509961634876923,0.7644725360292951,0.0,-0.23677263008915575,0.45503807423414194
0.2957552504828534,2.524178198627457,30.561400734736132,0.7644272980477784,0.0,-0.43942745726957655,0.92351265957553
0.29467555205708035,2.75349824455669,30.10154045677569,0.7786903980682635,0.0,-0.2398493114432711,0.9730125897559021
0.29341005441654516,2.50033858853561,30.636441417915137,0.758220370152986,0.0,-0.5066964177132701,1.0140795468440567
0.2868334507099924,2.5193365746803913,30.341599128252636,0.7487089357202446,0.0,-0.37142451761528794,0.7727330561261567
0.2907399209176749,2.53390325274896,30.534798033772393,0.7767295276066233,0.0,-0.3345027093440559,0.7176679762665079
0.2977184340351635,2.640520304042269,30.309931017512003,0.7476527020941296,0.0,-0.35754423929637913,0.9946159499879533
0.2975224097553972,2.506391575945047,30.437468443998966,0.7549743061261133,0.0,-0.5838270478422821,1.1827736711747958
0.30282589213478844,2.4145704014553875,30.80359185096708,0.7851089877056294,0.0,-0.3417606184675581,0.583777484632107
0.31917970151927777,2.865567216581319,30.153973554690385,0.7369502526664945,0.0,-0.5261652246180036,3.9139651150367176
0.3031574961348812,2.880814430636907,29.978648426193434,0.7899675449112175,0.0,-0.20960606706440765,1.7586530666800193
0.3007742960287677,2.729787576316245,30.185425797542685,0.7394111757057764,0.0,-0.22406109436355215,0.8292035255410148
0.3039084807330778,2.7571075146083386,30.114270589854,0.7843974817350061,0.0,-0.43332985071751257,1.7840397574209552
0.3083271376094053,2.5371956058069904,30.71856323426581,0.7166885875875442,0.0,-0.5231611187503468,1.1304151933617248
0.2974152425835628,2.708402408698873,30.141869760125033,0.8246645477898017,0.0,-0.5195663885710344,1.7817924566958734
0.2855522503086328,2.45081699068887,30.35793734913422,0.7719748518828204,0.0,-0.368226126808022,0.670498031739744
0.2938285599302748,2.5218810233789553,30.45746336678845,0.7600581510578133,0.0,-0.26846927933795783,0.5615114489604238
0.3042155836887685,2.528769396916228,30.769833436364618,0.7793326519144675,0.0,-0.5039130479692349,1.069355522904468
0.29188906813095783,2.7407543462367157,30.095578038665177,0.7834368694532619,0.0,-0.2072909608224806,0.7995928101913591
0.29896887206935374,2.486588187016211,30.836327748926042,0.7650768322904141,0.0,-0.6200745446313769,1.2077527804194799
0.2846711970953519,2.5219551992057654,30.322205867073034,0.7474415232669266,0.0,-0.3284579259395951,0.6870860751835133
0.29637400507507977,2.62778447457326,30.35541248531299,0.7795467603117436,0.0,-0.37454670637982346,1.0062629868821584
0.29622642733832916,2.6550518762213366,30.252461035466386,0.7520074911484249,0.0,-0.33425190281766914,0.9689917984077586
0.2975224097553972,2.506391575945047,30.437468443998966,0.7549743061261133,0.0,-0.5838270478422821,1.1827736711747958
0.30282589213478844,2.4145704014553875,30.80359185096708,0.7851089877056294,0.0,-0.3417606184675581,0.583777484632107
0.31917970151927777,2.865567216581319,30.153973554690385,0.7369502526664945,0.0,-0.5261652246180036,3.9139651150367176
0.3031574961348812,2.880814430636907,29.978648426193434,0.7899675449112175,0.0,-0.20960606706440765,1.7586530666800193
0.3002713673692775,2.6979162562388144,30.229062194637,0.7287422239346018,0.0,-0.22711155054799248,0.7518165251803058
0.3033427082754541,2.7439045666244577,30.1335335408874,0.7830313476945162,0.0,-0.42407644759467067,1.6559313143737258
0.3083271376094053,2.5371956058069904,30.71856323426581,0.7166885875875442,0.0,-0.5231611187503468,1.1304151933617248
0.2965477540998006,2.663337617644724,30.24898962556885,0.8102733240796041,0.0,-0.5167788662275389,1.5350062653634649
0.2841186027562577,2.4278555451354804,30.309060713211938,0.7706608653698978,0.0,-0.377545819315227,0.6598784906595444
0.2921171210000666,2.520746046612597,30.405995081923177,0.7568823490289178,0.0,-0.2296759116823775,0.47923634235880747
0.3042155836887685,2.528769396916228,30.769833436364618,0.7793326519144675,0.0,-0.5039130479692349,1.069355522904468
0.29188906813095783,2.7407543462367157,30.095578038665177,0.7834368694532619,0.0,-0.2072909608224806,0.7995928101913591
0.29896887206935374,2.486588187016211,30.836327748926042,0.7650768322904141,0.0,-0.6200745446313769,1.2077527804194799
0.2846711970953519,2.5219551992057654,30.322205867073034,0.7474415232669266,0.0,-0.3284579259395951,0.6870860751835133
0.2956106953708142,2.610738070278228,30.399408294961024,0.7804390464293709,0.0,-0.36732177646999226,0.9436365296049847
0.29752583352407974,2.6104142697115034,30.346933090763535,0.7585521892146295,0.0,-0.32454208244034094,0.8330440701716937
0.2975224097553972,2.506391575945047,30.437468443998966,0.7549743061261133,0.0,-0.5838270478422821,1.1827736711747958
0.3037043497749688,2.3981679527044126,30.796136069254167,0.7896714218322957,0.0,-0.2783730833602871,0.46254280510849116
0.31917970151927777,2.865567216581319,30.153973554690385,0.7369502526664945,0.0,-0.5261652246180036,3.9139651150367176
0.3031574961348812,2.880814430636907,29.978648426193434,0.7899675449112175,0.0,-0.20960606706440765,1.7586530666800193
0.3002713673692775,2.6979162562388144,30.229062194637,0.7287422239346018,0.0,-0.22711155054799248,0.7518165251803058
0.2995604266659815,2.698944359465842,30.17175282922807,0.7758219291788749,0.0,-0.4047070364906374,1.34429315382556
0.30171053477383064,2.5329328407111333,30.607701470891378,0.7252902308533261,0.0,-0.46870233716515786,1.003500948083742
0.2965477540998006,2.663337617644724,30.24898962556885,0.8102733240796041,0.0,-0.5167788662275389,1.5350062653634649
0.2841186027562577,2.4278555451354804,30.309060713211938,0.7706608653698978,0.0,-0.377545819315227,0.6598784906595444
0.29643902723425586,2.575814141952224,30.365747131106954,0.7536991843093499,0.0,-0.2770253877989415,0.6530754916580461
0.30394028669426293,2.538833215494352,30.73446410450088,0.7791250345531369,0.0,-0.49804619607503325,1.0799697914257171
0.29188906813095783,2.7407543462367157,30.095578038665177,0.7834368694532619,0.0,-0.2072909608224806,0.7995928101913591
0.29896887206935374,2.486588187016211,30.836327748926042,0.7650768322904141,0.0,-0.6200745446313769,1.2077527804194799
0.28206563752618274,2.49601082419154,30.33490822316437,0.7482336651160746,0.0,-0.31353006532767735,0.6220968234580374
0.2949961728636468,2.6322066168910965,30.34923923749802,0.780934052941833,0.0,-0.34089716924373314,0.9268714036184648
0.2981576313057154,2.599398781403401,30.385708328910823,0.7535540045644576,0.0,-0.34460617904539537,0.8602224932131571
0.2975224097553972,2.506391575945047,30.437468443998966,0.7549743061261133,0.0,-0.5838270478422821,1.1827736711747958
0.30336052737792063,2.4240872659665738,30.761689076850068,0.7771418179879128,0.0,-0.3136582192868681,0.5446280326016602
0.31917970151927777,2.865567216581319,30.153973554690385,0.7369502526664945,0.0,-0.5261652246180036,3.9139651150367176
0.3032049567989362,2.8389262165567675,30.049597037580973,0.7899418448025642,0.0,-0.21557426041493932,1.3383572162189539
0.29922861242749854,2.682790319656072,30.234658523719748,0.7308557970906338,0.0,-0.2356278322229709,0.742814128394494
0.2993653946080014,2.695969877323879,30.173583202604505,0.7756321236546175,0.0,-0.4040974306960044,1.329136163019228
0.30190069383568036,2.5341379293811253,30.615430789511816,0.7239424449393657,0.0,-0.4634751753966508,0.994876390732877
0.2988213948420425,2.608460542688678,30.404634112726214,0.7736046123414271,0.0,-0.49413832679223824,1.2620396681996153
0.28434810936923005,2.4669375468131327,30.31452023301919,0.7610172766023503,0.0,-0.3571583572122746,0.6700122191631291
0.296100275956958,2.5650211941140704,30.37782909543821,0.7559051999307609,0.0,-0.2814374116610929,0.6470140794282699
0.3038428649161305,2.54047398475547,30.72806632588156,0.7795355192838672,0.0,-0.49829306276274904,1.084363118152494
0.2942092374691064,2.72243081663401,30.13954402128218,0.7668149939070867,0.0,-0.2162487840205044,0.7790806652169617
0.29938599106393865,2.487148804506049,30.851214511734938,0.7651926482585546,0.0,-0.6275753390841465,1.2236986958365166
0.28206563752618274,2.49601082419154,30.33490822316437,0.7482336651160746,0.0,-0.31353006532767735,0.6220968234580374
0.2959158517952879,2.6000773298714575,30.42432098736214,0.780193238642557,0.0,-0.3804435719538638,0.9512928382669135
0.3003541297146678,2.620467641887028,30.397031279848697,0.7523669203748523,0.0,-0.34260966971659707,0.9027153084391702
0.2975224097553972,2.506391575945047,30.437468443998966,0.7549743061261133,0.0,-0.5838270478422821,1.1827736711747958
0.30336052737792063,2.4240872659665738,30.761689076850068,0.7771418179879128,0.0,-0.3136582192868681,0.5446280326016602
0.3145678225884882,2.7678097281764256,30.326606700904634,0.7497558982475665,0.0,-0.5177838980549087,2.22999824233953
0.29891261740405883,2.7692972361356123,30.107529482135007,0.7814729977007708,0.0,-0.23546418945942843,1.020638788696262
0.29922861242749854,2.682790319656072,30.234658523719748,0.7308557970906338,0.0,-0.2356278322229709,0.742814128394494
0.3048908738531169,2.7598360687813805,30.12205658008573,0.7843830912714971,0.0,-0.433024316504905,1.8030364272756936
0.30190069383568036,2.5341379293811253,30.615430789511816,0.7239424449393657,0.0,-0.4634751753966508,0.994876390732877
0.2998692795754823,2.6907990645918374,30.378146822897293,0.7886335866253066,0.0,-0.4217868867978071,1.3641190517131674
0.28910340603172024,2.4733287745274506,30.484234330002188,0.762337617545609,0.0,-0.44266993374159835,0.8405052570404205
0.2957612950115293,2.5612989103494694,30.378769307804937,0.7560180734022558,0.0,-0.2770991550964804,0.6316354384193978
0.3026225654476054,2.578111402358756,30.59757817417604,0.7666615295603522,0.0,-0.4288278044099835,1.0164479599769611
0.2942092374691064,2.72243081663401,30.13954402128218,0.7668149939070867,0.0,-0.2162487840205044,0.7790806652169617
0.29938599106393865,2.487148804506049,30.851214511734938,0.7651926482585546,0.0,-0.6275753390841465,1.2236986958365166
0.28206563752618274,2.49601082419154,30.33490822316437,0.7482336651160746,0.0,-0.31353006532767735,0.6220968234580374
0.2963654836243153,2.6034557334383774,30.42722367348118,0.7812307707139345,0.0,-0.3826158446556719,0.9648754929009011
0.3003541297146678,2.620467641887028,30.397031279848697,0.7523669203748523,0.0,-0.34260966971659707,0.9027153084391702
0.30010288077830916,2.5304416451622034,30.50202885953453,0.7424848783029596,0.0,-0.53309058326585,1.1353020934959188
0.30199180651043356,2.468709286200617,30.668637394667048,0.7755972772996454,0.0,-0.29908908989989647,0.5629480849778854
0.3187756534280765,2.7712769171452174,30.415551298025132,0.734698944379258,0.0,-0.5546399351126499,2.4249407982350144
0.2968677687090096,2.769491531175082,30.07891409449629,0.7856158159304634,0.0,-0.19858820598255095,0.8615223856846148
0.2955551636316009,2.6067971763399598,30.325205215731447,0.7422774759110491,0.0,-0.31074319568270625,0.7902872944558815
0.3048908738531169,2.7598360687813805,30.12205658008573,0.7843830912714971,0.0,-0.433024316504905,1.8030364272756936
0.30333153515145,2.560532803118586,30.582806076600686,0.7268582561083234,0.0,-0.46960972772516363,1.0685888072139396
0.2998692795754823,2.6907990645918374,30.378146822897293,0.7886335866253066,0.0,-0.4217868867978071,1.3641190517131674
0.2894999363732738,2.4593473877161935,30.552733028195863,0.7661042657994205,0.0,-0.4244940230738744,0.7851511551580989
0.2957612950115293,2.5612989103494694,30.378769307804937,0.7560180734022558,0.0,-0.2770991550964804,0.6316354384193978
0.29125261170013045,2.3975492625000454,30.855499211927206,0.782752957633539,0.0,-0.34415598375597445,0.5712599592526856
0.2942092374691064,2.72243081663401,30.13954402128218,0.7668149939070867,0.0,-0.2162487840205044,0.7790806652169617
0.29938599106393865,2.487148804506049,30.851214511734938,0.7651926482585546,0.0,-0.6275753390841465,1.2236986958365166
0.2853967563063293,2.518176122960651,30.347696241218518,0.7492253542365425,0.0,-0.319469543853558,0.663042159339621
0.296503275814939,2.6490044407148865,30.331671682458467,0.7824337229910011,0.0,-0.3321314240730609,0.9462553450805078
0.3010807324558497,2.6225374622541238,30.407906333802515,0.7538945448417702,0.0,-0.34743451469029385,0.920447673470053
0.30047285357850007,2.5527842358908774,30.321820954550827,0.7307658410952078,0.0,-0.48432884351046135,1.0829869659788716
0.30199180651043356,2.468709286200617,30.668637394667048,0.7755972772996454,0.0,-0.29908908989989647,0.5629480849778854
0.3187756534280765,2.7712769171452174,30.415551298025132,0.734698944379258,0.0,-0.5546399351126499,2.4249407982350144
0.2968677687090096,2.769491531175082,30.07891409449629,0.7856158159304634,0.0,-0.19858820598255095,0.8615223856846148
0.2955551636316009,2.6067971763399598,30.325205215731447,0.7422774759110491,0.0,-0.31074319568270625,0.7902872944558815
0.30718162747337896,2.8671929178435875,30.01847829488988,0.8121837581574095,0.0,-0.40642280187423657,3.0602494631692565
0.3041297452899222,2.5556144475737366,30.60063360070873,0.7206279415257557,0.0,-0.4795779858094809,1.0791934688044498
0.30025172899967795,2.8519573020560856,30.003785626882888,0.8071835276374244,0.0,-0.2589365950918634,1.7490669832966756
0.2783114636519254,2.3016857136530815,30.6926534195048,0.7779003572680788,0.0,-0.49894298161891054,0.7144963111509917
0.29600033188009867,2.57797753481665,30.39793944705393,0.765993044936029,0.0,-0.3188450247144601,0.7555167106469936
0.29169340835623453,2.4459851194132955,30.74875907008437,0.7803768026295996,0.0,-0.32508658832330206,0.5867831347400521
0.2942092374691064,2.72243081663401,30.13954402128218,0.7668149939070867,0.0,-0.2162487840205044,0.7790806652169617
0.29290430949660484,2.4301077770181827,30.802447462836913,0.7691010311911712,0.0,-0.5880131717318269,1.0317971504422296
0.2853967563063293,2.518176122960651,30.347696241218518,0.7492253542365425,0.0,-0.319469543853558,0.663042159339621
0.29989573696587735,2.7921965694624475,30.03749460352325,0.7838844952787074,0.0,-0.3371002369979467,1.6222072760104356
0.3010807324558497,2.6225374622541238,30.407906333802515,0.7538945448417702,0.0,-0.34743451469029385,0.920447673470053
0.30053385932790555,2.549117084789297,30.325931458344723,0.7298376621643833,0.0,-0.48916418646604826,1.0849029093006466
0.3020468938298168,2.4689432839297796,30.667826254047057,0.7756366567661394,0.0,-0.2973376666918157,0.5598981383609871
0.3187756534280765,2.7712769171452174,30.415551298025132,0.734698944379258,0.0,-0.5546399351126499,2.4249407982350144
0.2971919993951182,2.7431576933525035,30.127865297417618,0.7904872981799644,0.0,-0.2730181073021593,1.0629795023483544
0.29650479031402716,2.646341738132247,30.221051013080718,0.7329086436949839,0.0,-0.3072160772102043,0.8686806172368868
0.29790267214578225,2.6854372437999743,30.235160157277868,0.8011649725593244,0.0,-0.43615905900326957,1.3865565786368002
0.29880156025010185,2.477156387262135,30.667966588666314,0.7155089071721271,0.0,-0.4522704298993766,0.8650204743461768
0.2997243384224677,2.892258429586349,29.922617324878942,0.8189546490313802,0.0,-0.22893048328161525,2.1248110864050465
0.28499262295050165,2.3737296009860964,30.720665102212745,0.7791367639578489,0.0,-0.4121422748195579,0.6580899807311635
0.30465933716064736,2.626812075339596,30.43896864344281,0.7796857395652473,0.0,-0.31833503499583815,0.8530153682907045
0.29169340835623453,2.4459851194132955,30.74875907008437,0.7803768026295996,0.0,-0.32508658832330206,0.5867831347400521
0.2942092374691064,2.72243081663401,30.13954402128218,0.7668149939070867,0.0,-0.2162487840205044,0.7790806652169617
0.29276229926989983,2.42275301123847,30.817985223823094,0.7688007487244242,0.0,-0.593109727893123,1.0274799859339692
0.29149628846856135,2.5525758999438866,30.37659781765325,0.7588706920753071,0.0,-0.3191102995073131,0.7132166091797292
0.29989573696587735,2.7921965694624475,30.03749460352325,0.7838844952787074,0.0,-0.3371002369979467,1.6222072760104356
0.30070383769131476,2.682453790140216,30.306512860850614,0.7454130547149393,0.0,-0.3669770468583949,1.155665019653164
0.30053385932790555,2.549117084789297,30.325931458344723,0.7298376621643833,0.0,-0.48916418646604826,1.0849029093006466
0.3020468938298168,2.4689432839297796,30.667826254047057,0.7756366567661394,0.0,-0.2973376666918157,0.5598981383609871
0.3196103776765989,2.7798193941080167,30.41416658648383,0.7320387908311472,0.0,-0.5686130869204822,2.5824848860640963
0.2971919993951182,2.7431576933525035,30.127865297417618,0.7904872981799644,0.0,-0.2730181073021593,1.0629795023483544
0.3007161137139122,2.670669947891724,30.256249085321553,0.7327501005832053,0.0,-0.35485941673578053,1.0775190859870603
0.29652848803272036,2.611828514285813,30.371447176611344,0.8130795661569463,0.0,-0.5044584229205173,1.2995761963101875
0.29880156025010185,2.477156387262135,30.667966588666314,0.7155089071721271,0.0,-0.4522704298993766,0.8650204743461768
0.2997243384224677,2.892258429586349,29.922617324878942,0.8189546490313802,0.0,-0.22893048328161525,2.1248110864050465
0.2940463560635719,2.49023819280821,30.590983828088962,0.7793894893791807,0.0,-0.3689573429411259,0.7237838098810557
0.3100171935201085,2.577787520909494,30.592486233071277,0.7862846820166196,0.0,-0.3706755374930999,0.87793600580347
0.29151098096231104,2.438950045932469,30.76384854193817,0.7797660487957713,0.0,-0.3218232930197755,0.573608982028433
0.2942092374691064,2.72243081663401,30.13954402128218,0.7668149939070867,0.0,-0.2162487840205044,0.7790806652169617
0.29292511573305086,2.4564742029148756,30.741643748344597,0.7685773020172868,0.0,-0.550703517306702,1.0132058501364074
0.29193131697106817,2.5798125822539046,30.338585618371898,0.7601445817535307,0.0,-0.3026161851546957,0.7201933527137553
0.29989573696587735,2.7921965694624475,30.03749460352325,0.7838844952787074,0.0,-0.3371002369979467,1.6222072760104356
0.3002336067353956,2.757208110943285,30.180009777771268,0.7348311639983632,0.0,-0.39135919393816637,1.611912141952761
0.30053385932790555,2.549117084789297,30.325931458344723,0.7298376621643833,0.0,-0.48916418646604826,1.0849029093006466
0.3020468938298168,2.4689432839297796,30.667826254047057,0.7756366567661394,0.0,-0.2973376666918157,0.5598981383609871
0.3196103776765989,2.7798193941080167,30.41416658648383,0.7320387908311472,0.0,-0.5686130869204822,2.5824848860640963
0.2971919993951182,2.7431576933525035,30.127865297417618,0.7904872981799644,0.0,-0.2730181073021593,1.0629795023483544
0.29094861466904137,2.614244510321293,30.17461271965962,0.7331178162739332,0.0,-0.2443582205267152,0.6334536437323015
0.29652848803272036,2.611828514285813,30.371447176611344,0.8130795661569463,0.0,-0.5044584229205173,1.2995761963101875
0.29880156025010185,2.477156387262135,30.667966588666314,0.7155089071721271,0.0,-0.4522704298993766,0.8650204743461768
0.30109751974478316,2.968046511220706,29.781972892852437,0.8255065438140282,0.0,-0.21339984651965344,6.67845217133026
0.2940463560635719,2.49023819280821,30.590983828088962,0.7793894893791807,0.0,-0.3689573429411259,0.7237838098810557
0.3139260062135341,2.5992149461096123,30.592853942008364,0.7879722589253562,0.0,-0.3710960602548403,0.9259229021956814
0.29151098096231104,2.438950045932469,30.76384854193817,0.7797660487957713,0.0,-0.3218232930197755,0.573608982028433
0.2966548296983908,2.8035746981121403,30.1132411517073,0.7920891702904496,0.0,-0.195165627916774,0.9935870075851795
0.29292511573305086,2.4564742029148756,30.741643748344597,0.7685773020172868,0.0,-0.550703517306702,1.0132058501364074
0.2911417461498766,2.596501720838137,30.294552441126935,0.7554354124971207,0.0,-0.28126975198133564,0.6970779468145007
0.29989573696587735,2.7921965694624475,30.03749460352325,0.7838844952787074,0.0,-0.3371002369979467,1.6222072760104356
0.3002336067353956,2.757208110943285,30.180009777771268,0.7348311639983632,0.0,-0.39135919393816637,1.611912141952761
0.2970575680598208,2.561521149236701,30.331045010151005,0.7420847021160741,0.0,-0.41378005452720457,0.9436716361733322
0.3020468938298168,2.4689432839297796,30.667826254047057,0.7756366567661394,0.0,-0.2973376666918157,0.5598981383609871
0.3168561237591858,2.692310948955554,30.500746140994554,0.7591402873842794,0.0,-0.47290997392295236,1.5369736827412823
0.2967037465120332,2.7707352190402315,30.07356185222972,0.7919808154095337,0.0,-0.2705723085011613,1.1801738905054127
0.29094861466904137,2.614244510321293,30.17461271965962,0.7331178162739332,0.0,-0.2443582205267152,0.6334536437323015
0.29870244341565344,2.5555394106759315,30.48820460882467,0.7983290716453522,0.0,-0.4228639734587777,0.9514093794049665
0.2970286210147274,2.4709165161979043,30.690195187399027,0.7315197857069835,0.0,-0.4819679591140432,0.9109487895001537
0.30109751974478316,2.968046511220706,29.781972892852437,0.8255065438140282,0.0,-0.21339984651965344,6.67845217133026
0.29513103599006724,2.512180201844899,30.517029135933804,0.7792283903606941,0.0,-0.38912215318111537,0.7976760161287979
0.3114365739273916,2.633456247921192,30.494314887394964,0.7872469548972965,0.0,-0.3650640805033584,0.995963178837293
0.2905894114581618,2.4275298270148187,30.778319058500788,0.7870575800090975,0.0,-0.17266563197497864,0.30161507118284075
0.2962436054174706,2.732515910573461,30.209532665222664,0.7898135735552453,0.0,-0.24123723566069902,0.9018750841513195
0.29318361692535155,2.457199565011699,30.737134786657254,0.7702615806516333,0.0,-0.5460013115996747,1.005896967660762
0.2875580259125652,2.484239212231916,30.436941580666517,0.7318883985686402,0.0,-0.28816235215954406,0.5587131844717103
0.29989573696587735,2.7921965694624475,30.03749460352325,0.7838844952787074,0.0,-0.3371002369979467,1.6222072760104356
0.30410775456865174,2.916623730091084,29.882294007240578,0.7169427206186245,0.0,-0.30689258312591805,3.6808144986718805
0.2970575680598208,2.561521149236701,30.331045010151005,0.7420847021160741,0.0,-0.41378005452720457,0.9436716361733322
0.3020468938298168,2.4689432839297796,30.667826254047057,0.7756366567661394,0.0,-0.2973376666918157,0.5598981383609871
0.3168561237591858,2.692310948955554,30.500746140994554,0.7591402873842794,0.0,-0.47290997392295236,1.5369736827412823
0.2967037465120332,2.7707352190402315,30.07356185222972,0.7919808154095337,0.0,-0.2705723085011613,1.1801738905054127
0.29796283897479414,2.6208218094622033,30.284065432214053,0.751649379861786,0.0,-0.28568288181770696,0.7534264600306171
0.29827867460226826,2.4714964496297953,30.64826316616086,0.8034587071701536,0.0,-0.4533208520907516,0.8577441944774272
0.29702696661463035,2.472443321431803,30.687055026379692,0.7318276791630008,0.0,-0.4808914419297602,0.9115446007335413
0.30109751974478316,2.968046511220706,29.781972892852437,0.8255065438140282,0.0,-0.21339984651965344,6.67845217133026
0.29498666832939974,2.5153195298275497,30.50385471822278,0.7828580457163478,0.0,-0.3820584740146315,0.7882687616414465
0.3114365739273916,2.633456247921192,30.494314887394964,0.7872469548972965,0.0,-0.3650640805033584,0.995963178837293
0.2905894114581618,2.4275298270148187,30.778319058500788,0.7870575800090975,0.0,-0.17266563197497864,0.30161507118284075
0.2962436054174706,2.732515910573461,30.209532665222664,0.7898135735552453,0.0,-0.24123723566069902,0.9018750841513195
0.2944056032085252,2.4588186798815177,30.727579170030417,0.7710026462139234,0.0,-0.5117178782288533,0.9455571713318218
0.286831845287341,2.4614911032026083,30.4657943447019,0.7271169922744999,0.0,-0.28955902164694425,0.5377051769599412
0.29989573696587735,2.7921965694624475,30.03749460352325,0.7838844952787074,0.0,-0.3371002369979467,1.6222072760104356
0.30410775456865174,2.916623730091084,29.882294007240578,0.7169427206186245,0.0,-0.30689258312591805,3.6808144986718805
0.2970575680598208,2.561521149236701,30.331045010151005,0.7420847021160741,0.0,-0.41378005452720457,0.9436716361733322
0.3019614488830283,2.4688300705608563,30.66849441142775,0.7755848392388818,0.0,-0.2997348672008837,0.5642918595135278
0.3167922665278229,2.691602893748888,30.501346124620298,0.7590523306683384,0.0,-0.4729356772065267,1.5335282582756762
0.2967037465120332,2.7707352190402315,30.07356185222972,0.7919808154095337,0.0,-0.2705723085011613,1.1801738905054127
0.2979286643298455,2.636979394959816,30.244657818993588,0.7460434088699982,0.0,-0.26754380054997745,0.7369934291205377
0.29827867460226826,2.4714964496297953,30.64826316616086,0.8034587071701536,0.0,-0.4533208520907516,0.8577441944774272
0.2986260853159337,2.5309856106186106,30.588800232624624,0.745028262008889,0.0,-0.4468229102150576,0.9526848649662936
0.3061225957218239,2.8054260756796734,30.128191471553205,0.8069112895711089,0.0,-0.2871130010604031,1.4755985523925068
0.29498666832939974,2.5153195298275497,30.50385471822278,0.7828580457163478,0.0,-0.3820584740146315,0.7882687616414465
0.31120653616747734,2.6309587326321977,30.494012881626258,0.7884579706674568,0.0,-0.36043077864768946,0.9766679515775366
0.2891783606812307,2.413309219947724,30.793234336721497,0.788565691576916,0.0,-0.15649578027421185,0.2667432071461351
0.29689633222963846,2.6773027562758642,30.313440408741776,0.7775437644137471,0.0,-0.2975614388851686,0.9221071597981946
0.30000451605526246,2.624443484958916,30.441164419711903,0.7881614320007422,0.0,-0.4043914349635722,1.0767791764159218
0.2897137037500414,2.537413463704266,30.368458490587376,0.7254197843072748,0.0,-0.29245049728643246,0.6322071101080801
0.29989573696587735,2.7921965694624475,30.03749460352325,0.7838844952787074,0.0,-0.3371002369979467,1.6222072760104356
0.3027945061235309,2.869736481304831,29.96762590802206,0.7237685613220586,0.0,-0.2935736002300071,2.253690082769851
0.2970472125501207,2.5624971710165063,30.330236980605463,0.7424566478017403,0.0,-0.4076290440959973,0.931717504645842
0.30155483936024985,2.4602961355197084,30.677444694819737,0.7757197382095097,0.0,-0.295528204405523,0.5475747421043616
0.31399668180296464,2.7214259646314085,30.403575024921736,0.7715919653851827,0.0,-0.42424785502233053,1.5229267668861985
0.291824376820863,2.7527638606845555,30.045261355764598,0.7842461865311923,0.0,-0.2620035171183845,1.0597298511610331
0.29679926438415705,2.5858666445866567,30.310889845634513,0.7513623659430295,0.0,-0.2603517202943639,0.6286663870252828
0.29827867460226826,2.4714964496297953,30.64826316616086,0.8034587071701536,0.0,-0.4533208520907516,0.8577441944774272
0.2987777459072192,2.5264294497397994,30.611872036150718,0.7445024119207901,0.0,-0.46230353583586314,0.9762083718716318
0.3061225957218239,2.8054260756796734,30.128191471553205,0.8069112895711089,0.0,-0.2871130010604031,1.4755985523925068
0.29498666832939974,2.5153195298275497,30.50385471822278,0.7828580457163478,0.0,-0.3820584740146315,0.7882687616414465
0.3095344415761754,2.6363738609986664,30.47291365365161,0.7871826858899333,0.0,-0.35308472799514296,0.9710103046080746
0.290329031953518,2.424678433972268,30.77760410294907,0.7885600646308253,0.0,-0.16714859826128592,0.29053073642858873
0.29689633222963846,2.6773027562758642,30.313440408741776,0.7775437644137471,0.0,-0.2975614388851686,0.9221071597981946
0.3024554766200705,2.6451714064993106,30.458480775294593,0.8031045968070565,0.0,-0.43105238413811914,1.214818625199893
0.2897137037500414,2.537413463704266,30.368458490587376,0.7254197843072748,0.0,-0.29245049728643246,0.6322071101080801
0.29968369890845653,2.741791207670065,30.146430962269136,0.7764152938144134,0.0,-0.36084628045927103,1.397498037162837
0.30020648624402924,2.747195837815406,30.11580573680572,0.7356802269420035,0.0,-0.2792324127607521,1.1045404092550524
0.2970472125501207,2.5624971710165063,30.330236980605463,0.7424566478017403,0.0,-0.4076290440959973,0.931717504645842
0.30155483936024985,2.4602961355197084,30.677444694819737,0.7757197382095097,0.0,-0.295528204405523,0.5475747421043616
0.31399668180296464,2.7214259646314085,30.403575024921736,0.7715919653851827,0.0,-0.42424785502233053,1.5229267668861985
0.29724004149701194,2.7451094676560968,30.132780749106974,0.781155347824078,0.0,-0.3016322760769532,1.1833796779473358
0.29679926438415705,2.5858666445866567,30.310889845634513,0.7513623659430295,0.0,-0.2603517202943639,0.6286663870252828
0.29827867460226826,2.4714964496297953,30.64826316616086,0.8034587071701536,0.0,-0.4533208520907516,0.8577441944774272
0.2985381963975485,2.4694841077148184,30.734942637911146,0.7360640986756705,0.0,-0.48913057404292803,0.9219904269710234
0.3053944542497301,2.7777673734531,30.17614178874402,0.8007243023363715,0.0,-0.3044807481359999,1.370099219304966
0.29513094026075215,2.5275570931618496,30.489469233854283,0.7824565606030875,0.0,-0.3756748635530428,0.7951751589779749
0.3121348023866342,2.6279525147058083,30.505726154715614,0.7891659472286741,0.0,-0.36450895143794093,0.9797377104960411
0.290329031953518,2.424678433972268,30.77760410294907,0.7885600646308253,0.0,-0.16714859826128592,0.29053073642858873
0.2967757416891858,2.6749541278534603,30.314364117972076,0.7766686448179838,0.0,-0.2974756302969388,0.9151804584764225
0.3024144452464831,2.6434652873182434,30.460345128009124,0.8031080754575977,0.0,-0.43127114141315626,1.2096189405212543
0.2897137037500414,2.537413463704266,30.368458490587376,0.7254197843072748,0.0,-0.29245049728643246,0.6322071101080801
0.30057376655268353,2.7405825784101414,30.15140285931802,0.7746887961940302,0.0,-0.38241414391630996,1.4741266857586395
0.30020648624402924,2.747195837815406,30.11580573680572,0.7356802269420035,0.0,-0.2792324127607521,1.1045404092550524
0.2961912086426943,2.535832174233691,30.354928330154305,0.7311743915422053,0.0,-0.5347233015800574,1.152004236177435
0.30155483936024985,2.4602961355197084,30.677444694819737,0.7757197382095097,0.0,-0.295528204405523,0.5475747421043616
0.31079783979352765,2.6705616901863665,30.453372603928575,0.7780773086621046,0.0,-0.43016463080536893,1.3057516930824387
0.2973270927992869,2.7540887509579823,30.118058744980328,0.7811016414087566,0.0,-0.2985762332693394,1.2141625665051343
0.2980781747548133,2.594612215857815,30.30049897596919,0.7560448799188207,0.0,-0.254558042009701,0.6279371307360798
0.29827867460226826,2.4714964496297953,30.64826316616086,0.8034587071701536,0.0,-0.4533208520907516,0.8577441944774272
0.2979461916956753,2.595179052881443,30.460335447880457,0.7566273084268023,0.0,-0.4036246964753134,0.9970449882799837
0.30386904481567145,2.740373156381992,30.23434485094815,0.7916932068244841,0.0,-0.3247854988116161,1.2509704092442653
0.29513094026075215,2.5275570931618496,30.489469233854283,0.7824565606030875,0.0,-0.3756748635530428,0.7951751589779749
0.3138127978889654,2.5906564204901463,30.587775489928887,0.7862885190170845,0.0,-0.3794528464872467,0.9269788644092134
0.290329031953518,2.424678433972268,30.77760410294907,0.7885600646308253,0.0,-0.16714859826128592,0.29053073642858873
0.2974487998989041,2.6363712254626526,30.308182344866587,0.7667730665158975,0.0,-0.277325752586822,0.762661736381202
0.30219214414259804,2.6409359341350567,30.452033820934417,0.8006525066801684,0.0,-0.4220852644618892,1.1755151923797642
0.2897137037500414,2.537413463704266,30.368458490587376,0.7254197843072748,0.0,-0.29245049728643246,0.6322071101080801
0.30057376655268353,2.7405825784101414,30.15140285931802,0.7746887961940302,0.0,-0.38241414391630996,1.4741266857586395
0.30044030374012876,2.6974446493355595,30.213199374492316,0.7426234661847461,0.0,-0.28205826094065617,0.9322534217994467
0.2961912086426943,2.535832174233691,30.354928330154305,0.7311743915422053,0.0,-0.5347233015800574,1.152004236177435
0.3012260130615835,2.5302630945154396,30.540476375817192,0.7659552009142587,0.0,-0.29155410831309303,0.6206753289106343
0.3057048119727873,2.6257610583191577,30.466420762549745,0.7854513767513188,0.0,-0.42056473776938297,1.1237866799229252
0.2975185328164501,2.7179008737153154,30.159842608015772,0.7754320688749948,0.0,-0.2888361875657644,1.023881893467054
0.298167916032055,2.5951480635245057,30.301577547974656,0.7562003257021918,0.0,-0.25579700227497665,0.6318285260084461
0.2979877972392245,2.557878622102283,30.48619148359615,0.7966246501151565,0.0,-0.40601886867013215,0.9183425388764238
0.29181294693940074,2.5592038875606753,30.46365835447045,0.7463906367981072,0.0,-0.39095893471290666,0.8869382548529665
0.30540567444995387,2.776200734300865,30.17269141869359,0.7920487810172275,0.0,-0.3426754030021163,1.5311730444316665
0.2948210646778091,2.5141475635741677,30.512282384272773,0.7853123801954868,0.0,-0.38156293170535205,0.7853473670160331
0.3129892699580599,2.60013103681668,30.559209315319464,0.7832254301251905,0.0,-0.3733869611411657,0.9337732995546005
0.290329031953518,2.424678433972268,30.77760410294907,0.7885600646308253,0.0,-0.16714859826128592,0.29053073642858873
0.29727450549984963,2.6365952189221575,30.304841740508138,0.7663787447987414,0.0,-0.27430180438760093,0.7548106647745083
0.2993777273029167,2.651572282374127,30.42409707912425,0.805195109828546,0.0,-0.4347791357080207,1.2478316555024138
0.289466948620884,2.5368031391037125,30.364947384514675,0.7232962687968412,0.0,-0.2890635911334364,0.6240620684995518
0.3006598786958962,2.7434542451969044,30.147082615613645,0.774906923464877,0.0,-0.385309978530484,1.501915238574958
0.2988735139867076,2.646336662539148,30.296591483272422,0.7545262438233071,0.0,-0.3098027467763091,0.8759820822835555
0.2960951395981448,2.5318743621100155,30.357017713883298,0.7303380251150521,0.0,-0.5427790223233221,1.1594729670646282
0.3012260130615835,2.5302630945154396,30.540476375817192,0.7659552009142587,0.0,-0.29155410831309303,0.6206753289106343
0.3057048119727873,2.6257610583191577,30.466420762549745,0.7854513767513188,0.0,-0.42056473776938297,1.1237866799229252
0.297172021812932,2.670370052673995,30.210771650586427,0.7638781678090862,0.0,-0.3530274321116711,1.0709810652080285
0.2956769735279274,2.5784448803872744,30.31971928002097,0.7467804405295909,0.0,-0.26532067432648754,0.6293854871700584
0.2977278518723353,2.531917435480265,30.541836408213854,0.8089799383041628,0.0,-0.4342569427241826,0.9277357791990004
0.29181294693940074,2.5592038875606753,30.46365835447045,0.7463906367981072,0.0,-0.39095893471290666,0.8869382548529665
0.3059390104389115,2.7830559313483736,30.170224766403088,0.7938735363861085,0.0,-0.34200484888400384,1.5764655425228646
0.2944206487241469,2.5158418962679265,30.501263705594777,0.7806744081896334,0.0,-0.3746452236701815,0.7738076070239756
0.3129892699580599,2.60013103681668,30.559209315319464,0.7832254301251905,0.0,-0.3733869611411657,0.9337732995546005
0.2924996668769904,2.48921814506695,30.63448942986594,0.7819177668272098,0.0,-0.20073879119767257,0.39300298015477503
0.29782420410582644,2.6854052692408277,30.280522689238,0.7831772068705107,0.0,-0.14916544744996646,0.47415113117121843
0.30156197664574835,2.643965961660119,30.444531984263865,0.8008916573893011,0.0,-0.4390187520021718,1.2330808426330049
0.2882277135782519,2.5249703120083344,30.312804937482255,0.71109704858056,0.0,-0.2352390510866403,0.4952091564659588
0.3017412031398239,2.7624575334678236,30.132668425016494,0.7804569766393197,0.0,-0.39836284266415084,1.6770173707453295
0.2988735139867076,2.646336662539148,30.296591483272422,0.7545262438233071,0.0,-0.3098027467763091,0.8759820822835555
0.2965652666863664,2.573618922825221,30.33621896228082,0.7447048289863609,0.0,-0.4357567550697977,1.0219889633872645
0.3012260130615835,2.5302630945154396,30.540476375817192,0.7659552009142587,0.0,-0.29155410831309303,0.6206753289106343
0.3074243145023699,2.6235512493848603,30.499377516615557,0.7893415602213424,0.0,-0.45039751843299086,1.196437809122794
0.297172021812932,2.670370052673995,30.210771650586427,0.7638781678090862,0.0,-0.3530274321116711,1.0709810652080285
0.29526787505547725,2.5532908783798423,30.34953123273566,0.7421018932327796,0.0,-0.24132098080932268,0.5402195055567298
0.30067561127545345,2.5597744434312033,30.5289287529451,0.803009800959817,0.0,-0.4391637356065691,0.9975880069969049
0.2922176786388131,2.5648113551440974,30.456124757786363,0.7479940245619255,0.0,-0.389487056602251,0.8949844192998555
0.30292766377264957,2.713195814636946,30.256771189464274,0.7904227721475563,0.0,-0.35053830930415214,1.2222217359220886
0.2862291855197774,2.447992013175624,30.502451881904694,0.7752146664394788,0.0,-0.326926207680453,0.5922490534262252
0.3129892699580599,2.60013103681668,30.559209315319464,0.7832254301251905,0.0,-0.3733869611411657,0.9337732995546005
0.28810309432285275,2.353516386494652,30.938022197785447,0.7962257766186686,0.0,-0.13300349157055402,0.2057337398691138
0.29782420410582644,2.6854052692408277,30.280522689238,0.7831772068705107,0.0,-0.14916544744996646,0.47415113117121843
0.29813539526028254,2.6133869730812798,30.410681336186844,0.7778166262832151,0.0,-0.3866523237745001,1.0001016438998267
0.2882277135782519,2.5249703120083344,30.312804937482255,0.71109704858056,0.0,-0.2352390510866403,0.4952091564659588
0.3014048043361668,2.7488357913701567,30.151897678169398,0.7774151310865061,0.0,-0.3879741607960152,1.5447032159259497
0.29930122479053606,2.6304118480669896,30.303141308960946,0.7428477809986844,0.0,-0.3752803617988725,1.015401494436688
0.2960636735069487,2.493636563042295,30.43992392193788,0.7288545863446871,0.0,-0.504147547857202,0.9956239156724734
0.30124538805828555,2.5292242492530783,30.54088287005595,0.764650821510393,0.0,-0.286358020447695,0.6082684165303037
0.2998868483529176,2.5182070413433473,30.67049866762135,0.7920271850203061,0.0,-0.3265778677439446,0.677838606555225
0.298064064583256,2.642211498508346,30.291777072603544,0.7738414043173837,0.0,-0.37495844532454864,1.0479890878586409
0.2916008066493978,2.5667787736199728,30.23214776820998,0.7181911683846163,0.0,-0.17043704708540403,0.39341804303904176
0.30067561127545345,2.5597744434312033,30.5289287529451,0.803009800959817,0.0,-0.4391637356065691,0.9975880069969049
0.29308449032265976,2.581720512173213,30.449419082140324,0.744053939810677,0.0,-0.3985425023911766,0.9528138816030499
0.3038677585017949,2.7772398911353156,30.1431619857517,0.7851684543833215,0.0,-0.31354259262397083,1.407534743190632
0.28527349163846216,2.428423748193485,30.520743907048317,0.7745583715734388,0.0,-0.3415777470143025,0.5976066114271144
0.30102552401724886,2.5321135897595712,30.53383452566987,0.7796440235810981,0.0,-0.3526155524445832,0.7536349522598609
0.28810309432285275,2.353516386494652,30.938022197785447,0.7962257766186686,0.0,-0.13300349157055402,0.2057337398691138
0.2977526846259625,2.6833145927621294,30.283556072552443,0.7820032711194768,0.0,-0.16039621772057197,0.5064843976220672
0.2965239785344816,2.647396729131424,30.335669658436206,0.7618350314867703,0.0,-0.3533410751183795,1.002092448683151
0.2882277135782519,2.5249703120083344,30.312804937482255,0.71109704858056,0.0,-0.2352390510866403,0.4952091564659588
0.3030399067014961,2.7828184118001,30.09033309630873,0.7826345465589449,0.0,-0.3995764270130566,1.8398264342982673
0.2982440830611381,2.6368770387222766,30.315523025398143,0.7500751612764431,0.0,-0.36692930707601074,1.0104822503784778
0.2960636735069487,2.493636563042295,30.43992392193788,0.7288545863446871,0.0,-0.504147547857202,0.9956239156724734
0.30124538805828555,2.5292242492530783,30.54088287005595,0.764650821510393,0.0,-0.286358020447695,0.6082684165303037
0.3004250360061795,2.522571525684149,30.619151164385514,0.7811819953110707,0.0,-0.31064471161652984,0.6506623050953967
0.2961047618660342,2.7150523179015975,30.131631767193362,0.7700023891480722,0.0,-0.38974051197311654,1.3677616505001975
0.2907004110676184,2.5720567790544213,30.184514745444556,0.7101678412600707,0.0,-0.15347013935228918,0.3586226673089557
0.300474663646498,2.570548819062497,30.524712801081034,0.8165381618930221,0.0,-0.4930549208517705,1.1481047037184038
0.2930219625162372,2.5809609354532106,30.45139857045409,0.743679902851487,0.0,-0.39883864404460867,0.9517934669789595
0.3069504998873397,2.826963653163521,30.109724399694734,0.79976834775127,0.0,-0.3289766639013804,1.9011997763236808
0.2856094167936149,2.4349620014509386,30.51521782659914,0.7741784689050318,0.0,-0.3419289849522688,0.6051433458108917
0.30102552401724886,2.5321135897595712,30.53383452566987,0.7796440235810981,0.0,-0.3526155524445832,0.7536349522598609
0.28810309432285275,2.353516386494652,30.938022197785447,0.7962257766186686,0.0,-0.13300349157055402,0.2057337398691138
0.2977526846259625,2.6833145927621294,30.283556072552443,0.7820032711194768,0.0,-0.16039621772057197,0.5064843976220672
0.2965239785344816,2.647396729131424,30.335669658436206,0.7618350314867703,0.0,-0.3533410751183795,1.002092448683151
0.29576074292975185,2.646475982442406,30.231096391189162,0.7467735493033383,0.0,-0.2729539604497959,0.7720945307636071
0.3030399067014961,2.7828184118001,30.09033309630873,0.7826345465589449,0.0,-0.3995764270130566,1.8398264342982673
0.2982440830611381,2.6368770387222766,30.315523025398143,0.7500751612764431,0.0,-0.36692930707601074,1.0104822503784778
0.2960636735069487,2.493636563042295,30.43992392193788,0.7288545863446871,0.0,-0.504147547857202,0.9956239156724734
0.30009869916279064,2.553738371365784,30.47611501234298,0.7609131741255294,0.0,-0.28355559907057165,0.6354021517341604
0.3007980870943818,2.5194774991802382,30.628724133312208,0.7833109205284051,0.0,-0.3063682781746361,0.6375732200926656
0.29674333163176125,2.693936153274522,30.189072340536125,0.7768026192201806,0.0,-0.4048377524119781,1.3227232054463935
0.2907004110676184,2.5720567790544213,30.184514745444556,0.7101678412600707,0.0,-0.15347013935228918,0.3586226673089557
0.30019146998011376,2.576057443716027,30.511161779131054,0.8126169230133847,0.0,-0.4830399297562918,1.1393994837185752
0.29452536484960684,2.571502461687457,30.467758043052644,0.7475137951733054,0.0,-0.3782749955857265,0.8827938593892584
0.3003574931743668,2.7235425118498418,30.140068433937532,0.7634155162476461,0.0,-0.2577699334422572,0.9324035140703048
0.2819898959496548,2.41464742486136,30.541286428587554,0.7898707119936421,0.0,-0.28576492797414,0.48819282618933874
0.3008771557933138,2.5340633688924874,30.52907817563958,0.789761706999637,0.0,-0.3973273311344771,0.8527497187547716
0.28810309432285275,2.353516386494652,30.938022197785447,0.7962257766186686,0.0,-0.13300349157055402,0.2057337398691138
0.297890850402017,2.6873534915168142,30.277695994144324,0.7842711531620794,0.0,-0.13869991773237614,0.443631750136226
0.2965239785344816,2.647396729131424,30.335669658436206,0.7618350314867703,0.0,-0.3533410751183795,1.002092448683151
0.29576074292975185,2.646475982442406,30.231096391189162,0.7467735493033383,0.0,-0.2729539604497959,0.7720945307636071
0.3030399067014961,2.7828184118001,30.09033309630873,0.7826345465589449,0.0,-0.3995764270130566,1.8398264342982673
0.29780397450150264,2.6571074461833377,30.261551893525958,0.7443479416078842,0.0,-0.37736524486346,1.100534965437685
0.2960636735069487,2.493636563042295,30.43992392193788,0.7288545863446871,0.0,-0.504147547857202,0.9956239156724734
0.30009869916279064,2.553738371365784,30.47611501234298,0.7609131741255294,0.0,-0.28355559907057165,0.6354021517341604
0.3007980870943818,2.5194774991802382,30.628724133312208,0.7833109205284051,0.0,-0.3063682781746361,0.6375732200926656
0.29674333163176125,2.693936153274522,30.189072340536125,0.7768026192201806,0.0,-0.4048377524119781,1.3227232054463935
0.2907004110676184,2.5720567790544213,30.184514745444556,0.7101678412600707,0.0,-0.15347013935228918,0.3586226673089557
0.30019146998011376,2.576057443716027,30.511161779131054,0.8126169230133847,0.0,-0.4830399297562918,1.1393994837185752
0.29452536484960684,2.571502461687457,30.467758043052644,0.7475137951733054,0.0,-0.3782749955857265,0.8827938593892584
0.3003574931743668,2.7235425118498418,30.140068433937532,0.7634155162476461,0.0,-0.2577699334422572,0.9324035140703048
0.28351674945715033,2.4435514024683385,30.50483530443463,0.7885182769597038,0.0,-0.2980879396141213,0.5356971711967704
0.301296786951608,2.3810576506961496,30.843206232086878,0.8110364382171692,0.0,-0.5100208948177156,0.8240200325464186
0.28810309432285275,2.353516386494652,30.938022197785447,0.7962257766186686,0.0,-0.13300349157055402,0.2057337398691138
0.297890850402017,2.6873534915168142,30.277695994144324,0.7842711531620794,0.0,-0.13869991773237614,0.443631750136226
0.29549372112125927,2.626932542999187,30.388237505570125,0.7614102760614393,0.0,-0.3790258282630542,1.0159712972826471
0.29576074292975185,2.646475982442406,30.231096391189162,0.7467735493033383,0.0,-0.2729539604497959,0.7720945307636071
0.3028331481854142,2.7742477679784856,30.10069411468745,0.7810406398676469,0.0,-0.4026756596745533,1.7837062166285822
0.29746093352185526,2.6526268864154887,30.280362971494505,0.7468814645435381,0.0,-0.3776118187505732,1.087049641965757
0.28827952895399717,2.4467432759322807,30.476452073563586,0.7637337333632092,0.0,-0.39525451010472573,0.7144142907088212
0.3014778425076318,2.4702750440761547,30.60005840615711,0.746322500203684,0.0,-0.3740403969559167,0.7061030309655446
0.3008178325078937,2.5189796897224292,30.630282757050313,0.7834541399471896,0.0,-0.30649925582856063,0.6371856848449841
0.29488055935531593,2.6693701835069485,30.21610575073854,0.7755062801105291,0.0,-0.40549910015125656,1.2264444400457712
0.2900542379670081,2.5625539067708853,30.178566557206633,0.705493518604801,0.0,-0.1382127939340795,0.31595388797240864
0.3001318932339698,2.5231330285235267,30.64432711257604,0.8302726471668459,0.0,-0.5638771491859891,1.1824621601284637
0.29452536484960684,2.571502461687457,30.467758043052644,0.7475137951733054,0.0,-0.3782749955857265,0.8827938593892584
0.30029192836664154,2.6652986611755685,30.286618221364538,0.7828458180733726,0.0,-0.34673210563181256,1.0359447824428685
0.2789620280194161,2.3906127347403823,30.5201757074961,0.8054835342220901,0.0,-0.26491122393805805,0.4347173612582759
0.301296786951608,2.3810576506961496,30.843206232086878,0.8110364382171692,0.0,-0.5100208948177156,0.8240200325464186
0.28810309432285275,2.353516386494652,30.938022197785447,0.7962257766186686,0.0,-0.13300349157055402,0.2057337398691138
0.297890850402017,2.6873534915168142,30.277695994144324,0.7842711531620794,0.0,-0.13869991773237614,0.443631750136226
0.2936909880948958,2.5907485167754825,30.45886481240561,0.7565886047179343,0.0,-0.3732168827172009,0.9119499818952449
0.2952411360083475,2.644596162443312,30.21603969328748,0.7467405685857685,0.0,-0.24096875372943705,0.6780139330684685
0.30283216726346635,2.7742280791477127,30.100732545156287,0.7810380162494089,0.0,-0.4026724988503511,1.7835366653668248
0.29746093352185526,2.6526268864154887,30.280362971494505,0.7468814645435381,0.0,-0.3776118187505732,1.087049641965757
0.28827952895399717,2.4467432759322807,30.476452073563586,0.7637337333632092,0.0,-0.39525451010472573,0.7144142907088212
0.3037536988680203,2.4371387905636444,30.64336622211326,0.7459325361696992,0.0,-0.3726542237527247,0.6620712486580794
0.29876690631591146,2.539632949235503,30.58095299312192,0.7757229160463548,0.0,-0.3256989072483747,0.7074765813659146
0.3001362935295471,2.7614060013150823,30.115712641012163,0.7656088545529071,0.0,-0.4519162280825202,1.8940804486843419
0.2931590799695353,2.600311955339565,30.221238998708674,0.722843095348889,0.0,-0.23856741795097544,0.596884047791963
0.2998599358227556,2.5261432025151693,30.627825602525604,0.8260826220374857,0.0,-0.5511892441762962,1.163197926255223
0.29452536484960684,2.571502461687457,30.467758043052644,0.7475137951733054,0.0,-0.3782749955857265,0.8827938593892584
0.3006640054157683,2.6669641098317585,30.287440347521876,0.7875726053933062,0.0,-0.34267359151750043,1.028938927105995
0.2789103381543606,2.3898062796745876,30.521141408414337,0.8056700564792534,0.0,-0.2649872467186072,0.43426741031895766
0.29244375629237296,2.3848450858886214,30.71516369772359,0.8088353833741116,0.0,-0.41286455488314977,0.6711554202237868
0.28810309432285275,2.353516386494652,30.938022197785447,0.7962257766186686,0.0,-0.13300349157055402,0.2057337398691138
0.297890850402017,2.6873534915168142,30.277695994144324,0.7842711531620794,0.0,-0.13869991773237614,0.443631750136226
0.2936909880948958,2.5907485167754825,30.45886481240561,0.7565886047179343,0.0,-0.3732168827172009,0.9119499818952449
0.2952411360083475,2.644596162443312,30.21603969328748,0.7467405685857685,0.0,-0.24096875372943705,0.6780139330684685
0.30283216726346635,2.7742280791477127,30.100732545156287,0.7810380162494089,0.0,-0.4026724988503511,1.7835366653668248
0.29746093352185526,2.6526268864154887,30.280362971494505,0.7468814645435381,0.0,-0.3776118187505732,1.087049641965757
0.2930618295714535,2.5736591589541775,30.330951637922904,0.7644900436674374,0.0,-0.4181084149068943,0.9806905054680338
0.303663986659043,2.4699548378397553,30.59054018165547,0.7493500968367419,0.0,-0.37557653890218795,0.7085746002689534
0.2999966646324502,2.5505252671452268,30.59320685511982,0.7771287772644935,0.0,-0.31754276123372877,0.7064752210138759
0.3001362935295471,2.7614060013150823,30.115712641012163,0.7656088545529071,0.0,-0.4519162280825202,1.8940804486843419
0.2928719498009679,2.513823781494183,30.419499851264735,0.7573603089466895,0.0,-0.30853010464223185,0.6346055049554844
0.29915832469779374,2.5631345633476785,30.526206839030277,0.8029194874349238,0.0,-0.5004248690545131,1.1454897253700005
0.29684847977510864,2.607629088947489,30.39951838554138,0.7626737021456922,0.0,-0.3648019550536543,0.929737513097226
0.3006640054157683,2.6669641098317585,30.287440347521876,0.7875726053933062,0.0,-0.34267359151750043,1.028938927105995
0.2789103381543606,2.3898062796745876,30.521141408414337,0.8056700564792534,0.0,-0.2649872467186072,0.43426741031895766
0.29244375629237296,2.3848450858886214,30.71516369772359,0.8088353833741116,0.0,-0.41286455488314977,0.6711554202237868
0.2904402237202875,2.4282195233599335,30.77377116946872,0.7839019869173801,0.0,-0.19409465804098147,0.3394566026135294
0.29817119749362647,2.693953975669767,30.274604256632937,0.7854195384580244,0.0,-0.1224789565267268,0.4001978355862195
0.2936909880948958,2.5907485167754825,30.45886481240561,0.7565886047179343,0.0,-0.3732168827172009,0.9119499818952449
0.2952411360083475,2.644596162443312,30.21603969328748,0.7467405685857685,0.0,-0.24096875372943705,0.6780139330684685
0.3036664084662583,2.7885958969936513,30.069612209072503,0.7802537918201867,0.0,-0.4528227914515031,2.1419773079707176
0.29746093352185526,2.6526268864154887,30.280362971494505,0.7468814645435381,0.0,-0.3776118187505732,1.087049641965757
0.2931417034303258,2.576259074280263,30.326739995038192,0.7638395068527287,0.0,-0.41161606116624894,0.9713861375724011
0.303663986659043,2.4699548378397553,30.59054018165547,0.7493500968367419,0.0,-0.37557653890218795,0.7085746002689534
0.29971986208050405,2.5483867552491595,30.593752705481975,0.7680999596328625,0.0,-0.2682847321117036,0.5940586004286011
0.3001362935295471,2.7614060013150823,30.115712641012163,0.7656088545529071,0.0,-0.4519162280825202,1.8940804486843419
0.2928719498009679,2.513823781494183,30.419499851264735,0.7573603089466895,0.0,-0.30853010464223185,0.6346055049554844
0.30117757024201613,2.5596486681992765,30.590878127475804,0.8156478635733995,0.0,-0.5276892447013691,1.1983368882830348
0.2973711851212846,2.622182352802695,30.37341793219471,0.7642779178036027,0.0,-0.36811013846791807,0.974306364984806
0.3013699737755191,2.6206030491032353,30.358767091055263,0.7785779219326247,0.0,-0.3504164531931216,0.9236143104599467
0.2789103381543606,2.3898062796745876,30.521141408414337,0.8056700564792534,0.0,-0.2649872467186072,0.43426741031895766
0.29244019779036384,2.383758005632781,30.71737576453346,0.809090697728868,0.0,-0.41283436382480515,0.6699224778550178
0.2904402237202875,2.4282195233599335,30.77377116946872,0.7839019869173801,0.0,-0.19409465804098147,0.3394566026135294
