7.688496684523733898e-09 1.658718575899999981e-12 1.131960549512000062e-12 6.751802286919999853e-13 3.631163754959999916e-13 1.893573759700000169e-13 1.017354653011999992e-13 5.284305429460000204e-14 2.344354616339999799e-14 2.025983037278000105e-12 1.581704658551000054e-12 1.065323165908000034e-12 6.285878525939999513e-13 3.370354935329999599e-13 1.765383606359999984e-13 9.497485894869999729e-14 4.864603088500000354e-14 2.108382581599999799e-14 2.464388058199999991e-12 1.897307451824000159e-12 1.254295486249999875e-12 7.308909998699999641e-13 3.915282035349999885e-13 2.064032298559999880e-13 1.106118942774999937e-13 5.552649443279999505e-14 2.335321169230000007e-14 2.909519221590000293e-12 2.214327843469999851e-12 1.442805472741999887e-12 8.334427329849999171e-13 4.466337758969999719e-13 2.364500213509999941e-13 1.261048541962000165e-13 6.217911042010000141e-14 2.551937101670000016e-14 3.091454441390000055e-12 2.340862759990000164e-12 1.516932576284999991e-12 8.741619370139999778e-13 4.688153236720000411e-13 2.484077556679999983e-13 1.320086929843000137e-13 6.457481761540000377e-14 2.624766285049999709e-14 9.317349903117999177e-13 7.514541838487999243e-13 5.498173356190999875e-13 3.421490438275999968e-13 1.855880582005999860e-13 9.404220246929999514e-14 5.040410271000000616e-14 2.725151230320000137e-14 1.305704222040000065e-14 1.044524985502800005e-12 8.378991940500000240e-13 6.094146583667000428e-13 3.762090087259999712e-13 2.029890399773000138e-13 1.028633059681000058e-13 5.524235379990000293e-14 2.973001517940000220e-14 1.411681590520000034e-14 1.150735366144999996e-12 9.193794329939999983e-13 6.656760535059999662e-13 4.084452314853999969e-13 2.194531938527999757e-13 1.112682209600000067e-13 5.987118403989999413e-14 3.211139081259999916e-14 1.513942640490000145e-14 1.186300607151000071e-12 9.466152677340000186e-13 6.844757490049999688e-13 4.192345606654999817e-13 2.249630895902999965e-13 1.140980777157000013e-13 6.142854729749999520e-14 3.291060072619999966e-14 1.547939585839999977e-14 1.178885240349999824e-12 9.399589740229999133e-13 6.791491584170000551e-13 4.156379604378999931e-13 2.229774100156999974e-13 1.130844789767999960e-13 6.083597561490000612e-14 3.255581028120000172e-14 1.530042844190000018e-14 1.305339858556000104e-12 1.036076738617999927e-12 7.449127459890000745e-13 4.528926240184000067e-13 2.419514825401999999e-13 1.228136600731999873e-13 6.617514645720000600e-14 3.526998854009999887e-14 1.644218178340000209e-14 1.347899345832000038e-12 1.068367553775999949e-12 7.669695595279999997e-13 4.653730797690999496e-13 2.483175471104000257e-13 1.260945472192000011e-13 6.797835235830000264e-14 3.618263595620000231e-14 1.682347481080000152e-14 1.450802667436999981e-12 1.145975473002999949e-12 8.196151633160000727e-13 4.948729449969999903e-13 2.632661991073999988e-13 1.337879893448000003e-13 7.219147085759999152e-14 3.829497396409999491e-14 1.769902852360000249e-14 1.499950598718999980e-12 1.183018777745999963e-12 8.447549885679999919e-13 5.089827575850000322e-13 2.704520619466000172e-13 1.374970542383000186e-13 7.423057765300000465e-14 3.931720806819999859e-14 1.811757294369999838e-14 1.551393317330000099e-12 1.221683795060999956e-12 8.709310487500000458e-13 5.236407515450000187e-13 2.779131705875000283e-13 1.413607116390999865e-13 7.634230874860000111e-14 4.037929225489999397e-14 1.855133888510000076e-14
1.658718575899999981e-12 1.975162655334075884e-09 1.091589609846000067e-12 6.498307977480000009e-13 3.490059549220000304e-13 1.822199017570000037e-13 9.792692741569999491e-14 5.088235971580000790e-14 2.263094211820000371e-14 1.581837618018000180e-12 1.428465812045000052e-12 1.006849720638000101e-12 5.922045906999999627e-13 3.174267399849999780e-13 1.666880116199999960e-13 8.969707379460000298e-14 4.597805993419999399e-14 2.000495323769999832e-14 1.897455315673999846e-12 1.718067397199000124e-12 1.192427070525000068e-12 6.912252319100001081e-13 3.699588718310000154e-13 1.955081425930000062e-13 1.047631055766999985e-13 5.258578052839999506e-14 2.217610032310000082e-14 2.214497814680000026e-12 2.010255936295999881e-12 1.378375750427000083e-12 7.907428356410000704e-13 4.232183792860000024e-13 2.245730188830000020e-13 1.197198459738000070e-13 5.898215585200000842e-14 2.424450011439999969e-14 2.341046841700000067e-12 2.128111759282999797e-12 1.452249470346999898e-12 8.305147900230000242e-13 4.447909557319999646e-13 2.362046478229999738e-13 1.254442040528999966e-13 6.129285763589999940e-14 2.494197530159999917e-14 7.516770510788000262e-13 6.115456965900999879e-13 4.522021843209000257e-13 2.856843220901999637e-13 1.570987998772000005e-13 7.987711714979999486e-14 4.280879746410000183e-14 2.349308482200000167e-14 1.159148332629999994e-14 8.381687696100000011e-13 6.785053884210000463e-13 4.989105415316999635e-13 3.128127468290999854e-13 1.710526693219000122e-13 8.694213238930000519e-14 4.669786683379999962e-14 2.553641940719999839e-14 1.250256158909999952e-14 9.196930837039999681e-13 7.416919717160000439e-13 5.430579608970000524e-13 3.385247062533000346e-13 1.843152066052999988e-13 9.369579649969999655e-14 5.043411522679999999e-14 2.750825055430000068e-14 1.338550559119999949e-14 9.469441329139999834e-13 7.627837290459999167e-13 5.577974226420000244e-13 3.471325269870999778e-13 1.887590597259999946e-13 9.597425730390000896e-14 5.169371264870000527e-14 2.817091081729999882e-14 1.367892229399999949e-14 9.402898878430000141e-13 7.569129705659999607e-13 5.531460023760000074e-13 3.439957973307000250e-13 1.869953669011000092e-13 9.505818430029999709e-14 5.115932138749999621e-14 2.785108046370000107e-14 1.351582269629999929e-14 1.036464657497999934e-12 8.308331449439999765e-13 6.043542239289999856e-13 3.735071004170000361e-13 2.021616158090999834e-13 1.028094521406000078e-13 5.543498400929999700e-14 3.008444695060000025e-14 1.449651255800000222e-14 1.068775153136000073e-12 8.556318776950000076e-13 6.215129904390000322e-13 3.833862739102000095e-13 2.072499499965000040e-13 1.054244214057000055e-13 5.688082935530000014e-14 3.083624585640000018e-14 1.482427645189999852e-14 1.146432966193000035e-12 9.148790863949999074e-13 6.622223249380000350e-13 4.065917532130000108e-13 2.191058114288999791e-13 1.114999053078000100e-13 6.022795246399999689e-14 3.256147310960000057e-14 1.557326956830000160e-14 1.183500373485999945e-12 9.431582570780001141e-13 6.816738557160000523e-13 4.177054163989999506e-13 2.248171709439000050e-13 1.144367914990000049e-13 6.185431214939999662e-14 3.340009792469999828e-14 1.593173038840000132e-14 1.222191339210999903e-12 9.726032788009999157e-13 7.018893859059999384e-13 4.292279644240000064e-13 2.307341572586999993e-13 1.174903937112999858e-13 6.353492030160000805e-14 3.426970884919999632e-14 1.630296969279999945e-14
1.131960549512000062e-12 1.091589609846000067e-12 5.111206635347300440e-10 6.277990956649999520e-13 3.332927982080000279e-13 1.736283055790000082e-13 9.335567406069999603e-14 4.850174325290000586e-14 2.160277392799999924e-14 1.065533653176999886e-12 1.006952730059000098e-12 8.925370114630001012e-13 5.573805374049999436e-13 2.950745550409999845e-13 1.550306696539999926e-13 8.351739582880000115e-14 4.281690914509999715e-14 1.868052116079999949e-14 1.254558533169999917e-12 1.192573768961000113e-12 1.064628738884999993e-12 6.561413260189999057e-13 3.458256997000000028e-13 1.827623500189999754e-13 9.798920844930000554e-14 4.913129160510000052e-14 2.074417319330000062e-14 1.443094440291999928e-12 1.378532845009000002e-12 1.238194176512000114e-12 7.556815079389999466e-13 3.974301848890000153e-13 2.108099441999999910e-13 1.123796099142000082e-13 5.525071282759999867e-14 2.271125007299999936e-14 1.517200541817000025e-12 1.452374107444000022e-12 1.308147462938000196e-12 7.957751932109999648e-13 4.184910774559999923e-13 2.221032324170000095e-13 1.179143686962000114e-13 5.747031455470000370e-14 2.337343206299999983e-14 5.501247930530999534e-13 4.523425508019000333e-13 3.396489052095000355e-13 2.190514750255000021e-13 1.231150541573999940e-13 6.343275065949999573e-14 3.418405111460000293e-14 1.916263798519999959e-14 9.835433160000000770e-15 6.097621342166999653e-13 4.990611597916999670e-13 3.727953306072999680e-13 2.387623917638000078e-13 1.334676359961000053e-13 6.869406912479999277e-14 3.710278621700000087e-14 2.074990745529999910e-14 1.058460968170000067e-14 6.660618578159999710e-13 5.432186481370000448e-13 4.041715375315000237e-13 2.574687041424000144e-13 1.433130126516000015e-13 7.374885839880000229e-14 3.992528871690000009e-14 2.229298004079999844e-14 1.131616108419999906e-14 6.848769107450000565e-13 5.579637067719999353e-13 4.146567784780000133e-13 2.637369067126000269e-13 1.466316374501000048e-13 7.545920451009999673e-14 4.088443071499999988e-14 2.281487707429999896e-14 1.155915304469999968e-14 6.795447672969999781e-13 5.533067152460000347e-13 4.109666589974000323e-13 2.612269517478000146e-13 1.451796024543999886e-13 7.468537191160000261e-14 4.042772030950000070e-14 2.253831164420000166e-14 1.141496818839999969e-14 7.453600259089999842e-13 6.045311397690000413e-13 4.470810631609999637e-13 2.825479202048000177e-13 1.563581604375000167e-13 8.043341017969999851e-14 4.363253205570000229e-14 2.427396843910000335e-14 1.222147589920000028e-14 7.674331997580000137e-13 6.216941862289999752e-13 4.591756883550000161e-13 2.896920743254999818e-13 1.601135309440999915e-13 8.237758449899999037e-14 4.471975606429999941e-14 2.485998324379999734e-14 1.249145046739999944e-14 8.201324347160000092e-13 6.624270595980000519e-13 4.876706752019999562e-13 3.063273718959999729e-13 1.687718487349999992e-13 8.683523034769999821e-14 4.720384773689999917e-14 2.619074265689999948e-14 1.310399863399999987e-14 8.452855564479999831e-13 6.818774656459999767e-13 5.013017944079999832e-13 3.143184564939999893e-13 1.729644154042999948e-13 8.900496218730000424e-14 4.841964478889999930e-14 2.684097434530000024e-14 1.339779601470000096e-14 8.714790935699999858e-13 7.020955403759999128e-13 5.154351602079999630e-13 3.225850873330000227e-13 1.772942542648000060e-13 9.125373661380000949e-14 4.967613440530000110e-14 2.751225976959999973e-14 1.370125477750000104e-14
6.751802286919999853e-13 6.498307977480000009e-13 6.277990956649999520e-13 1.331790983433440174e-10 3.256905589330000165e-13 1.651243005869000083e-13 8.844484043859999830e-14 4.590954887050000303e-14 2.044941820730000011e-14 6.296820347779999931e-13 5.930132462679999534e-13 5.579065536809999926e-13 4.949280758669999805e-13 2.789029144429999708e-13 1.430405355660000005e-13 7.698447699320000550e-14 3.943085344740000117e-14 1.721218032869999855e-14 7.321393379839999863e-13 6.921576159800001180e-13 6.567320748410000292e-13 5.898570272519998963e-13 3.301475230290000008e-13 1.698420809350000162e-13 9.088291544680001146e-14 4.545332472270000496e-14 1.916350455590000022e-14 8.348263576569999967e-13 7.917674718880000465e-13 7.563328306429999708e-13 6.860096237560000351e-13 3.821730112609999651e-13 1.970244906770000144e-13 1.047363792534000006e-13 5.130037010960000116e-14 2.102367011210000323e-14 8.755704668019999994e-13 8.315446811920000031e-13 7.964328465599999875e-13 7.251866372160000175e-13 4.035190173320000008e-13 2.080494345919999928e-13 1.100938806398000044e-13 5.342717889710000132e-14 2.165305768570000251e-14 3.438347528505999746e-13 2.869204243551999859e-13 2.198350548504999919e-13 1.466563030736000091e-13 8.578174989579999612e-14 4.570906191850000320e-14 2.516273851629999879e-14 1.459244143110000171e-14 7.919537332999999159e-15 3.781576583479999741e-13 3.142310718811000307e-13 2.396529809667999933e-13 1.589095547047000171e-13 9.248330751790000027e-14 4.921707071259999988e-14 2.715119057749999884e-14 1.573146902059999833e-14 8.502582934799999768e-15 4.106407019043999966e-13 3.401144472123000039e-13 2.584667871944000025e-13 1.705899919589000031e-13 9.890834918610000473e-14 5.261453103240000129e-14 2.909557586589999968e-14 1.685236371800000025e-14 9.075868784500000157e-15 4.215129174244999743e-13 3.487797213270999729e-13 2.647691732976000185e-13 1.745097049589999851e-13 1.010872807749000098e-13 5.377490430860000206e-14 2.976219825600000450e-14 1.723440291260000077e-14 9.267755612800001580e-15 4.179113947748999831e-13 3.456367833336999610e-13 2.622567216268000357e-13 1.727485767502000060e-13 1.000156757026000021e-13 5.316597055779999501e-14 2.939160932109999600e-14 1.700537103359999857e-14 9.144791200800001023e-15 4.554708854643999793e-13 3.753578291599999837e-13 2.837040504238000174e-13 1.859506845890000119e-13 1.072630798499999949e-13 5.698852900940000197e-14 3.157757047459999939e-14 1.825497580819999911e-14 9.773753207300000611e-15 4.680547704980999495e-13 3.853077507982000234e-13 2.908894221404999905e-13 1.903842469494999941e-13 1.097067300633000061e-13 5.829076660310000029e-14 3.232411367660000230e-14 1.867958096169999716e-14 9.984951036899999575e-15 4.978108124319999787e-13 4.086873228930000498e-13 3.076312464069999862e-13 2.005825805841999978e-13 1.152513222678999810e-13 6.121384298699999610e-14 3.399583504930000026e-14 1.962728037579999847e-14 1.045895122690000054e-14 5.120430389550000384e-13 4.198839156040000054e-13 3.156768053189999892e-13 2.055166689890000018e-13 1.179645915145000017e-13 6.265744791399999981e-14 3.482664148859999787e-14 2.009651078329999873e-14 1.068797774300000113e-14 5.268291094149999974e-13 4.314932063129999668e-13 3.239977900309999761e-13 2.106080123499999916e-13 1.207585913662999907e-13 6.415039550120000703e-14 3.568422686880000077e-14 2.057823543649999901e-14 1.092361586219999871e-14
3.631163754959999916e-13 3.490059549220000304e-13 3.332927982080000279e-13 3.256905589330000165e-13 3.416274284172200287e-11 1.648072110392000358e-13 8.470925123969999485e-14 4.372146378280000222e-14 1.941596338535999928e-14 3.371075901230000068e-13 3.174886779670000086e-13 2.951256193069999892e-13 2.787970040729999943e-13 2.584802204489999989e-13 1.381855381489999952e-13 7.183899847359999386e-14 3.660392150769999628e-14 1.590864548240000152e-14 3.915976376150000336e-13 3.700178356470000510e-13 3.458756602239999800e-13 3.300005875750000413e-13 3.099261215559999536e-13 1.653953777160000208e-13 8.540433504120001184e-14 4.242282967179999834e-14 1.776854908869999878e-14 4.466999639129999628e-13 4.232728689280000518e-13 3.974668664940000146e-13 3.820084799760000250e-13 3.622359008410000273e-13 1.930299091857999889e-13 9.895709236939999242e-14 4.807811597740000625e-14 1.954154221259999997e-14 4.688791838329999516e-13 4.448430043719999843e-13 4.185076620140000019e-13 4.033572766999999985e-13 3.837186435710000434e-13 2.043088364416000154e-13 1.042393694177999956e-13 5.014570337170000324e-14 2.014113705660000030e-14 1.856557824506000028e-13 1.571103389331999854e-13 1.231342100263999946e-13 8.558503809479999140e-14 5.340550680429999650e-14 3.059006106230000023e-14 1.774324724420000062e-14 1.080298832510000030e-14 6.232384606099999946e-15 2.029958393483000040e-13 1.710490520398999860e-13 1.334570008211000007e-13 9.225487390889999921e-14 5.736230253719999819e-14 3.282043715569999752e-14 1.906605778859999833e-14 1.160940354649999990e-14 6.680283811699999845e-15 2.194576293857999835e-13 1.843096223223000196e-13 1.433032671845999940e-13 9.865476038509999765e-14 6.119342717450000555e-14 3.500963343010000099e-14 2.038074588689999797e-14 1.241492196690000051e-14 7.125854049499999917e-15 2.249580928313000042e-13 1.887439594730000010e-13 1.466056367840999935e-13 1.008248756029000033e-13 6.250424515360000109e-14 3.576911981399999905e-14 2.083847924479999958e-14 1.269239656709999895e-14 7.275325580199998956e-15 2.229749702826999900e-13 1.869835862700999913e-13 1.451590056893999900e-13 9.975525885459999544e-14 6.178616213600000284e-14 3.531390705790000504e-14 2.054367683320000080e-14 1.250378847399999956e-14 7.170959821999999157e-15 2.419340624101999950e-13 2.021363377401000186e-13 1.563282808344999876e-13 1.069565410089999978e-13 6.608681739439999415e-14 3.776908255290000012e-14 2.201552567359999810e-14 1.339617199379999953e-14 7.658483998399999795e-15 2.482975377113999848e-13 2.072225340194999956e-13 1.600835416960999988e-13 1.093881408603000054e-13 6.755651413169998832e-14 3.861631953120000456e-14 2.252472451400000253e-14 1.370285534730000011e-14 7.822390100699999344e-15 2.632284578754000058e-13 2.190619612079000094e-13 1.687310662820000036e-13 1.149031385088999993e-13 7.081993129340000270e-14 4.046951825230000291e-14 2.363296769370000056e-14 1.437029397030000255e-14 8.186504696500000026e-15 2.703956991966000027e-13 2.247555485149000014e-13 1.729102677872999966e-13 1.175950907454999973e-13 7.244247738640000702e-14 4.140588073230000177e-14 2.419593974169999774e-14 1.470707817759999826e-14 8.363838021600001021e-15 2.778451932404999846e-13 2.306620724926999831e-13 1.772336098877999847e-13 1.203725945742999994e-13 7.411645496760001048e-14 4.237445779810000552e-14 2.477668550000000307e-14 1.505264832230000213e-14 8.546269929100001159e-15
1.893573759700000169e-13 1.822199017570000037e-13 1.736283055790000082e-13 1.651243005869000083e-13 1.648072110392000358e-13 8.781965490781598570e-12 8.580308875100000931e-14 4.247334053169999913e-14 1.869789910484000061e-14 1.765621722510000099e-13 1.667136921459999986e-13 1.550478814729999913e-13 1.429862999680000044e-13 1.382040216937999941e-13 1.352098040986000112e-13 7.105645442189998722e-14 3.489704454759999988e-14 1.499926254437000171e-14 2.064606557139999745e-13 1.955700255709999980e-13 1.828203599510000079e-13 1.698214408899999875e-13 1.654162278355000229e-13 1.629539193590999953e-13 8.500045650459999994e-14 4.067065683070000545e-14 1.681057618369999766e-14 2.365018986550000207e-13 2.246307858279999948e-13 2.108658818169999825e-13 1.969960627439999717e-13 1.930518966004999873e-13 1.910729793517999931e-13 9.898477225259999930e-14 4.629634793439999651e-14 1.853809898358000285e-14 2.484614100489999698e-13 2.362647335479999814e-13 2.221662125449999947e-13 2.080251286939999818e-13 2.043313527821000090e-13 2.025290133379000148e-13 1.044961110389999919e-13 4.836539092080000260e-14 1.912502962884999852e-14 9.408995727429999510e-14 7.993458518679999794e-14 6.349670506349999677e-14 4.567033365250000519e-14 3.061181125329999658e-14 1.984394663759999793e-14 1.270411727300000088e-14 8.218506028099999549e-15 5.016541981600000525e-15 1.028953237011000017e-13 8.698863907230000046e-14 6.875189173179999986e-14 4.915901829760000009e-14 3.284044854269999958e-14 2.129231798740000045e-14 1.363307618930000047e-14 8.817177115699998836e-15 5.373797850140000196e-15 1.112866440879999929e-13 9.373283191469999373e-14 7.379921070980000507e-14 5.253951466139999935e-14 3.502879316610000224e-14 2.274166300860000055e-14 1.457673244720000060e-14 9.427280903600000916e-15 5.733390745600000238e-15 1.141101359627000121e-13 9.600657462290000489e-14 7.550750917509999551e-14 5.369433334760000148e-14 3.578748956000000211e-14 2.325336480379999857e-14 1.491167734889999879e-14 9.640643697899999936e-15 5.855266322399999709e-15 1.130930126998000122e-13 9.508773183129999376e-14 7.472868944659999840e-14 5.308480295879999678e-14 3.533234617390000035e-14 2.291075475139999946e-14 1.466481561850000143e-14 9.477341661700001550e-15 5.762995051100000338e-15 1.227980948452000072e-13 1.028207845386000037e-13 8.046488485669999879e-14 5.688642119439999487e-14 3.778396633589999956e-14 2.452842359530000188e-14 1.571333009770000036e-14 1.014833090440000148e-14 6.154528536899999602e-15 1.260705733842000031e-13 1.054296301597000077e-13 8.240578664699999876e-14 5.818269103610000362e-14 3.863228399719999892e-14 2.509845608289999972e-14 1.608241981720000050e-14 1.038134616410000009e-14 6.286867959999999912e-15 1.337407810698000013e-13 1.114876947047999994e-13 8.685351592770000349e-14 6.109154031700000167e-14 4.048502881730000215e-14 2.630865558920000139e-14 1.686082988519999982e-14 1.087869314780000134e-14 6.577036833099999968e-15 1.374397346123000041e-13 1.144172770869999835e-13 8.901879382030000851e-14 6.252745194400000526e-14 4.142836730630000138e-14 2.693752111330000055e-14 1.726695680989999988e-14 1.113361943339999894e-14 6.720626024700000572e-15 1.412909966141000118e-13 1.174614898473000135e-13 9.126208292980000438e-14 6.401068632020000414e-14 4.239560838710000032e-14 2.758903995129999854e-14 1.768624738770000057e-14 1.139591049830000015e-14 6.867500433299999611e-15
1.017354653011999992e-13 9.792692741569999491e-14 9.335567406069999603e-14 8.844484043859999830e-14 8.470925123969999485e-14 8.580308875100000931e-14 2.366850082996499779e-12 4.361525060010999676e-14 1.846787065061999965e-14 9.506094665229998948e-14 8.976632057469999886e-14 8.357451294110000258e-14 7.697963394550000467e-14 7.186373625579999290e-14 7.106877797599998559e-14 7.122752972340000275e-14 3.536974187396000205e-14 1.460895586795999998e-14 1.107124018946000032e-13 1.048446789470000027e-13 9.804995271529999668e-14 9.087612049710000958e-14 8.543059580740001563e-14 8.501356558930000176e-14 8.541822355629999147e-14 4.153538452006999725e-14 1.644730718293000053e-14 1.262086689013000010e-13 1.198019966386000164e-13 1.124435712605000014e-13 1.047274307710000036e-13 9.898538321699999135e-14 9.899859628250000877e-14 9.968231310740000860e-14 4.758492408937999892e-14 1.820300695710999752e-14 1.321116733217000015e-13 1.255256910660999763e-13 1.179805661575000099e-13 1.100895265793000037e-13 1.042683304311000061e-13 1.045101659084999947e-13 1.053495050283000075e-13 4.985849738040999703e-14 1.880349181555999920e-14 5.052680351250000424e-14 4.290619425129999778e-14 3.426346633329999732e-14 2.515546712880000119e-14 1.777483821959999965e-14 1.271948411950000083e-14 9.399887522900000439e-15 6.567053336300000448e-15 4.203642186989999657e-15 5.537677661890000243e-14 4.680318099360000462e-14 3.718805603939999889e-14 2.713837012990000086e-14 1.909947792730000016e-14 1.365023295099999913e-14 1.008318472239999948e-14 7.034074179999999574e-15 4.499171895780000176e-15 6.001583813259999339e-14 5.054605855449999811e-14 4.001499040739999704e-14 2.907755831690000247e-14 2.041605674789999988e-14 1.459548383299999973e-14 1.079122025779999967e-14 7.519169975899999840e-15 4.800555248580000789e-15 6.157698446550000583e-14 5.180805817119999935e-14 4.097362510289999947e-14 2.974243355720000305e-14 2.087443437610000132e-14 1.493090443459999831e-14 1.104631870990000028e-14 7.691024441199999507e-15 4.903110614199999589e-15 6.098321511659999476e-14 5.127261021689999662e-14 4.051531351159999944e-14 2.937183192760000301e-14 2.057933079369999876e-14 1.468402074570000183e-14 1.083560213769999952e-14 7.543535823500000184e-15 4.819163420479999944e-15 6.636252688429999261e-14 5.558409904449999893e-14 4.375197156939999848e-14 3.157989896020000035e-14 2.205182671910000183e-14 1.573432007390000174e-14 1.161429751629999925e-14 8.071794521000000448e-15 5.145249513199999103e-15 6.817010228179999312e-14 5.703287242659999661e-14 4.484145307499999606e-14 3.232585052400000006e-14 2.256205989609999678e-14 1.610447763910000177e-14 1.189359580940000008e-14 8.258354647699999244e-15 5.256200427480000027e-15 7.239378986249999855e-14 6.038709274660000000e-14 4.733004561039999825e-14 3.399392125019999967e-14 2.367238968280000236e-14 1.688451028470000040e-14 1.246416075570000129e-14 8.643693793700001356e-15 5.496242221460000040e-15 7.443753855370000308e-14 6.201640393200000162e-14 4.854884977829999928e-14 3.482247282289999458e-14 2.424158840379999724e-14 1.729120404250000028e-14 1.277027216369999937e-14 8.846671175900000783e-15 5.615811563280000568e-15 7.655568576759999771e-14 6.370150314249999492e-14 4.980761520679999819e-14 3.567720339349999852e-14 2.482333123869999980e-14 1.771125258039999936e-14 1.308527351050000044e-14 9.054909962499999068e-15 5.738404213360000335e-15
5.284305429460000204e-14 5.088235971580000790e-14 4.850174325290000586e-14 4.590954887050000303e-14 4.372146378280000222e-14 4.247334053169999913e-14 4.361525060010999676e-14 6.778415735979900198e-13 1.958028355227000216e-14 4.872063753920000200e-14 4.603629752169999791e-14 4.285898457279999363e-14 3.943758315920000038e-14 3.662358574159999999e-14 3.490558076650000575e-14 3.537291451624000248e-14 3.573943193408000189e-14 1.540918753333999949e-14 5.560892239330000311e-14 5.265041825809999897e-14 4.917637123429999578e-14 4.545987497409999880e-14 4.244324961710000101e-14 4.068007647799999976e-14 4.153888036815000458e-14 4.224194287953999522e-14 1.756562253473000248e-14 6.226785176079999762e-14 5.905076583040000380e-14 5.529952955319999806e-14 5.130643762409999920e-14 4.810063795090000051e-14 4.630656400839999966e-14 4.758871546292999660e-14 4.869807205344000323e-14 1.964514775876000192e-14 6.466475618470000598e-14 6.136205330260000611e-14 5.751911848560000209e-14 5.343488300020000198e-14 5.016878013839999866e-14 4.837589766400000586e-14 4.986239169567999904e-14 5.118857755997000244e-14 2.038112827415999905e-14 2.735629160650000082e-14 2.357379609739999857e-14 1.921916823700000042e-14 1.460020520199999898e-14 1.082840949819999973e-14 8.230130424800001088e-15 6.571284071699999802e-15 5.241755180889999462e-15 3.600750815539999584e-15 2.984685692690000045e-14 2.562551486089999885e-14 2.081289616950000037e-14 1.574014504239999896e-14 1.163605584799999932e-14 8.830157696499999601e-15 7.038653148099999641e-15 5.605920947529999999e-15 3.848887951580000519e-15 3.224118204719999527e-14 2.760681649499999826e-14 2.236208033829999827e-14 1.686072889799999932e-14 1.244339354989999905e-14 9.441364439500000272e-15 7.524048402300000439e-15 5.990419026080000476e-15 4.105696837730000103e-15 3.304434094259999865e-14 2.827225370370000098e-14 2.288514075890000133e-14 1.724253363290000168e-14 1.272141234920000012e-14 9.655005720600001154e-15 7.696041255599999803e-15 6.128053428960000519e-15 4.194231305730000127e-15 3.268869869339999986e-14 2.795165738889999970e-14 2.260816625859999888e-14 1.701347022709999891e-14 1.253261144509999963e-14 9.491744350200000590e-15 7.548488401099999487e-15 5.999284667629999032e-15 4.115447596459999986e-15 3.541744784729999976e-14 3.019536599689999886e-14 2.435017312120000145e-14 1.826336529879999983e-14 1.342734739250000003e-14 1.016414876450000056e-14 8.077166494700001030e-15 6.413923731520000878e-15 4.391703737530000052e-15 3.633475811049999732e-14 3.095038685870000119e-14 2.493823375129999847e-14 1.868777044940000134e-14 1.373577698609999935e-14 1.039771446860000054e-14 8.263741525299999241e-15 6.562105807980000577e-15 4.486743592919999561e-15 3.845829308069999635e-14 3.268322138299999696e-14 2.627303128950000086e-14 1.963439694549999924e-14 1.440408705939999857e-14 1.089613878959999922e-14 8.649316265699999452e-15 6.860105147950000030e-15 4.687713896400000018e-15 3.948554459919999863e-14 3.352515597210000115e-14 2.692605665089999895e-14 2.010309774249999963e-14 1.474188570370000081e-14 1.115153569989999901e-14 8.852380435899999977e-15 7.020157937979999817e-15 4.789725896659999786e-15 4.055245452160000049e-14 3.439797344749999969e-14 2.759959140280000007e-14 2.058467982390000119e-14 1.508837891889999998e-14 1.141453849159999980e-14 9.060815270500000200e-15 7.184471046200000594e-15 4.894234054709999657e-15
2.344354616339999799e-14 2.263094211820000371e-14 2.160277392799999924e-14 2.044941820730000011e-14 1.941596338535999928e-14 1.869789910484000061e-14 1.846787065061999965e-14 1.958028355227000216e-14 2.325573666405780295e-13 2.110443071300000206e-14 2.001963743560000061e-14 1.868935110629999827e-14 1.720761887069999844e-14 1.591515597630000055e-14 1.500261655987999990e-14 1.461075588976999808e-14 1.540978925724000053e-14 1.625508279022300008e-14 2.337679273190000193e-14 2.219350687300000269e-14 2.075461248909999902e-14 1.915850516600000176e-14 1.777548668419999905e-14 1.681455600529999982e-14 1.644937474935999955e-14 1.756624396085999932e-14 1.884662408725999914e-14 2.554524956079999882e-14 2.426320697460000318e-14 2.272225224460000095e-14 2.101785539880000013e-14 1.954911137710000059e-14 1.854234712978000027e-14 1.820517650873000136e-14 1.964581078237999995e-14 2.138975901073000092e-14 2.627388785670000101e-14 2.496074981540000297e-14 2.338587664140000042e-14 2.164580654850000034e-14 2.014957673750000052e-14 1.912934533130000093e-14 1.880570193453999856e-14 2.038176748508999673e-14 2.233910866424000004e-14 1.308537640609999977e-14 1.161130306890000072e-14 9.846660329300000021e-15 7.911113003799999317e-15 6.242065927800000275e-15 5.021240421309999225e-15 4.206059377159999440e-15 3.601483071000000059e-15 2.954013917149999907e-15 1.414915481559999961e-14 1.252520853629999872e-14 1.059724171869999972e-14 8.493361378699999208e-15 6.691190775700000090e-15 5.379001644450000398e-15 4.501791994889999427e-15 3.849656064049999503e-15 3.154343203470000045e-15 1.517479079139999822e-14 1.341003769679999924e-14 1.132907995530000054e-14 9.066035095800000596e-15 7.137680218699999444e-15 5.738910787400000304e-15 4.803301281879999444e-15 4.106462045409999905e-15 3.364482798769999876e-15 1.551607176699999844e-14 1.370444012489999992e-14 1.157314339530000018e-14 9.257740164499999845e-15 7.287762971100000441e-15 5.860875579600000090e-15 4.905936401480000145e-15 4.194988953919999866e-15 3.437854417289999740e-15 1.533670981209999971e-14 1.354103351839999920e-14 1.142906782700000039e-14 9.134877957999999583e-15 7.183175588599999191e-15 5.768606417999999692e-15 4.821936014399999834e-15 4.116220195329999866e-15 3.368883777420000173e-15 1.648247785980000005e-14 1.452444643479999795e-14 1.223710252889999927e-14 9.763060293099999789e-15 7.671266412300000850e-15 6.160594194900000264e-15 5.148262702330000147e-15 4.392516989310000308e-15 3.593805603610000183e-15 1.686485148520000151e-14 1.485285424179999912e-14 1.250734190239999953e-14 9.973688532300000517e-15 7.835554826299999394e-15 6.293026055500000102e-15 5.259252048030000580e-15 4.487599615259999739e-15 3.672248527420000366e-15 1.774359663120000224e-14 1.560396213240000128e-14 1.312102654889999970e-14 1.044725455069999994e-14 8.200427971300001145e-15 6.583632067300000169e-15 5.499438642020000156e-15 4.688640046330000150e-15 3.834180509669999980e-15 1.816383945529999969e-14 1.596362014689999952e-14 1.341586489789999956e-14 1.067620272879999950e-14 8.378370017000001125e-15 6.727367306900000667e-15 5.619066309449999755e-15 4.790633793280000433e-15 3.918151616499999765e-15 1.859912646340000036e-14 1.633597916530000085e-14 1.372003606190000019e-14 1.091169656229999972e-14 8.561199667200000161e-15 6.874516232599999775e-15 5.741747213780000159e-15 4.895161452229999522e-15 4.004035095029999960e-15
2.025983037278000105e-12 1.581837618018000180e-12 1.065533653176999886e-12 6.296820347779999931e-13 3.371075901230000068e-13 1.765621722510000099e-13 9.506094665229998948e-14 4.872063753920000200e-14 2.110443071300000206e-14 1.982854676231690000e-09 1.876556165010000041e-12 1.247586238702000046e-12 7.271150017500001233e-13 3.893864312249999802e-13 2.058624281539999723e-13 1.114676936236000070e-13 5.664409570529999981e-14 2.416225061280000026e-14 2.856151934699999695e-12 2.161981582289999832e-12 1.405327292170000094e-12 8.078091726459999782e-13 4.337325438089999950e-13 2.313657438030000118e-13 1.245302426027999902e-13 6.161481950009999808e-14 2.533177773290000220e-14 3.454512426059999821e-12 2.583442452840000179e-12 1.652153020380000099e-12 9.406412958630000160e-13 5.059030527749999511e-13 2.714463155020000132e-13 1.452931932662999832e-13 7.043298013570000685e-14 2.813581110999999895e-14 3.685376625229999694e-12 2.743848754580000048e-12 1.745064226190000137e-12 9.908531416809999131e-13 5.334069262040000427e-13 2.866428292710000174e-13 1.529688051963000066e-13 7.357218214470000559e-14 2.908685695129999705e-14 2.023517351730000117e-12 1.585909383899999816e-12 1.100926601020000020e-12 6.568147963109999933e-13 3.516878563939999705e-13 1.841676741399999795e-13 1.017557165503999933e-13 5.436503090540000023e-14 2.489074045990000178e-14 1.999152428850000085e-12 1.560297497149999986e-12 1.086836719369999905e-12 6.473935704999999155e-13 3.465713772280000167e-13 1.816696589099999972e-13 1.007320321140000096e-13 5.396923033880000282e-14 2.481355038079999824e-14 2.276071935699999978e-12 1.763912396480000026e-12 1.218301603460000055e-12 7.202444747100000163e-13 3.847253818870000333e-13 2.023906229150000018e-13 1.122680549359999932e-13 5.972202500649999138e-14 2.715861341940000022e-14 2.376837458460000156e-12 1.837053424600000104e-12 1.264983924780000019e-12 7.461442661599999911e-13 3.984032035609999942e-13 2.097935250609999990e-13 1.163102536810000014e-13 6.168147911000000232e-14 2.793432334259999885e-14 1.854729749406999925e-12 1.449491160995000190e-12 1.025429309571999958e-12 6.128179633819999509e-13 3.274782102969999873e-13 1.713162674250000046e-13 9.571994026999999473e-14 5.197902492529999848e-14 2.432575541479999883e-14 2.090430021106000035e-12 1.624498675942000024e-12 1.142341395180999997e-12 6.775615664580000461e-13 3.608745025569999843e-13 1.893931584420000155e-13 1.060342871339999982e-13 5.733074494720000479e-14 2.661592955459999966e-14 2.170548064299999910e-12 1.683823501335000028e-12 1.181883151995999954e-12 6.994089662599999134e-13 3.721718334589999778e-13 1.955240587810000114e-13 1.095255235470000072e-13 5.912627038629999678e-14 2.737268825439999929e-14 2.368465860582999983e-12 1.829347737348999938e-12 1.278179603794999923e-12 7.521590846149999868e-13 3.992803938840000444e-13 2.102471640800000060e-13 1.178850922030000033e-13 6.339773011769999557e-14 2.916559793709999983e-14 2.463448420102000120e-12 1.899109169267000098e-12 1.324299367085999940e-12 7.773995641869999720e-13 4.123050696649999588e-13 2.173415331339999839e-13 1.219064180659999997e-13 6.544110047210000674e-14 3.001250244030000107e-14 2.563628065403000200e-12 1.972493010923000288e-12 1.372691672190000047e-12 8.038062427059999580e-13 4.259350555930000090e-13 2.247737700240000273e-13 1.261131091049999807e-13 6.756887866619999806e-14 3.088846222190000364e-14
1.581704658551000054e-12 1.428465812045000052e-12 1.006952730059000098e-12 5.930132462679999534e-13 3.174886779670000086e-13 1.667136921459999986e-13 8.976632057469999886e-14 4.603629752169999791e-14 2.001963743560000061e-14 1.876556165010000041e-12 5.024444813073200549e-10 1.161174491798999971e-12 6.742295794089999962e-13 3.614896605919999905e-13 1.917619455079999977e-13 1.038799357246999958e-13 5.288657900140000070e-14 2.269383155939999903e-14 2.162251157850000011e-12 1.926797009209999904e-12 1.311614974579999999e-12 7.489172688269999351e-13 4.024492735289999904e-13 2.155112678629999846e-13 1.159941610104999990e-13 5.742242065939999815e-14 2.371287702499999942e-14 2.583756103549999947e-12 2.311630804269999999e-12 1.552914329990000131e-12 8.764901447880001089e-13 4.715539990879999844e-13 2.539532986230000275e-13 1.358668380034999998e-13 6.583140046290000326e-14 2.638239456879999732e-14 2.744177619760000215e-12 2.459150605240000178e-12 1.644512533940000111e-12 9.250041190239998936e-13 4.980422245160000218e-13 2.686034764380000020e-13 1.432456678415000150e-13 6.883420154079999913e-14 2.728693088980000017e-14 1.586329466399999936e-12 1.338852475959999960e-12 9.541571169599999339e-13 5.734736469480000663e-13 3.095996836589999875e-13 1.628766995550000011e-13 9.029062405589999714e-14 4.884074401300000034e-14 2.283030723960000070e-14 1.560820366900000077e-12 1.286977766500000030e-12 9.156697266100001486e-13 5.513040686329999973e-13 2.983573314069999579e-13 1.571935973419999922e-13 8.756884979199998945e-14 4.769606988360000344e-14 2.251288533520000042e-14 1.764531050509999817e-12 1.453287010940000022e-12 1.026169499180000039e-12 6.128768583299999869e-13 3.308972212050000065e-13 1.749401330999999764e-13 9.751358324000001046e-14 5.274726716490000224e-14 2.463073304149999893e-14 1.837704776220000188e-12 1.513712163700000018e-12 1.065898237829999954e-12 6.349860605099999948e-13 3.426774831220000173e-13 1.813387697949999859e-13 1.010189835339999980e-13 5.447154579580000333e-14 2.533133128140000204e-14 1.450153250604999914e-12 1.146946520260999965e-12 8.220580082949999888e-13 5.006945551739999503e-13 2.716489250039999858e-13 1.428496896100000022e-13 8.044896194300000139e-14 4.479811269869999947e-14 2.174214139800000101e-14 1.625290159472000079e-12 1.278839233938000133e-12 9.114645661969999837e-13 5.512634496050000409e-13 2.980649841380000255e-13 1.572079231010000151e-13 8.879418913600000139e-14 4.930019277399999535e-14 2.376640516839999884e-14 1.684660081274999857e-12 1.323443305747000025e-12 9.416451344410000157e-13 5.683014831570000350e-13 3.069884525869999961e-13 1.620732433260000008e-13 9.161650594099999770e-14 5.080879633159999989e-14 2.443478754330000322e-14 1.830301582508999882e-12 1.432112102483000152e-12 1.014645630669000157e-12 6.091569909479999746e-13 3.282218626309999875e-13 1.736474322690000087e-13 9.831760964399999084e-14 5.437668832200000297e-14 2.601340207870000205e-14 1.900119933687000046e-12 1.484170443371000000e-12 1.049600377129999877e-12 6.287110810679999412e-13 3.384317340409999726e-13 1.792321507430000045e-13 1.015459673460000040e-13 5.608448941190000348e-14 2.675852596029999878e-14 1.973564984462999893e-12 1.538799086574999974e-12 1.086195846334999979e-12 6.491255768650000135e-13 3.490905861019999552e-13 1.850681285960000112e-13 1.049158638099999946e-13 5.785992460379999981e-14 2.752835277730000090e-14
1.065323165908000034e-12 1.006849720638000101e-12 8.925370114630001012e-13 5.579065536809999926e-13 2.951256193069999892e-13 1.550478814729999913e-13 8.357451294110000258e-14 4.285898457279999363e-14 1.868935110629999827e-14 1.247586238702000046e-12 1.161174491798999971e-12 1.285719382583979844e-10 6.232702040680000801e-13 3.300637230860000272e-13 1.755851460510000115e-13 9.528423775449999191e-14 4.856127968900000063e-14 2.094222828949999927e-14 1.405674768019999916e-12 1.311765592839999801e-12 1.151234348524000018e-12 6.950881685260000282e-13 3.677034762099999666e-13 1.975380800450000104e-13 1.064322716798999995e-13 5.264229998149999959e-14 2.180082452920000106e-14 1.652538824690000002e-12 1.553075017229999921e-12 1.375061962081000225e-12 8.216819497449999711e-13 4.339927887730000093e-13 2.343327161549999980e-13 1.254001884661000106e-13 6.062450157499999628e-14 2.431412461229999961e-14 1.745465387930000225e-12 1.644678818069999921e-12 1.460972515282000069e-12 8.702020056550000742e-13 4.595794234450000270e-13 2.484351908269999897e-13 1.324799715051000074e-13 6.348735235650000053e-14 2.516831583409999754e-14 1.101405553689999908e-12 9.543430351600000412e-13 7.703305848300000707e-13 4.827174840149999799e-13 2.621665055319999938e-13 1.392626675930000055e-13 7.775469520039999386e-14 4.268196928679999970e-14 2.043379409589999910e-14 1.087401636549999957e-12 9.158805859999999132e-13 7.148414171700000325e-13 4.459092080609999824e-13 2.443469013839999799e-13 1.304096605500000152e-13 7.336106009660000726e-14 4.077689150510000347e-14 1.986043039579999872e-14 1.218933907199999940e-12 1.026390566980000053e-12 8.019651652300000539e-13 4.966135625280000213e-13 2.712665174490000171e-13 1.452436006640000044e-13 8.174342335099999591e-14 4.511812375329999419e-14 2.173919807699999656e-14 1.265638627310000069e-12 1.066122392330000160e-12 8.338843383900000493e-13 5.151475355020000324e-13 2.811572649499999934e-13 1.506581158130000020e-13 8.472530300799999842e-14 4.660669065539999657e-14 2.236091329619999875e-14 1.026081495942000007e-12 8.222762395949999487e-13 6.011964575790000275e-13 3.760031769000000189e-13 2.095507758869999918e-13 1.121735731659999976e-13 6.420426460400000688e-14 3.697457043040000133e-14 1.879269268840000154e-14 1.143076362230999828e-12 9.116911943570001263e-13 6.632065267560000045e-13 4.122089705669999867e-13 2.290083631589999755e-13 1.229562693389999833e-13 7.064881314500000525e-14 4.062977129279999679e-14 2.053855862999999926e-14 1.182660063016000120e-12 9.418879921109999706e-13 6.841251663739999987e-13 4.244038535439999906e-13 2.355834918269999956e-13 1.266075318700000069e-13 7.282782224600000483e-14 4.185332073050000502e-14 2.111429305310000211e-14 1.279025329685000115e-12 1.014891748958999995e-12 7.343092868290000344e-13 4.533909157340000018e-13 2.510767412180000085e-13 1.352032797930000052e-13 7.795079054899999237e-14 4.472994242780000105e-14 2.247114158139999840e-14 1.325178186185999946e-12 1.049847970719999951e-12 7.583457434800000101e-13 4.672934914909999570e-13 2.585444266489999565e-13 1.393638852050000086e-13 8.042735146500000056e-14 4.610821828849999908e-14 2.311063958569999695e-14 1.373611690780000144e-12 1.086450877675000097e-12 7.834646403560000256e-13 4.817911735060000167e-13 2.663232146729999924e-13 1.437007497399999904e-13 8.300663565500000491e-14 4.753950221489999836e-14 2.377109268960000314e-14
6.285878525939999513e-13 5.922045906999999627e-13 5.573805374049999436e-13 4.949280758669999805e-13 2.787970040729999943e-13 1.429862999680000044e-13 7.697963394550000467e-14 3.943758315920000038e-14 1.720761887069999844e-14 7.271150017500001233e-13 6.742295794089999962e-13 6.232702040680000801e-13 3.313095516064199852e-11 3.053472460869999831e-13 1.590487093810000139e-13 8.638000532539999830e-14 4.401116345550000490e-14 1.903045564810000050e-14 8.097578222679999811e-13 7.503355938789999803e-13 6.959787577290000641e-13 6.139301849800000168e-13 3.412381848589999968e-13 1.792872643729999914e-13 9.661332587949999350e-14 4.764930723349999687e-14 1.972381987669999951e-14 9.428367662820000157e-13 8.780798857470000781e-13 8.226800327969999087e-13 7.360635056660000876e-13 4.074961887619999870e-13 2.146561472059999908e-13 1.147384976207999944e-13 5.521719204859999538e-14 2.208018904469999830e-14 9.931314984399998552e-13 9.266513133639998887e-13 8.712342722399999649e-13 7.833307889370000368e-13 4.332199467080000048e-13 2.282999945820000029e-13 1.215432776813999902e-13 5.794340894550000012e-14 2.288378343730000033e-14 6.595876992710000359e-13 5.754625652670000481e-13 4.839612014940000412e-13 3.761396012260000318e-13 2.156651308399999781e-13 1.150528983850000133e-13 6.503767791629999757e-14 3.632739281179999984e-14 1.786317505919999900e-14 6.506795846000000661e-13 5.536397778649999526e-13 4.473674140359999915e-13 3.293783383689999902e-13 1.899186881059999810e-13 1.030424038589999909e-13 5.907435145519999290e-14 3.369552886920000323e-14 1.703380241410000001e-14 7.240063339300001213e-13 6.155331283600000651e-13 4.982699906220000071e-13 3.688346129369999533e-13 2.119014209060000173e-13 1.151824300980000001e-13 6.600549562389999045e-14 3.735908345210000196e-14 1.867118565190000026e-14 7.500648909000000243e-13 6.377477963599999196e-13 5.168677129490000283e-13 3.836423756770000016e-13 2.201677449749999813e-13 1.196976558799999966e-13 6.849983510879999554e-14 3.862100824109999901e-14 1.921315941629999948e-14 6.167602836219999309e-13 5.034646617140000199e-13 3.777272510319999782e-13 2.467435598150000079e-13 1.447732406549999897e-13 8.097149601900000199e-14 4.802279604749999882e-14 2.903517942289999971e-14 1.566949013379999950e-14 6.821342457279999500e-13 5.544564614450000131e-13 4.141937182330000014e-13 2.692448144480000160e-13 1.576552411240000223e-13 8.846250663800000336e-14 5.272240514099999876e-14 3.188853122649999898e-14 1.713545969280000048e-14 7.041950235700000294e-13 5.716360918869999769e-13 4.264760115039999596e-13 2.768320742109999817e-13 1.620165376099999973e-13 9.100678023899999654e-14 5.431501691800000110e-14 3.284293263120000191e-14 1.761882280749999930e-14 7.574866403350000051e-13 6.128490583579999364e-13 4.556850443840000289e-13 2.946467269919999926e-13 1.721756064530000052e-13 9.692913014699999088e-14 5.801046018799999573e-14 3.507036719939999798e-14 1.875534869430000190e-14 7.829895853270000074e-13 6.325763160080000830e-13 4.696950411909999221e-13 3.032421996380000217e-13 1.771026110639999832e-13 9.980743321000000572e-14 5.980746355999999557e-14 3.614062192280000143e-14 1.929017310860000014e-14 8.096748659760000413e-13 6.531737580750000230e-13 4.842970497159999563e-13 3.121820423849999797e-13 1.822251162059999994e-13 1.028018821730000017e-13 6.167463579699998942e-14 3.724986976249999844e-14 1.984218903299999943e-14
3.370354935329999599e-13 3.174267399849999780e-13 2.950745550409999845e-13 2.789029144429999708e-13 2.584802204489999989e-13 1.382040216937999941e-13 7.186373625579999290e-14 3.662358574159999999e-14 1.591515597630000055e-14 3.893864312249999802e-13 3.614896605919999905e-13 3.300637230860000272e-13 3.053472460869999831e-13 8.484752324740000634e-12 1.507217982500000222e-13 7.948177012719999910e-14 4.030563256079999773e-14 1.735929241029999835e-14 4.337393431800000105e-13 4.024456562469999389e-13 3.676928410350000126e-13 3.410097512499999957e-13 3.152783839100000167e-13 1.701492865069999968e-13 8.911500905720000039e-14 4.363326147219999490e-14 1.792088706090000089e-14 5.059074883079999337e-13 4.715484148050000051e-13 4.339830433059999765e-13 4.072425999610000052e-13 3.817518124210000108e-13 2.057805481689999915e-13 1.067641130493999990e-13 5.091851333330000094e-14 2.015462781180000022e-14 5.334019294449999494e-13 4.980271242630000534e-13 4.595534227790000157e-13 4.329575415359999983e-13 4.076348107849999859e-13 2.195920517910000101e-13 1.134253808706999998e-13 5.355359933150000014e-14 2.091773516070000190e-14 3.516654859949999823e-13 3.095681229500000052e-13 2.621323390839999832e-13 2.153329439590000108e-13 1.744283300229999833e-13 9.798443627600000091e-14 5.520796241619999689e-14 3.125157829239999649e-14 1.565648968490000062e-14 3.464978991520000100e-13 2.982785256169999704e-13 2.442789417690000157e-13 1.895197981730000064e-13 1.438633631049999982e-13 8.270755122899999817e-14 4.809539009279999544e-14 2.809028376540000166e-14 1.462519265559999974e-14 3.846252176920000139e-13 3.307948435940000335e-13 2.711780222300000097e-13 2.114456476950000184e-13 1.623176228349999993e-13 9.325692857899999496e-14 5.406273445279999905e-14 3.127029249480000235e-14 1.607472219679999818e-14 3.982919763209999574e-13 3.425655365409999700e-13 2.810578337480000016e-13 2.196991636240000008e-13 1.694348429989999856e-13 9.726578127199999192e-14 5.623884180430000096e-14 3.237240947050000084e-14 1.655447101150000086e-14 3.273589651939999644e-13 2.715311299759999898e-13 2.094491377189999931e-13 1.443029394189999819e-13 9.227851160999999410e-14 5.644318469000000295e-14 3.565838504989999935e-14 2.280324862550000151e-14 1.302808887239999971e-14 3.607069037489999967e-13 2.979046235930000254e-13 2.288815391859999840e-13 1.571114785599999852e-13 1.005205923919999954e-13 6.173409311700000684e-14 3.918736097250000281e-14 2.508740475069999938e-14 1.427935902470000049e-14 3.719840187670000093e-13 3.068102151639999920e-13 2.354435914870000062e-13 1.614463181249999988e-13 1.033306617470000085e-13 6.354199679300000813e-14 4.038863912319999617e-14 2.585316052059999865e-14 1.469085796479999953e-14 3.990455199860000286e-13 3.280027257089999833e-13 2.509124089570000149e-13 1.715361775110000065e-13 1.097888572999999927e-13 6.768195727899999842e-14 4.314420376289999799e-14 2.762924373630000115e-14 1.565849246869999954e-14 4.120453154990000243e-13 3.381910338210000127e-13 2.583670569969999882e-13 1.764066792119999953e-13 1.129553011239999975e-13 6.971789675699999207e-14 4.449329995470000391e-14 2.848441687780000150e-14 1.611324482429999858e-14 4.256475047719999854e-13 3.488258241570000148e-13 2.661312364129999632e-13 1.814952564080000011e-13 1.162462368360000074e-13 7.183519344399999873e-14 4.589444529969999795e-14 2.936966569410000104e-14 1.658197088789999919e-14
1.765383606359999984e-13 1.666880116199999960e-13 1.550306696539999926e-13 1.430405355660000005e-13 1.381855381489999952e-13 1.352098040986000112e-13 7.106877797599998559e-14 3.490558076650000575e-14 1.500261655987999990e-14 2.058624281539999723e-13 1.917619455079999977e-13 1.755851460510000115e-13 1.590487093810000139e-13 1.507217982500000222e-13 2.218034220763100130e-12 7.759612884209998714e-14 3.808043192629999924e-14 1.621053516209999764e-14 2.313977615359999825e-13 2.155577745459999925e-13 1.975959026520000049e-13 1.792292119579999853e-13 1.701692978939999989e-13 1.647303181646999970e-13 8.715030724360000898e-14 4.129300382379999225e-14 1.669575115683999890e-14 2.714647386299999993e-13 2.539903340379999868e-13 2.343830684659999881e-13 2.145811308349999952e-13 2.057997079050000117e-13 2.007148919246000060e-13 1.052561075488999931e-13 4.852188327619999992e-14 1.886493233029999890e-14 2.866548875180000030e-13 2.686357937569999853e-13 2.484834954920000263e-13 2.282194236209999834e-13 2.196104215370000132e-13 2.146624745283000094e-13 1.121375884124000046e-13 5.114999951870000316e-14 1.960857582819999965e-14 1.841379239819999926e-13 1.628764885129999927e-13 1.392862184430000173e-13 1.149373381540000124e-13 9.800028980799999977e-14 8.655312241679999889e-14 5.003144445129999810e-14 2.799257056009999946e-14 1.411637930700000079e-14 1.815901889210000073e-13 1.571556084380000022e-13 1.304093946239999996e-13 1.028931265219999985e-13 8.272796614799999132e-14 6.900958208539999932e-14 4.171784037440000128e-14 2.446209955100000084e-14 1.294192682560000034e-14 2.022658815660000089e-13 1.748685000749999810e-13 1.452229983800000174e-13 1.150003832760000172e-13 9.327739150099999855e-14 7.863769027199999039e-14 4.725938798380000464e-14 2.736566247189999771e-14 1.426924634369999939e-14 2.096536007370000063e-13 1.812556738570000014e-13 1.506323136369999976e-13 1.195043363000000133e-13 9.728511080199998753e-14 8.234132491600000875e-14 4.931254949480000431e-14 2.837801919900000021e-14 1.470846898869999898e-14 1.711682405050000047e-13 1.427609905510000063e-13 1.121439915820000021e-13 8.077532540399999166e-14 5.646194095000000553e-14 3.980036064000000277e-14 2.768207396950000325e-14 1.870828328339999973e-14 1.117476804919999989e-14 1.891781222690000087e-13 1.570689810469999860e-13 1.228954029070000012e-13 8.822362996300000468e-14 6.175024928999999965e-14 4.375561093900000134e-14 3.053141099549999846e-14 2.064194233339999985e-14 1.228112385370000097e-14 1.952848498459999874e-13 1.619157056160000141e-13 1.265373068590000069e-13 9.075132594099998785e-14 6.355780322799999354e-14 4.511407225799999644e-14 3.150427356409999924e-14 2.129121297319999628e-14 1.264481769679999901e-14 2.099527693870000181e-13 1.734493131920000094e-13 1.351097409870000083e-13 9.662108721300000102e-14 6.769517040200001150e-14 4.819514601699999879e-14 3.371231828809999993e-14 2.278563350260000074e-14 1.349945833969999833e-14 2.170151317109999982e-13 1.790097482309999871e-13 1.392562364469999923e-13 9.947836457700000331e-14 6.973031679500000042e-14 4.972227470800000805e-14 3.480083698960000003e-14 2.350856273729999638e-14 1.390078403880000087e-14 2.244143129750000005e-13 1.848210518430000206e-13 1.435793886440000060e-13 1.024118967659999957e-13 7.184736319599999503e-14 5.131204982300000456e-14 3.593094813719999913e-14 2.425625081349999944e-14 1.431440672089999841e-14
9.497485894869999729e-14 8.969707379460000298e-14 8.351739582880000115e-14 7.698447699320000550e-14 7.183899847359999386e-14 7.105645442189998722e-14 7.122752972340000275e-14 3.537291451624000248e-14 1.461075588976999808e-14 1.114676936236000070e-13 1.038799357246999958e-13 9.528423775449999191e-14 8.638000532539999830e-14 7.948177012719999910e-14 7.759612884209998714e-14 6.232012320692000302e-13 3.832213684849999648e-14 1.568409681919000075e-14 1.246646654217999960e-13 1.160994751703000040e-13 1.065175415023000038e-13 9.660050543189999868e-14 8.914842919589998960e-14 8.716746400530000764e-14 8.602385720099999365e-14 4.180927588369999587e-14 1.616923212027999973e-14 1.454378473589999951e-13 1.359787813312000106e-13 1.254898901566000075e-13 1.147204800718000035e-13 1.067994239104000041e-13 1.052748589347000048e-13 1.043108852849999938e-13 4.958300894330000045e-14 1.837268885407999982e-14 1.531172423642999920e-13 1.433600133640000091e-13 1.325691658930000133e-13 1.215235129825999888e-13 1.134613360019999984e-13 1.121568154981000010e-13 1.112952982648000109e-13 5.244574576089999787e-14 1.913232558150000070e-14 1.019516408684000008e-13 9.044550631289999644e-14 7.787788121359999497e-14 6.503637186369999728e-14 5.524586234730000041e-14 5.005405710149999417e-14 4.672601407729999873e-14 2.657547350630000064e-14 1.318124580936000043e-14 1.009475258360000008e-13 8.773592374200000113e-14 7.349364210969999308e-14 5.906346184900000477e-14 4.814187902269999617e-14 4.174352330620000547e-14 3.741373678380000076e-14 2.253726002029999957e-14 1.187264859393999933e-14 1.125005874050000042e-13 9.769119199700000435e-14 8.188241444099999918e-14 6.598601360229999308e-14 5.411167650979999414e-14 4.728808281490000254e-14 4.263393645280000199e-14 2.535355703290000009e-14 1.312948374382999999e-14 1.165474570400000092e-13 1.011991566869999928e-13 8.486447249400000302e-14 6.847709904819999507e-14 5.628910757900000100e-14 4.934213503999999531e-14 4.459136212689999919e-14 2.635120629710000213e-14 1.354663657888999953e-14 9.595553881799999843e-14 8.062742206999999820e-14 6.434295950600000731e-14 4.799905016880000018e-14 3.570833430960000195e-14 2.771169456970000135e-14 2.212621332930000078e-14 1.601968692999999877e-14 9.926202960049998508e-15 1.062888279169999970e-13 8.898318698300000055e-14 7.079340070600000389e-14 5.268536155399999611e-14 3.924350422089999762e-14 3.056478759140000314e-14 2.447663361779999990e-14 1.771428220479999771e-14 1.093358690191000107e-14 1.097875233200000026e-13 9.181002931800000722e-14 7.297535355500000295e-14 5.427264089500000367e-14 4.044674641579999984e-14 3.153918198030000331e-14 2.527986682590000046e-14 1.828437697329999890e-14 1.126469425276999954e-14 1.181625063480000072e-13 9.851932407599999687e-14 7.810403029500001019e-14 5.795529724300000110e-14 4.320448522430000364e-14 3.374972223690000470e-14 2.708832150930000159e-14 1.958639096580000018e-14 1.204097742157000117e-14 1.221909814469999931e-13 1.017513192040000023e-13 8.058302309899999958e-14 5.974668486399999643e-14 4.455537285939999706e-14 3.483966797290000528e-14 2.798357630019999922e-14 2.021858683620000024e-14 1.240545709908000040e-14 1.264049578199999906e-13 1.051248601400000095e-13 8.316480416899999615e-14 6.160785196800000001e-14 4.595836160800000145e-14 3.597143638880000262e-14 2.891152074470000245e-14 2.087204242059999991e-14 1.278110019524999961e-14
4.864603088500000354e-14 4.597805993419999399e-14 4.281690914509999715e-14 3.943085344740000117e-14 3.660392150769999628e-14 3.489704454759999988e-14 3.536974187396000205e-14 3.573943193408000189e-14 1.540978925724000053e-14 5.664409570529999981e-14 5.288657900140000070e-14 4.856127968900000063e-14 4.401116345550000490e-14 4.030563256079999773e-14 3.808043192629999924e-14 3.832213684849999648e-14 1.896276461376900069e-13 1.649639579794000134e-14 6.173166124760000263e-14 5.751151611310000177e-14 5.270528869570000401e-14 4.765798325529999434e-14 4.365991377369999273e-14 4.130598440459999932e-14 4.181385485179999673e-14 4.208306137503000282e-14 1.724147546437999901e-14 7.056277137029999664e-14 6.592996640359999138e-14 6.069360187249999611e-14 5.522555722859999445e-14 5.094698491629999633e-14 4.853596681210000401e-14 4.958788736970000578e-14 5.033279572667999854e-14 1.987064276973000217e-14 7.370592236109999195e-14 6.893554442720000129e-14 6.355761604110000290e-14 5.795153966579999472e-14 5.358261511360000289e-14 5.116436154140000122e-14 5.245076257530000289e-14 5.342149720705999876e-14 2.079972064493000217e-14 5.452182013299999670e-14 4.895817586769999937e-14 4.276165868489999707e-14 3.633524003530000295e-14 3.128418258039999802e-14 2.800940198820000002e-14 2.658097048790000101e-14 2.511983910354000239e-14 1.297082200251999964e-14 5.414582749229999670e-14 4.782651190869999652e-14 4.086586454109999727e-14 3.370150586800000370e-14 2.812670953500000230e-14 2.448124753369999866e-14 2.254327031089999950e-14 2.062350667199000215e-14 1.138214648204000023e-14 5.991880521459999699e-14 5.289105922010000012e-14 4.521597571779999388e-14 3.736307126959999909e-14 3.131030471339999515e-14 2.738706027759999768e-14 2.536014904439999820e-14 2.332245339459000013e-14 1.265314175365000027e-14 6.188602237840000245e-14 5.462080310950000165e-14 4.670781614490000247e-14 3.862493333469999902e-14 3.241336949709999591e-14 2.840003850260000051e-14 2.635801221239999938e-14 2.429941956424999918e-14 1.308220138211000177e-14 5.218303750609999994e-14 4.494662436650000152e-14 3.707587104569999662e-14 2.903895118790000458e-14 2.284403254419999969e-14 1.873033782800000111e-14 1.602647566219999663e-14 1.343048030939999990e-14 8.984569180390001120e-15 5.756037046520000314e-14 4.946532158870000240e-14 4.074007707869999872e-14 3.188821901610000331e-14 2.513188695489999885e-14 2.066688627550000048e-14 1.772195641529999867e-14 1.486839507063000096e-14 9.915433730980000715e-15 5.936410091379999408e-14 5.097922068380000213e-14 4.196708694750000423e-14 3.284301243819999843e-14 2.589905395309999965e-14 2.131721486050000277e-14 1.829235844829999842e-14 1.535234620886999873e-14 1.022232003660000162e-14 6.365684209919999488e-14 5.456093942099999909e-14 4.485233962260000143e-14 3.506948780709999410e-14 2.767642926849999922e-14 2.281400541240000139e-14 1.959494817419999857e-14 1.645247178690000084e-14 1.093717882327000060e-14 6.571049530749999802e-14 5.627542286069999882e-14 4.623502768999999787e-14 3.613900869200000038e-14 2.853317690379999829e-14 2.353796705099999627e-14 2.022742752379999846e-14 1.698721895829999937e-14 1.127444625493999993e-14 6.784936167980000545e-14 5.805815671050000500e-14 4.767065334869999929e-14 3.724754253839999733e-14 2.942041303450000240e-14 2.428688733199999924e-14 2.088117422379999828e-14 1.753969879409999967e-14 1.162186229037000048e-14
2.108382581599999799e-14 2.000495323769999832e-14 1.868052116079999949e-14 1.721218032869999855e-14 1.590864548240000152e-14 1.499926254437000171e-14 1.460895586795999998e-14 1.540918753333999949e-14 1.625508279022300008e-14 2.416225061280000026e-14 2.269383155939999903e-14 2.094222828949999927e-14 1.903045564810000050e-14 1.735929241029999835e-14 1.621053516209999764e-14 1.568409681919000075e-14 1.649639579794000134e-14 6.804169004265000293e-14 2.536411664329999673e-14 2.373552397219999862e-14 2.181345656620000169e-14 1.971459832060000210e-14 1.793179402490000114e-14 1.670095495114999910e-14 1.617185221938999898e-14 1.724224357684999721e-14 1.853914379436999936e-14 2.817117549650000203e-14 2.640692667439999865e-14 2.432704348340000109e-14 2.207035535599999874e-14 2.016645398099999975e-14 1.887045237209999975e-14 1.837543488738000005e-14 1.987140797740999961e-14 2.177487526026999968e-14 2.912353285990000204e-14 2.731244872070000060e-14 2.518230618469999961e-14 2.287376798900000175e-14 2.093017255160000023e-14 1.961418508540000082e-14 1.913515136877999967e-14 2.080047829311999954e-14 2.295905529638999938e-14 2.493390225789999737e-14 2.286008033320000128e-14 2.045033854489999963e-14 1.785178245799999966e-14 1.567012363330000006e-14 1.412273901889999952e-14 1.318438048389999952e-14 1.297171268131999920e-14 1.248076734266999908e-14 2.486298055179999980e-14 2.254703043520000285e-14 1.987994973530000062e-14 1.702202990549999842e-14 1.464026180169999984e-14 1.294908077970000018e-14 1.187602897183999993e-14 1.138311017411999929e-14 1.057277329621999964e-14 2.721402049180000261e-14 2.466895038089999896e-14 2.176061669350000030e-14 1.865870456660000084e-14 1.609117687569999835e-14 1.427731199829999972e-14 1.313321474892000071e-14 1.265415517667000019e-14 1.183867139919999968e-14 2.799202905010000387e-14 2.537111706429999965e-14 2.238337239820000268e-14 1.920061890230000147e-14 1.657124813999999839e-14 1.471681554540000060e-14 1.355044016102999924e-14 1.308321800896999929e-14 1.228085606515000077e-14 2.438324558599999910e-14 2.178181756739999872e-14 1.881536489960000061e-14 1.565704458150000172e-14 1.304475926409999916e-14 1.118309242970000054e-14 9.929980895009999130e-15 8.985565482900000811e-15 7.627602220419999731e-15 2.668154315339999790e-14 2.381177193719999939e-14 2.056329727400000203e-14 1.712220370489999823e-14 1.429671878609999982e-14 1.229029002110000221e-14 1.093763548403000006e-14 9.916545387879998464e-15 8.425925774350001494e-15 2.744092505849999842e-14 2.448195703740000091e-14 2.114021271489999997e-14 1.760539447310000039e-14 1.470861808239999957e-14 1.265412645130000041e-14 1.126883373465999923e-14 1.022344856702000098e-14 8.690275625769999711e-15 2.924000385380000090e-14 2.606482425449999926e-14 2.249948619000000137e-14 1.874163762259999977e-14 1.567743267360000060e-14 1.350953046260000031e-14 1.204540113872999966e-14 1.093836087961999974e-14 9.301178834870000867e-15 3.008946737670000461e-14 2.681160257119999785e-14 2.314010663819999873e-14 1.927615297929999887e-14 1.613264302720000017e-14 1.391081969170000152e-14 1.240998353857000098e-14 1.127568826589999832e-14 9.591693857720000646e-15 3.096837537569999984e-14 2.758342226120000262e-14 2.380150507069999631e-14 1.982786011130000282e-14 1.660207995699999766e-14 1.432473234119999857e-14 1.278567926421000083e-14 1.162314076365000067e-14 9.890998919300000518e-15
2.464388058199999991e-12 1.897455315673999846e-12 1.254558533169999917e-12 7.321393379839999863e-13 3.915976376150000336e-13 2.064606557139999745e-13 1.107124018946000032e-13 5.560892239330000311e-14 2.337679273190000193e-14 2.856151934699999695e-12 2.162251157850000011e-12 1.405674768019999916e-12 8.097578222679999811e-13 4.337393431800000105e-13 2.313977615359999825e-13 1.246646654217999960e-13 6.173166124760000263e-14 2.536411664329999673e-14 1.443106522290209999e-09 3.029786134789999954e-12 1.907195244029999903e-12 1.080175873408000024e-12 5.843811393180000375e-13 3.154545725580000102e-13 1.673930963886999949e-13 7.938601603629999708e-14 3.087667965569999958e-14 5.211528730829999835e-12 3.754833833999999970e-12 2.307780829369999780e-12 1.294450559717000028e-12 7.063996108810000166e-13 3.840345346760000114e-13 2.004591393812999659e-13 9.131923568160000673e-14 3.374067412350000082e-14 5.743618848720000464e-12 4.107741345300000145e-12 2.504039835170000042e-12 1.401805872056000085e-12 7.674528840979999880e-13 4.176274913560000394e-13 2.162887735257999946e-13 9.700616180400000264e-14 3.517662512439999784e-14 1.605024649122999950e-12 1.264476700905000005e-12 9.022681961399999634e-13 5.452912706419999735e-13 2.932007371529999790e-13 1.532196417670000021e-13 8.569934493600000647e-14 4.697644441179999773e-14 2.227384771640000255e-14 2.074993019290000056e-12 1.618124933950000111e-12 1.134493150579999968e-12 6.760399400690000108e-13 3.625016840249999942e-13 1.914923373869999907e-13 1.075895881330000023e-13 5.835447335730000165e-14 2.706794703959999912e-14 2.100183076932000077e-12 1.632974650972999990e-12 1.150462170185000002e-12 6.852727447059999937e-13 3.678560869849999688e-13 1.953666156879999917e-13 1.106915137470000125e-13 6.043238705820000596e-14 2.816734883579999949e-14 2.181751680162000242e-12 1.693544120895999966e-12 1.191205349968999985e-12 7.082376671229999411e-13 3.801474225349999860e-13 2.023362441119999912e-13 1.148277292039999856e-13 6.264899497230000236e-14 2.912791162999999697e-14 2.730957987079999808e-12 2.102470543940000052e-12 1.444413323969999995e-12 8.474637457100000651e-13 4.534076592279999941e-13 2.419440329509999760e-13 1.359452780210000031e-13 7.256791143110000580e-14 3.279308718979999484e-14 2.824020299040000039e-12 2.163801475119999928e-12 1.489269715470000077e-12 8.717403394000000127e-13 4.667313427729999741e-13 2.503273217840000085e-13 1.415052164490000108e-13 7.577551306649998983e-14 3.430610510800000108e-14 2.954351825229999903e-12 2.257812701799999936e-12 1.549878937860000118e-12 9.051933860499999852e-13 4.846910172399999773e-13 2.604705201420000188e-13 1.472838700549999901e-13 7.869231681719999788e-14 3.549085358469999835e-14 2.861435412143999872e-12 2.185464938648999796e-12 1.513566878504999924e-12 8.845137779779999424e-13 4.736676307279999458e-13 2.553085494029999833e-13 1.455158493469999989e-13 7.850767570759999653e-14 3.577105857529999569e-14 2.989440943483000166e-12 2.277894732885999881e-12 1.574116086635999879e-12 9.176870815540000144e-13 4.913995248279999840e-13 2.654133934960000335e-13 1.513768712049999797e-13 8.152619069859999458e-14 3.701736745839999475e-14 3.125733043151999905e-12 2.375943542532000275e-12 1.638138714923000017e-12 9.526742202810000712e-13 5.101119431990000151e-13 2.760713734440000010e-13 1.575501143679999897e-13 8.468554978719999632e-14 3.831212143439999591e-14
1.897307451824000159e-12 1.718067397199000124e-12 1.192573768961000113e-12 6.921576159800001180e-13 3.700178356470000510e-13 1.955700255709999980e-13 1.048446789470000027e-13 5.265041825809999897e-14 2.219350687300000269e-14 2.161981582289999832e-12 1.926797009209999904e-12 1.311765592839999801e-12 7.503355938789999803e-13 4.024456562469999389e-13 2.155577745459999925e-13 1.160994751703000040e-13 5.751151611310000177e-14 2.373552397219999862e-14 3.029786134789999954e-12 3.622629060089299917e-10 1.813110616399999963e-12 1.015754623954000058e-12 5.493443327659999559e-13 2.975253989430000130e-13 1.577305173084000106e-13 7.468334666400000796e-14 2.909305078360000337e-14 3.755221752880000179e-12 3.404788640639999917e-12 2.215604739890000125e-12 1.224644828041999999e-12 6.677438958610000282e-13 3.641463863889999596e-13 1.897381412222000113e-13 8.613654265869999543e-14 3.179579978229999942e-14 4.108148944660000067e-12 3.736528120540000224e-12 2.414889941709999934e-12 1.330492571315000229e-12 7.276186686800000653e-13 3.970854799929999974e-13 2.052132630144000214e-13 9.166302513570000648e-14 3.317834087389999667e-14 1.264999570655000096e-12 1.007994716686999968e-12 7.282769627479999620e-13 4.482903666019999753e-13 2.448288415219999928e-13 1.287254742620000101e-13 7.253404196499999528e-14 4.070297986160000182e-14 1.997304754740000069e-14 1.618787023559999835e-12 1.306254254399999903e-12 9.323837054500000560e-13 5.643905364909999882e-13 3.067611807999999868e-13 1.630361210810000008e-13 9.231971243599999502e-14 5.117371377569999646e-14 2.448441196129999963e-14 1.633766134503000045e-12 1.287252593568000147e-12 9.195611648589999939e-13 5.589681911850000184e-13 3.050449076130000170e-13 1.631809192699999862e-13 9.345132000000001039e-14 5.240183008099999928e-14 2.531783263129999876e-14 1.694380700835999998e-12 1.333088213195000044e-12 9.509389258560000319e-13 5.771229024819999844e-13 3.149621943910000050e-13 1.688849099710000043e-13 9.691860363800000181e-14 5.433151591159999975e-14 2.619002030159999872e-14 2.103330447229999868e-12 1.716353300129999772e-12 1.207018239939999875e-12 7.173751617599999560e-13 3.882576886589999769e-13 2.083693013650000016e-13 1.179927851110000068e-13 6.426089919549999459e-14 2.987145097949999836e-14 2.164848171470000037e-12 1.730447702390000094e-12 1.215118952359999982e-12 7.231241772200000298e-13 3.925298500709999642e-13 2.119268115359999977e-13 1.210331545299999886e-13 6.641108325340000014e-14 3.106602357430000036e-14 2.258925651099999825e-12 1.804086161839999987e-12 1.263836741180000054e-12 7.504555369700000410e-13 4.074168859930000269e-13 2.204124407380000077e-13 1.259485209340000000e-13 6.896825289509999121e-14 3.214391075770000226e-14 2.186754227749000028e-12 1.696402622265999875e-12 1.193561785566000067e-12 7.134204211180000327e-13 3.884945734810000453e-13 2.110272092539999857e-13 1.220039643090000007e-13 6.789052966599999799e-14 3.216548655469999877e-14 2.279276453306000113e-12 1.764603626641000164e-12 1.239142509760999959e-12 7.391022038179999523e-13 4.024663250789999890e-13 2.190951670180000019e-13 1.268151013030000107e-13 7.048078150150000436e-14 3.328825765420000186e-14 2.377415664951999718e-12 1.836705705956999845e-12 1.287190522071000092e-12 7.661096722940000660e-13 4.171630922219999842e-13 2.275767846280000235e-13 1.318722763579999893e-13 7.318749041280000567e-14 3.445371724500000295e-14
1.254295486249999875e-12 1.192427070525000068e-12 1.064628738884999993e-12 6.567320748410000292e-13 3.458756602239999800e-13 1.828203599510000079e-13 9.804995271529999668e-14 4.917637123429999578e-14 2.075461248909999902e-14 1.405327292170000094e-12 1.311614974579999999e-12 1.151234348524000018e-12 6.959787577290000641e-13 3.676928410350000126e-13 1.975959026520000049e-13 1.065175415023000038e-13 5.270528869570000401e-14 2.181345656620000169e-14 1.907195244029999903e-12 1.813110616399999963e-12 9.238013389811500878e-11 9.663386963309999598e-13 5.116606775039999617e-13 2.775507498049999886e-13 1.470513875615000078e-13 6.938160638719999777e-14 2.699398868810000020e-14 2.308228109289999891e-12 2.215781655729999878e-12 2.014314020419999931e-12 1.179051032231000158e-12 6.269284044439999930e-13 3.422429431859999924e-13 1.780065507095000274e-13 8.034148270690001132e-14 2.952310849460000304e-14 2.504503475400000056e-12 2.415071137499999978e-12 2.208056348559999821e-12 1.287789535776999994e-12 6.859145310910000162e-13 3.745592226850000314e-13 1.931334896541000140e-13 8.570440945730000201e-14 3.084808835559999834e-14 9.028331133200000149e-13 7.284878221379999287e-13 5.366209720880000630e-13 3.389086014590000026e-13 1.901387315970000054e-13 1.018665718260000139e-13 5.831804412460000862e-14 3.378248798310000168e-14 1.731929517820000214e-14 1.135145336950000017e-12 9.326019367500000159e-13 7.059530752999999843e-13 4.417345961420000444e-13 2.450439770379999661e-13 1.324029873229999887e-13 7.607929484299999075e-14 4.335083060140000240e-14 2.153569499299999954e-14 1.151197137234999832e-12 9.197877930189999346e-13 6.711922232989999678e-13 4.198846765179999628e-13 2.359812690610000139e-13 1.289273470649999840e-13 7.530554494200000264e-14 4.373138791979999813e-14 2.209001988129999858e-14 1.191982260988999948e-12 9.511817835259999868e-13 6.932874630389999715e-13 4.331922296830000039e-13 2.435494251969999781e-13 1.334170405000000132e-13 7.812946977799999927e-14 4.537601862150000199e-14 2.286956455000000234e-14 1.445190400470000200e-12 1.207252893120000166e-12 9.366173329700000826e-13 5.791630790799999977e-13 3.178606903580000080e-13 1.729900540779999974e-13 9.922800341800001055e-14 5.533830105559999946e-14 2.657494515359999685e-14 1.490157174999999968e-12 1.215361916449999952e-12 9.157971521400000190e-13 5.650378713599999628e-13 3.130833242930000020e-13 1.719945973689999815e-13 9.988710493900000033e-14 5.645497510340000219e-14 2.744084209789999944e-14 1.550802036780000044e-12 1.264079675740000114e-12 9.525108744899999836e-13 5.865966626199999927e-13 3.250487886130000092e-13 1.789429654070000062e-13 1.039970281980000013e-13 5.866266489430000278e-14 2.840871926150000245e-14 1.514587142994999861e-12 1.193808932795999887e-12 8.599833030840000592e-13 5.308275203980000047e-13 2.982129869730000273e-13 1.656438330810000099e-13 9.803105372500000811e-14 5.672521178849999745e-14 2.816321149870000069e-14 1.575179832006000128e-12 1.239382681730999921e-12 8.913666681870000573e-13 5.493016853179999892e-13 3.086558048869999907e-13 1.718558121649999983e-13 1.018763312060000081e-13 5.890442016989999566e-14 2.916032566280000209e-14 1.639241191603000085e-12 1.287425425580999952e-12 9.243717832309998711e-13 5.687015986060000370e-13 3.196178275850000107e-13 1.783718665180000038e-13 1.059103428830000079e-13 6.117877543049999795e-14 3.019381548780000070e-14
7.308909998699999641e-13 6.912252319100001081e-13 6.561413260189999057e-13 5.898570272519998963e-13 3.300005875750000413e-13 1.698214408899999875e-13 9.087612049710000958e-14 4.545987497409999880e-14 1.915850516600000176e-14 8.078091726459999782e-13 7.489172688269999351e-13 6.950881685260000282e-13 6.139301849800000168e-13 3.410097512499999957e-13 1.792292119579999853e-13 9.660050543189999868e-14 4.765798325529999434e-14 1.971459832060000210e-14 1.080175873408000024e-12 1.015754623954000058e-12 9.663386963309999598e-13 2.392109740324400207e-11 4.883192824520000309e-13 2.578072870769999976e-13 1.362380647975999980e-13 6.389239598690000281e-14 2.473137011940000044e-14 1.297028821163000253e-12 1.226495556784999997e-12 1.180207162450000057e-12 1.095355940270999887e-12 6.050739195189999938e-13 3.209080871490000126e-13 1.662528690913000153e-13 7.438360337999999899e-14 2.708516947050000054e-14 1.404487562785000085e-12 1.332414048203000091e-12 1.288986883591999902e-12 1.204879055822999989e-12 6.654454279840000803e-13 3.527945309430000186e-13 1.810837123760000214e-13 7.959392533050000218e-14 2.835242510939999948e-14 5.485772847420000232e-13 4.506260758339999811e-13 3.403668074339999612e-13 2.242221334600000068e-13 1.323803484170000032e-13 7.416780941299999641e-14 4.399813615220000505e-14 2.669570337120000069e-14 1.449163050039999969e-14 6.799822603089999908e-13 5.671606430310000578e-13 4.434586702740000037e-13 3.109462055020000035e-13 1.820903597120000055e-13 1.013907938630000095e-13 5.991518228849999661e-14 3.541415715390000376e-14 1.841314282520000025e-14 6.898454239759999985e-13 5.621612030249999906e-13 4.218694241839999774e-13 2.767614216249999948e-13 1.645960139920000150e-13 9.442550318199999584e-14 5.737746887199999639e-14 3.499005684949999966e-14 1.868705930849999806e-14 7.130237244330000571e-13 5.804575112120000272e-13 4.352643876429999728e-13 2.854355867080000300e-13 1.699465803229999762e-13 9.780720258700000828e-14 5.961478235800000560e-14 3.636553414720000283e-14 1.937425285689999900e-14 8.523095010000000132e-13 7.207391176699999058e-13 5.812510891999999399e-13 4.294577463720000539e-13 2.491264540540000048e-13 1.379279075959999926e-13 8.081566529200000148e-14 4.637936255220000357e-14 2.310630595389999549e-14 8.774277850699999998e-13 7.270395013399999919e-13 5.674584576999999588e-13 4.000482482100000329e-13 2.344857341889999825e-13 1.327130793019999906e-13 7.931828003599999276e-14 4.652799412419999624e-14 2.364636477810000036e-14 9.111742098499999349e-13 7.545618834899999929e-13 5.891348487299999874e-13 4.160475938159999693e-13 2.439124501290000064e-13 1.383039177950000068e-13 8.270325690300000108e-14 4.841124701910000285e-14 2.450588851929999933e-14 8.912468302579999673e-13 7.180099975379999883e-13 5.336542561979999919e-13 3.474112847620000294e-13 2.075743118529999978e-13 1.213478603409999967e-13 7.492727783900000223e-14 4.567642922430000183e-14 2.400030185710000017e-14 9.247950803240000268e-13 7.439293706479999244e-13 5.522782011979999826e-13 3.592689020980000021e-13 2.148477349620000007e-13 1.259384174119999804e-13 7.792091093700000705e-14 4.747788524889999710e-14 2.487433684229999733e-14 9.601705411810000169e-13 7.711859540739999770e-13 5.718300082960000456e-13 3.717126241890000370e-13 2.224681236709999879e-13 1.307427386360000137e-13 8.105178995400000480e-14 4.935528961269999777e-14 2.577956084549999681e-14
3.915282035349999885e-13 3.699588718310000154e-13 3.458256997000000028e-13 3.301475230290000008e-13 3.099261215559999536e-13 1.654162278355000229e-13 8.543059580740001563e-14 4.244324961710000101e-14 1.777548668419999905e-14 4.337325438089999950e-13 4.024492735289999904e-13 3.677034762099999666e-13 3.412381848589999968e-13 3.152783839100000167e-13 1.701692978939999989e-13 8.914842919589998960e-14 4.365991377369999273e-14 1.793179402490000114e-14 5.843811393180000375e-13 5.493443327659999559e-13 5.116606775039999617e-13 4.883192824520000309e-13 6.247876720199000062e-12 2.505720386039999836e-13 1.283558392237000193e-13 5.957316832790000924e-14 2.278816526849999730e-14 7.063821907509999612e-13 6.677186177920000633e-13 6.268985248410000144e-13 6.047673806779999210e-13 5.835279946059999522e-13 3.144888047300000113e-13 1.579874619676000123e-13 6.978015388780001464e-14 2.500952967939999714e-14 7.674328746989999976e-13 7.275912527030001073e-13 6.858845418429999225e-13 6.651268387810000545e-13 6.449404649609999914e-13 3.471831443510000175e-13 1.727686748610999945e-13 7.490937554999999373e-14 2.623372849889999961e-14 2.931272590770000228e-13 2.447500357320000052e-13 1.900707719819999907e-13 1.319814584840000034e-13 8.476962784200000108e-14 5.197230348000000022e-14 3.287149373379999714e-14 2.106784544940000205e-14 1.207895752090000096e-14 3.623824389220000218e-13 3.066433857719999908e-13 2.449423388700000178e-13 1.816200584759999978e-13 1.301949860739999967e-13 7.791640615599999657e-14 4.762854672389999996e-14 2.919355577350000090e-14 1.577430907879999968e-14 3.676884881769999812e-13 3.048845470680000170e-13 2.358544450879999719e-13 1.640522514280000032e-13 1.072524696059999948e-13 6.766057798400000346e-14 4.383532234649999820e-14 2.818853563670000186e-14 1.583152087410000000e-14 3.799596078430000176e-13 3.147839569680000009e-13 2.434095248570000391e-13 1.693763608380000029e-13 1.110211816559999910e-13 7.030142360700000786e-14 4.568039184119999589e-14 2.937534215760000369e-14 1.644693169750000089e-14 4.532044928120000021e-13 3.880682403739999853e-13 3.177163012439999908e-13 2.485504513000000026e-13 1.926884241040000046e-13 1.131205964400000016e-13 6.715345653980000389e-14 3.946311038500000389e-14 2.020772826200000085e-14 4.664475371449999596e-13 3.922712248440000211e-13 3.128978255349999791e-13 2.337799849929999749e-13 1.717233210700000088e-13 1.041675662050000045e-13 6.417371633919999654e-14 3.893045209570000300e-14 2.049664885759999964e-14 4.843758488760000129e-13 4.071314163260000386e-13 3.248470873429999778e-13 2.431712669839999754e-13 1.793806372130000116e-13 1.089472940989999991e-13 6.709525400950000129e-14 4.058982333510000383e-14 2.127343620499999952e-14 4.732537480810000203e-13 3.881229249979999924e-13 2.979502231479999985e-13 2.067401984289999912e-13 1.370195964019999861e-13 8.826674271799999632e-14 5.804138041399999849e-14 3.729071641879999592e-14 2.056432934170000111e-14 4.909452168550000095e-13 4.020587938159999815e-13 3.083739958759999920e-13 2.139672981000000123e-13 1.421241728809999956e-13 9.182225508900000495e-14 6.048550164400000297e-14 3.883289040929999533e-14 2.134444003740000220e-14 5.096082467890000595e-13 4.167162770749999704e-13 3.193148536020000354e-13 2.215401551859999837e-13 1.474811200700000018e-13 9.554689164599999251e-14 6.304221531200000452e-14 4.043891018650000539e-14 2.215212813970000018e-14
2.064032298559999880e-13 1.955081425930000062e-13 1.827623500189999754e-13 1.698420809350000162e-13 1.653953777160000208e-13 1.629539193590999953e-13 8.501356558930000176e-14 4.068007647799999976e-14 1.681455600529999982e-14 2.313657438030000118e-13 2.155112678629999846e-13 1.975380800450000104e-13 1.792872643729999914e-13 1.701492865069999968e-13 1.647303181646999970e-13 8.716746400530000764e-14 4.130598440459999932e-14 1.670095495114999910e-14 3.154545725580000102e-13 2.975253989430000130e-13 2.775507498049999886e-13 2.578072870769999976e-13 2.505720386039999836e-13 1.704634816828999985e-12 1.279476387536999825e-13 5.732369097819999952e-14 2.150896358880000066e-14 3.840189694480000060e-13 3.641577187870000060e-13 3.422744178629999926e-13 3.208059793340000181e-13 3.145036885129999729e-13 3.104707239174000127e-13 1.587668244960000229e-13 6.761899538050000620e-14 2.367237486189999993e-14 4.176035175210000162e-13 3.970906887469999870e-13 3.745874248329999893e-13 3.526864553759999840e-13 3.471991088169999992e-13 3.434255315327000078e-13 1.743331921718000275e-13 7.283164862690000890e-14 2.488293719220000064e-14 1.531401717779999869e-13 1.286874853579999948e-13 1.018663059000000110e-13 7.401853207600000404e-14 5.199271839899999968e-14 3.670655322239999991e-14 2.560971433739999825e-14 1.734261741100000332e-14 1.037866452080000089e-14 1.913443104670000160e-13 1.629474220220000049e-13 1.323734057390000059e-13 1.011946232479999991e-13 7.793516241599999915e-14 6.200334713400000063e-14 4.013178655450000053e-14 2.514729285340000186e-14 1.393170765109999924e-14 1.951515795150000101e-13 1.630419772160000075e-13 1.288664806330000019e-13 9.418662650699999716e-14 6.767673415699999627e-14 4.941914493600000042e-14 3.514589856749999772e-14 2.374123016540000001e-14 1.383559220429999960e-14 2.020970351769999924e-13 1.687273722609999923e-13 1.333468154889999879e-13 9.755174828899999958e-14 7.031723004199999327e-14 5.157320551799999635e-14 3.675830217110000082e-14 2.481142037219999926e-14 1.440353243699999859e-14 2.416881160829999954e-13 2.081999015420000220e-13 1.729136889990000054e-13 1.376671459710000135e-13 1.131352852629999982e-13 9.662239470400000180e-14 5.948643527569999374e-14 3.505667458819999465e-14 1.820290227670000117e-14 2.499768466429999796e-13 2.116875341199999880e-13 1.718784517649999991e-13 1.323369393329999951e-13 1.041788018439999968e-13 8.506564568399999069e-14 5.518324265780000385e-14 3.405785548299999702e-14 1.831694223160000022e-14 2.600830712339999968e-13 2.201454835520000164e-13 1.788103333359999992e-13 1.379051971290000032e-13 1.089574977469999947e-13 8.932041965799999943e-14 5.787497236920000329e-14 3.558542735750000451e-14 1.903972299760000067e-14 2.547838150180000155e-13 2.106502118710000155e-13 1.654324438990000023e-13 1.208912097840000135e-13 8.827434856500000099e-14 6.599443876000000689e-14 4.738643711030000050e-14 3.185968942909999502e-14 1.818573356809999925e-14 2.648397433610000042e-13 2.186815713079999835e-13 1.716245579689999925e-13 1.254534643919999966e-13 9.182809246899999843e-14 6.888001113099999344e-14 4.950763500190000470e-14 3.324139705280000013e-14 1.890393785029999716e-14 2.754452721890000118e-13 2.271249899629999934e-13 1.781194143920000232e-13 1.302273891119999982e-13 9.555097036300000901e-14 7.190338970800000284e-14 5.172236335319999688e-14 3.467872310750000653e-14 1.964703975980000157e-14
1.106118942774999937e-13 1.047631055766999985e-13 9.798920844930000554e-14 9.088291544680001146e-14 8.540433504120001184e-14 8.500045650459999994e-14 8.541822355629999147e-14 4.153888036815000458e-14 1.644937474935999955e-14 1.245302426027999902e-13 1.159941610104999990e-13 1.064322716798999995e-13 9.661332587949999350e-14 8.911500905720000039e-14 8.715030724360000898e-14 8.602385720099999365e-14 4.181385485179999673e-14 1.617185221938999898e-14 1.673930963886999949e-13 1.577305173084000106e-13 1.470513875615000078e-13 1.362380647975999980e-13 1.283558392237000193e-13 1.279476387536999825e-13 5.117377523432998959e-13 5.926953896850001143e-14 2.111870648178000015e-14 2.006465198083999778e-13 1.898872562574000132e-13 1.781259902231999984e-13 1.662551975769000036e-13 1.580237630130999908e-13 1.587878144722000212e-13 1.586825351591000075e-13 7.088287242669999797e-14 2.338409124930000021e-14 2.164805234492999977e-13 2.053653060857000179e-13 1.932551866647999917e-13 1.810854492234000002e-13 1.728060102431999825e-13 1.743552499937000287e-13 1.746363541211000077e-13 7.680891550630000663e-14 2.465249484697999895e-14 8.591483865799999763e-14 7.270111591500000696e-14 5.845062613769999445e-14 4.398724654600000430e-14 3.291798266369999787e-14 2.563539726919999929e-14 2.052233114279999918e-14 1.490052168830000227e-14 9.236481644439998942e-15 1.078251866810000060e-13 9.249817256299999182e-14 7.621798974500000380e-14 5.989143640980000429e-14 4.767849598359999624e-14 4.016140715470000494e-14 3.483403529429999794e-14 2.272431136699999828e-14 1.272854981684999849e-14 1.109460545299999987e-13 9.364031784700000955e-14 7.545013250300000127e-14 5.734042528500000004e-14 4.389146559489999932e-14 3.517927516340000240e-14 2.879336036380000341e-14 2.080114667479999831e-14 1.249740009381000084e-14 1.150897289769999809e-13 9.711212701499999872e-14 7.827700108699999739e-14 5.957240633499999555e-14 4.573849913379999956e-14 3.679321058729999857e-14 3.019429651189999971e-14 2.179099911729999837e-14 1.303412322847000101e-14 1.362057183979999997e-13 1.181842032710000137e-13 9.937446672200000926e-14 8.077146734499999949e-14 6.721123742480000365e-14 5.952136257810000567e-14 5.398998082979999930e-14 3.275470208179999595e-14 1.694319837483000124e-14 1.417885755899999813e-13 1.212364402450000085e-13 1.000415955190000009e-13 7.925515260399999492e-14 6.423614320209999781e-14 5.522248601129999471e-14 4.852498561129999984e-14 3.119748543360000348e-14 1.690588262917999686e-14 1.475743082450000055e-13 1.261550763449999917e-13 1.041507828470000055e-13 8.263359193500000140e-14 6.715965060120000980e-14 5.791589638420000088e-14 5.099771172429999779e-14 3.266527404000000004e-14 1.759637389840999887e-14 1.458239540890000054e-13 1.222185255190000108e-13 9.819162553300000495e-14 7.484038645000000425e-14 5.810993603700000306e-14 4.743180182670000413e-14 3.932138310560000072e-14 2.823704063489999935e-14 1.658720084973000058e-14 1.516938781299999897e-13 1.270344097499999990e-13 1.020397251449999981e-13 7.782543843400000187e-14 6.055634614799999729e-14 4.955494960119999589e-14 4.114996107710000296e-14 2.950815536359999779e-14 1.726400389741999785e-14 1.578755451670000036e-13 1.320944984550000068e-13 1.060757162619999949e-13 8.094696978900000484e-14 6.311543193599999459e-14 5.177192672919999576e-14 4.305797029590000368e-14 3.083023940760000028e-14 1.796429367312999971e-14
5.552649443279999505e-14 5.258578052839999506e-14 4.913129160510000052e-14 4.545332472270000496e-14 4.242282967179999834e-14 4.067065683070000545e-14 4.153538452006999725e-14 4.224194287953999522e-14 1.756624396085999932e-14 6.161481950009999808e-14 5.742242065939999815e-14 5.264229998149999959e-14 4.764930723349999687e-14 4.363326147219999490e-14 4.129300382379999225e-14 4.180927588369999587e-14 4.208306137503000282e-14 1.724224357684999721e-14 7.938601603629999708e-14 7.468334666400000796e-14 6.938160638719999777e-14 6.389239598690000281e-14 5.957316832790000924e-14 5.732369097819999952e-14 5.926953896850001143e-14 1.670263664390299790e-13 2.319883581115999913e-14 9.146669498880000131e-14 8.624746170500000034e-14 8.041768738900000311e-14 7.439199287059999024e-14 6.981132928649999464e-14 6.763481324060001001e-14 7.088824440039999855e-14 7.380363138182000733e-14 2.631847401443000021e-14 9.715828395830001027e-14 9.177716613800000118e-14 8.578265996480000629e-14 7.960211481820000005e-14 7.494229718880000243e-14 7.284801693139999673e-14 7.681430238390000347e-14 8.051378221848000362e-14 2.801158563542000026e-14 4.715304156529999792e-14 4.083342188670000122e-14 3.387146101909999547e-14 2.670168037000000116e-14 2.110427121899999954e-14 1.736176539370000115e-14 1.490653197889999904e-14 1.252343943998999954e-14 8.379808505240000139e-15 5.855848593810000311e-14 5.132222544349999850e-14 4.345213121669999770e-14 3.541792891890000232e-14 2.923433969219999908e-14 2.516934739800000008e-14 2.273110009919999930e-14 2.018414505540000112e-14 1.200474238179000020e-14 6.066201257620000430e-14 5.256695889570000001e-14 4.384169370569999374e-14 3.498974463909999768e-14 2.823301784090000134e-14 2.376617410749999748e-14 2.080882088529999928e-14 1.768691895862999873e-14 1.151275666448000138e-14 6.288682549979999966e-14 5.450194026380000198e-14 4.548978483850000121e-14 3.636561395419999935e-14 2.942123559009999838e-14 2.483742225950000259e-14 2.179898059229999789e-14 1.855405640086999905e-14 1.203036595940000090e-14 7.280621410429999034e-14 6.443107450550000326e-14 5.545197935219999891e-14 4.637915706369999489e-14 3.950894454279999965e-14 3.508264858919999889e-14 3.276262526689999724e-14 3.012498803975999697e-14 1.644790629091999656e-14 7.604652509550000851e-14 6.660248468470001023e-14 5.658164009450000035e-14 4.652610919459999936e-14 3.897944274429999648e-14 3.408754814710000002e-14 3.120631257030000061e-14 2.794957430549999928e-14 1.613857125918999726e-14 7.897485148610000967e-14 6.916718797960000499e-14 5.879421726160000791e-14 4.840871628319999506e-14 4.064067647630000469e-14 3.561630941800000017e-14 3.267442903289999833e-14 2.931261882279999753e-14 1.682940688639999897e-14 7.881917626239999774e-14 6.810816818470000609e-14 5.686841426949999933e-14 4.567230393619999502e-14 3.734550064479999989e-14 3.189392101670000037e-14 2.824699862770000220e-14 2.417148712670000074e-14 1.542642592822000324e-14 8.185124825060000808e-14 7.070696687819999554e-14 5.905328059480000018e-14 4.747309552769999858e-14 3.888978144319999885e-14 3.327722011840000073e-14 2.951851446290000029e-14 2.528127040150000228e-14 1.607816625166999940e-14 8.502405388250000360e-14 7.342183712830000479e-14 6.133269915190000366e-14 4.934930272120000115e-14 4.049762272739999792e-14 3.471619146050000245e-14 3.084089226659999973e-14 2.643503733230000069e-14 1.675290799005000103e-14
2.335321169230000007e-14 2.217610032310000082e-14 2.074417319330000062e-14 1.916350455590000022e-14 1.776854908869999878e-14 1.681057618369999766e-14 1.644730718293000053e-14 1.756562253473000248e-14 1.884662408725999914e-14 2.533177773290000220e-14 2.371287702499999942e-14 2.180082452920000106e-14 1.972381987669999951e-14 1.792088706090000089e-14 1.669575115683999890e-14 1.616923212027999973e-14 1.724147546437999901e-14 1.853914379436999936e-14 3.087667965569999958e-14 2.909305078360000337e-14 2.699398868810000020e-14 2.473137011940000044e-14 2.278816526849999730e-14 2.150896358880000066e-14 2.111870648178000015e-14 2.319883581115999913e-14 6.145800918992000110e-14 3.378097019990000193e-14 3.182373365910000146e-14 2.953873512429999888e-14 2.707447655629999972e-14 2.502231209329999977e-14 2.367844051989999744e-14 2.338710443842999889e-14 2.631928726621000205e-14 3.045217566130999676e-14 3.521800179879999783e-14 3.320691866380000043e-14 3.086397979060000000e-14 2.834116260479999885e-14 2.624689322449999966e-14 2.488909528769999926e-14 2.465554646753000187e-14 2.801244165776000201e-14 3.286186339972000217e-14 2.232327788740000095e-14 2.000719264740000312e-14 1.733881451770000088e-14 1.447985799180000126e-14 1.209402666699999947e-14 1.038581847490000073e-14 9.239862022339999540e-15 8.380772197319999200e-15 7.126421467619999623e-15 2.712543721079999938e-14 2.452408813069999734e-14 2.155836720419999861e-14 1.840069727290000247e-14 1.579097947049999914e-14 1.394003203159999990e-14 1.273232775180999911e-14 1.200573868429999989e-14 1.076437299222000100e-14 2.823296243460000088e-14 2.536319940009999931e-14 2.211475852529999820e-14 1.867380332059999896e-14 1.584888063549999934e-14 1.384475837169999926e-14 1.250144867592999984e-14 1.151386832137999913e-14 9.882787604750000749e-15 2.919614843409999926e-14 2.623718979569999957e-14 2.289548421180000021e-14 1.936082452250000008e-14 1.646469181510000093e-14 1.441284119149999999e-14 1.303826271036000070e-14 1.203149448982000025e-14 1.033963416486999926e-14 3.286109871960000580e-14 2.991847850770000153e-14 2.660091632399999873e-14 2.309303547959999887e-14 2.022556537289999888e-14 1.821235689080000174e-14 1.694731476253999682e-14 1.644901569747999882e-14 1.533883729918999947e-14 3.438287769910000153e-14 3.111894815949999873e-14 2.746996206779999710e-14 2.363247250049999814e-14 2.051596917920000088e-14 1.832699405459999870e-14 1.691038767732999956e-14 1.613976282719999627e-14 1.461795967561000154e-14 3.557062988220000088e-14 3.219887087079999408e-14 2.843916089500000342e-14 2.449168655520000309e-14 2.129337965200000119e-14 1.905014273710000005e-14 1.760099416165000012e-14 1.683063259202999848e-14 1.527532019318999953e-14 3.585817158760000189e-14 3.222542122869999935e-14 2.819729519690000083e-14 2.398536478519999955e-14 2.058799568519999917e-14 1.819710726979999781e-14 1.659209478854000001e-14 1.542769363546000035e-14 1.331485074864000031e-14 3.710830611609999909e-14 3.335098097819999736e-14 2.919595909020000285e-14 2.485909399739999954e-14 2.136897992009999798e-14 1.891573750549999862e-14 1.726905322838999825e-14 1.607944222439000031e-14 1.389078970931999983e-14 3.840687030730000126e-14 3.451894348380000151e-14 3.023090097829999809e-14 2.576382548420000080e-14 2.217748848080000363e-14 1.965942963130000029e-14 1.796946782583999969e-14 1.675419109552999935e-14 1.448756865507000026e-14
2.909519221590000293e-12 2.214497814680000026e-12 1.443094440291999928e-12 8.348263576569999967e-13 4.466999639129999628e-13 2.365018986550000207e-13 1.262086689013000010e-13 6.226785176079999762e-14 2.554524956079999882e-14 3.454512426059999821e-12 2.583756103549999947e-12 1.652538824690000002e-12 9.428367662820000157e-13 5.059074883079999337e-13 2.714647386299999993e-13 1.454378473589999951e-13 7.056277137029999664e-14 2.817117549650000203e-14 5.211528730829999835e-12 3.755221752880000179e-12 2.308228109289999891e-12 1.297028821163000253e-12 7.063821907509999612e-13 3.840189694480000060e-13 2.006465198083999778e-13 9.146669498880000131e-14 3.378097019990000193e-14 1.913690329029209932e-09 5.309340423050000381e-12 3.179139446799999908e-12 1.775474575809999976e-12 9.805714250009999936e-13 5.347935382479999890e-13 2.719434415979000263e-13 1.176284689801999864e-13 4.086025257640000250e-14 8.496724996579998561e-12 5.903569134289999984e-12 3.488005048770000370e-12 1.946913481210000104e-12 1.082753518010999968e-12 5.900447943489999514e-13 2.948171707668000043e-13 1.235021395229000015e-13 4.127818131579999835e-14 1.796684090616999827e-12 1.408635979626999993e-12 9.999682143950001088e-13 6.005772567879999900e-13 3.222034315130000078e-13 1.691715231189999930e-13 9.509130480099999197e-14 5.209677370149999418e-14 2.458715009619999821e-14 2.101387785757000122e-12 1.634059548840000107e-12 1.151399066797999954e-12 6.861973373420000435e-13 3.687189105589999892e-13 1.961464099360000100e-13 1.113621890270000032e-13 6.093664683019999483e-14 2.846178082679999741e-14 2.662202797919999931e-12 2.055676940040000071e-12 1.428404650000000112e-12 8.434301855999999381e-13 4.535376747429999970e-13 2.440417906270000079e-13 1.391466669570000057e-13 7.547740012870000467e-14 3.455673596219999488e-14 2.489232943047000048e-12 1.921570660638000123e-12 1.345926771801000006e-12 7.977742528200000440e-13 4.305461975919999872e-13 2.326891182299999935e-13 1.336351449919999997e-13 7.305320999809999822e-14 3.370478291229999936e-14 2.497166288728999982e-12 1.921911185016999808e-12 1.341554762198999958e-12 7.917416985090000683e-13 4.257861282239999814e-13 2.291890536019999955e-13 1.309801607770000064e-13 7.135417871349999953e-14 3.292613323800000435e-14 3.219065335909999797e-12 2.455498524819999910e-12 1.685788904220000028e-12 9.840225594599999213e-13 5.294813773050000356e-13 2.878749762439999811e-13 1.645627619409999974e-13 8.850640046760000050e-14 3.991620445630000297e-14 3.004262824381000290e-12 2.290834762208000161e-12 1.586578764764999830e-12 9.293481779709999440e-13 5.017163278409999844e-13 2.739429856130000336e-13 1.577844251469999912e-13 8.561394298260000432e-14 3.896285448339999921e-14 4.177118229670000076e-12 3.152825654240000107e-12 2.126731314510000135e-12 1.227490673129999937e-12 6.610370207000000129e-13 3.623464011879999944e-13 2.064815707729999818e-13 1.092626314663000033e-13 4.806923232370000052e-14 3.950047335450000261e-12 2.978240081809999545e-12 2.022684422169999999e-12 1.170221080479999917e-12 6.320168776550000373e-13 3.478172446650000421e-13 1.994388449349999880e-13 1.063150953310000038e-13 4.712862560220000526e-14 3.671242976459999344e-12 2.768038763350000053e-12 1.898846903710999971e-12 1.102172223896000053e-12 5.971008207270000527e-13 3.301383310420000135e-13 1.909243887169999943e-13 1.028368589379999988e-13 4.606283161840000037e-14
2.214327843469999851e-12 2.010255936295999881e-12 1.378532845009000002e-12 7.917674718880000465e-13 4.232728689280000518e-13 2.246307858279999948e-13 1.198019966386000164e-13 5.905076583040000380e-14 2.426320697460000318e-14 2.583442452840000179e-12 2.311630804269999999e-12 1.553075017229999921e-12 8.780798857470000781e-13 4.715484148050000051e-13 2.539903340379999868e-13 1.359787813312000106e-13 6.592996640359999138e-14 2.640692667439999865e-14 3.754833833999999970e-12 3.404788640639999917e-12 2.215781655729999878e-12 1.226495556784999997e-12 6.677186177920000633e-13 3.641577187870000060e-13 1.898872562574000132e-13 8.624746170500000034e-14 3.182373365910000146e-14 5.309340423050000381e-12 4.776877861375500371e-10 3.104415843720000200e-12 1.701541905186000090e-12 9.380052676870000639e-13 5.126797385290000021e-13 2.600094374673999742e-13 1.119229197988999895e-13 3.873622636549999995e-14 5.904050730030000572e-12 5.438321161999999268e-12 3.425256322570000023e-12 1.871772500227000130e-12 1.038822188671000032e-12 5.671774083970000184e-13 2.824758857912000244e-13 1.176180230371000061e-13 3.909376188859999603e-14 1.409254633656999986e-12 1.118069557644999963e-12 8.039555074350000132e-13 4.920827327879999965e-13 2.681910810909999822e-13 1.417002611529999782e-13 8.033425475299999631e-14 4.512171277690000265e-14 2.206051796399999904e-14 1.634851032370000162e-12 1.288331046344000052e-12 9.204955542479999919e-13 5.598923057349999646e-13 3.059076673140000408e-13 1.639606723150000054e-13 9.412197513700000769e-14 5.290608519399999640e-14 2.561226511229999817e-14 2.056630785200000015e-12 1.646483795690000097e-12 1.166435475580000061e-12 7.010205053299999334e-13 3.825894646270000105e-13 2.074546179130000055e-13 1.195804930189999986e-13 6.645655772700000742e-14 3.140465240310000167e-14 1.922581425058000070e-12 1.506440680217999876e-12 1.071157719561999897e-12 6.490676970850000370e-13 3.566682811079999896e-13 1.945785842470000158e-13 1.132745013850000026e-13 6.369660344689999777e-14 3.045082875929999763e-14 1.922957881366999918e-12 1.502333762122000142e-12 1.064724870635999983e-12 6.423480595810000570e-13 3.514573982079999523e-13 1.907741270610000004e-13 1.105063075369999995e-13 6.198954186940000341e-14 2.968691307829999654e-14 2.456787813919999738e-12 1.951614584679999750e-12 1.368217406050000125e-12 8.137170543100000487e-13 4.444441432520000031e-13 2.436089357169999733e-13 1.410526407190000085e-13 7.788951985400000402e-14 3.631076092169999586e-14 2.292216482627999990e-12 1.777418560337000137e-12 1.251561327752999985e-12 7.507523203689999936e-13 4.127804501819999714e-13 2.276241765400000019e-13 1.332225848730000027e-13 7.456854305349999917e-14 3.523375714220000108e-14 3.154438508469999872e-12 2.541651270709999922e-12 1.760104342550000064e-12 1.031785131690000113e-12 5.627937142739999866e-13 3.108280790450000320e-13 1.792518518349999985e-13 9.714483577090000373e-14 4.403631815540000806e-14 2.979972113789999759e-12 2.352854685370000124e-12 1.634354986880000110e-12 9.643156337999998959e-13 5.289127198839999654e-13 2.937210665240000177e-13 1.709071307940000122e-13 9.367968687709998728e-14 4.295301576009999831e-14 2.769903426289999979e-12 2.127966662369999723e-12 1.486507868388000112e-12 8.852842716450000501e-13 4.887577572040000088e-13 2.732648149859999899e-13 1.610017071070000052e-13 8.965205945800001051e-14 4.173768004199999768e-14
1.442805472741999887e-12 1.378375750427000083e-12 1.238194176512000114e-12 7.563328306429999708e-13 3.974668664940000146e-13 2.108658818169999825e-13 1.124435712605000014e-13 5.529952955319999806e-14 2.272225224460000095e-14 1.652153020380000099e-12 1.552914329990000131e-12 1.375061962081000225e-12 8.226800327969999087e-13 4.339830433059999765e-13 2.343830684659999881e-13 1.254898901566000075e-13 6.069360187249999611e-14 2.432704348340000109e-14 2.307780829369999780e-12 2.215604739890000125e-12 2.014314020419999931e-12 1.180207162450000057e-12 6.268985248410000144e-13 3.422744178629999926e-13 1.781259902231999984e-13 8.041768738900000311e-14 2.953873512429999888e-14 3.179139446799999908e-12 3.104415843720000200e-12 1.217337158803199956e-10 1.671115008768000184e-12 8.947085354879999824e-13 4.887206178330000285e-13 2.471067980428999753e-13 1.055775472152999916e-13 3.627037263540000262e-14 3.488535616650000159e-12 3.425459932500000352e-12 3.204616167369999943e-12 1.848539323030999678e-12 9.945235142969998938e-13 5.425226358899999728e-13 2.691853778179000036e-13 1.110888505432999930e-13 3.656364515219999987e-14 1.000600518134999993e-12 8.041765752350000272e-13 5.899449599330000103e-13 3.708184663909999959e-13 2.077650564070000121e-13 1.119178898490000123e-13 6.455416680200000311e-14 3.749083041129999876e-14 1.916742045830000088e-14 1.152134033847999986e-12 9.207221824079999326e-13 6.721153658699999703e-13 4.208065133729999838e-13 2.368437487469999675e-13 1.297069295170000007e-13 7.597611643999999402e-14 4.423562364479999938e-14 2.238445437630000047e-14 1.429250375889999899e-12 1.166681593870000101e-12 8.788405978299999703e-13 5.477959187600000957e-13 3.059178698379999944e-13 1.690625535959999913e-13 9.921872486799999448e-14 5.681067049579999305e-14 2.786337124990000198e-14 1.346805590901000012e-12 1.071405313151999971e-12 7.795752742920000335e-13 4.875681839590000188e-13 2.767616168439999712e-13 1.547055225940000085e-13 9.215507893499999881e-14 5.372034859649999849e-14 2.680303454769999830e-14 1.342442221729000050e-12 1.064967834725999953e-12 7.723746441659999792e-13 4.808111096890000448e-13 2.714615126599999759e-13 1.507823348849999881e-13 8.935335434399999607e-14 5.203224312239999910e-14 2.606066666190000119e-14 1.686809168709999964e-12 1.368464553279999945e-12 1.026450334350000026e-12 6.345690358599999722e-13 3.547475551570000013e-13 1.982888921110000033e-13 1.170865287349999847e-13 6.672534729850000144e-14 3.230966297869999900e-14 1.587642510135000080e-12 1.251801499722999947e-12 9.035767322850000522e-13 5.609018098130000078e-13 3.189586025049999464e-13 1.803823914999999990e-13 1.082835183349999988e-13 6.299221853589999300e-14 3.110587656680000341e-14 2.127896433299999945e-12 1.760331209660000096e-12 1.358381642429999934e-12 8.326482256800000961e-13 4.614946007179999564e-13 2.590445257630000119e-13 1.519024034960000093e-13 8.455428398440000610e-14 3.960515536300000260e-14 2.023898842359999951e-12 1.634571858520000122e-12 1.223899695100000048e-12 7.524515486199999790e-13 4.226617302859999863e-13 2.395916730920000258e-13 1.423742650670000004e-13 8.059879393460000532e-14 3.837535645120000051e-14 1.900116894781000066e-12 1.486715258937999977e-12 1.066675335429000047e-12 6.593715031819999395e-13 3.771933055580000275e-13 2.166252996599999854e-13 1.312078638070000012e-13 7.605320379389999643e-14 3.700667008860000211e-14
8.334427329849999171e-13 7.907428356410000704e-13 7.556815079389999466e-13 6.860096237560000351e-13 3.820084799760000250e-13 1.969960627439999717e-13 1.047274307710000036e-13 5.130643762409999920e-14 2.101785539880000013e-14 9.406412958630000160e-13 8.764901447880001089e-13 8.216819497449999711e-13 7.360635056660000876e-13 4.072425999610000052e-13 2.145811308349999952e-13 1.147204800718000035e-13 5.522555722859999445e-14 2.207035535599999874e-14 1.294450559717000028e-12 1.224644828041999999e-12 1.179051032231000158e-12 1.095355940270999887e-12 6.047673806779999210e-13 3.208059793340000181e-13 1.662551975769000036e-13 7.439199287059999024e-14 2.707447655629999972e-14 1.775474575809999976e-12 1.701541905186000090e-12 1.671115008768000184e-12 3.169044527445799822e-11 8.805987205010000651e-13 4.662357446890000502e-13 2.344034265926999681e-13 9.911433283429999650e-14 3.363946780620000211e-14 1.949973762580000009e-12 1.873950999432000235e-12 1.849897671855999880e-12 1.775376419230000032e-12 9.826603228580000125e-13 5.196232003229999844e-13 2.561914547850000005e-13 1.044628942001999985e-13 3.386949792060000189e-14 6.043391160079999940e-13 4.947390028179999737e-13 3.724748944849999817e-13 2.445989015129999852e-13 1.444569015230000063e-13 8.147662553400000798e-14 4.877620986690000132e-14 2.972494525710000337e-14 1.609814336329999952e-14 6.907700166119999474e-13 5.630853175749999369e-13 4.227912610389999985e-13 2.776694222940000359e-13 1.654569709169999987e-13 9.520438122999999610e-14 5.804769321700000435e-14 3.549421166949999733e-14 1.898150196449999958e-14 8.487577413199999564e-13 7.047125727399999963e-13 5.500900474100000219e-13 3.868546232290000043e-13 2.292859916700000105e-13 1.310189842110000087e-13 7.929882058499999735e-14 4.715462716039999639e-14 2.414860713670000065e-14 8.033642739599999784e-13 6.529329320249999769e-13 4.899697336589999839e-13 3.230561466200000039e-13 1.952309936769999834e-13 1.151287995060000027e-13 7.153180661000000046e-14 4.375280344280000487e-14 2.298294507259999893e-14 7.974291441790000554e-13 6.462633837010000190e-13 4.832316960289999399e-13 3.168376139669999959e-13 1.901409708149999945e-13 1.112371089210000084e-13 6.875668130700000124e-14 4.210057475220000450e-14 2.226536083710000060e-14 9.907556117399999461e-13 8.183066307300000043e-13 6.373957716600000604e-13 4.493061063960000084e-13 2.669777266439999991e-13 1.542734024899999934e-13 9.401019347399999165e-14 5.568128415229999642e-14 2.814783398210000192e-14 9.364561767409999563e-13 7.555794871989999656e-13 5.638783256929999001e-13 3.705812024219999880e-13 2.250982984619999975e-13 1.344546672339999963e-13 8.432684417199999339e-14 5.156582564989999805e-14 2.682009764129999952e-14 1.235556715129999915e-12 1.037220908960000010e-12 8.359715403700000707e-13 6.231009916679999375e-13 3.666569912100000160e-13 2.097265244489999885e-13 1.258921854539999885e-13 7.221215337549999933e-14 3.502449571109999893e-14 1.178771950910000001e-12 9.700589861899999907e-13 7.559586416199999934e-13 5.364765718829999758e-13 3.208050434680000127e-13 1.880094010009999971e-13 1.153141126959999933e-13 6.780820865749999970e-14 3.365227490750000153e-14 1.111242860406000009e-12 8.912856860849999908e-13 6.630764137919999619e-13 4.362699616400000440e-13 2.676767229000000203e-13 1.626234088410000017e-13 1.030344243339999989e-13 6.279216350439999642e-14 3.213512612490000273e-14
4.466337758969999719e-13 4.232183792860000024e-13 3.974301848890000153e-13 3.821730112609999651e-13 3.622359008410000273e-13 1.930518966004999873e-13 9.898538321699999135e-14 4.810063795090000051e-14 1.954911137710000059e-14 5.059030527749999511e-13 4.715539990879999844e-13 4.339927887730000093e-13 4.074961887619999870e-13 3.817518124210000108e-13 2.057997079050000117e-13 1.067994239104000041e-13 5.094698491629999633e-14 2.016645398099999975e-14 7.063996108810000166e-13 6.677438958610000282e-13 6.269284044439999930e-13 6.050739195189999938e-13 5.835279946059999522e-13 3.145036885129999729e-13 1.580237630130999908e-13 6.981132928649999464e-14 2.502231209329999977e-14 9.805714250009999936e-13 9.380052676870000639e-13 8.947085354879999824e-13 8.805987205010000651e-13 8.406133234449998581e-12 4.642692351049999790e-13 2.262002145641999936e-13 9.427656721609999750e-14 3.142591896000000104e-14 1.082697155261000156e-12 1.038760566241999928e-12 9.944693666800000470e-13 9.822908220889998818e-13 9.677529748519999925e-13 5.189369826959999443e-13 2.481159471787999926e-13 9.956895098380000760e-14 3.161075175179999366e-14 3.221032673179999884e-13 2.680887034800000092e-13 2.076765611880000047e-13 1.440011283120000075e-13 9.282709994999998780e-14 5.739565502100000111e-14 3.665600283779999821e-14 2.360761176579999954e-14 1.349680266340000060e-14 3.685513117510000017e-13 3.057473067690000408e-13 2.367169247740000265e-13 1.649132083530000121e-13 1.080982387200000029e-13 6.843648181200000593e-14 4.450410479550000197e-14 2.869235280069999848e-14 1.612599594809999979e-14 4.533028008449999811e-13 3.823703277049999558e-13 3.057535375770000007e-13 2.286465627280000119e-13 1.673349107560000062e-13 1.030617290170000056e-13 6.452435601189999582e-14 3.972820297730000365e-14 2.105583395169999968e-14 4.302864434260000023e-13 3.564275808880000298e-13 2.765842471920000028e-13 1.945350618249999955e-13 1.304903343659999917e-13 8.494635222200000605e-14 5.620308629969999876e-14 3.609676663779999359e-14 1.980754627829999810e-14 4.255023225959999669e-13 3.511987729810000092e-13 2.712760139020000036e-13 1.894352216189999869e-13 1.259001579370000111e-13 8.119847737599999882e-14 5.348869553919999961e-14 3.448348115069999867e-14 1.911245747559999835e-14 5.290674946580000091e-13 4.440724947690000007e-13 3.544847913319999724e-13 2.661436132200000177e-13 1.974876267339999943e-13 1.227758711259999943e-13 7.724660064299999903e-14 4.731523404480000440e-14 2.471611907070000120e-14 5.012620198680000098e-13 4.123729189190000143e-13 3.186767934939999982e-13 2.242178616000000092e-13 1.520134930660000125e-13 1.002899829320000174e-13 6.688593526900000286e-14 4.292139757729999979e-14 2.329104967040000271e-14 6.604664328689999321e-13 5.622922412340000141e-13 4.611619877580000384e-13 3.656583882720000392e-13 2.917041542009999975e-13 1.767785757579999753e-13 1.074050691259999982e-13 6.298441665299999880e-14 3.128072900639999850e-14 6.313884068059999576e-13 5.283639595240000941e-13 4.223036586640000145e-13 3.197461502310000054e-13 2.416108954219999817e-13 1.520694914979999875e-13 9.603970249900000219e-14 5.825696412659999525e-14 2.979818955790000260e-14 5.964093347860000149e-13 4.881580884539999805e-13 3.768085744900000083e-13 2.665551987689999835e-13 1.838132945190000224e-13 1.234095308139999939e-13 8.291280435300000512e-14 5.290004067610000372e-14 2.816561546529999863e-14
2.364500213509999941e-13 2.245730188830000020e-13 2.108099441999999910e-13 1.970244906770000144e-13 1.930299091857999889e-13 1.910729793517999931e-13 9.899859628250000877e-14 4.630656400839999966e-14 1.854234712978000027e-14 2.714463155020000132e-13 2.539532986230000275e-13 2.343327161549999980e-13 2.146561472059999908e-13 2.057805481689999915e-13 2.007148919246000060e-13 1.052748589347000048e-13 4.853596681210000401e-14 1.887045237209999975e-14 3.840345346760000114e-13 3.641463863889999596e-13 3.422429431859999924e-13 3.209080871490000126e-13 3.144888047300000113e-13 3.104707239174000127e-13 1.587878144722000212e-13 6.763481324060001001e-14 2.367844051989999744e-14 5.347935382479999890e-13 5.126797385290000021e-13 4.887206178330000285e-13 4.662357446890000502e-13 4.642692351049999790e-13 2.359719589905999942e-12 2.307971396527999963e-13 9.257197186480000898e-14 3.006318549040000231e-14 5.899874747229999621e-13 5.671578939849999466e-13 5.425364675229999518e-13 5.194932043529999772e-13 5.189594692700000828e-13 5.161240323457999744e-13 2.543545949227000208e-13 9.810872438320000208e-14 3.024159888960000333e-14 1.690467817700000254e-13 1.416286281279999828e-13 1.118972875650000000e-13 8.129457871199999981e-14 5.741611794300000471e-14 4.095519305900000268e-14 2.880568061679999895e-14 1.958070849989999975e-14 1.167081597729999943e-14 1.959313737630000032e-13 1.638217302610000015e-13 1.296460630849999934e-13 9.496550455499999742e-14 6.845263798499999874e-14 5.017316494499999968e-14 3.580866411950000262e-14 2.424361797440000074e-14 1.413019616529999969e-14 2.437473959340000200e-13 2.072564988360000061e-13 1.689690147900000196e-13 1.307109412770000189e-13 1.030749421400000060e-13 8.411387831799999455e-14 5.566634916010000109e-14 3.494750609160000366e-14 1.891379535079999789e-14 2.323627168069999827e-13 1.943561817349999984e-13 1.545978738359999923e-13 1.147997308729999876e-13 8.495877226000000178e-14 6.423465079500000086e-14 4.642419193759999992e-14 3.112115461929999758e-14 1.760136915980000014e-14 2.288385784609999666e-13 1.905348496449999908e-13 1.506661892810000057e-13 1.108609689519999875e-13 8.120971301500000379e-14 6.076057093699999295e-14 4.377100310180000243e-14 2.952707335600000009e-14 1.691933143160000012e-14 2.873502418590000133e-13 2.432319383339999778e-13 1.980775029290000210e-13 1.538167519330000102e-13 1.227834769729999864e-13 1.015244595050000034e-13 6.733115604729999461e-14 4.196840998009999830e-14 2.235530356009999794e-14 2.733693354780000042e-13 2.272105808299999835e-13 1.801511373039999932e-13 1.339697142139999873e-13 1.002958203120000109e-13 7.693393476500000088e-14 5.586448976890000520e-14 3.733207962979999837e-14 2.085403540929999795e-14 3.616428161440000174e-13 3.103200699279999806e-13 2.587620466780000206e-13 2.091691175670000057e-13 1.767804027689999835e-13 1.547672787669999956e-13 9.738475758660000402e-14 5.721352793019999577e-14 2.873190493769999914e-14 3.470475653719999926e-13 2.931650433710000387e-13 2.392833569889999836e-13 1.874165851039999894e-13 1.520607338979999991e-13 1.276806316670000060e-13 8.479405262120000584e-14 5.220621500860000287e-14 2.716262767550000114e-14 3.292949313279999638e-13 2.726553180859999940e-13 2.162880515679999800e-13 1.619906123649999988e-13 1.233987290020000006e-13 9.646300770699999628e-14 7.032128590090000431e-14 4.654253904689999608e-14 2.543866894459999925e-14
1.261048541962000165e-13 1.197198459738000070e-13 1.123796099142000082e-13 1.047363792534000006e-13 9.895709236939999242e-14 9.898477225259999930e-14 9.968231310740000860e-14 4.758871546292999660e-14 1.820517650873000136e-14 1.452931932662999832e-13 1.358668380034999998e-13 1.254001884661000106e-13 1.147384976207999944e-13 1.067641130493999990e-13 1.052561075488999931e-13 1.043108852849999938e-13 4.958788736970000578e-14 1.837543488738000005e-14 2.004591393812999659e-13 1.897381412222000113e-13 1.780065507095000274e-13 1.662528690913000153e-13 1.579874619676000123e-13 1.587668244960000229e-13 1.586825351591000075e-13 7.088824440039999855e-14 2.338710443842999889e-14 2.719434415979000263e-13 2.600094374673999742e-13 2.471067980428999753e-13 2.344034265926999681e-13 2.262002145641999936e-13 2.307971396527999963e-13 7.321329860329999692e-13 9.909573995859999796e-14 3.005569072285999919e-14 2.950241316674999775e-13 2.826379775737999789e-13 2.693145828072999910e-13 2.561872861192999909e-13 2.481615958408999732e-13 2.543788421552999960e-13 2.570427976799000325e-13 1.061442061498999956e-13 3.033404204147999752e-14 9.532383727000000290e-14 8.051186351000000282e-14 6.469315789199999376e-14 4.875672784529999764e-14 3.670494489479999962e-14 2.883437544789999685e-14 2.326140815779999847e-14 1.692777192989999985e-14 1.044299060423000037e-14 1.116167298099999894e-13 9.431097298400000685e-14 7.612070400100000527e-14 5.801064962999999539e-14 4.456024804389999678e-14 3.584204071540000099e-14 2.942154351380000351e-14 2.129707422979999812e-14 1.279246417281000108e-14 1.394240811020000096e-13 1.197822074509999920e-13 9.937196461399999968e-14 7.924365764000000272e-14 6.458463747330000147e-14 5.570375310889999955e-14 4.896447571430000271e-14 3.208416838380000408e-14 1.752688417056999911e-14 1.339197083729999931e-13 1.134798532430000010e-13 9.231075056899999783e-14 7.147102791400000132e-14 5.626515920439999822e-14 4.646302292089999885e-14 3.884316082419999379e-14 2.782080063820000189e-14 1.613174979807999807e-14 1.312635199179999768e-13 1.107095932519999942e-13 8.950784492399999663e-14 6.869355387500000340e-14 5.355112240209999458e-14 4.381024645529999329e-14 3.639521985329999667e-14 2.622595733659999802e-14 1.545054552317999869e-14 1.648708666830000039e-13 1.412672019289999934e-13 1.172471005429999942e-13 9.392330208499999367e-14 7.731515626600000360e-14 6.737652076369999824e-14 5.957673595059999436e-14 3.879032702890000358e-14 2.083232367472999834e-14 1.581014320720000012e-13 1.334418933199999910e-13 1.084469122740000014e-13 8.423137166900000083e-14 6.695677977299999718e-14 5.591180436819999640e-14 4.709150872210000228e-14 3.360274289159999932e-14 1.922845953341999774e-14 2.068194977859999828e-13 1.794793548219999914e-13 1.520701689369999938e-13 1.257725102590000172e-13 1.074818708550000047e-13 9.743759583370000836e-14 8.927128500609999952e-14 5.431205514430000835e-14 2.716521799119999987e-14 1.997858128279999895e-13 1.711376859849999963e-13 1.425457165529999989e-13 1.151835113560000020e-13 9.611960028299999476e-14 8.484957762219999713e-14 7.555488167060000490e-14 4.868038149319999822e-14 2.547968859685999748e-14 1.912829179680000010e-13 1.612361006709999847e-13 1.313828401490000076e-13 1.028906460430000139e-13 8.299591684800000534e-14 7.037960099719999958e-14 5.982296060660000911e-14 4.229420530940000252e-14 2.362648203540000229e-14
6.217911042010000141e-14 5.898215585200000842e-14 5.525071282759999867e-14 5.130037010960000116e-14 4.807811597740000625e-14 4.629634793439999651e-14 4.758492408937999892e-14 4.869807205344000323e-14 1.964581078237999995e-14 7.043298013570000685e-14 6.583140046290000326e-14 6.062450157499999628e-14 5.521719204859999538e-14 5.091851333330000094e-14 4.852188327619999992e-14 4.958300894330000045e-14 5.033279572667999854e-14 1.987140797740999961e-14 9.131923568160000673e-14 8.613654265869999543e-14 8.034148270690001132e-14 7.438360337999999899e-14 6.978015388780001464e-14 6.761899538050000620e-14 7.088287242669999797e-14 7.380363138182000733e-14 2.631928726621000205e-14 1.176284689801999864e-13 1.119229197988999895e-13 1.055775472152999916e-13 9.911433283429999650e-14 9.427656721609999750e-14 9.257197186480000898e-14 9.909573995859999796e-14 2.433721508165499797e-13 3.490232166320000165e-14 1.236704760539000078e-13 1.177430810845000090e-13 1.111739328489000043e-13 1.044694811593999931e-13 9.960375850989999122e-14 9.812664064970000372e-14 1.061499154098999932e-13 1.145155767310799762e-13 3.592731380965999517e-14 5.229355390959999979e-14 4.526550483210000052e-14 3.758868237579999845e-14 2.972893307460000050e-14 2.364762398439999865e-14 1.960210630559999972e-14 1.693436394140000111e-14 1.428247095459000154e-14 9.520746161149999694e-15 6.116627234819999318e-14 5.307121400870000345e-14 4.434592943069999499e-14 3.549389945910000166e-14 2.873683500490000111e-14 2.426856191649999822e-14 2.130474844029999908e-14 1.814032276062999772e-14 1.180830675948000121e-14 7.573651211019999136e-14 6.664080882600000985e-14 5.693306769059999974e-14 4.715374776809999882e-14 3.977538850950000172e-14 3.497587800140000430e-14 3.209272559220000247e-14 2.867470416390000007e-14 1.675365028546999972e-14 7.332260483350000212e-14 6.388753689569999311e-14 5.384715799799999728e-14 4.375119021199999751e-14 3.614552666380000300e-14 3.115055893299999746e-14 2.782964132580000011e-14 2.393988620329999931e-14 1.509847767393999851e-14 7.162519074250000559e-14 6.218094330070000087e-14 5.215890811350000356e-14 4.209868982260000131e-14 3.453247179929999846e-14 2.955676602009999678e-14 2.623478447329999831e-14 2.248522577249999833e-14 1.438762958919000228e-14 8.881790102240000171e-14 7.810715837269999950e-14 6.686854977949999070e-14 5.567715886420000224e-14 4.737001827080000205e-14 4.200264156770000366e-14 3.880028502170000012e-14 3.480263172569999351e-14 2.003632859321999983e-14 8.593900053460000519e-14 7.479472843019999036e-14 6.314107896079999752e-14 5.156103592869999953e-14 4.297828861120000331e-14 3.736790269539999897e-14 3.361310199090000182e-14 2.903493802749999840e-14 1.809957063466999963e-14 1.096217467449000019e-13 9.739215044509999190e-14 8.471660397520000241e-14 7.220511847390000764e-14 6.304615979640000224e-14 5.725301467580000572e-14 5.432325223940000238e-14 5.018421727410000053e-14 2.676833233857999951e-14 1.066917995300000067e-13 9.393809045790000954e-14 8.076845691019999945e-14 6.779993591220000622e-14 5.832137772869999578e-14 5.224758473810000090e-14 4.869205958769999902e-14 4.389731687689999566e-14 2.470735147207999741e-14 1.032366692430000039e-13 8.992576827800000389e-14 7.623423764300000140e-14 6.278414962630000026e-14 5.296712161290000378e-14 4.658586617640000142e-14 4.230649348340000179e-14 3.674994946390000291e-14 2.242162556908999831e-14
2.551937101670000016e-14 2.424450011439999969e-14 2.271125007299999936e-14 2.102367011210000323e-14 1.954154221259999997e-14 1.853809898358000285e-14 1.820300695710999752e-14 1.964514775876000192e-14 2.138975901073000092e-14 2.813581110999999895e-14 2.638239456879999732e-14 2.431412461229999961e-14 2.208018904469999830e-14 2.015462781180000022e-14 1.886493233029999890e-14 1.837268885407999982e-14 1.987064276973000217e-14 2.177487526026999968e-14 3.374067412350000082e-14 3.179579978229999942e-14 2.952310849460000304e-14 2.708516947050000054e-14 2.500952967939999714e-14 2.367237486189999993e-14 2.338409124930000021e-14 2.631847401443000021e-14 3.045217566130999676e-14 4.086025257640000250e-14 3.873622636549999995e-14 3.627037263540000262e-14 3.363946780620000211e-14 3.142591896000000104e-14 3.006318549040000231e-14 3.005569072285999919e-14 3.490232166320000165e-14 8.822693398706999205e-14 4.132444782739999966e-14 3.912565164710000054e-14 3.658171403540000163e-14 3.385772290640000026e-14 3.162528374720000323e-14 3.024834017180000185e-14 3.033729678764999828e-14 3.592822170628000134e-14 4.474457165979999630e-14 2.464255716860000060e-14 2.209873530339999908e-14 1.918883907479999831e-14 1.608566227800000010e-14 1.351325734230000078e-14 1.167888163189999976e-14 1.044672160932000109e-14 9.521759584169999611e-15 8.118655219899999399e-15 2.852739442560000196e-14 2.565763188110000187e-14 2.240919302030000009e-14 1.896824597660000048e-14 1.614335570949999912e-14 1.413936233269999935e-14 1.279651275493000007e-14 1.180941841637999895e-14 1.014793117655000025e-14 3.463114187890000227e-14 3.145607457890000204e-14 2.789171585850000180e-14 2.413489606500000167e-14 2.107477415660000075e-14 1.892386747369999987e-14 1.753130788772999760e-14 1.675483234181999886e-14 1.510806541197000126e-14 3.378174784869999660e-14 3.050390537019999670e-14 2.683250160020000008e-14 2.296892494329999765e-14 1.982694448119999969e-14 1.761140481270000079e-14 1.613627623757000181e-14 1.509971968490000006e-14 1.310371572231999954e-14 3.300290582910000481e-14 2.973983766350000122e-14 2.608978663179999884e-14 2.225146855949999838e-14 1.913177779719999959e-14 1.692938325459999861e-14 1.545505057133000139e-14 1.438882115720000129e-14 1.242902844661000143e-14 4.000331746859999656e-14 3.637069559570000275e-14 3.234374667690000230e-14 2.813289691020000131e-14 2.473978541419999926e-14 2.236667726179999649e-14 2.083721761353999777e-14 2.003759630046000009e-14 1.814739439763999878e-14 3.905379314109999724e-14 3.529648046619999658e-14 3.114150999420000417e-14 2.680485479639999857e-14 2.331558955309999849e-14 2.086583506449999941e-14 1.923350886438999815e-14 1.810084660739000054e-14 1.575659919831999827e-14 4.816898560929999895e-14 4.410494977970000386e-14 3.964451145229999882e-14 3.500854031789999373e-14 3.130713732329999985e-14 2.874490985070000080e-14 2.717059852650000131e-14 2.676964352600999698e-14 2.511112490790999901e-14 4.723252670310000303e-14 4.302446817670000186e-14 3.841629770959999811e-14 3.363592574529999733e-14 2.982553101930000026e-14 2.717616146670000151e-14 2.548522027064999727e-14 2.470867937040999854e-14 2.253175067254999763e-14 4.617100134659999530e-14 4.181212979810000219e-14 3.704949315710000244e-14 3.211824122210000218e-14 2.819383840060000219e-14 2.545223510980000295e-14 2.363216560321000202e-14 2.242296461081000096e-14 1.963627891465999844e-14
3.091454441390000055e-12 2.341046841700000067e-12 1.517200541817000025e-12 8.755704668019999994e-13 4.688791838329999516e-13 2.484614100489999698e-13 1.321116733217000015e-13 6.466475618470000598e-14 2.627388785670000101e-14 3.685376625229999694e-12 2.744177619760000215e-12 1.745465387930000225e-12 9.931314984399998552e-13 5.334019294449999494e-13 2.866548875180000030e-13 1.531172423642999920e-13 7.370592236109999195e-14 2.912353285990000204e-14 5.743618848720000464e-12 4.108148944660000067e-12 2.504503475400000056e-12 1.404487562785000085e-12 7.674328746989999976e-13 4.176035175210000162e-13 2.164805234492999977e-13 9.715828395830001027e-14 3.521800179879999783e-14 8.496724996579998561e-12 5.904050730030000572e-12 3.488535616650000159e-12 1.949973762580000009e-12 1.082697155261000156e-12 5.899874747229999621e-13 2.950241316674999775e-13 1.236704760539000078e-13 4.132444782739999966e-14 2.044945824328490196e-09 7.086082177979999821e-12 4.149451909240000172e-12 2.325672464170000041e-12 1.300888633332999858e-12 7.048268319510000516e-13 3.445440927139999586e-13 1.397979182220000028e-13 4.514999263070000851e-14 1.861299378484999766e-12 1.457118712952000102e-12 1.032732617694000026e-12 6.190430016619999945e-13 3.318788922689999713e-13 1.744756972909999996e-13 9.820344761599999079e-14 5.377818817199999771e-14 2.534042995240000110e-14 2.183236285402999982e-12 1.694876430891999930e-12 1.192341906643999935e-12 7.093607075389999534e-13 3.811972558070000128e-13 2.032935052619999967e-13 1.156630770519999984e-13 6.328882612430000277e-14 2.950914417600000007e-14 2.489492577146000142e-12 1.921798655335000092e-12 1.346107651109000061e-12 7.979550448450000573e-13 4.307175577179999770e-13 2.328541295550000177e-13 1.337912723249999913e-13 7.318439550509999618e-14 3.379049340930000105e-14 2.886804463499999897e-12 2.222811298180000139e-12 1.541911802580000029e-12 9.097014517099999054e-13 4.913873378309999443e-13 2.669936291130000237e-13 1.532750261139999969e-13 8.316775532720000999e-14 3.783285460290000276e-14 2.604044794821000196e-12 2.000163638849999867e-12 1.393733330959000106e-12 8.211454084599999739e-13 4.419395610000000304e-13 2.386954924750000470e-13 1.367561288689999899e-13 7.451426451819999455e-14 3.431933391469999617e-14 3.005863249210000243e-12 2.292194614157999918e-12 1.587842365897999975e-12 9.305297891839999312e-13 5.027729690570000110e-13 2.748580540819999950e-13 1.585280341940000010e-13 8.614126634859999304e-14 3.924854262840000281e-14 3.516378530119999559e-12 2.672348803830000254e-12 1.830371216799999761e-12 1.066956200170000113e-12 5.768355797080000001e-13 3.166115125839999949e-13 1.820543324850000092e-13 9.789128060220000339e-14 4.385641760139999781e-14 3.501309183069999986e-12 2.647711364239999675e-12 1.821413478515999854e-12 1.060619794301999938e-12 5.750626906470000695e-13 3.177723456180000134e-13 1.840584708989999842e-13 9.955391227099999178e-14 4.483195733520000323e-14 4.127632421599999743e-12 3.107958315200000169e-12 2.111065628760000072e-12 1.222146973390000039e-12 6.629408051440000082e-13 3.673940653540000378e-13 2.116966816350000174e-13 1.130573773370000018e-13 4.998969764540000630e-14 4.835554730080000314e-12 3.623715925549999884e-12 2.432728391810000099e-12 1.401004722769999918e-12 7.604852378510000384e-13 4.223993469640000437e-13 2.420056831359999954e-13 1.276223286720000103e-13 5.544583440909999522e-14
2.340862759990000164e-12 2.128111759282999797e-12 1.452374107444000022e-12 8.315446811920000031e-13 4.448430043719999843e-13 2.362647335479999814e-13 1.255256910660999763e-13 6.136205330260000611e-14 2.496074981540000297e-14 2.743848754580000048e-12 2.459150605240000178e-12 1.644678818069999921e-12 9.266513133639998887e-13 4.980271242630000534e-13 2.686357937569999853e-13 1.433600133640000091e-13 6.893554442720000129e-14 2.731244872070000060e-14 4.107741345300000145e-12 3.736528120540000224e-12 2.415071137499999978e-12 1.332414048203000091e-12 7.275912527030001073e-13 3.970906887469999870e-13 2.053653060857000179e-13 9.177716613800000118e-14 3.320691866380000043e-14 5.903569134289999984e-12 5.438321161999999268e-12 3.425459932500000352e-12 1.873950999432000235e-12 1.038760566241999928e-12 5.671578939849999466e-13 2.826379775737999789e-13 1.177430810845000090e-13 3.912565164710000054e-14 7.086082177979999821e-12 5.116110179455899827e-10 4.109393937680000209e-12 2.250615764338000101e-12 1.255741221772999964e-12 6.812049666390000448e-13 3.317833713821000201e-13 1.337291645004000194e-13 4.290388340430000536e-14 1.457770064571999984e-12 1.155002212865000201e-12 8.292794777349999701e-13 5.066735080450000091e-13 2.759591088760000222e-13 1.459990544870000008e-13 8.290938490899999787e-14 4.656792451380000014e-14 2.273877212500000209e-14 1.695713010831999962e-12 1.334412462801000012e-12 9.520723450339999322e-13 5.782454175630000273e-13 3.160119896379999763e-13 1.698421275739999972e-13 9.775392585299999859e-14 5.497134044159999599e-14 2.657125326360000048e-14 1.922809419755000039e-12 1.506667265011999811e-12 1.071338019200000010e-12 6.492484581029999883e-13 3.568396730519999935e-13 1.947435946730000159e-13 1.134306234120000107e-13 6.382778691990000272e-14 3.053653913429999714e-14 2.223883271720000148e-12 1.776315110170000088e-12 1.257040329890000016e-12 7.556404045700000447e-13 4.146576923879999702e-13 2.273008843710000147e-13 1.320791485939999989e-13 7.345903243179999993e-14 3.447287553330000258e-14 2.001276588150000161e-12 1.561001981222999950e-12 1.104672764783000070e-12 6.655713192179999632e-13 3.645312796410000139e-13 1.986221853110000133e-13 1.154188288040000027e-13 6.478997330810000734e-14 3.097331247870000411e-14 2.293576334578000151e-12 1.778763366733000161e-12 1.252820244300999876e-12 7.519332484819999491e-13 4.138370109229999770e-13 2.285392038789999660e-13 1.339661780350000066e-13 7.509586318750000362e-14 3.551944599320000172e-14 2.673820926250000101e-12 2.117263025699999914e-12 1.481969058040000121e-12 8.812188361400000540e-13 4.840287595309999821e-13 2.681328205729999977e-13 1.563783668889999838e-13 8.639352195979999709e-14 3.999815988700000135e-14 2.649443396219999889e-12 2.040848814030000046e-12 1.429255133831000135e-12 8.536532346309999310e-13 4.717883967330000243e-13 2.636569979069999960e-13 1.555243437420000023e-13 8.691822624910001008e-14 4.065751622609999901e-14 3.109822978140000094e-12 2.449159997829999944e-12 1.702292982850000064e-12 1.006296577730000060e-12 5.547668570350000262e-13 3.105394913400000140e-13 1.817763561469999849e-13 9.987286360799999315e-14 4.566339639600000061e-14 3.625731431440000276e-12 2.907979615779999808e-12 2.006624318789999974e-12 1.175602962270000020e-12 6.470022916159999153e-13 3.625645947239999693e-13 2.105878491569999977e-13 1.138511288759999837e-13 5.096076856170000021e-14
1.516932576284999991e-12 1.452249470346999898e-12 1.308147462938000196e-12 7.964328465599999875e-13 4.185076620140000019e-13 2.221662125449999947e-13 1.179805661575000099e-13 5.751911848560000209e-14 2.338587664140000042e-14 1.745064226190000137e-12 1.644512533940000111e-12 1.460972515282000069e-12 8.712342722399999649e-13 4.595534227790000157e-13 2.484834954920000263e-13 1.325691658930000133e-13 6.355761604110000290e-14 2.518230618469999961e-14 2.504039835170000042e-12 2.414889941709999934e-12 2.208056348559999821e-12 1.288986883591999902e-12 6.858845418429999225e-13 3.745874248329999893e-13 1.932551866647999917e-13 8.578265996480000629e-14 3.086397979060000000e-14 3.488005048770000370e-12 3.425256322570000023e-12 3.204616167369999943e-12 1.849897671855999880e-12 9.944693666800000470e-13 5.425364675229999518e-13 2.693145828072999910e-13 1.111739328489000043e-13 3.658171403540000163e-14 4.149451909240000172e-12 4.109393937680000209e-12 1.308733568245400014e-10 2.241331527115000028e-12 1.211311480512000062e-12 6.559671728960000403e-13 3.181167283954000018e-13 1.270102530674999925e-13 4.030671915999999811e-14 1.033387320224000076e-12 8.295036322349999743e-13 6.077465935160000387e-13 3.814238209730000219e-13 2.136001251830000185e-13 1.152280429619999870e-13 6.660497390499999501e-14 3.870116922439999737e-14 1.976668437410000000e-14 1.193118817664000101e-12 9.523152027040000890e-13 6.944069029640000739e-13 4.343121762509999963e-13 2.445990435119999744e-13 1.343740781160000118e-13 7.896468559100000668e-14 4.601581561450000019e-14 2.325079922200000222e-14 1.346986470208999865e-12 1.071585612789999882e-12 7.797531326480000350e-13 4.877487257050000057e-13 2.769331368159999955e-13 1.548705296459999875e-13 9.231117896300000874e-14 5.385152362449999629e-14 2.688874441869999663e-14 1.542831821169999923e-12 1.257295361229999932e-12 9.464258194199999855e-13 5.909618091099999606e-13 3.323833274099999985e-13 1.859869803879999984e-13 1.101751892549999996e-13 6.313960095189999410e-14 3.071670114860000199e-14 1.394656429879000032e-12 1.104915699343000129e-12 8.004952730379999559e-13 4.979760893270000670e-13 2.815834173640000180e-13 1.570898400109999962e-13 9.345982916400000373e-14 5.448307740129999848e-14 2.723698575950000027e-14 1.588906111268000022e-12 1.253060416271000040e-12 9.048127776070001003e-13 5.620792704139999654e-13 3.200148099400000185e-13 1.812972482750000020e-13 1.090270451559999946e-13 6.351952506790000400e-14 3.139156831780000037e-14 1.831473693480000233e-12 1.482203961549999980e-12 1.110274499709999935e-12 6.874258574899999416e-13 3.870953882919999905e-13 2.189936899750000144e-13 1.304236543979999910e-13 7.438609990349999041e-14 3.573954926579999888e-14 1.822627898706000210e-12 1.429472005470999946e-12 1.027912023959999878e-12 6.370482821989999357e-13 3.648020999409999909e-13 2.094484626759999946e-13 1.269822152120000109e-13 7.383571808059999361e-14 3.607840543919999968e-14 2.112335619830000167e-12 1.702500373399999930e-12 1.272825058850000032e-12 7.849869912100000117e-13 4.439327687380000151e-13 2.539782355629999712e-13 1.519915740899999905e-13 8.627563901689999637e-14 4.093387385659999882e-14 2.434058767019999940e-12 2.006818689649999705e-12 1.547174033480000035e-12 9.497849378899999480e-13 5.320853610130000274e-13 3.034934239549999830e-13 1.794837068229999883e-13 9.971301865920000151e-14 4.607224702160000132e-14
8.741619370139999778e-13 8.305147900230000242e-13 7.957751932109999648e-13 7.251866372160000175e-13 4.033572766999999985e-13 2.080251286939999818e-13 1.100895265793000037e-13 5.343488300020000198e-14 2.164580654850000034e-14 9.908531416809999131e-13 9.250041190239998936e-13 8.702020056550000742e-13 7.833307889370000368e-13 4.329575415359999983e-13 2.282194236209999834e-13 1.215235129825999888e-13 5.795153966579999472e-14 2.287376798900000175e-14 1.401805872056000085e-12 1.330492571315000229e-12 1.287789535776999994e-12 1.204879055822999989e-12 6.651268387810000545e-13 3.526864553759999840e-13 1.810854492234000002e-13 7.960211481820000005e-14 2.834116260479999885e-14 1.946913481210000104e-12 1.871772500227000130e-12 1.848539323030999678e-12 1.775376419230000032e-12 9.822908220889998818e-13 5.194932043529999772e-13 2.561872861192999909e-13 1.044694811593999931e-13 3.385772290640000026e-14 2.325672464170000041e-12 2.250615764338000101e-12 2.241331527115000028e-12 3.431069959180700118e-11 1.206520833051999906e-12 6.332744617149999823e-13 3.049230106055999877e-13 1.202284384675999897e-13 3.754785883389999946e-14 6.229636264019999268e-13 5.094352438949999339e-13 3.831439984200000178e-13 2.513368251970000021e-13 1.484281263299999807e-13 8.386744106100000120e-14 5.033628691480000196e-14 3.070801078109999796e-14 1.661757710630000122e-14 7.141467648490000693e-13 5.815800262930000701e-13 4.363843342110000158e-13 2.865392301389999760e-13 1.709950005899999963e-13 9.876350219199999827e-14 6.044955687700000758e-14 3.700521633320000450e-14 1.975549436689999858e-14 8.035450659849999917e-13 6.531136930430000291e-13 4.901502754049999708e-13 3.232346507319999984e-13 1.954029461290000056e-13 1.152937984700000121e-13 7.168781571500000136e-14 4.388394336680000141e-14 2.306865280860000317e-14 9.155700749799999888e-13 7.596885857799999533e-13 5.934676853200000011e-13 4.187753644269999929e-13 2.506497710870000178e-13 1.453251064590000004e-13 8.886446489200000407e-14 5.285403753549999554e-14 2.678907782999999905e-14 8.271262322600000245e-13 6.696776657380000161e-13 5.005142754369999608e-13 3.283216964359999701e-13 1.975567877350000044e-13 1.161725271509999977e-13 7.213580091400000073e-14 4.422651011110000348e-14 2.333327960130000141e-14 9.376377879540001455e-13 7.567604153119999212e-13 5.650557862939999587e-13 3.717331423719999686e-13 2.261525008120000054e-13 1.353688176119999941e-13 8.507009445200000005e-14 5.209307447990000146e-14 2.710580101630000195e-14 1.074452521069999857e-12 8.862951179199999650e-13 6.905542671800000512e-13 4.882285175100000029e-13 2.929489523170000219e-13 1.716560819239999880e-13 1.055942261520000077e-13 6.256793389869999659e-14 3.132661122649999792e-14 1.069170664732000022e-12 8.593965870210000258e-13 6.405553751989999501e-13 4.222489650329999540e-13 2.592794582089999913e-13 1.575156917459999782e-13 9.988476287300001463e-14 6.103878437249999548e-14 3.135417513549999927e-14 1.231217609899999995e-12 1.012297992170000102e-12 7.886919018200000341e-13 5.602066448299999801e-13 3.380392389280000047e-13 2.003230801020000175e-13 1.238546340919999967e-13 7.302101337940000330e-14 3.606365452990000692e-14 1.410671427979999846e-12 1.181972616950000015e-12 9.537091500400000154e-13 7.147840024100000007e-13 4.260182798400000181e-13 2.480262574020000241e-13 1.502493882540000092e-13 8.597235425040000537e-14 4.104831125149999573e-14
4.688153236720000411e-13 4.447909557319999646e-13 4.184910774559999923e-13 4.035190173320000008e-13 3.837186435710000434e-13 2.043313527821000090e-13 1.042683304311000061e-13 5.016878013839999866e-14 2.014957673750000052e-14 5.334069262040000427e-13 4.980422245160000218e-13 4.595794234450000270e-13 4.332199467080000048e-13 4.076348107849999859e-13 2.196104215370000132e-13 1.134613360019999984e-13 5.358261511360000289e-14 2.093017255160000023e-14 7.674528840979999880e-13 7.276186686800000653e-13 6.859145310910000162e-13 6.654454279840000803e-13 6.449404649609999914e-13 3.471991088169999992e-13 1.728060102431999825e-13 7.494229718880000243e-14 2.624689322449999966e-14 1.082753518010999968e-12 1.038822188671000032e-12 9.945235142969998938e-13 9.826603228580000125e-13 9.677529748519999925e-13 5.189594692700000828e-13 2.481615958408999732e-13 9.960375850989999122e-14 3.162528374720000323e-14 1.300888633332999858e-12 1.255741221772999964e-12 1.211311480512000062e-12 1.206520833051999906e-12 9.244098907327999036e-12 6.371846220539999453e-13 2.974173183071999551e-13 1.153396297208999967e-13 3.524881233540000427e-14 3.317676650289999850e-13 2.758471622950000254e-13 2.135006939810000014e-13 1.479595449790000002e-13 9.548245831300000149e-14 5.916201328600000120e-14 3.788401162629999994e-14 2.442823788449999857e-14 1.395367566999999917e-14 3.810094411149999939e-13 3.158337522149999722e-13 2.444591431720000354e-13 1.704247811050000230e-13 1.120531982129999967e-13 7.125467296799999987e-14 4.651333912020000499e-14 3.001454577960000506e-14 1.682819974050000059e-14 4.304578035519999921e-13 3.565989728320000336e-13 2.767557671640000272e-13 1.947070142769999925e-13 1.306616999450000043e-13 8.511139173399999495e-14 5.635872406170000009e-14 3.622776074879999887e-14 1.989324478629999832e-14 4.910997870099999712e-13 4.143929304429999793e-13 3.321913491500000199e-13 2.499199112890000196e-13 1.848265996470000044e-13 1.156903608109999981e-13 7.317976420269999495e-14 4.499074528609999406e-14 2.353395672689999842e-14 4.416243926359999650e-13 3.642458099740000256e-13 2.813817160940000370e-13 1.968156045899999987e-13 1.314052131949999936e-13 8.523818051899999343e-14 5.639395408249999614e-14 3.638360668110000597e-14 2.009746501899999857e-14 5.023186610839999355e-13 4.134294796600000200e-13 3.197330009290000198e-13 2.252720639500000171e-13 1.530414818740000014e-13 1.012010954270000066e-13 6.762803046000000243e-14 4.344840457629999672e-14 2.357679851940000295e-14 5.763318832979999435e-13 4.835819443839999683e-13 3.867924143090000153e-13 2.920209838320000177e-13 2.187895169610000039e-13 1.381102236949999837e-13 8.771423358400000202e-14 5.367369790750000359e-14 2.770438218369999859e-14 5.744342197979999898e-13 4.712396363730000521e-13 3.644440283190000190e-13 2.582205649719999841e-13 1.780766578479999765e-13 1.195839910779999925e-13 8.044507321800000496e-14 5.146106201159999815e-14 2.749566965389999718e-14 6.622493192030000713e-13 5.541671882849999979e-13 4.435480376699999959e-13 3.369177147970000185e-13 2.557983205359999912e-13 1.630802888360000234e-13 1.038948253350000025e-13 6.315562204910000136e-14 3.209927800030000143e-14 7.597222430750000222e-13 6.463443476139999842e-13 5.316698139620000184e-13 4.248274034429999875e-13 3.428868288279999743e-13 2.116134804720000148e-13 1.297535034590000017e-13 7.580706851609999642e-14 3.697598494040000067e-14
2.484077556679999983e-13 2.362046478229999738e-13 2.221032324170000095e-13 2.080494345919999928e-13 2.043088364416000154e-13 2.025290133379000148e-13 1.045101659084999947e-13 4.837589766400000586e-14 1.912934533130000093e-14 2.866428292710000174e-13 2.686034764380000020e-13 2.484351908269999897e-13 2.282999945820000029e-13 2.195920517910000101e-13 2.146624745283000094e-13 1.121568154981000010e-13 5.116436154140000122e-14 1.961418508540000082e-14 4.176274913560000394e-13 3.970854799929999974e-13 3.745592226850000314e-13 3.527945309430000186e-13 3.471831443510000175e-13 3.434255315327000078e-13 1.743552499937000287e-13 7.284801693139999673e-14 2.488909528769999926e-14 5.900447943489999514e-13 5.671774083970000184e-13 5.425226358899999728e-13 5.196232003229999844e-13 5.189369826959999443e-13 5.161240323457999744e-13 2.543788421552999960e-13 9.812664064970000372e-14 3.024834017180000185e-14 7.048268319510000516e-13 6.812049666390000448e-13 6.559671728960000403e-13 6.332744617149999823e-13 6.371846220539999453e-13 2.662231605736400382e-12 3.075942635870999985e-13 1.144027758114999850e-13 3.389868145580000374e-14 1.743357729670000068e-13 1.459159585490000163e-13 1.152022407860000078e-13 8.367412148100000531e-14 5.918134281599999680e-14 4.233332912300000776e-14 2.983819596480000277e-14 2.030035321000000358e-14 1.208574181980000039e-14 2.030542963269999979e-13 1.696845898640000104e-13 1.343038531049999866e-13 9.850804789399998958e-14 7.127047940299999790e-14 5.250242727799999972e-14 3.758374850310000214e-14 2.544860654219999719e-14 1.478490309900000080e-14 2.325277281320000068e-13 1.945211921609999985e-13 1.547628808879999965e-13 1.149647298370000223e-13 8.512381177200000330e-14 6.439833824800000079e-14 4.657833726559999890e-14 3.125154125530000100e-14 1.768702756480000111e-14 2.666341720639999969e-13 2.270538076180000241e-13 1.858656192919999888e-13 1.449351210520000196e-13 1.157025305629999944e-13 9.540065631299999961e-14 6.381143082120000206e-14 3.994941680250000159e-14 2.128757994689999939e-14 2.383080435670000250e-13 1.983552281249999968e-13 1.569572079399999892e-13 1.157738064849999940e-13 8.524838416700000166e-14 6.418626300799999591e-14 4.639250354420000171e-14 3.128717253550000240e-14 1.784958391859999920e-14 2.742844039470000161e-13 2.281256081689999981e-13 1.810659940789999962e-13 1.348838645919999851e-13 1.012069328070000001e-13 7.781333014700000634e-14 5.660119624789999930e-14 3.785806521579999760e-14 2.113996744029999898e-14 3.159854113290000058e-13 2.676810259079999676e-13 2.187412378490000338e-13 1.711407323999999977e-13 1.381143024120000128e-13 1.152311598059999919e-13 7.717289626120000896e-14 4.800811459250000334e-14 2.522098726279999960e-14 3.170026663250000144e-13 2.631009747540000170e-13 2.091401465730000029e-13 1.569228758489999957e-13 1.195752334780000041e-13 9.346234069399999804e-14 6.825014782220000181e-14 4.529687097059999518e-14 2.484150229649999992e-14 3.665506656399999881e-13 3.099299944400000180e-13 2.536409874709999910e-13 1.996902836260000146e-13 1.630694870240000049e-13 1.375243688389999954e-13 9.225881836589999255e-14 5.691251554189999882e-14 2.939386243659999717e-14 4.214761349799999984e-13 3.618992619820000338e-13 3.031255277190000101e-13 2.473517672389999817e-13 2.115999430709999992e-13 1.867011812449999875e-13 1.187864633854000058e-13 6.949472340610000648e-14 3.421765564690000615e-14
1.320086929843000137e-13 1.254442040528999966e-13 1.179143686962000114e-13 1.100938806398000044e-13 1.042393694177999956e-13 1.044961110389999919e-13 1.053495050283000075e-13 4.986239169567999904e-14 1.880570193453999856e-14 1.529688051963000066e-13 1.432456678415000150e-13 1.324799715051000074e-13 1.215432776813999902e-13 1.134253808706999998e-13 1.121375884124000046e-13 1.112952982648000109e-13 5.245076257530000289e-14 1.913515136877999967e-14 2.162887735257999946e-13 2.052132630144000214e-13 1.931334896541000140e-13 1.810837123760000214e-13 1.727686748610999945e-13 1.743331921718000275e-13 1.746363541211000077e-13 7.681430238390000347e-14 2.465554646753000187e-14 2.948171707668000043e-13 2.824758857912000244e-13 2.691853778179000036e-13 2.561914547850000005e-13 2.481159471787999926e-13 2.543545949227000208e-13 2.570427976799000325e-13 1.061499154098999932e-13 3.033729678764999828e-14 3.445440927139999586e-13 3.317833713821000201e-13 3.181167283954000018e-13 3.049230106055999877e-13 2.974173183071999551e-13 3.075942635870999985e-13 8.460532174159999645e-13 1.254083917555999909e-13 3.421397053006000706e-14 9.844065097499999854e-14 8.308955806199999266e-14 6.674414339099999961e-14 5.031355085420000148e-14 3.793427740099999998e-14 2.986778151000000008e-14 2.414239075990000131e-14 1.757763066110000017e-14 1.082961429968999944e-14 1.159250768249999938e-13 9.794744923000000811e-14 7.911221690000000480e-14 6.040718085399999753e-14 4.657144641279999604e-14 3.761865691929999989e-14 3.097870471690000128e-14 2.241924157030000058e-14 1.341581860847000092e-14 1.340758357059999847e-13 1.136359752700000090e-13 9.246685059699999513e-14 7.162703701900000222e-14 5.642079696639999956e-14 4.661716824890000414e-14 3.899164118920000280e-14 2.794864324820000233e-14 1.621721544507999809e-14 1.535668748289999816e-13 1.322881449239999885e-13 1.103333577690000035e-13 8.879768106300000205e-14 7.324368051100000476e-14 6.385191907279999925e-14 5.638056099170000496e-14 3.693989408159999773e-14 1.984336559025000150e-14 1.370465670589999800e-13 1.156253842149999943e-13 9.361358381300000788e-14 7.206613594600000105e-14 5.645835067419999834e-14 4.643342755919999929e-14 3.872142387930000317e-14 2.788583765700000297e-14 1.634514372441000196e-14 1.588450411190000110e-13 1.341854864819999949e-13 1.091904390949999972e-13 8.497462194900000749e-14 6.769887496399999675e-14 5.664851084720000312e-14 4.778717377710000053e-14 3.412408753560000202e-14 1.951510224442000019e-14 1.823797632839999979e-13 1.566005889860000013e-13 1.305890277770000033e-13 1.054894059870000077e-13 8.778745020800000472e-14 7.722245963720000153e-14 6.854016180189999981e-14 4.465070532959999881e-14 2.363021345712999980e-14 1.844054387919999857e-13 1.557548989329999865e-13 1.271536666979999842e-13 9.975416153300001074e-14 8.052497100200001015e-14 6.830567282319999310e-14 5.809445377459999907e-14 4.117648626319999784e-14 2.307859415285999965e-14 2.120552108859999988e-13 1.820107497110000149e-13 1.521665504319999969e-13 1.237108558010000117e-13 1.039779378300000027e-13 9.231713346220000044e-14 8.231625823860000670e-14 5.325997907140000474e-14 2.767366911740000207e-14 2.423763876250000040e-13 2.108271064740000120e-13 1.796623318500000280e-13 1.500923703920000134e-13 1.298401008729999887e-13 1.188475563714000099e-13 1.091143784113999952e-13 6.640464508440001653e-14 3.255061045930000085e-14
6.457481761540000377e-14 6.129285763589999940e-14 5.747031455470000370e-14 5.342717889710000132e-14 5.014570337170000324e-14 4.836539092080000260e-14 4.985849738040999703e-14 5.118857755997000244e-14 2.038176748508999673e-14 7.357218214470000559e-14 6.883420154079999913e-14 6.348735235650000053e-14 5.794340894550000012e-14 5.355359933150000014e-14 5.114999951870000316e-14 5.244574576089999787e-14 5.342149720705999876e-14 2.080047829311999954e-14 9.700616180400000264e-14 9.166302513570000648e-14 8.570440945730000201e-14 7.959392533050000218e-14 7.490937554999999373e-14 7.283164862690000890e-14 7.680891550630000663e-14 8.051378221848000362e-14 2.801244165776000201e-14 1.235021395229000015e-13 1.176180230371000061e-13 1.110888505432999930e-13 1.044628942001999985e-13 9.956895098380000760e-14 9.810872438320000208e-14 1.061442061498999956e-13 1.145155767310799762e-13 3.592822170628000134e-14 1.397979182220000028e-13 1.337291645004000194e-13 1.270102530674999925e-13 1.202284384675999897e-13 1.153396297208999967e-13 1.144027758114999850e-13 1.254083917555999909e-13 2.840069917893000281e-13 4.128448816540999703e-14 5.398273144040000416e-14 4.671718182750000477e-14 3.880229471389999697e-14 3.071193587470000429e-14 2.446919791109999996e-14 2.032237251360000073e-14 1.758443657640000057e-14 1.484506460125000043e-14 9.885643492610001133e-15 6.352665665180000007e-14 5.514176479379999822e-14 4.612958183149999941e-14 3.700529614020000102e-14 3.006043921209999976e-14 2.547460842950000052e-14 2.242722304530000326e-14 1.912873110986999821e-14 1.241153385740000049e-14 7.345379034050000007e-14 6.401872036869999806e-14 5.397833302599999508e-14 4.388233013599999405e-14 3.627652077480000197e-14 3.128094556900000088e-14 2.795748393580000055e-14 2.405715323530000011e-14 1.518270090393999834e-14 8.344823834079999213e-14 7.365726453850000513e-14 6.327075208570000134e-14 5.285171031140000706e-14 4.504149262650000173e-14 3.998005332100000454e-14 3.694902588479999926e-14 3.308741539209999900e-14 1.908957238236999874e-14 7.479679918710000633e-14 6.498890839259999588e-14 5.461462976860000361e-14 4.422397937519999569e-14 3.643445982230000052e-14 3.131805459599999806e-14 2.789499264990000125e-14 2.395746493280000192e-14 1.526258750939999775e-14 8.646632390060000654e-14 7.532204856419999481e-14 6.366838549280000852e-14 5.208828475870000294e-14 4.350529561019999393e-14 3.789388828139999820e-14 3.413444663490000452e-14 2.951160984250000035e-14 1.838814797766999834e-14 9.822978469749999805e-14 8.662786867529999621e-14 7.454002362489999612e-14 6.256194700719999997e-14 5.373241044839999612e-14 4.804558294549999926e-14 4.466135818859999826e-14 4.013059512130000041e-14 2.285567367805000153e-14 9.993061647000000727e-14 8.717662982990000711e-14 7.400538105620000036e-14 6.103051162720000200e-14 5.152547561369999867e-14 4.533824070009999953e-14 4.118816435769999864e-14 3.578919868289999516e-14 2.189964994507999917e-14 1.134571876420000069e-13 1.001465724279999991e-13 8.645667286600000134e-14 7.301299950130000713e-14 6.322270298589999511e-14 5.695584267140000416e-14 5.327226724540000402e-14 4.802942475290000662e-14 2.692273963108999850e-14 1.280432144860000049e-13 1.141381834680000110e-13 9.990225343499999171e-14 8.596557161609999557e-14 7.587709469130000971e-14 6.954007390469999742e-14 6.641753665770001715e-14 6.141860492619998962e-14 3.229135317886000116e-14
2.624766285049999709e-14 2.494197530159999917e-14 2.337343206299999983e-14 2.165305768570000251e-14 2.014113705660000030e-14 1.912502962884999852e-14 1.880349181555999920e-14 2.038112827415999905e-14 2.233910866424000004e-14 2.908685695129999705e-14 2.728693088980000017e-14 2.516831583409999754e-14 2.288378343730000033e-14 2.091773516070000190e-14 1.960857582819999965e-14 1.913232558150000070e-14 2.079972064493000217e-14 2.295905529638999938e-14 3.517662512439999784e-14 3.317834087389999667e-14 3.084808835559999834e-14 2.835242510939999948e-14 2.623372849889999961e-14 2.488293719220000064e-14 2.465249484697999895e-14 2.801158563542000026e-14 3.286186339972000217e-14 4.127818131579999835e-14 3.909376188859999603e-14 3.656364515219999987e-14 3.386949792060000189e-14 3.161075175179999366e-14 3.024159888960000333e-14 3.033404204147999752e-14 3.592731380965999517e-14 4.474457165979999630e-14 4.514999263070000851e-14 4.290388340430000536e-14 4.030671915999999811e-14 3.754785883389999946e-14 3.524881233540000427e-14 3.389868145580000374e-14 3.421397053006000706e-14 4.128448816540999703e-14 1.016438217834300046e-13 2.539813565989999981e-14 2.277855790789999970e-14 1.978914347609999761e-14 1.660503659230000004e-14 1.397045279849999986e-14 1.209408837650000043e-14 1.083341788182999915e-14 9.886660119470000234e-15 8.435677720049999836e-15 2.957738098010000235e-14 2.661842275770000133e-14 2.327671888380000008e-14 1.974206603249999652e-14 1.684595985810000063e-14 1.479421185349999904e-14 1.341995809036000062e-14 1.241266238781999984e-14 1.068024629267000054e-14 3.386745834570000460e-14 3.058961574520000251e-14 2.691821147119999841e-14 2.305463267929999874e-14 1.991264298919999991e-14 1.769706321770000176e-14 1.622174188457000183e-14 1.518394291489999989e-14 1.317767552931999953e-14 3.791276775669999896e-14 3.452794501719999799e-14 3.074711352970000147e-14 2.677474890829999929e-14 2.355406579600000005e-14 2.129790556719999956e-14 1.984794465920999956e-14 1.909085085564999893e-14 1.727205863739999996e-14 3.439911021220000500e-14 3.102827259179999593e-14 2.726742739299999808e-14 2.331907763720000201e-14 2.011740846600000024e-14 1.786000365810000173e-14 1.634976398764999689e-14 1.526381321502999726e-14 1.320624805718999850e-14 3.933948128610000084e-14 3.558216931720000353e-14 3.142720174520000113e-14 2.709055817140000101e-14 2.360133840209999874e-14 2.115176709550000044e-14 1.952015157539000060e-14 1.838942395038999925e-14 1.601500953732000281e-14 4.395116647430000316e-14 4.006338612579999991e-14 3.577663475630000259e-14 3.131087586520000507e-14 2.772974252479999888e-14 2.523337713429999831e-14 2.363538760983999979e-14 2.285695678352999985e-14 2.075507875306999957e-14 4.493585843610000100e-14 4.072896864270000256e-14 3.611934669759999729e-14 3.133782597329999507e-14 2.752301111529999800e-14 2.485503608770000029e-14 2.308412582664999944e-14 2.190097784341000031e-14 1.917019442754999682e-14 5.009786737360000123e-14 4.573784615210000512e-14 4.097669692510000546e-14 3.604676962710000638e-14 3.212750093559999553e-14 2.940742860179999770e-14 2.767935268521000180e-14 2.692407867281000115e-14 2.455947284465999875e-14 5.555817803829999708e-14 5.103812805329999811e-14 4.611716022649999939e-14 4.103111019460000593e-14 3.700475425680000079e-14 3.423191072750000316e-14 3.255651166109999619e-14 3.229269755012000386e-14 3.038720335901999712e-14
9.317349903117999177e-13 7.516770510788000262e-13 5.501247930530999534e-13 3.438347528505999746e-13 1.856557824506000028e-13 9.408995727429999510e-14 5.052680351250000424e-14 2.735629160650000082e-14 1.308537640609999977e-14 2.023517351730000117e-12 1.586329466399999936e-12 1.101405553689999908e-12 6.595876992710000359e-13 3.516654859949999823e-13 1.841379239819999926e-13 1.019516408684000008e-13 5.452182013299999670e-14 2.493390225789999737e-14 1.605024649122999950e-12 1.264999570655000096e-12 9.028331133200000149e-13 5.485772847420000232e-13 2.931272590770000228e-13 1.531401717779999869e-13 8.591483865799999763e-14 4.715304156529999792e-14 2.232327788740000095e-14 1.796684090616999827e-12 1.409254633656999986e-12 1.000600518134999993e-12 6.043391160079999940e-13 3.221032673179999884e-13 1.690467817700000254e-13 9.532383727000000290e-14 5.229355390959999979e-14 2.464255716860000060e-14 1.861299378484999766e-12 1.457770064571999984e-12 1.033387320224000076e-12 6.229636264019999268e-13 3.317676650289999850e-13 1.743357729670000068e-13 9.844065097499999854e-14 5.398273144040000416e-14 2.539813565989999981e-14 1.611629428885019978e-09 3.531304629829999637e-12 2.325156764509999925e-12 1.331658509769999998e-12 7.110799671490000199e-13 3.866391671840000125e-13 2.175963087809999985e-13 1.130598396387000049e-13 4.834584605789999901e-14 4.300011783019999287e-12 3.247570918439999919e-12 2.149319648100000236e-12 1.233389985870000063e-12 6.622735468679999558e-13 3.628754522279999873e-13 2.061338334389999946e-13 1.081509568877000049e-13 4.680365772349999693e-14 5.123836468919999234e-12 3.832614143570000099e-12 2.505031790219999774e-12 1.425579908879999974e-12 7.663870557019999588e-13 4.223983399220000272e-13 2.392712281839999814e-13 1.239509107156999932e-13 5.267312536439999801e-14 5.429711426540000182e-12 4.047495777099999383e-12 2.634225495579999981e-12 1.495390305409999832e-12 8.043624242029999728e-13 4.439404391420000395e-13 2.509848709759999681e-13 1.293601020613000060e-13 5.461822599709999819e-14 3.182341230469999836e-12 2.427460006121999901e-12 1.677248711177999997e-12 9.799011889339999603e-13 5.283726745799999816e-13 2.914475149339999682e-13 1.711054082500000009e-13 9.450380892950000911e-14 4.327290168160000204e-14 3.673525227339999915e-12 2.782813786285000219e-12 1.909267249688000266e-12 1.106538909650999964e-12 5.961358278140000193e-13 3.310193547139999893e-13 1.948907784570000111e-13 1.072113718140000003e-13 4.863384141860000183e-14 3.842327092750000017e-12 2.904477707001999920e-12 1.988354107046000035e-12 1.149553237039000022e-12 6.190006512189999325e-13 3.443327047690000138e-13 2.028268939249999987e-13 1.114092694830000073e-13 5.038521356489999757e-14 4.271302490420000480e-12 3.211592675130000218e-12 2.186809822075000041e-12 1.256741508807000072e-12 6.764995130380000238e-13 3.781831566250000028e-13 2.230795739110000140e-13 1.220999231909999866e-13 5.480638287080000439e-14 4.477825480760000633e-12 3.359088547679999861e-12 2.281829407579999839e-12 1.307792361676000049e-12 7.037561646400000818e-13 3.941029194779999967e-13 2.325189353749999618e-13 1.270275612319999973e-13 5.682529638509999886e-14 4.697829100819999602e-12 3.515769823419999780e-12 2.382480489810000049e-12 1.361719655039999939e-12 7.325631827830000153e-13 4.109364325030000285e-13 2.424693443050000234e-13 1.322019247150000117e-13 5.893244498499999554e-14
7.514541838487999243e-13 6.115456965900999879e-13 4.523425508019000333e-13 2.869204243551999859e-13 1.571103389331999854e-13 7.993458518679999794e-14 4.290619425129999778e-14 2.357379609739999857e-14 1.161130306890000072e-14 1.585909383899999816e-12 1.338852475959999960e-12 9.543430351600000412e-13 5.754625652670000481e-13 3.095681229500000052e-13 1.628764885129999927e-13 9.044550631289999644e-14 4.895817586769999937e-14 2.286008033320000128e-14 1.264476700905000005e-12 1.007994716686999968e-12 7.284878221379999287e-13 4.506260758339999811e-13 2.447500357320000052e-13 1.286874853579999948e-13 7.270111591500000696e-14 4.083342188670000122e-14 2.000719264740000312e-14 1.408635979626999993e-12 1.118069557644999963e-12 8.041765752350000272e-13 4.947390028179999737e-13 2.680887034800000092e-13 1.416286281279999828e-13 8.051186351000000282e-14 4.526550483210000052e-14 2.209873530339999908e-14 1.457118712952000102e-12 1.155002212865000201e-12 8.295036322349999743e-13 5.094352438949999339e-13 2.758471622950000254e-13 1.459159585490000163e-13 8.308955806199999266e-14 4.671718182750000477e-14 2.277855790789999970e-14 3.531304629829999637e-12 4.305370631571899700e-10 2.096592080649999863e-12 1.202346204279999954e-12 6.450143557380000259e-13 3.523681137989999739e-13 1.991522032729999732e-13 1.044729682793999963e-13 4.530490960000000599e-14 3.248660253580000286e-12 2.733131514539999604e-12 1.869994142549999998e-12 1.078552003570000076e-12 5.841425446220000564e-13 3.222263969879999917e-13 1.843515114530000087e-13 9.816404685560000077e-14 4.334800206580000470e-14 3.833929412239999590e-12 3.231606122750000056e-12 2.187728578949999869e-12 1.249655680699999896e-12 6.774197259050000098e-13 3.758436015160000206e-13 2.143806766429999895e-13 1.126559618431000129e-13 4.883034927450000387e-14 4.048889693160000253e-12 3.416401525729999750e-12 2.304402772300000229e-12 1.312337028800000020e-12 7.117014365379999624e-13 3.953665268730000192e-13 2.250332612980000084e-13 1.176214689643000071e-13 5.064384109420000311e-14 2.428896826702000109e-12 1.882136101342000040e-12 1.320765813325999862e-12 7.901545471929999738e-13 4.343315236009999919e-13 2.423811094720000105e-13 1.449771728639999781e-13 8.273978556459999645e-14 3.931091976130000200e-14 2.784576380664999904e-12 2.144329012449000203e-12 1.495017217096000096e-12 8.880809482170000036e-13 4.877754648250000005e-13 2.741346105140000359e-13 1.647070310159999900e-13 9.378547563699999119e-14 4.419460174339999720e-14 2.906354316222000237e-12 2.233757901909999985e-12 1.554190737759000111e-12 9.211028163769999647e-13 5.057149716619999980e-13 2.847516700349999667e-13 1.712496695539999795e-13 9.741637721799999979e-14 4.578459988499999619e-14 3.213771727310000142e-12 2.458178177689999924e-12 1.701903351058000115e-12 1.003252449817000014e-12 5.506775580789999693e-13 3.117170600740000075e-13 1.879602924029999930e-13 1.066857943790000028e-13 4.981004304630000387e-14 3.361415654009999895e-12 2.565672048529999768e-12 1.772436198086000085e-12 1.042243779089000113e-12 5.718843868099999926e-13 3.243130149869999783e-13 1.956941566389999829e-13 1.109313983760000124e-13 5.163995135770000094e-14 3.518257254539999798e-12 2.679557083770000158e-12 1.846959804969999927e-12 1.083335148769999932e-12 5.942383255830000085e-13 3.375967576110000264e-13 2.038291908390000034e-13 1.153831863530000115e-13 5.354864038139999922e-14
5.498173356190999875e-13 4.522021843209000257e-13 3.396489052095000355e-13 2.198350548504999919e-13 1.231342100263999946e-13 6.349670506349999677e-14 3.426346633329999732e-14 1.921916823700000042e-14 9.846660329300000021e-15 1.100926601020000020e-12 9.541571169599999339e-13 7.703305848300000707e-13 4.839612014940000412e-13 2.621323390839999832e-13 1.392862184430000173e-13 7.787788121359999497e-14 4.276165868489999707e-14 2.045033854489999963e-14 9.022681961399999634e-13 7.282769627479999620e-13 5.366209720880000630e-13 3.403668074339999612e-13 1.900707719819999907e-13 1.018663059000000110e-13 5.845062613769999445e-14 3.387146101909999547e-14 1.733881451770000088e-14 9.999682143950001088e-13 8.039555074350000132e-13 5.899449599330000103e-13 3.724748944849999817e-13 2.076765611880000047e-13 1.118972875650000000e-13 6.469315789199999376e-14 3.758868237579999845e-14 1.918883907479999831e-14 1.032732617694000026e-12 8.292794777349999701e-13 6.077465935160000387e-13 3.831439984200000178e-13 2.135006939810000014e-13 1.152022407860000078e-13 6.674414339099999961e-14 3.880229471389999697e-14 1.978914347609999761e-14 2.325156764509999925e-12 2.096592080649999863e-12 1.150832172700299904e-10 1.079563001380000008e-12 5.755593710150000112e-13 3.162885455300000099e-13 1.798234335090000079e-13 9.524204712660000523e-14 4.189091747969999697e-14 2.150271793180000170e-12 1.870262386499999945e-12 1.527389408630000044e-12 9.249955049099999491e-13 5.018958912040000369e-13 2.800566878560000033e-13 1.618679718400000076e-13 8.757116364610000085e-14 3.950467905050000272e-14 2.506110328740000101e-12 2.187996822999999813e-12 1.798131347589999900e-12 1.079655555049999963e-12 5.851052029080000670e-13 3.281705468500000178e-13 1.889716049480000149e-13 1.007917355063999958e-13 4.458087555460000528e-14 2.635350999870000010e-12 2.304674374310000319e-12 1.898968713960000034e-12 1.137039768659999920e-12 6.159913712670000030e-13 3.458246536040000220e-13 1.986285974560000004e-13 1.053279593779000040e-13 4.626008605260000212e-14 1.678377929327999985e-12 1.321024662355999917e-12 9.505740972179999526e-13 5.885592779850000404e-13 3.350724887459999959e-13 1.923210289160000135e-13 1.184613071559999883e-13 7.044624369490000475e-14 3.494691144559999681e-14 1.910560447367999893e-12 1.495264424495999986e-12 1.069936801675999948e-12 6.586814128629999965e-13 3.750328211289999971e-13 2.169367153849999923e-13 1.344534983970000050e-13 7.991039447649999653e-14 3.934641960430000365e-14 1.989703549225999995e-12 1.554433804558999932e-12 1.110278275009999883e-12 6.822310739200000208e-13 3.883732941799999996e-13 2.251011298969999903e-13 1.397175174369999830e-13 8.300229859499999374e-14 4.077430210270000380e-14 2.188301787854999926e-12 1.702131106467999826e-12 1.210570109328000069e-12 7.406857915389999840e-13 4.217740120949999958e-13 2.458909781279999782e-13 1.532148589549999917e-13 9.093475988999999698e-14 4.440273428339999565e-14 2.283390176910000149e-12 1.772656045836000043e-12 1.258415226488000051e-12 7.683052587499999942e-13 4.374228765169999799e-13 2.555151425410000358e-13 1.594050030389999922e-13 9.453950962499999314e-14 4.604370913459999768e-14 2.384135211730000307e-12 1.847191117910000075e-12 1.308720449690000089e-12 7.973371082380000207e-13 4.538766235559999844e-13 2.656372691309999814e-13 1.659065122499999858e-13 9.831583084700000203e-14 4.775395573179999541e-14
3.421490438275999968e-13 2.856843220901999637e-13 2.190514750255000021e-13 1.466563030736000091e-13 8.558503809479999140e-14 4.567033365250000519e-14 2.515546712880000119e-14 1.460020520199999898e-14 7.911113003799999317e-15 6.568147963109999933e-13 5.734736469480000663e-13 4.827174840149999799e-13 3.761396012260000318e-13 2.153329439590000108e-13 1.149373381540000124e-13 6.503637186369999728e-14 3.633524003530000295e-14 1.785178245799999966e-14 5.452912706419999735e-13 4.482903666019999753e-13 3.389086014590000026e-13 2.242221334600000068e-13 1.319814584840000034e-13 7.401853207600000404e-14 4.398724654600000430e-14 2.670168037000000116e-14 1.447985799180000126e-14 6.005772567879999900e-13 4.920827327879999965e-13 3.708184663909999959e-13 2.445989015129999852e-13 1.440011283120000075e-13 8.129457871199999981e-14 4.875672784529999764e-14 2.972893307460000050e-14 1.608566227800000010e-14 6.190430016619999945e-13 5.066735080450000091e-13 3.814238209730000219e-13 2.513368251970000021e-13 1.479595449790000002e-13 8.367412148100000531e-14 5.031355085420000148e-14 3.071193587470000429e-14 1.660503659230000004e-14 1.331658509769999998e-12 1.202346204279999954e-12 1.079563001380000008e-12 3.067706359820200238e-11 5.198792356090000582e-13 2.814610305770000010e-13 1.609110359559999976e-13 8.598300411260000384e-14 3.830157845639999987e-14 1.239404092629999965e-12 1.082711391219999974e-12 9.275729368799999935e-13 7.496620960630000069e-13 4.289323148820000547e-13 2.392528393110000087e-13 1.400858731389999839e-13 7.704258253389999539e-14 3.549429965989999865e-14 1.432621629949999982e-12 1.254488021750000012e-12 1.082648694689999980e-12 8.861929594240000259e-13 5.054621857830000379e-13 2.826193094129999892e-13 1.645860077099999842e-13 8.908739324950000383e-14 4.017933980239999675e-14 1.502789154709999947e-12 1.317403348339999907e-12 1.140174471719999999e-12 9.376783125350000134e-13 5.342229493800000663e-13 2.986773303779999912e-13 1.733720157030000164e-13 9.323023972620000352e-14 4.172771129149999963e-14 9.874286602639999412e-13 7.952894819430000834e-13 5.917048207749999841e-13 3.872617987479999800e-13 2.359578604570000146e-13 1.437359193890000203e-13 9.303942957999999264e-14 5.834713908079999597e-14 3.043443433840000333e-14 1.115514340570999950e-12 8.940779508270000617e-13 6.623912978029999233e-13 4.320526011000000138e-13 2.638207827729999833e-13 1.621250480270000151e-13 1.057501575560000026e-13 6.636911357169999441e-14 3.436406885909999895e-14 1.158922414468999902e-12 9.274228416270000897e-13 6.861377530400000815e-13 4.470047912459999909e-13 2.730524648280000115e-13 1.681672263490000025e-13 1.098982124210000049e-13 6.896711232879999996e-14 3.563431098880000099e-14 1.267380981347000012e-12 1.010382780697000046e-12 7.450799995690000175e-13 4.841661123409999963e-13 2.962705047410000137e-13 1.836750443699999878e-13 1.206085721240000058e-13 7.569264359770000444e-14 3.888120318479999952e-14 1.319057238715999986e-12 1.049774987599000080e-12 7.729459447700000628e-13 5.016057900199999927e-13 3.070486001889999545e-13 1.907597411439999843e-13 1.254669688660000009e-13 7.872091165399999452e-14 4.034142551130000380e-14 1.373644042460000024e-12 1.091284320130000037e-12 8.022407502479999471e-13 5.199053487250000350e-13 3.183597532679999868e-13 1.981974168689999990e-13 1.305587101630000126e-13 8.188989191200000298e-14 4.186283703540000514e-14
1.855880582005999860e-13 1.570987998772000005e-13 1.231150541573999940e-13 8.578174989579999612e-14 5.340550680429999650e-14 3.061181125329999658e-14 1.777483821959999965e-14 1.082840949819999973e-14 6.242065927800000275e-15 3.516878563939999705e-13 3.095996836589999875e-13 2.621665055319999938e-13 2.156651308399999781e-13 1.744283300229999833e-13 9.800028980799999977e-14 5.524586234730000041e-14 3.128418258039999802e-14 1.567012363330000006e-14 2.932007371529999790e-13 2.448288415219999928e-13 1.901387315970000054e-13 1.323803484170000032e-13 8.476962784200000108e-14 5.199271839899999968e-14 3.291798266369999787e-14 2.110427121899999954e-14 1.209402666699999947e-14 3.222034315130000078e-13 2.681910810909999822e-13 2.077650564070000121e-13 1.444569015230000063e-13 9.282709994999998780e-14 5.741611794300000471e-14 3.670494489479999962e-14 2.364762398439999865e-14 1.351325734230000078e-14 3.318788922689999713e-13 2.759591088760000222e-13 2.136001251830000185e-13 1.484281263299999807e-13 9.548245831300000149e-14 5.918134281599999680e-14 3.793427740099999998e-14 2.446919791109999996e-14 1.397045279849999986e-14 7.110799671490000199e-13 6.450143557380000259e-13 5.755593710150000112e-13 5.198792356090000582e-13 8.086643603013999796e-12 2.636783635320000108e-13 1.473615004443999797e-13 7.892491334200000400e-14 3.532393265690000067e-14 6.619840888149999879e-13 5.838706591049999400e-13 5.016947298210000138e-13 4.281831080100000501e-13 3.697036381620000653e-13 2.141337479810000128e-13 1.244435737659999985e-13 6.908061244509999614e-14 3.219188410530000109e-14 7.659825529259999470e-13 6.770452471609999289e-13 5.848363802380000475e-13 5.045856181939999984e-13 4.421153258039999822e-13 2.556318381459999803e-13 1.473731672139999888e-13 8.034074474449999386e-14 3.658059388200000296e-14 8.039242982180000503e-13 7.112979304950000095e-13 6.157054022520000042e-13 5.333014520130000497e-13 4.695632513820000213e-13 2.711310378290000017e-13 1.556407223229999837e-13 8.422224901700000183e-14 3.803153483860000348e-14 5.279066540090000102e-13 4.339068772470000149e-13 3.347771201440000346e-13 2.350233523860000105e-13 1.596983008460000006e-13 1.078105143650000014e-13 7.462002592499999932e-14 4.923999745269999229e-14 2.673893004409999885e-14 5.955232518930000338e-13 4.872251200740000553e-13 3.746669924029999754e-13 2.627105075390000195e-13 1.794927855140000036e-13 1.222839316029999903e-13 8.522564619499999904e-14 5.627460443770000402e-14 3.031898507230000142e-14 6.183357703820000347e-13 5.051204100719999400e-13 3.879817754049999705e-13 2.718803224119999917e-13 1.860093155170000103e-13 1.270054691630000016e-13 8.866305046399999894e-14 5.854498070770000037e-14 3.147168716100000085e-14 6.756897947779999146e-13 5.499616464030000117e-13 4.213101177779999915e-13 2.949442001960000064e-13 2.025962917910000008e-13 1.392483192339999929e-13 9.762856345300001388e-14 6.445916129120000432e-14 3.443519524919999564e-14 7.028753930699999777e-13 5.711092684499999680e-13 4.369259276020000220e-13 3.056462668080000273e-13 2.102168350779999990e-13 1.447815412819999860e-13 1.016520995879999884e-13 6.710173281989999743e-14 3.576103139259999341e-14 7.315974195229999361e-13 5.933914617429999827e-13 4.533378933689999846e-13 3.168752944989999967e-13 2.182141838680000084e-13 1.505875766840000103e-13 1.058674066289999919e-13 6.986652045410000978e-14 3.714257546800000271e-14
9.404220246929999514e-14 7.987711714979999486e-14 6.343275065949999573e-14 4.570906191850000320e-14 3.059006106230000023e-14 1.984394663759999793e-14 1.271948411950000083e-14 8.230130424800001088e-15 5.021240421309999225e-15 1.841676741399999795e-13 1.628766995550000011e-13 1.392626675930000055e-13 1.150528983850000133e-13 9.798443627600000091e-14 8.655312241679999889e-14 5.005405710149999417e-14 2.800940198820000002e-14 1.412273901889999952e-14 1.532196417670000021e-13 1.287254742620000101e-13 1.018665718260000139e-13 7.416780941299999641e-14 5.197230348000000022e-14 3.670655322239999991e-14 2.563539726919999929e-14 1.736176539370000115e-14 1.038581847490000073e-14 1.691715231189999930e-13 1.417002611529999782e-13 1.119178898490000123e-13 8.147662553400000798e-14 5.739565502100000111e-14 4.095519305900000268e-14 2.883437544789999685e-14 1.960210630559999972e-14 1.167888163189999976e-14 1.744756972909999996e-13 1.459990544870000008e-13 1.152280429619999870e-13 8.386744106100000120e-14 5.916201328600000120e-14 4.233332912300000776e-14 2.986778151000000008e-14 2.032237251360000073e-14 1.209408837650000043e-14 3.866391671840000125e-13 3.523681137989999739e-13 3.162885455300000099e-13 2.814610305770000010e-13 2.636783635320000108e-13 2.199259427693999758e-12 1.429782307998000111e-13 7.480028853029999821e-14 3.334083645170000066e-14 3.624680699389999999e-13 3.219313575999999550e-13 2.798889934339999985e-13 2.388504245999999925e-13 2.141453488390000014e-13 1.983087009719999721e-13 1.172654171494999963e-13 6.424958451479998967e-14 2.996685411549999883e-14 4.218644065239999437e-13 3.754526724719999953e-13 3.279473648210000084e-13 2.821366722150000041e-13 2.556395946839999794e-13 2.387977470929999711e-13 1.399214361246999941e-13 7.512728927470000309e-14 3.417997876089999871e-14 4.433645556869999894e-13 3.949445455390000452e-13 3.455848082940000234e-13 2.981684101579999806e-13 2.711378830649999954e-13 2.539779458700000122e-13 1.481581512307999837e-13 7.889246845530001023e-14 3.557251250740000025e-14 2.908412451099999990e-13 2.419378255360000452e-13 1.920704391980000093e-13 1.432164310439999978e-13 1.078158710279999996e-13 8.365894504900000130e-14 6.291273589029999902e-14 4.333953702630000049e-14 2.419650861829999948e-14 3.302285452949999761e-13 2.735554609669999674e-13 2.166098420630000107e-13 1.614969562219999851e-13 1.222751497160000143e-13 9.564668018899999686e-14 7.225750024829999841e-14 4.975926551949999520e-14 2.754507485419999805e-14 3.434745659149999703e-13 2.841225710529999952e-13 2.247469701579999832e-13 1.675044744419999849e-13 1.269937835890000074e-13 9.953717129199999035e-14 7.526867325340000451e-14 5.182187324450000093e-14 2.862008541169999922e-14 3.771532032759999878e-13 3.109630702620000027e-13 2.454694178050000005e-13 1.829166913089999855e-13 1.392295557190000035e-13 1.096761603870000042e-13 8.317491177599999216e-14 5.722637959939999368e-14 3.139733350770000295e-14 3.929870926980000002e-13 3.234958935279999882e-13 2.550591297969999805e-13 1.899562510490000056e-13 1.447594008519999822e-13 1.142773198610000040e-13 8.669700127499999392e-14 5.962674256350000563e-14 3.263449288069999827e-14 4.097255128240000387e-13 3.367094188870000258e-13 2.651451868940000160e-13 1.973451495220000106e-13 1.505618763359999996e-13 1.190607697699999919e-13 9.038465402800000292e-14 6.213673944829999776e-14 3.392355228110000024e-14
5.040410271000000616e-14 4.280879746410000183e-14 3.418405111460000293e-14 2.516273851629999879e-14 1.774324724420000062e-14 1.270411727300000088e-14 9.399887522900000439e-15 6.571284071699999802e-15 4.206059377159999440e-15 1.017557165503999933e-13 9.029062405589999714e-14 7.775469520039999386e-14 6.503767791629999757e-14 5.520796241619999689e-14 5.003144445129999810e-14 4.672601407729999873e-14 2.658097048790000101e-14 1.318438048389999952e-14 8.569934493600000647e-14 7.253404196499999528e-14 5.831804412460000862e-14 4.399813615220000505e-14 3.287149373379999714e-14 2.560971433739999825e-14 2.052233114279999918e-14 1.490653197889999904e-14 9.239862022339999540e-15 9.509130480099999197e-14 8.033425475299999631e-14 6.455416680200000311e-14 4.877620986690000132e-14 3.665600283779999821e-14 2.880568061679999895e-14 2.326140815779999847e-14 1.693436394140000111e-14 1.044672160932000109e-14 9.820344761599999079e-14 8.290938490899999787e-14 6.660497390499999501e-14 5.033628691480000196e-14 3.788401162629999994e-14 2.983819596480000277e-14 2.414239075990000131e-14 1.758443657640000057e-14 1.083341788182999915e-14 2.175963087809999985e-13 1.991522032729999732e-13 1.798234335090000079e-13 1.609110359559999976e-13 1.473615004443999797e-13 1.429782307998000111e-13 6.577805112745999218e-13 7.459478880090000509e-14 3.240232324990000017e-14 2.064279086130000128e-13 1.845603369900000022e-13 1.620253321830000028e-13 1.400127119670000097e-13 1.245082216020000047e-13 1.173067529172000029e-13 1.114093924442000004e-13 6.272526935839999548e-14 2.874823894744999815e-14 2.395917942160000210e-13 2.146014505020000238e-13 1.891344811229999927e-13 1.644875920859999935e-13 1.474436728470000005e-13 1.399687275086000236e-13 1.335143374322000011e-13 7.382817799040000385e-14 3.291469609163999813e-14 2.513144172839999705e-13 2.252583216759999862e-13 1.987950437360000162e-13 1.732650241630000343e-13 1.557133687640000226e-13 1.482074743605000123e-13 1.416103033076999965e-13 7.771500290929999749e-14 3.429560448516999772e-14 1.714343023200000030e-13 1.452003717860000209e-13 1.186268727899999983e-13 9.292848208699999523e-14 7.469325048799999948e-14 6.296269660150000121e-14 5.340744740650000106e-14 3.920199580520000697e-14 2.250338482119999782e-14 1.952504388189999967e-13 1.649427437970000001e-13 1.346277880409999889e-13 1.056027516399999899e-13 8.530788029500000831e-14 7.231543610149999637e-14 6.155109990350000016e-14 4.514392444059999273e-14 2.569825306219999981e-14 2.031976973670000165e-13 1.714900130829999820e-13 1.398960006419999987e-13 1.097375069859999991e-13 8.874797947699999808e-14 7.532939281440000720e-14 6.416589196729999961e-14 4.704631052799999677e-14 2.672172170819999884e-14 2.234597907579999991e-13 1.881942287750000006e-13 1.533829056219999858e-13 1.203975803619999930e-13 9.772194248899999696e-14 8.324334121399999500e-14 7.105046747609999343e-14 5.205069211910000255e-14 2.937574313099999616e-14 2.329128759249999785e-13 1.959339553659999866e-13 1.595783273810000183e-13 1.252408670939999901e-13 1.017492696509999972e-13 8.676894248300001293e-14 7.410182621169999411e-14 5.426280516530000337e-14 3.055417251969999895e-14 2.428781714620000151e-13 2.040754069769999967e-13 1.660842635349999944e-13 1.303175192450000202e-13 1.059687323429999936e-13 9.046030101700000587e-14 7.729466273999999478e-14 5.657402871300000117e-14 3.178186563049999726e-14
2.725151230320000137e-14 2.349308482200000167e-14 1.916263798519999959e-14 1.459244143110000171e-14 1.080298832510000030e-14 8.218506028099999549e-15 6.567053336300000448e-15 5.241755180889999462e-15 3.601483071000000059e-15 5.436503090540000023e-14 4.884074401300000034e-14 4.268196928679999970e-14 3.632739281179999984e-14 3.125157829239999649e-14 2.799257056009999946e-14 2.657547350630000064e-14 2.511983910354000239e-14 1.297171268131999920e-14 4.697644441179999773e-14 4.070297986160000182e-14 3.378248798310000168e-14 2.669570337120000069e-14 2.106784544940000205e-14 1.734261741100000332e-14 1.490052168830000227e-14 1.252343943998999954e-14 8.380772197319999200e-15 5.209677370149999418e-14 4.512171277690000265e-14 3.749083041129999876e-14 2.972494525710000337e-14 2.360761176579999954e-14 1.958070849989999975e-14 1.692777192989999985e-14 1.428247095459000154e-14 9.521759584169999611e-15 5.377818817199999771e-14 4.656792451380000014e-14 3.870116922439999737e-14 3.070801078109999796e-14 2.442823788449999857e-14 2.030035321000000358e-14 1.757763066110000017e-14 1.484506460125000043e-14 9.886660119470000234e-15 1.130598396387000049e-13 1.044729682793999963e-13 9.524204712660000523e-14 8.598300411260000384e-14 7.892491334200000400e-14 7.480028853029999821e-14 7.459478880090000509e-14 2.170504348164399916e-13 3.363730727805000013e-14 1.084386586002000029e-13 9.836752638650000744e-14 8.770567256680000218e-14 7.703958700989998756e-14 6.913243005700000526e-14 6.428104826150001178e-14 6.273460201620000285e-14 5.983873545679999932e-14 2.920189516508000307e-14 1.242776047909999969e-13 1.128839093880000033e-13 1.009419459658000021e-13 8.908187107970000084e-14 8.039798287130000056e-14 7.516349569660001294e-14 7.383858648889999784e-14 7.086586596500000065e-14 3.370924297951999680e-14 1.297010325401999912e-13 1.178588023711000019e-13 1.054844307477000046e-13 9.322375338300000218e-14 8.428158835909999769e-14 7.892976498039999585e-14 7.772586542349999618e-14 7.479436421109999792e-14 3.522784513047999976e-14 9.484706392829999636e-14 8.297797048970000050e-14 7.060307360460000474e-14 5.834020836120000350e-14 4.929951283549999163e-14 4.337713733749999401e-14 3.921282948360000729e-14 3.377878863550000236e-14 2.130445634859000160e-14 1.076114290659999877e-13 9.406152071800000049e-14 8.009303367009999669e-14 6.635806640220000229e-14 5.634204662099999513e-14 4.980276778089999888e-14 4.515644810569999247e-14 3.893599156049999736e-14 2.440459978443000050e-14 1.118278758830000055e-13 9.770438632699999384e-14 8.319329950900000603e-14 6.895923943539999591e-14 5.861528796439999153e-14 5.186734066919999871e-14 4.705929920450000048e-14 4.058398361529999963e-14 2.539576814919999804e-14 1.225664936650000201e-13 1.070047329379999992e-13 9.114634062200000949e-14 7.568190051799999554e-14 6.453645023439999996e-14 5.727689963770000304e-14 5.206489842119999580e-14 4.492098009489999815e-14 2.797687070525000149e-14 1.275169323859999836e-13 1.112648433980000068e-13 9.476132122599999114e-14 7.870900748399999994e-14 6.718243095929999796e-14 5.967977744399999820e-14 5.427761811830000136e-14 4.683339829660000124e-14 2.911906034719999839e-14 1.327163010050000071e-13 1.157327004659999996e-13 9.854801606699999927e-14 8.187699305800000006e-14 6.995071938990000334e-14 6.219234597440000431e-14 5.658946829850000270e-14 4.883045533119999975e-14 3.030936401276000184e-14
1.305704222040000065e-14 1.159148332629999994e-14 9.835433160000000770e-15 7.919537332999999159e-15 6.232384606099999946e-15 5.016541981600000525e-15 4.203642186989999657e-15 3.600750815539999584e-15 2.954013917149999907e-15 2.489074045990000178e-14 2.283030723960000070e-14 2.043379409589999910e-14 1.786317505919999900e-14 1.565648968490000062e-14 1.411637930700000079e-14 1.318124580936000043e-14 1.297082200251999964e-14 1.248076734266999908e-14 2.227384771640000255e-14 1.997304754740000069e-14 1.731929517820000214e-14 1.449163050039999969e-14 1.207895752090000096e-14 1.037866452080000089e-14 9.236481644439998942e-15 8.379808505240000139e-15 7.126421467619999623e-15 2.458715009619999821e-14 2.206051796399999904e-14 1.916742045830000088e-14 1.609814336329999952e-14 1.349680266340000060e-14 1.167081597729999943e-14 1.044299060423000037e-14 9.520746161149999694e-15 8.118655219899999399e-15 2.534042995240000110e-14 2.273877212500000209e-14 1.976668437410000000e-14 1.661757710630000122e-14 1.395367566999999917e-14 1.208574181980000039e-14 1.082961429968999944e-14 9.885643492610001133e-15 8.435677720049999836e-15 4.834584605789999901e-14 4.530490960000000599e-14 4.189091747969999697e-14 3.830157845639999987e-14 3.532393265690000067e-14 3.334083645170000066e-14 3.240232324990000017e-14 3.363730727805000013e-14 8.264149937259000237e-14 4.688685872669999785e-14 4.340542615109999993e-14 3.953665471939999631e-14 3.547983983950000212e-14 3.221269022069999808e-14 2.997756169040000063e-14 2.875301160413999675e-14 2.920322802030999768e-14 2.870802969980000448e-14 5.276768117770000007e-14 4.889569486680000059e-14 4.461794590989999998e-14 4.016371608579999814e-14 3.660599937330000133e-14 3.419231497049999457e-14 3.291992582327999926e-14 3.371063919884999935e-14 3.351508068415000253e-14 5.471639060439999391e-14 5.071160948509999815e-14 4.629862797440000253e-14 4.171147925879999903e-14 3.805762816859999932e-14 3.558533957550000232e-14 3.430099968956999931e-14 3.522929683236999743e-14 3.518478327568999689e-14 4.337054799829999669e-14 3.937829897689999625e-14 3.498531763629999772e-14 3.041821781969999963e-14 2.676496544749999720e-14 2.420932649399999961e-14 2.250871248341000116e-14 2.130586936760000128e-14 1.851380961701999929e-14 4.874460677880000023e-14 4.427099562150000100e-14 3.939066828849999783e-14 3.434659129740000125e-14 3.034756580900000143e-14 2.755917760950000054e-14 2.570419765819999797e-14 2.440608515872999846e-14 2.123707250275000040e-14 5.050052436390000174e-14 4.586409778720000007e-14 4.082019165010000081e-14 3.561675597800000181e-14 3.150332996329999911e-14 2.863469569379999863e-14 2.672778426929999938e-14 2.539723842888999814e-14 2.210716675183999957e-14 5.493224362020000063e-14 4.989657680169999378e-14 4.445336717019999250e-14 3.886282474249999863e-14 3.446936128979999876e-14 3.141386188239999973e-14 2.938234938179999756e-14 2.797841835199000286e-14 2.437593851510999809e-14 5.695656146889999347e-14 5.173018553410000099e-14 4.609711827119999966e-14 4.032260535709999894e-14 3.579649321060000270e-14 3.265174327859999922e-14 3.056092225260000430e-14 2.912062082450999837e-14 2.537856738799000036e-14 5.906929717210000426e-14 5.364258534409999794e-14 4.781066761590000269e-14 4.184375210810000287e-14 3.717936637789999820e-14 3.394153576619999833e-14 3.178879749639999995e-14 3.031091511108999750e-14 2.642372166967000356e-14
1.044524985502800005e-12 8.381687696100000011e-13 6.097621342166999653e-13 3.781576583479999741e-13 2.029958393483000040e-13 1.028953237011000017e-13 5.537677661890000243e-14 2.984685692690000045e-14 1.414915481559999961e-14 1.999152428850000085e-12 1.560820366900000077e-12 1.087401636549999957e-12 6.506795846000000661e-13 3.464978991520000100e-13 1.815901889210000073e-13 1.009475258360000008e-13 5.414582749229999670e-14 2.486298055179999980e-14 2.074993019290000056e-12 1.618787023559999835e-12 1.135145336950000017e-12 6.799822603089999908e-13 3.623824389220000218e-13 1.913443104670000160e-13 1.078251866810000060e-13 5.855848593810000311e-14 2.712543721079999938e-14 2.101387785757000122e-12 1.634851032370000162e-12 1.152134033847999986e-12 6.907700166119999474e-13 3.685513117510000017e-13 1.959313737630000032e-13 1.116167298099999894e-13 6.116627234819999318e-14 2.852739442560000196e-14 2.183236285402999982e-12 1.695713010831999962e-12 1.193118817664000101e-12 7.141467648490000693e-13 3.810094411149999939e-13 2.030542963269999979e-13 1.159250768249999938e-13 6.352665665180000007e-14 2.957738098010000235e-14 4.300011783019999287e-12 3.248660253580000286e-12 2.150271793180000170e-12 1.239404092629999965e-12 6.619840888149999879e-13 3.624680699389999999e-13 2.064279086130000128e-13 1.084386586002000029e-13 4.688685872669999785e-14 6.545950961726598969e-10 3.644074170289999895e-12 2.399055642530000067e-12 1.372152893819999977e-12 7.419668402580000074e-13 4.119769166769999769e-13 2.357583635020000257e-13 1.235774420664999980e-13 5.300105944360000139e-14 5.462856185030000149e-12 4.030077020850000564e-12 2.631138386979999767e-12 1.499769659589999999e-12 8.170097135700000316e-13 4.582357107330000633e-13 2.623794502880000397e-13 1.365115304210000004e-13 5.787062315259999744e-14 5.857009725080000385e-12 4.299851780889999242e-12 2.791760283010000198e-12 1.588106864399999931e-12 8.667328545079999547e-13 4.870628588429999617e-13 2.780328253030000275e-13 1.437012479880000106e-13 6.042610011790000441e-14 5.050914331660000279e-12 3.781478176629999701e-12 2.519335746370000294e-12 1.442294899020000100e-12 7.828885514739999858e-13 4.413225003019999974e-13 2.581617216239999766e-13 1.381005774350000196e-13 5.974903098789999896e-14 5.319757368049999859e-12 3.960044684590000049e-12 2.646353970180000193e-12 1.513484810169999913e-12 8.264008118200000389e-13 4.717409124070000282e-13 2.792178298589999814e-13 1.504787883910000028e-13 6.511738247540000279e-14 5.618071369370000035e-12 4.170044189970000350e-12 2.778394372930000247e-12 1.585422523040000150e-12 8.666281341900000738e-13 4.960724149250000289e-13 2.936987358140000039e-13 1.579002879159999828e-13 6.799108635519999837e-14 5.452962945070000225e-12 4.042428551190000430e-12 2.726350625390000258e-12 1.559847474610000112e-12 8.571266244099999728e-13 4.964498664289999595e-13 2.987414705120000077e-13 1.632183494359999875e-13 7.098047180600000142e-14 5.752494322559999684e-12 4.252555412930000212e-12 2.860839748310000147e-12 1.632848421689999978e-12 8.982005086300000043e-13 5.217907474120000275e-13 3.142068292769999773e-13 1.713534682090000040e-13 7.417430658789998632e-14 6.075126387649999712e-12 4.478026603489999516e-12 3.004718587390000061e-12 1.710674972619999898e-12 9.420141024699999678e-13 5.488528956290000163e-13 3.306724186989999798e-13 1.799577128980000064e-13 7.753126030899999642e-14
8.378991940500000240e-13 6.785053884210000463e-13 4.990611597916999670e-13 3.142310718811000307e-13 1.710490520398999860e-13 8.698863907230000046e-14 4.680318099360000462e-14 2.562551486089999885e-14 1.252520853629999872e-14 1.560297497149999986e-12 1.286977766500000030e-12 9.158805859999999132e-13 5.536397778649999526e-13 2.982785256169999704e-13 1.571556084380000022e-13 8.773592374200000113e-14 4.782651190869999652e-14 2.254703043520000285e-14 1.618124933950000111e-12 1.306254254399999903e-12 9.326019367500000159e-13 5.671606430310000578e-13 3.066433857719999908e-13 1.629474220220000049e-13 9.249817256299999182e-14 5.132222544349999850e-14 2.452408813069999734e-14 1.634059548840000107e-12 1.288331046344000052e-12 9.207221824079999326e-13 5.630853175749999369e-13 3.057473067690000408e-13 1.638217302610000015e-13 9.431097298400000685e-14 5.307121400870000345e-14 2.565763188110000187e-14 1.694876430891999930e-12 1.334412462801000012e-12 9.523152027040000890e-13 5.815800262930000701e-13 3.158337522149999722e-13 1.696845898640000104e-13 9.794744923000000811e-14 5.514176479379999822e-14 2.661842275770000133e-14 3.247570918439999919e-12 2.733131514539999604e-12 1.870262386499999945e-12 1.082711391219999974e-12 5.838706591049999400e-13 3.219313575999999550e-13 1.845603369900000022e-13 9.836752638650000744e-14 4.340542615109999993e-14 3.644074170289999895e-12 1.682270061096699973e-10 2.060094054349999736e-12 1.186578234649999859e-12 6.484898084239999690e-13 3.629678547269999854e-13 2.096380692840000146e-13 1.118145582646000075e-13 4.903827143829999896e-14 4.031839615229999441e-12 3.325657127629999901e-12 2.238871463140000068e-12 1.285662348369999951e-12 7.091626673049999904e-13 4.014027477199999898e-13 2.322041514309999755e-13 1.230869284629999907e-13 5.343176891739999915e-14 4.301728390109999964e-12 3.556956457490000280e-12 2.383178656530000012e-12 1.364503379759999951e-12 7.540052078020000422e-13 4.275389032539999744e-13 2.464652917870000061e-13 1.297098327829999990e-13 5.582593045300000592e-14 3.783442466889999467e-12 3.049571947839999801e-12 2.088615071390000059e-12 1.213799205760000181e-12 6.683386217209999825e-13 3.807615924219999940e-13 2.261559843070000101e-13 1.240054793930000078e-13 5.514781098640000652e-14 3.962503816469999943e-12 3.115845385800000114e-12 2.133126730390000099e-12 1.245063468229999987e-12 6.920676099199999744e-13 4.003634732510000122e-13 2.417039839499999609e-13 1.342036686699999835e-13 5.992447280559999217e-14 4.172681343210000215e-12 3.277987175869999564e-12 2.238316813240000175e-12 1.303610239839999917e-12 7.254535481499999912e-13 4.209185627059999974e-13 2.542684573280000137e-13 1.408727201399999901e-13 6.259568072510000567e-14 4.045550205129999653e-12 3.061999992559999992e-12 2.105958823409999902e-12 1.241053659060000131e-12 6.978895973300000638e-13 4.114050480279999868e-13 2.543449572949999650e-13 1.442728267050000017e-13 6.508221750910000315e-14 4.255918121920000292e-12 3.213423226019999824e-12 2.205275644459999836e-12 1.297012132709999996e-12 7.302535311399999855e-13 4.319253452169999659e-13 2.673949352080000135e-13 1.514809839020000004e-13 6.803525973109999979e-14 4.481653724959999802e-12 3.375268938420000343e-12 2.311348362460000188e-12 1.356443278699999980e-12 7.646529833000000184e-13 4.537545116510000148e-13 2.812527669280000225e-13 1.591025016130000012e-13 7.113548068190000606e-14
6.094146583667000428e-13 4.989105415316999635e-13 3.727953306072999680e-13 2.396529809667999933e-13 1.334570008211000007e-13 6.875189173179999986e-14 3.718805603939999889e-14 2.081289616950000037e-14 1.059724171869999972e-14 1.086836719369999905e-12 9.156697266100001486e-13 7.148414171700000325e-13 4.473674140359999915e-13 2.442789417690000157e-13 1.304093946239999996e-13 7.349364210969999308e-14 4.086586454109999727e-14 1.987994973530000062e-14 1.134493150579999968e-12 9.323837054500000560e-13 7.059530752999999843e-13 4.434586702740000037e-13 2.449423388700000178e-13 1.323734057390000059e-13 7.621798974500000380e-14 4.345213121669999770e-14 2.155836720419999861e-14 1.151399066797999954e-12 9.204955542479999919e-13 6.721153658699999703e-13 4.227912610389999985e-13 2.367169247740000265e-13 1.296460630849999934e-13 7.612070400100000527e-14 4.434592943069999499e-14 2.240919302030000009e-14 1.192341906643999935e-12 9.520723450339999322e-13 6.944069029640000739e-13 4.363843342110000158e-13 2.444591431720000354e-13 1.343038531049999866e-13 7.911221690000000480e-14 4.612958183149999941e-14 2.327671888380000008e-14 2.149319648100000236e-12 1.869994142549999998e-12 1.527389408630000044e-12 9.275729368799999935e-13 5.016947298210000138e-13 2.798889934339999985e-13 1.620253321830000028e-13 8.770567256680000218e-14 3.953665471939999631e-14 2.399055642530000067e-12 2.060094054349999736e-12 4.390971668329000302e-11 1.004080222250000115e-12 5.516923512870000242e-13 3.131432083500000339e-13 1.831518871309999857e-13 9.952725458890000940e-14 4.467646314360000268e-14 2.632431584659999797e-12 2.239118670539999957e-12 1.793651922500000116e-12 1.076867055599999972e-12 5.986781326869999920e-13 3.444156268480000054e-13 2.019817350969999884e-13 1.092188534884999940e-13 4.858475240529999910e-14 2.793109725190000159e-12 2.383421723330000035e-12 1.918879728459999811e-12 1.148789131549999888e-12 6.391219855599999840e-13 3.681201930179999478e-13 2.149687848880000048e-13 1.153037682100000000e-13 5.081692001169999743e-14 2.520697422139999688e-12 2.088836068240000103e-12 1.618536188320000043e-12 9.859123866999999764e-13 5.518103745750000769e-13 3.206461949640000098e-13 1.943781262449999997e-13 1.095449956350000065e-13 5.015410496349999806e-14 2.647954895460000065e-12 2.133334910980000055e-12 1.599099938339999980e-12 9.763350233599999447e-13 5.569880792210000074e-13 3.306068559139999769e-13 2.049764986959999990e-13 1.177079275700000033e-13 5.433333716210000372e-14 2.780081572130000035e-12 2.238521853219999954e-12 1.678448452709999890e-12 1.023073364659999936e-12 5.842692177010000280e-13 3.478523182920000334e-13 2.158344640169999947e-13 1.236790358160000048e-13 5.680335582340000320e-14 2.728382543590000113e-12 2.106269341899999953e-12 1.493568570560000072e-12 9.196111825399999102e-13 5.397358640229999708e-13 3.296924520340000005e-13 2.115305837949999956e-13 1.253166985649999936e-13 5.879759167010000141e-14 2.862970571180000158e-12 2.205567673100000194e-12 1.561250829820000118e-12 9.600900095400000219e-13 5.644253545599999267e-13 3.460646951809999678e-13 2.224650260669999985e-13 1.316771421480000220e-13 6.151371365349999909e-14 3.006965824679999922e-12 2.311400325140000129e-12 1.633245084919999965e-12 1.003017512400000083e-12 5.906242100399999669e-13 3.634478803720000036e-13 2.340651580520000015e-13 1.383966667289999970e-13 6.436742555069999651e-14
3.762090087259999712e-13 3.128127468290999854e-13 2.387623917638000078e-13 1.589095547047000171e-13 9.225487390889999921e-14 4.915901829760000009e-14 2.713837012990000086e-14 1.574014504239999896e-14 8.493361378699999208e-15 6.473935704999999155e-13 5.513040686329999973e-13 4.459092080609999824e-13 3.293783383689999902e-13 1.895197981730000064e-13 1.028931265219999985e-13 5.906346184900000477e-14 3.370150586800000370e-14 1.702202990549999842e-14 6.760399400690000108e-13 5.643905364909999882e-13 4.417345961420000444e-13 3.109462055020000035e-13 1.816200584759999978e-13 1.011946232479999991e-13 5.989143640980000429e-14 3.541792891890000232e-14 1.840069727290000247e-14 6.861973373420000435e-13 5.598923057349999646e-13 4.208065133729999838e-13 2.776694222940000359e-13 1.649132083530000121e-13 9.496550455499999742e-14 5.801064962999999539e-14 3.549389945910000166e-14 1.896824597660000048e-14 7.093607075389999534e-13 5.782454175630000273e-13 4.343121762509999963e-13 2.865392301389999760e-13 1.704247811050000230e-13 9.850804789399998958e-14 6.040718085399999753e-14 3.700529614020000102e-14 1.974206603249999652e-14 1.233389985870000063e-12 1.078552003570000076e-12 9.249955049099999491e-13 7.496620960630000069e-13 4.281831080100000501e-13 2.388504245999999925e-13 1.400127119670000097e-13 7.703958700989998756e-14 3.547983983950000212e-14 1.372152893819999977e-12 1.186578234649999859e-12 1.004080222250000115e-12 1.162492065365699909e-11 4.654414680430000099e-13 2.656091015079999881e-13 1.578545478930000104e-13 8.745288558879999920e-14 4.016860992139999949e-14 1.508745090509999985e-12 1.291659350980000009e-12 1.080576940540000101e-12 8.559336427599999629e-13 4.998099937030000098e-13 2.905462264279999999e-13 1.734107894480000083e-13 9.570533330870000697e-14 4.360725952610000047e-14 1.597476041830000013e-12 1.370823405009999874e-12 1.152695810669999949e-12 9.208102430100000342e-13 5.373640657740000162e-13 3.122218316959999973e-13 1.853012427760000179e-13 1.013003217217999977e-13 4.568233945179999837e-14 1.451934029039999948e-12 1.220267630190000009e-12 9.899029411600000980e-13 7.490105681800000397e-13 4.451493331900000032e-13 2.641421892320000056e-13 1.645041730450000142e-13 9.551490565180000408e-14 4.503746956800000669e-14 1.525151753549999907e-12 1.252816679339999990e-12 9.811091676800000456e-13 7.081410219400000524e-13 4.312828533599999594e-13 2.656798344670000033e-13 1.708211584080000004e-13 1.018480717150000004e-13 4.864864991609999455e-14 1.597805316039999963e-12 1.311815489959999981e-12 1.028109448299999886e-12 7.440792698700000028e-13 4.536381822210000115e-13 2.801719089409999797e-13 1.802330160359999945e-13 1.071978760909999939e-13 5.092434582880000454e-14 1.574128487849999801e-12 1.250447941090000016e-12 9.253550952699999136e-13 6.118459171699999389e-13 3.896626707009999900e-13 2.544289414340000083e-13 1.721777028399999952e-13 1.072637437629999907e-13 5.244845166469999325e-14 1.648054213500000007e-12 1.306979982430000144e-12 9.661888583199999867e-13 6.388540265599999810e-13 4.078613125909999559e-13 2.673750693259999782e-13 1.813321821440000017e-13 1.128755652429999980e-13 5.494063233079999518e-14 1.726893929940000136e-12 1.367039064660000076e-12 1.009500546150000127e-12 6.674739239600000393e-13 4.271569616829999925e-13 2.811022240840000168e-13 1.910357245989999823e-13 1.188051390299999876e-13 5.755993653850000160e-14
2.029890399773000138e-13 1.710526693219000122e-13 1.334676359961000053e-13 9.248330751790000027e-14 5.736230253719999819e-14 3.284044854269999958e-14 1.909947792730000016e-14 1.163605584799999932e-14 6.691190775700000090e-15 3.465713772280000167e-13 2.983573314069999579e-13 2.443469013839999799e-13 1.899186881059999810e-13 1.438633631049999982e-13 8.272796614799999132e-14 4.814187902269999617e-14 2.812670953500000230e-14 1.464026180169999984e-14 3.625016840249999942e-13 3.067611807999999868e-13 2.450439770379999661e-13 1.820903597120000055e-13 1.301949860739999967e-13 7.793516241599999915e-14 4.767849598359999624e-14 2.923433969219999908e-14 1.579097947049999914e-14 3.687189105589999892e-13 3.059076673140000408e-13 2.368437487469999675e-13 1.654569709169999987e-13 1.080982387200000029e-13 6.845263798499999874e-14 4.456024804389999678e-14 2.873683500490000111e-14 1.614335570949999912e-14 3.811972558070000128e-13 3.160119896379999763e-13 2.445990435119999744e-13 1.709950005899999963e-13 1.120531982129999967e-13 7.127047940299999790e-14 4.657144641279999604e-14 3.006043921209999976e-14 1.684595985810000063e-14 6.622735468679999558e-13 5.841425446220000564e-13 5.018958912040000369e-13 4.289323148820000547e-13 3.697036381620000653e-13 2.141453488390000014e-13 1.245082216020000047e-13 6.913243005700000526e-14 3.221269022069999808e-14 7.419668402580000074e-13 6.484898084239999690e-13 5.516923512870000242e-13 4.654414680430000099e-13 3.125978835067999849e-12 2.359652584149999931e-13 1.399779679660000067e-13 7.844878468169999590e-14 3.649166020010000408e-14 8.163971376489999452e-13 7.086123225539999443e-13 5.983123039610000208e-13 4.986997184689999450e-13 4.241429072019999755e-13 2.564521505100000262e-13 1.534564886509999880e-13 8.572677323669999750e-14 3.958187822930000082e-14 8.660679736710000569e-13 7.534106462119999842e-13 6.387304667850000559e-13 5.361919233579999964e-13 4.598454692889999687e-13 2.773679428520000073e-13 1.647178372860000024e-13 9.101077086970000900e-14 4.154164740299999911e-14 7.821679329519999476e-13 6.677024623459998920e-13 5.513997168359999803e-13 4.439478159260000316e-13 3.635093181409999805e-13 2.273744050539999678e-13 1.435920106970000104e-13 8.517525889979999665e-14 4.091083251579999819e-14 8.254310747700000298e-13 6.912246293899999831e-13 5.564574427969999579e-13 4.298347407380000281e-13 3.373722025539999745e-13 2.220851664719999812e-13 1.471104354539999976e-13 9.026584199029999663e-14 4.409773776149999669e-14 8.655694469799999362e-13 7.245377635399999683e-13 5.836967733540000271e-13 4.521038806710000073e-13 3.565577035080000063e-13 2.350369403820000210e-13 1.556288885769999903e-13 9.520535909260000340e-14 4.623494065280000275e-14 8.558180079700000491e-13 6.967699214999999352e-13 5.390577816770000417e-13 3.878976763359999999e-13 2.798004770769999814e-13 2.020758727109999747e-13 1.450431493620000029e-13 9.419635846879999701e-14 4.740682252540000002e-14 8.967657890800000068e-13 7.290314620300000661e-13 5.636947081000000269e-13 4.059851074660000018e-13 2.938683376010000336e-13 2.129638169739999993e-13 1.531070892180000109e-13 9.931530572419998950e-14 4.973618227919999792e-14 9.404418908600000332e-13 7.633217685500000407e-13 5.898306279199999470e-13 4.251608078229999933e-13 3.087767247209999671e-13 2.245063403740000125e-13 1.616473369690000044e-13 1.047249558659999956e-13 5.218353112090000188e-14
1.028633059681000058e-13 8.694213238930000519e-14 6.869406912479999277e-14 4.921707071259999988e-14 3.282043715569999752e-14 2.129231798740000045e-14 1.365023295099999913e-14 8.830157696499999601e-15 5.379001644450000398e-15 1.816696589099999972e-13 1.571935973419999922e-13 1.304096605500000152e-13 1.030424038589999909e-13 8.270755122899999817e-14 6.900958208539999932e-14 4.174352330620000547e-14 2.448124753369999866e-14 1.294908077970000018e-14 1.914923373869999907e-13 1.630361210810000008e-13 1.324029873229999887e-13 1.013907938630000095e-13 7.791640615599999657e-14 6.200334713400000063e-14 4.016140715470000494e-14 2.516934739800000008e-14 1.394003203159999990e-14 1.961464099360000100e-13 1.639606723150000054e-13 1.297069295170000007e-13 9.520438122999999610e-14 6.843648181200000593e-14 5.017316494499999968e-14 3.584204071540000099e-14 2.426856191649999822e-14 1.413936233269999935e-14 2.032935052619999967e-13 1.698421275739999972e-13 1.343740781160000118e-13 9.876350219199999827e-14 7.125467296799999987e-14 5.250242727799999972e-14 3.761865691929999989e-14 2.547460842950000052e-14 1.479421185349999904e-14 3.628754522279999873e-13 3.222263969879999917e-13 2.800566878560000033e-13 2.392528393110000087e-13 2.141337479810000128e-13 1.983087009719999721e-13 1.173067529172000029e-13 6.428104826150001178e-14 2.997756169040000063e-14 4.119769166769999769e-13 3.629678547269999854e-13 3.131432083500000339e-13 2.656091015079999881e-13 2.359652584149999931e-13 9.076380010419999977e-13 1.314007476722999776e-13 7.298703387629998751e-14 3.402717554529999835e-14 4.574449013139999492e-13 4.008235981730000223e-13 3.440887535260000238e-13 2.899181346229999699e-13 2.564433686229999997e-13 2.335934454500000329e-13 1.436221307013000010e-13 7.970417812050001407e-14 3.689074803820000137e-14 4.862047199890000192e-13 4.269098042720000029e-13 3.677660332790000165e-13 3.115590797889999797e-13 2.773562572780000131e-13 2.538421229640000077e-13 1.548611891954000033e-13 8.485124947150000017e-14 3.878222931569999731e-14 4.404064985059999723e-13 3.800922776740000178e-13 3.202717627020000048e-13 2.634585175270000079e-13 2.273601294639999805e-13 2.029916947020000109e-13 1.322054363625000015e-13 7.873751453289999641e-14 3.813503269439999974e-14 4.705401800580000580e-13 3.994873989019999912e-13 3.301238699610000127e-13 2.648476073089999572e-13 2.220597667330000052e-13 1.925675273880000155e-13 1.332036898369999885e-13 8.295808293840000264e-14 4.103197290509999631e-14 4.947729308779999521e-13 4.199709906009999918e-13 3.473298178469999758e-13 2.792828680370000363e-13 2.350091331379999932e-13 2.044458333509999757e-13 1.412566144849999767e-13 8.765347140200000590e-14 4.308000422669999795e-14 4.948681481950000503e-13 4.102538514910000161e-13 3.290571660390000020e-13 2.533903301639999891e-13 2.020369351239999912e-13 1.660056083060000030e-13 1.277509392030000125e-13 8.578694477049999814e-14 4.399685147570000197e-14 5.200691018139999241e-13 4.306731200089999970e-13 3.453754018859999772e-13 2.662653229110000064e-13 2.129184389010000012e-13 1.754363924669999771e-13 1.351131383179999988e-13 9.059087359420000680e-14 4.622013332899999940e-14 5.469732457989999827e-13 4.523907567240000236e-13 3.627016821479999963e-13 2.799138541670000019e-13 2.244550799449999988e-13 1.854347763369999872e-13 1.429119095089999882e-13 9.566697591609999738e-14 4.855699360559999925e-14
5.524235379990000293e-14 4.669786683379999962e-14 3.710278621700000087e-14 2.715119057749999884e-14 1.906605778859999833e-14 1.363307618930000047e-14 1.008318472239999948e-14 7.038653148099999641e-15 4.501791994889999427e-15 1.007320321140000096e-13 8.756884979199998945e-14 7.336106009660000726e-14 5.907435145519999290e-14 4.809539009279999544e-14 4.171784037440000128e-14 3.741373678380000076e-14 2.254327031089999950e-14 1.187602897183999993e-14 1.075895881330000023e-13 9.231971243599999502e-14 7.607929484299999075e-14 5.991518228849999661e-14 4.762854672389999996e-14 4.013178655450000053e-14 3.483403529429999794e-14 2.273110009919999930e-14 1.273232775180999911e-14 1.113621890270000032e-13 9.412197513700000769e-14 7.597611643999999402e-14 5.804769321700000435e-14 4.450410479550000197e-14 3.580866411950000262e-14 2.942154351380000351e-14 2.130474844029999908e-14 1.279651275493000007e-14 1.156630770519999984e-13 9.775392585299999859e-14 7.896468559100000668e-14 6.044955687700000758e-14 4.651333912020000499e-14 3.758374850310000214e-14 3.097870471690000128e-14 2.242722304530000326e-14 1.341995809036000062e-14 2.061338334389999946e-13 1.843515114530000087e-13 1.618679718400000076e-13 1.400858731389999839e-13 1.244435737659999985e-13 1.172654171494999963e-13 1.114093924442000004e-13 6.273460201620000285e-14 2.875301160413999675e-14 2.357583635020000257e-13 2.096380692840000146e-13 1.831518871309999857e-13 1.578545478930000104e-13 1.399779679660000067e-13 1.314007476722999776e-13 3.066703816274999707e-13 7.104539255520000904e-14 3.266789774620000278e-14 2.627391106500000000e-13 2.324398642120000108e-13 2.021560247409999723e-13 1.732633835320000083e-13 1.535387227509999847e-13 1.436800665545000242e-13 1.342037875124999885e-13 7.749774053360000702e-14 3.539999531820000263e-14 2.784036287450000201e-13 2.467056353160000086e-13 2.151472680929999952e-13 1.851405373410000121e-13 1.648027662990000015e-13 1.549219087564000187e-13 1.451575997062999788e-13 8.282512551899999509e-14 3.728105400320000429e-14 2.585334670979999990e-13 2.263946238739999890e-13 1.945561224039999891e-13 1.643382276849999903e-13 1.436785289360000108e-13 1.322675080911999898e-13 1.216514152863999988e-13 7.536494531279999050e-14 3.651087632739999535e-14 2.796145866809999934e-13 2.419421479789999613e-13 2.051491363789999984e-13 1.705869455880000021e-13 1.472095329469999954e-13 1.332776142880000166e-13 1.199508128309999757e-13 7.844949226500001131e-14 3.917100766760000300e-14 2.941128348519999973e-13 2.545148650329999770e-13 2.160128106359999999e-13 1.799824867449999872e-13 1.557326236960000086e-13 1.413342999939999849e-13 1.273683682852999979e-13 8.301992641949999462e-14 4.117705560389999677e-14 2.991930680939999974e-13 2.546041120940000217e-13 2.117184777020000200e-13 1.718852235760000005e-13 1.451578126020000017e-13 1.278384031419999910e-13 1.110291335876000022e-13 7.959381114709998490e-14 4.182241378819999733e-14 3.146769614270000215e-13 2.676609491939999727e-13 2.226588874309999864e-13 1.810199058759999760e-13 1.532269551280000086e-13 1.352083438890000073e-13 1.175411500345999991e-13 8.414133728389999654e-14 4.398560001859999659e-14 3.311610997900000303e-13 2.815263873149999733e-13 2.342642649719999683e-13 1.907008707300000098e-13 1.617731139360000137e-13 1.430129533460000029e-13 1.244304821952000161e-13 8.894571024270000407e-14 4.626035243239999685e-14
2.973001517940000220e-14 2.553641940719999839e-14 2.074990745529999910e-14 1.573146902059999833e-14 1.160940354649999990e-14 8.817177115699998836e-15 7.034074179999999574e-15 5.605920947529999999e-15 3.849656064049999503e-15 5.396923033880000282e-14 4.769606988360000344e-14 4.077689150510000347e-14 3.369552886920000323e-14 2.809028376540000166e-14 2.446209955100000084e-14 2.253726002029999957e-14 2.062350667199000215e-14 1.138311017411999929e-14 5.835447335730000165e-14 5.117371377569999646e-14 4.335083060140000240e-14 3.541415715390000376e-14 2.919355577350000090e-14 2.514729285340000186e-14 2.272431136699999828e-14 2.018414505540000112e-14 1.200573868429999989e-14 6.093664683019999483e-14 5.290608519399999640e-14 4.423562364479999938e-14 3.549421166949999733e-14 2.869235280069999848e-14 2.424361797440000074e-14 2.129707422979999812e-14 1.814032276062999772e-14 1.180941841637999895e-14 6.328882612430000277e-14 5.497134044159999599e-14 4.601581561450000019e-14 3.700521633320000450e-14 3.001454577960000506e-14 2.544860654219999719e-14 2.241924157030000058e-14 1.912873110986999821e-14 1.241266238781999984e-14 1.081509568877000049e-13 9.816404685560000077e-14 8.757116364610000085e-14 7.704258253389999539e-14 6.908061244509999614e-14 6.424958451479998967e-14 6.272526935839999548e-14 5.983873545679999932e-14 2.920322802030999768e-14 1.235774420664999980e-13 1.118145582646000075e-13 9.952725458890000940e-14 8.745288558879999920e-14 7.844878468169999590e-14 7.298703387629998751e-14 7.104539255520000904e-14 1.177878559935000166e-13 3.312126947059000681e-14 1.369115876730000004e-13 1.233629735440000000e-13 1.094014926821000067e-13 9.569428613920000223e-14 8.579421541999999492e-14 7.974768038190001144e-14 7.751026419870000676e-14 7.294407273850000145e-14 3.588650848742999975e-14 1.441198543879999961e-13 1.299978418920000183e-13 1.154947691240000123e-13 1.012924488284000063e-13 9.108107812640000017e-14 8.489671689619999163e-14 8.283811419550000511e-14 7.830333297530001183e-14 3.795414897919999982e-14 1.385250824510000148e-13 1.242961526940000119e-13 1.097373961709999867e-13 9.550598564299999231e-14 8.524618827030000339e-14 7.878372323450000970e-14 7.537808929669998957e-14 6.923837448339999621e-14 3.644641314872999937e-14 1.509788550030000083e-13 1.345427078080000075e-13 1.179329030979999979e-13 1.018356256250000025e-13 9.034765549889999710e-14 8.301215766239999014e-14 7.846451518230000180e-14 7.053120266230000114e-14 3.870377477057000143e-14 1.584269814699999896e-13 1.412288506899999857e-13 1.239141521000000057e-13 1.071839672489999968e-13 9.529097898159999995e-14 8.771036751320000268e-14 8.303560322780000260e-14 7.471378260489999856e-14 4.076291872032000573e-14 1.638123904450000183e-13 1.446704714770000068e-13 1.255769734040000190e-13 1.072436653699999940e-13 9.429169217250000555e-14 8.585122495190000329e-14 7.961150428889999344e-14 6.918927690640000387e-14 4.067802936631999835e-14 1.719764830100000033e-13 1.518950867220000111e-13 1.319471678359999963e-13 1.128513384599999957e-13 9.941484243649998983e-14 9.065879889120001094e-14 8.415994739959999828e-14 7.315985811160000190e-14 4.284287565939999881e-14 1.806157192909999952e-13 1.595376214049999899e-13 1.386791776729999941e-13 1.187780958849999978e-13 1.048274686040000057e-13 9.573847708000000684e-14 8.896504405060000701e-14 7.735279312919999432e-14 4.512090747785000243e-14
1.411681590520000034e-14 1.250256158909999952e-14 1.058460968170000067e-14 8.502582934799999768e-15 6.680283811699999845e-15 5.373797850140000196e-15 4.499171895780000176e-15 3.848887951580000519e-15 3.154343203470000045e-15 2.481355038079999824e-14 2.251288533520000042e-14 1.986043039579999872e-14 1.703380241410000001e-14 1.462519265559999974e-14 1.294192682560000034e-14 1.187264859393999933e-14 1.138214648204000023e-14 1.057277329621999964e-14 2.706794703959999912e-14 2.448441196129999963e-14 2.153569499299999954e-14 1.841314282520000025e-14 1.577430907879999968e-14 1.393170765109999924e-14 1.272854981684999849e-14 1.200474238179000020e-14 1.076437299222000100e-14 2.846178082679999741e-14 2.561226511229999817e-14 2.238445437630000047e-14 1.898150196449999958e-14 1.612599594809999979e-14 1.413019616529999969e-14 1.279246417281000108e-14 1.180830675948000121e-14 1.014793117655000025e-14 2.950914417600000007e-14 2.657125326360000048e-14 2.325079922200000222e-14 1.975549436689999858e-14 1.682819974050000059e-14 1.478490309900000080e-14 1.341581860847000092e-14 1.241153385740000049e-14 1.068024629267000054e-14 4.680365772349999693e-14 4.334800206580000470e-14 3.950467905050000272e-14 3.549429965989999865e-14 3.219188410530000109e-14 2.996685411549999883e-14 2.874823894744999815e-14 2.920189516508000307e-14 2.870802969980000448e-14 5.300105944360000139e-14 4.903827143829999896e-14 4.467646314360000268e-14 4.016860992139999949e-14 3.649166020010000408e-14 3.402717554529999835e-14 3.266789774620000278e-14 3.312126947059000681e-14 4.926161167501999987e-14 5.798138851280000215e-14 5.350816279550000294e-14 4.862900108949999959e-14 4.358978196439999646e-14 3.961045896600000083e-14 3.690485079349999755e-14 3.540593991420000079e-14 3.588799386173000087e-14 3.486919112274999545e-14 6.054141091689999596e-14 5.590542835519999718e-14 5.086280955910000075e-14 4.566478444099999919e-14 4.157329020529999738e-14 3.879683959780000303e-14 3.728711656429999852e-14 3.795561925889000308e-14 3.712463638583999917e-14 5.986410364209999463e-14 5.522706083920000113e-14 5.019995884919999678e-14 4.501989764319999825e-14 4.094237088739999744e-14 3.814976168930000011e-14 3.651694942979999575e-14 3.644785494600000338e-14 3.425083918824999844e-14 6.524870325450000774e-14 6.001453089560000171e-14 5.438755965560000193e-14 4.862993605949999377e-14 4.413314551839999966e-14 4.104924569599999497e-14 3.917771862809999911e-14 3.870523444552999660e-14 3.550459161984999992e-14 6.812853835460000135e-14 6.269001474160000197e-14 5.685974635160000565e-14 5.090522547930000495e-14 4.627182649390000110e-14 4.309824877290000295e-14 4.118397910680000080e-14 4.076438421597000387e-14 3.746328069227999724e-14 7.113363920620000188e-14 6.518747170860000567e-14 5.885996238439999951e-14 5.242820306259999924e-14 4.744706912140000708e-14 4.401691751530000243e-14 4.182994832839999912e-14 4.067945906705999855e-14 3.595761942538000143e-14 7.433381232490000518e-14 6.814462704780000463e-14 6.157920820390000065e-14 5.491988259109999874e-14 4.977797076239999533e-14 4.624114130249999487e-14 4.399336912180000049e-14 4.284431528961000102e-14 3.790357586068999894e-14 7.769757706230000640e-14 7.124978618499999917e-14 6.443590423579999737e-14 5.753845174779999599e-14 5.222694998610000142e-14 4.857894721330000550e-14 4.626819734760000036e-14 4.512236081647000096e-14 3.995256101729999332e-14
1.150735366144999996e-12 9.196930837039999681e-13 6.660618578159999710e-13 4.106407019043999966e-13 2.194576293857999835e-13 1.112866440879999929e-13 6.001583813259999339e-14 3.224118204719999527e-14 1.517479079139999822e-14 2.276071935699999978e-12 1.764531050509999817e-12 1.218933907199999940e-12 7.240063339300001213e-13 3.846252176920000139e-13 2.022658815660000089e-13 1.125005874050000042e-13 5.991880521459999699e-14 2.721402049180000261e-14 2.100183076932000077e-12 1.633766134503000045e-12 1.151197137234999832e-12 6.898454239759999985e-13 3.676884881769999812e-13 1.951515795150000101e-13 1.109460545299999987e-13 6.066201257620000430e-14 2.823296243460000088e-14 2.662202797919999931e-12 2.056630785200000015e-12 1.429250375889999899e-12 8.487577413199999564e-13 4.533028008449999811e-13 2.437473959340000200e-13 1.394240811020000096e-13 7.573651211019999136e-14 3.463114187890000227e-14 2.489492577146000142e-12 1.922809419755000039e-12 1.346986470208999865e-12 8.035450659849999917e-13 4.304578035519999921e-13 2.325277281320000068e-13 1.340758357059999847e-13 7.345379034050000007e-14 3.386745834570000460e-14 5.123836468919999234e-12 3.833929412239999590e-12 2.506110328740000101e-12 1.432621629949999982e-12 7.659825529259999470e-13 4.218644065239999437e-13 2.395917942160000210e-13 1.242776047909999969e-13 5.276768117770000007e-14 5.462856185030000149e-12 4.031839615229999441e-12 2.632431584659999797e-12 1.508745090509999985e-12 8.163971376489999452e-13 4.574449013139999492e-13 2.627391106500000000e-13 1.369115876730000004e-13 5.798138851280000215e-14 9.048652504774801181e-10 5.465655414860000142e-12 3.489868772059999822e-12 1.975033807140000186e-12 1.084796595210000070e-12 6.135586017220000650e-13 3.472980626429999962e-13 1.757202483649999968e-13 7.165671204280000143e-14 7.702073120760000118e-12 5.542244974649999672e-12 3.520634255030000228e-12 1.996492994180000248e-12 1.104921372919999912e-12 6.272135546890000650e-13 3.535574823139999582e-13 1.775705947569999884e-13 7.190008010209999487e-14 4.609457554500000089e-12 3.448576798540000373e-12 2.346789150190000169e-12 1.355691983839999822e-12 7.448122568800000445e-13 4.286135902170000100e-13 2.579403067580000027e-13 1.419452526330000017e-13 6.258570587239999871e-14 6.197574349820000069e-12 4.590054539110000443e-12 3.064052335509999933e-12 1.751528953799999990e-12 9.670828475799998994e-13 5.630186877190000130e-13 3.378403347419999979e-13 1.826256981809999871e-13 7.791634084300000029e-14 5.786820902309999895e-12 4.282737414940000353e-12 2.890958556030000054e-12 1.661371134080000016e-12 9.240798607399999325e-13 5.437627249319999933e-13 3.306140482670000280e-13 1.809801061510000143e-13 7.781664709790000589e-14 8.414805133100000329e-12 6.161279373169999229e-12 4.031670475230000030e-12 2.280400354739999826e-12 1.265520596790000008e-12 7.433915396879999598e-13 4.431931366780000165e-13 2.346796409519999959e-13 9.671046796420000573e-14 7.975101432629999425e-12 5.831171037120000451e-12 3.856573089290000024e-12 2.185815883819999995e-12 1.221227022380000060e-12 7.244529493259999632e-13 4.369149696340000486e-13 2.338975991759999947e-13 9.699202301980001164e-14 7.413888963730000439e-12 5.417494380809999768e-12 3.628779280250000034e-12 2.067401108689999729e-12 1.164111043870000129e-12 6.987760927910000426e-13 4.276423947429999845e-13 2.321925349129999992e-13 9.712649039790000117e-14
9.193794329939999983e-13 7.416919717160000439e-13 5.432186481370000448e-13 3.401144472123000039e-13 1.843096223223000196e-13 9.373283191469999373e-14 5.054605855449999811e-14 2.760681649499999826e-14 1.341003769679999924e-14 1.763912396480000026e-12 1.453287010940000022e-12 1.026390566980000053e-12 6.155331283600000651e-13 3.307948435940000335e-13 1.748685000749999810e-13 9.769119199700000435e-14 5.289105922010000012e-14 2.466895038089999896e-14 1.632974650972999990e-12 1.287252593568000147e-12 9.197877930189999346e-13 5.621612030249999906e-13 3.048845470680000170e-13 1.630419772160000075e-13 9.364031784700000955e-14 5.256695889570000001e-14 2.536319940009999931e-14 2.055676940040000071e-12 1.646483795690000097e-12 1.166681593870000101e-12 7.047125727399999963e-13 3.823703277049999558e-13 2.072564988360000061e-13 1.197822074509999920e-13 6.664080882600000985e-14 3.145607457890000204e-14 1.921798655335000092e-12 1.506667265011999811e-12 1.071585612789999882e-12 6.531136930430000291e-13 3.565989728320000336e-13 1.945211921609999985e-13 1.136359752700000090e-13 6.401872036869999806e-14 3.058961574520000251e-14 3.832614143570000099e-12 3.231606122750000056e-12 2.187996822999999813e-12 1.254488021750000012e-12 6.770452471609999289e-13 3.754526724719999953e-13 2.146014505020000238e-13 1.128839093880000033e-13 4.889569486680000059e-14 4.030077020850000564e-12 3.325657127629999901e-12 2.239118670539999957e-12 1.291659350980000009e-12 7.086123225539999443e-13 4.008235981730000223e-13 2.324398642120000108e-13 1.233629735440000000e-13 5.350816279550000294e-14 5.465655414860000142e-12 2.274870797094000016e-10 3.046326312349999901e-12 1.729183901499999890e-12 9.598649969959998711e-13 5.471865970819999978e-13 3.121936992960000010e-13 1.603191013869999852e-13 6.665961465529999831e-14 5.544572080980000111e-12 4.646043824059999352e-12 3.056789633049999875e-12 1.738259955879999933e-12 9.738158541900000003e-13 5.575082002679999403e-13 3.167478389690000181e-13 1.614894588230000139e-13 6.671545645770000290e-14 3.451035930419999864e-12 2.633773446129999928e-12 1.826221744669999995e-12 1.085458859690000060e-12 6.102301679699999968e-13 3.572105778309999771e-13 2.204229246999999904e-13 1.256696408539999879e-13 5.739265316260000123e-14 4.593176193049999666e-12 3.579317558200000082e-12 2.450283288600000183e-12 1.434511296210000056e-12 8.081003410399999612e-13 4.779986065079999616e-13 2.934467777049999878e-13 1.636806795890000040e-13 7.201627994409999690e-14 4.286100123930000432e-12 3.243365766160000085e-12 2.235313844589999985e-12 1.325512816470000118e-12 7.561254529799999751e-13 4.538948305570000176e-13 2.838016270779999698e-13 1.611076636090000181e-13 7.167765768209999434e-14 6.165304735649999959e-12 4.891100772940000462e-12 3.302136233970000427e-12 1.904456984859999784e-12 1.075228125999999950e-12 6.408086838509999850e-13 3.900512323730000117e-13 2.124256949400000053e-13 8.996530021530000252e-14 5.835531877330000721e-12 4.518662730459999919e-12 3.073234253890000050e-12 1.785845064510000104e-12 1.019317789969999960e-12 6.155484763330000078e-13 3.806639664439999687e-13 2.104811657329999998e-13 8.995782512420001175e-14 5.422228246030000176e-12 4.061009161840000143e-12 2.785487119490000129e-12 1.641157183610000041e-12 9.495378393400000373e-13 5.829764873599999820e-13 3.680177147269999992e-13 2.075346060510000130e-13 8.978402326019999999e-14
6.656760535059999662e-13 5.430579608970000524e-13 4.041715375315000237e-13 2.584667871944000025e-13 1.433032671845999940e-13 7.379921070980000507e-14 4.001499040739999704e-14 2.236208033829999827e-14 1.132907995530000054e-14 1.218301603460000055e-12 1.026169499180000039e-12 8.019651652300000539e-13 4.982699906220000071e-13 2.711780222300000097e-13 1.452229983800000174e-13 8.188241444099999918e-14 4.521597571779999388e-14 2.176061669350000030e-14 1.150462170185000002e-12 9.195611648589999939e-13 6.711922232989999678e-13 4.218694241839999774e-13 2.358544450879999719e-13 1.288664806330000019e-13 7.545013250300000127e-14 4.384169370569999374e-14 2.211475852529999820e-14 1.428404650000000112e-12 1.166435475580000061e-12 8.788405978299999703e-13 5.500900474100000219e-13 3.057535375770000007e-13 1.689690147900000196e-13 9.937196461399999968e-14 5.693306769059999974e-14 2.789171585850000180e-14 1.346107651109000061e-12 1.071338019200000010e-12 7.797531326480000350e-13 4.901502754049999708e-13 2.767557671640000272e-13 1.547628808879999965e-13 9.246685059699999513e-14 5.397833302599999508e-14 2.691821147119999841e-14 2.505031790219999774e-12 2.187728578949999869e-12 1.798131347589999900e-12 1.082648694689999980e-12 5.848363802380000475e-13 3.279473648210000084e-13 1.891344811229999927e-13 1.009419459658000021e-13 4.461794590989999998e-14 2.631138386979999767e-12 2.238871463140000068e-12 1.793651922500000116e-12 1.080576940540000101e-12 5.983123039610000208e-13 3.440887535260000238e-13 2.021560247409999723e-13 1.094014926821000067e-13 4.862900108949999959e-14 3.489868772059999822e-12 3.046326312349999901e-12 5.855433621652000823e-11 1.503304549129999934e-12 8.348798900429999926e-13 4.817425232020000213e-13 2.775089867830000239e-13 1.445811945580000171e-13 6.125579898239999702e-14 3.522195024359999730e-12 3.057009480800000035e-12 2.524019149229999759e-12 1.500670724270000105e-12 8.427543061629999064e-13 4.890505643390000576e-13 2.805210338719999630e-13 1.451112693949999896e-13 6.112125710859999756e-14 2.348390075470000041e-12 1.826429925259999952e-12 1.304283292830000125e-12 8.084878283199999328e-13 4.740654254909999551e-13 2.873488265139999849e-13 1.836814778360000131e-13 1.091712636859999907e-13 5.180124236910000394e-14 3.066084253710000192e-12 2.450593807089999830e-12 1.823994082309999965e-12 1.121042170250000030e-12 6.510539199129999651e-13 3.963878969140000088e-13 2.506439947550000222e-13 1.447272075239999950e-13 6.573417192609999734e-14 2.893089378900000065e-12 2.235605873229999940e-12 1.590896894210000107e-12 9.884913152500000258e-13 5.902661452000000181e-13 3.680238233409999877e-13 2.388695227769999650e-13 1.413039915410000095e-13 6.515634919549999457e-14 4.034081965290000269e-12 3.302132742019999767e-12 2.544359267640000012e-12 1.548483206859999975e-12 8.922633056299999257e-13 5.443821344359999950e-13 3.396992936700000154e-13 1.904705938160000006e-13 8.286031825240000293e-14 3.859120001909999837e-12 3.073190639159999744e-12 2.290110951080000174e-12 1.400948345010000098e-12 8.253539871900000217e-13 5.137149306599999565e-13 3.276269524639999892e-13 1.874737962819999830e-13 8.257260907490000703e-14 3.631483918449999840e-12 2.785408059150000142e-12 1.975011456170000078e-12 1.224000390269999929e-12 7.436367674700000029e-13 4.752938150689999981e-13 3.120958214419999939e-13 1.834043674330000041e-13 8.210335269380001158e-14
4.084452314853999969e-13 3.385247062533000346e-13 2.574687041424000144e-13 1.705899919589000031e-13 9.865476038509999765e-14 5.253951466139999935e-14 2.907755831690000247e-14 1.686072889799999932e-14 9.066035095800000596e-15 7.202444747100000163e-13 6.128768583299999869e-13 4.966135625280000213e-13 3.688346129369999533e-13 2.114456476950000184e-13 1.150003832760000172e-13 6.598601360229999308e-14 3.736307126959999909e-14 1.865870456660000084e-14 6.852727447059999937e-13 5.589681911850000184e-13 4.198846765179999628e-13 2.767614216249999948e-13 1.640522514280000032e-13 9.418662650699999716e-14 5.734042528500000004e-14 3.498974463909999768e-14 1.867380332059999896e-14 8.434301855999999381e-13 7.010205053299999334e-13 5.477959187600000957e-13 3.868546232290000043e-13 2.286465627280000119e-13 1.307109412770000189e-13 7.924365764000000272e-14 4.715374776809999882e-14 2.413489606500000167e-14 7.979550448450000573e-13 6.492484581029999883e-13 4.877487257050000057e-13 3.232346507319999984e-13 1.947070142769999925e-13 1.149647298370000223e-13 7.162703701900000222e-14 4.388233013599999405e-14 2.305463267929999874e-14 1.425579908879999974e-12 1.249655680699999896e-12 1.079655555049999963e-12 8.861929594240000259e-13 5.045856181939999984e-13 2.821366722150000041e-13 1.644875920859999935e-13 8.908187107970000084e-14 4.016371608579999814e-14 1.499769659589999999e-12 1.285662348369999951e-12 1.076867055599999972e-12 8.559336427599999629e-13 4.986997184689999450e-13 2.899181346229999699e-13 1.732633835320000083e-13 9.569428613920000223e-14 4.358978196439999646e-14 1.975033807140000186e-12 1.729183901499999890e-12 1.503304549129999934e-12 1.545480803129000227e-11 7.309382184680000687e-13 4.212290428170000122e-13 2.451537345309999884e-13 1.293909853717000101e-13 5.574294576379999729e-14 2.007757871219999781e-12 1.745791164390000102e-12 1.505311410290000173e-12 1.249554497029999968e-12 7.318427947800000449e-13 4.258083130079999833e-13 2.468420769239999638e-13 1.293468610430000154e-13 5.542736458330000219e-14 1.367358927220000018e-12 1.093212070800000063e-12 8.132619726399999327e-13 5.397448819000000510e-13 3.427186351800000118e-13 2.219530515669999887e-13 1.494703791599999817e-13 9.330091097000000862e-14 4.611481739509999587e-14 1.765809967039999880e-12 1.443905578239999942e-12 1.126786082980000034e-12 8.123647280199999498e-13 5.066587486809999988e-13 3.215809195240000322e-13 2.113371752199999740e-13 1.266848287679999752e-13 5.938773562969999828e-14 1.676576925889999844e-12 1.335480666190000064e-12 9.945901640299999906e-13 6.666884994300000606e-13 4.335648175310000036e-13 2.892908011859999700e-13 1.977275111140000253e-13 1.225030928449999901e-13 5.858424648779999827e-14 2.298111064549999931e-12 1.915967826680000109e-12 1.555526333579999804e-12 1.193349889909999898e-12 7.332348003829999121e-13 4.579673984709999859e-13 2.941441885140000312e-13 1.698103872320000014e-13 7.574195350140000035e-14 2.204771796839999953e-12 1.798120712359999907e-12 1.408450168569999983e-12 1.028997825390000022e-12 6.516938302730000484e-13 4.224817913370000106e-13 2.797984795459999723e-13 1.658849787680000109e-13 7.519142370899999288e-14 2.087734071250000079e-12 1.654274379960000003e-12 1.232002646389999949e-12 8.331728070199999124e-13 5.536648964029999434e-13 3.787943676050000183e-13 2.618203177039999962e-13 1.608323252349999840e-13 7.444042376229999863e-14
2.194531938527999757e-13 1.843152066052999988e-13 1.433130126516000015e-13 9.890834918610000473e-14 6.119342717450000555e-14 3.502879316610000224e-14 2.041605674789999988e-14 1.244339354989999905e-14 7.137680218699999444e-15 3.847253818870000333e-13 3.308972212050000065e-13 2.712665174490000171e-13 2.119014209060000173e-13 1.623176228349999993e-13 9.327739150099999855e-14 5.411167650979999414e-14 3.131030471339999515e-14 1.609117687569999835e-14 3.678560869849999688e-13 3.050449076130000170e-13 2.359812690610000139e-13 1.645960139920000150e-13 1.072524696059999948e-13 6.767673415699999627e-14 4.389146559489999932e-14 2.823301784090000134e-14 1.584888063549999934e-14 4.535376747429999970e-13 3.825894646270000105e-13 3.059178698379999944e-13 2.292859916700000105e-13 1.673349107560000062e-13 1.030749421400000060e-13 6.458463747330000147e-14 3.977538850950000172e-14 2.107477415660000075e-14 4.307175577179999770e-13 3.568396730519999935e-13 2.769331368159999955e-13 1.954029461290000056e-13 1.306616999450000043e-13 8.512381177200000330e-14 5.642079696639999956e-14 3.627652077480000197e-14 1.991264298919999991e-14 7.663870557019999588e-13 6.774197259050000098e-13 5.851052029080000670e-13 5.054621857830000379e-13 4.421153258039999822e-13 2.556395946839999794e-13 1.474436728470000005e-13 8.039798287130000056e-14 3.660599937330000133e-14 8.170097135700000316e-13 7.091626673049999904e-13 5.986781326869999920e-13 4.998099937030000098e-13 4.241429072019999755e-13 2.564433686229999997e-13 1.535387227509999847e-13 8.579421541999999492e-14 3.961045896600000083e-14 1.084796595210000070e-12 9.598649969959998711e-13 8.348798900429999926e-13 7.309382184680000687e-13 4.211020243952999637e-12 3.870448907109999555e-13 2.232538091389999900e-13 1.183742676242000120e-13 5.133263478719999934e-14 1.104040601350000111e-12 9.730407358299999757e-13 8.422573572480000494e-13 7.304404613990000168e-13 6.480006199289999739e-13 3.889453773230000107e-13 2.241326524280000080e-13 1.179540947999000099e-13 5.088190343259999690e-14 7.438425198300000354e-13 6.093871874400000055e-13 4.735347890670000066e-13 3.412705225579999796e-13 2.448388587540000043e-13 1.755720134120000010e-13 1.255145234240000008e-13 8.167491814929999663e-14 4.155728402149999214e-14 9.657742311399999757e-13 8.069806652100000345e-13 6.503758375670000360e-13 5.048937543159999582e-13 3.998650571370000135e-13 2.719788321709999789e-13 1.844074500520000054e-13 1.136614157057999950e-13 5.435670854640000087e-14 9.226451411900001370e-13 7.549033838699999546e-13 5.895354987400000173e-13 4.316886124059999485e-13 3.187487778109999689e-13 2.346896644840000094e-13 1.694634736480000253e-13 1.089455289061999917e-13 5.338381190820000129e-14 1.263742774589999944e-12 1.073732048129999981e-12 8.913812291100000360e-13 7.310635814669999733e-13 6.172333936419999454e-13 4.050181070269999634e-13 2.636751882639999899e-13 1.551338030660000106e-13 7.016084166630001129e-14 1.219308625099999992e-12 1.017717099190000118e-12 8.244399564599999165e-13 6.493771630960000735e-13 5.260004299010000174e-13 3.637000699149999777e-13 2.477107496900000204e-13 1.505714573960000132e-13 6.941178193459999668e-14 1.162000420220000050e-12 9.477830153000000613e-13 7.426450278199998973e-13 5.512321171759999733e-13 4.171735821289999902e-13 3.135738173610000006e-13 2.279661574859999785e-13 1.448291965449999859e-13 6.845361897319999652e-14
1.112682209600000067e-13 9.369579649969999655e-14 7.374885839880000229e-14 5.261453103240000129e-14 3.500963343010000099e-14 2.274166300860000055e-14 1.459548383299999973e-14 9.441364439500000272e-15 5.738910787400000304e-15 2.023906229150000018e-13 1.749401330999999764e-13 1.452436006640000044e-13 1.151824300980000001e-13 9.325692857899999496e-14 7.863769027199999039e-14 4.728808281490000254e-14 2.738706027759999768e-14 1.427731199829999972e-14 1.953666156879999917e-13 1.631809192699999862e-13 1.289273470649999840e-13 9.442550318199999584e-14 6.766057798400000346e-14 4.941914493600000042e-14 3.517927516340000240e-14 2.376617410749999748e-14 1.384475837169999926e-14 2.440417906270000079e-13 2.074546179130000055e-13 1.690625535959999913e-13 1.310189842110000087e-13 1.030617290170000056e-13 8.411387831799999455e-14 5.570375310889999955e-14 3.497587800140000430e-14 1.892386747369999987e-14 2.328541295550000177e-13 1.947435946730000159e-13 1.548705296459999875e-13 1.152937984700000121e-13 8.511139173399999495e-14 6.439833824800000079e-14 4.661716824890000414e-14 3.128094556900000088e-14 1.769706321770000176e-14 4.223983399220000272e-13 3.758436015160000206e-13 3.281705468500000178e-13 2.826193094129999892e-13 2.556318381459999803e-13 2.387977470929999711e-13 1.399687275086000236e-13 7.516349569660001294e-14 3.419231497049999457e-14 4.582357107330000633e-13 4.014027477199999898e-13 3.444156268480000054e-13 2.905462264279999999e-13 2.564521505100000262e-13 2.335934454500000329e-13 1.436800665545000242e-13 7.974768038190001144e-14 3.690485079349999755e-14 6.135586017220000650e-13 5.471865970819999978e-13 4.817425232020000213e-13 4.212290428170000122e-13 3.870448907109999555e-13 1.262424302262000151e-12 2.146335281989999818e-13 1.120636730354000061e-13 4.844411479270000478e-14 6.260977279089999676e-13 5.566910788090000512e-13 4.885945515949999518e-13 4.250048229130000046e-13 3.889232368930000068e-13 3.623571079279999695e-13 2.149102148660000305e-13 1.114424440244999921e-13 4.790141583870000182e-14 4.274128578680000398e-13 3.563345034820000066e-13 2.868658405610000207e-13 2.211208244089999930e-13 1.755466136729999997e-13 1.434765888580000009e-13 1.102029506859999928e-13 7.418033778540000368e-14 3.846360636110000196e-14 5.614369694850000027e-13 4.768474099710000413e-13 3.957526109190000103e-13 3.205423082540000130e-13 2.719398945839999954e-13 2.375210019359999702e-13 1.683630079030000124e-13 1.054380629724999980e-13 5.099106147269999837e-14 5.420410793339999909e-13 4.526426053490000487e-13 3.673345300459999467e-13 2.881810547709999982e-13 2.346442864110000113e-13 1.960057176969999812e-13 1.512891048379999869e-13 1.002306454941999978e-13 4.988433386100000137e-14 7.412801788260000764e-13 6.392800911300000548e-13 5.435509456600000008e-13 4.566676882629999898e-13 4.049765080620000290e-13 3.679636318100000178e-13 2.470697034269999931e-13 1.461038269423000147e-13 6.649323928069999083e-14 7.221734490739999949e-13 6.139083287349999610e-13 5.128311588110000560e-13 4.210830530399999770e-13 3.636523354089999540e-13 3.217198444480000092e-13 2.286075079650000128e-13 1.409507178961999955e-13 6.558928198350000026e-14 6.962771312889999682e-13 5.811786819940000890e-13 4.743251176630000272e-13 3.773150961540000639e-13 3.135180760820000126e-13 2.661987019780000053e-13 2.060285717759999911e-13 1.345495990134999925e-13 6.446250172049999409e-14
5.987118403989999413e-14 5.043411522679999999e-14 3.992528871690000009e-14 2.909557586589999968e-14 2.038074588689999797e-14 1.457673244720000060e-14 1.079122025779999967e-14 7.524048402300000439e-15 4.803301281879999444e-15 1.122680549359999932e-13 9.751358324000001046e-14 8.174342335099999591e-14 6.600549562389999045e-14 5.406273445279999905e-14 4.725938798380000464e-14 4.263393645280000199e-14 2.536014904439999820e-14 1.313321474892000071e-14 1.106915137470000125e-13 9.345132000000001039e-14 7.530554494200000264e-14 5.737746887199999639e-14 4.383532234649999820e-14 3.514589856749999772e-14 2.879336036380000341e-14 2.080882088529999928e-14 1.250144867592999984e-14 1.391466669570000057e-13 1.195804930189999986e-13 9.921872486799999448e-14 7.929882058499999735e-14 6.452435601189999582e-14 5.566634916010000109e-14 4.896447571430000271e-14 3.209272559220000247e-14 1.753130788772999760e-14 1.337912723249999913e-13 1.134306234120000107e-13 9.231117896300000874e-14 7.168781571500000136e-14 5.635872406170000009e-14 4.657833726559999890e-14 3.899164118920000280e-14 2.795748393580000055e-14 1.622174188457000183e-14 2.392712281839999814e-13 2.143806766429999895e-13 1.889716049480000149e-13 1.645860077099999842e-13 1.473731672139999888e-13 1.399214361246999941e-13 1.335143374322000011e-13 7.383858648889999784e-14 3.291992582327999926e-14 2.623794502880000397e-13 2.322041514309999755e-13 2.019817350969999884e-13 1.734107894480000083e-13 1.534564886509999880e-13 1.436221307013000010e-13 1.342037875124999885e-13 7.751026419870000676e-14 3.540593991420000079e-14 3.472980626429999962e-13 3.121936992960000010e-13 2.775089867830000239e-13 2.451537345309999884e-13 2.232538091389999900e-13 2.146335281989999818e-13 4.426728939180999483e-13 1.113981832971000016e-13 4.706616502000000105e-14 3.539514228639999749e-13 3.169876376959999965e-13 2.806943582139999891e-13 2.466159751520000035e-13 2.242298224909999915e-13 2.149821560739999990e-13 2.038742596236999783e-13 1.107393322272999930e-13 4.645317517069999859e-14 2.583370635800000147e-13 2.206610887290000161e-13 1.838541155189999873e-13 1.492361663399999835e-13 1.256136209169999986e-13 1.102768751370000084e-13 9.565714070000000633e-14 6.872542796000001003e-14 3.648206846960000441e-14 3.382919323239999877e-13 2.937059325039999940e-13 2.508318886619999708e-13 2.110446959559999793e-13 1.845221132920000042e-13 1.684504718420000161e-13 1.516480354455999813e-13 1.001615224870999909e-13 4.900431250320000092e-14 3.310841804170000217e-13 2.840676410640000299e-13 2.390633841410000034e-13 1.974152348459999996e-13 1.695833395580000230e-13 1.513843104089999953e-13 1.323756928646000143e-13 9.378733055389999553e-14 4.771797176260000024e-14 4.437097856439999833e-13 3.903344331479999914e-13 3.399054737260000139e-13 2.937773816850000055e-13 2.638103597809999944e-13 2.471774183980000528e-13 2.277304571574000076e-13 1.413809012399000052e-13 6.456433290579999958e-14 4.374539712429999733e-13 3.809542577829999763e-13 3.278400565730000207e-13 2.794046169349999783e-13 2.478534414860000172e-13 2.287219314909999731e-13 2.066637093092999990e-13 1.348465404023999853e-13 6.345561368670000019e-14 4.282042910129999977e-13 3.683145685860000180e-13 3.123139371769999660e-13 2.613971817920000146e-13 2.281164991500000173e-13 2.061500093979999936e-13 1.812221010513999838e-13 1.268227758461999811e-13 6.209582528080000827e-14
3.211139081259999916e-14 2.750825055430000068e-14 2.229298004079999844e-14 1.685236371800000025e-14 1.241492196690000051e-14 9.427280903600000916e-15 7.519169975899999840e-15 5.990419026080000476e-15 4.106462045409999905e-15 5.972202500649999138e-14 5.274726716490000224e-14 4.511812375329999419e-14 3.735908345210000196e-14 3.127029249480000235e-14 2.736566247189999771e-14 2.535355703290000009e-14 2.332245339459000013e-14 1.265415517667000019e-14 6.043238705820000596e-14 5.240183008099999928e-14 4.373138791979999813e-14 3.499005684949999966e-14 2.818853563670000186e-14 2.374123016540000001e-14 2.080114667479999831e-14 1.768691895862999873e-14 1.151386832137999913e-14 7.547740012870000467e-14 6.645655772700000742e-14 5.681067049579999305e-14 4.715462716039999639e-14 3.972820297730000365e-14 3.494750609160000366e-14 3.208416838380000408e-14 2.867470416390000007e-14 1.675483234181999886e-14 7.318439550509999618e-14 6.382778691990000272e-14 5.385152362449999629e-14 4.388394336680000141e-14 3.622776074879999887e-14 3.125154125530000100e-14 2.794864324820000233e-14 2.405715323530000011e-14 1.518394291489999989e-14 1.239509107156999932e-13 1.126559618431000129e-13 1.007917355063999958e-13 8.908739324950000383e-14 8.034074474449999386e-14 7.512728927470000309e-14 7.382817799040000385e-14 7.086586596500000065e-14 3.371063919884999935e-14 1.365115304210000004e-13 1.230869284629999907e-13 1.092188534884999940e-13 9.570533330870000697e-14 8.572677323669999750e-14 7.970417812050001407e-14 7.749774053360000702e-14 7.294407273850000145e-14 3.588799386173000087e-14 1.757202483649999968e-13 1.603191013869999852e-13 1.445811945580000171e-13 1.293909853717000101e-13 1.183742676242000120e-13 1.120636730354000061e-13 1.113981832971000016e-13 1.731349861429000087e-13 4.892244385424999911e-14 1.780599659110000000e-13 1.618229038450000083e-13 1.453330809960000002e-13 1.293349568730000082e-13 1.180347929392999852e-13 1.114954789049999973e-13 1.107541451802999910e-13 1.066319309425999895e-13 4.826609121919999950e-14 1.424453192449999819e-13 1.260086799920000120e-13 1.093962392139999853e-13 9.328846488000001064e-14 8.175673165789999710e-14 7.423441250939999118e-14 6.874045087730000052e-14 5.975565387130000876e-14 3.539162758957000140e-14 1.832197391900000178e-13 1.640783243609999839e-13 1.449874823629999952e-13 1.266647503749999912e-13 1.137567494095000035e-13 1.055023431539000032e-13 1.001792156288999994e-13 8.973527749840000022e-14 4.873482744431999756e-14 1.816031209520000136e-13 1.615217664289999783e-13 1.415740172290000090e-13 1.224788660620000130e-13 1.090450656184999920e-13 1.002985707912000020e-13 9.380594066959999727e-14 8.182641981259999970e-14 4.683887127239999448e-14 2.353855153070000020e-13 2.128884236930000195e-13 1.907711426100000239e-13 1.697805377490000111e-13 1.552429589309999967e-13 1.461805548395000227e-13 1.414015424336999948e-13 1.294375426954000251e-13 6.556431870875999963e-14 2.346432615880000158e-13 2.109671450670000004e-13 1.877899226419999978e-13 1.658528250089999918e-13 1.506866607830000172e-13 1.410322815732000086e-13 1.348682746875999730e-13 1.210375988427000163e-13 6.376203012125999864e-14 2.329849349249999864e-13 2.080487862180000183e-13 1.837384333149999908e-13 1.607973130490000048e-13 1.449509123149999756e-13 1.346356987750000253e-13 1.268457581518999798e-13 1.108639464839999948e-13 6.157397657530001420e-14
1.513942640490000145e-14 1.338550559119999949e-14 1.131616108419999906e-14 9.075868784500000157e-15 7.125854049499999917e-15 5.733390745600000238e-15 4.800555248580000789e-15 4.105696837730000103e-15 3.364482798769999876e-15 2.715861341940000022e-14 2.463073304149999893e-14 2.173919807699999656e-14 1.867118565190000026e-14 1.607472219679999818e-14 1.426924634369999939e-14 1.312948374382999999e-14 1.265314175365000027e-14 1.183867139919999968e-14 2.816734883579999949e-14 2.531783263129999876e-14 2.209001988129999858e-14 1.868705930849999806e-14 1.583152087410000000e-14 1.383559220429999960e-14 1.249740009381000084e-14 1.151275666448000138e-14 9.882787604750000749e-15 3.455673596219999488e-14 3.140465240310000167e-14 2.786337124990000198e-14 2.414860713670000065e-14 2.105583395169999968e-14 1.891379535079999789e-14 1.752688417056999911e-14 1.675365028546999972e-14 1.510806541197000126e-14 3.379049340930000105e-14 3.053653913429999714e-14 2.688874441869999663e-14 2.306865280860000317e-14 1.989324478629999832e-14 1.768702756480000111e-14 1.621721544507999809e-14 1.518270090393999834e-14 1.317767552931999953e-14 5.267312536439999801e-14 4.883034927450000387e-14 4.458087555460000528e-14 4.017933980239999675e-14 3.658059388200000296e-14 3.417997876089999871e-14 3.291469609163999813e-14 3.370924297951999680e-14 3.351508068415000253e-14 5.787062315259999744e-14 5.343176891739999915e-14 4.858475240529999910e-14 4.360725952610000047e-14 3.958187822930000082e-14 3.689074803820000137e-14 3.539999531820000263e-14 3.588650848742999975e-14 3.486919112274999545e-14 7.165671204280000143e-14 6.665961465529999831e-14 6.125579898239999702e-14 5.574294576379999729e-14 5.133263478719999934e-14 4.844411479270000478e-14 4.706616502000000105e-14 4.892244385424999911e-14 7.132385342311000178e-14 7.203134518589999579e-14 6.680569063410000296e-14 6.117466624519999323e-14 5.540854442910000363e-14 5.091736525060000619e-14 4.791866623659999647e-14 4.645992490360000393e-14 4.826765169650999948e-14 4.866291403099000013e-14 6.271702665150000366e-14 5.748271125259999815e-14 5.185546486260000215e-14 4.609610353849999509e-14 4.159269177839999512e-14 3.848087915200000062e-14 3.648877943010000051e-14 3.539308726452999658e-14 3.124477080784999957e-14 7.806950824320000074e-14 7.212153414359999942e-14 6.579654264039999543e-14 5.936748702760000427e-14 5.439695514240000792e-14 5.101112751229999883e-14 4.901184704339999641e-14 4.873625714505999776e-14 4.468489436538000085e-14 7.797615283489999950e-14 7.178702499879999919e-14 6.522184374589999613e-14 5.856349674810000184e-14 5.342560039139999870e-14 4.990534183449999685e-14 4.772574086580000414e-14 4.684031090261000301e-14 4.172025485369000196e-14 9.688532133270001142e-14 9.008504448090000211e-14 8.293379700140000497e-14 7.572022267909998772e-14 7.020824175990000952e-14 6.651669169149999477e-14 6.457249287030000427e-14 6.556568092525000807e-14 6.202873130813000032e-14 9.717789930239999745e-14 9.008578197810000949e-14 8.265219886079999814e-14 7.516912428549999799e-14 6.946125295449998904e-14 6.561389309789999583e-14 6.346418324359999470e-14 6.376332956642999692e-14 5.895997292385000147e-14 9.732116760130000504e-14 8.991816752070001501e-14 8.218743862500000085e-14 7.441950099519999740e-14 6.850484591469998753e-14 6.448835840259998817e-14 6.210464637579998600e-14 6.157529388684999757e-14 5.527174703813000385e-14
1.186300607151000071e-12 9.469441329139999834e-13 6.848769107450000565e-13 4.215129174244999743e-13 2.249580928313000042e-13 1.141101359627000121e-13 6.157698446550000583e-14 3.304434094259999865e-14 1.551607176699999844e-14 2.376837458460000156e-12 1.837704776220000188e-12 1.265638627310000069e-12 7.500648909000000243e-13 3.982919763209999574e-13 2.096536007370000063e-13 1.165474570400000092e-13 6.188602237840000245e-14 2.799202905010000387e-14 2.181751680162000242e-12 1.694380700835999998e-12 1.191982260988999948e-12 7.130237244330000571e-13 3.799596078430000176e-13 2.020970351769999924e-13 1.150897289769999809e-13 6.288682549979999966e-14 2.919614843409999926e-14 2.489232943047000048e-12 1.922581425058000070e-12 1.346805590901000012e-12 8.033642739599999784e-13 4.302864434260000023e-13 2.323627168069999827e-13 1.339197083729999931e-13 7.332260483350000212e-14 3.378174784869999660e-14 2.886804463499999897e-12 2.223883271720000148e-12 1.542831821169999923e-12 9.155700749799999888e-13 4.910997870099999712e-13 2.666341720639999969e-13 1.535668748289999816e-13 8.344823834079999213e-14 3.791276775669999896e-14 5.429711426540000182e-12 4.048889693160000253e-12 2.635350999870000010e-12 1.502789154709999947e-12 8.039242982180000503e-13 4.433645556869999894e-13 2.513144172839999705e-13 1.297010325401999912e-13 5.471639060439999391e-14 5.857009725080000385e-12 4.301728390109999964e-12 2.793109725190000159e-12 1.597476041830000013e-12 8.660679736710000569e-13 4.862047199890000192e-13 2.784036287450000201e-13 1.441198543879999961e-13 6.054141091689999596e-14 7.702073120760000118e-12 5.544572080980000111e-12 3.522195024359999730e-12 2.007757871219999781e-12 1.104040601350000111e-12 6.260977279089999676e-13 3.539514228639999749e-13 1.780599659110000000e-13 7.203134518589999579e-14 9.686964034020799824e-10 6.586365056629999936e-12 4.138206068839999459e-12 2.344858302290000245e-12 1.302357557479999920e-12 7.381277049239999884e-13 4.106705439720000160e-13 2.022032467180000120e-13 7.990462433599999827e-14 4.850198468279999649e-12 3.619934005709999690e-12 2.458648195869999889e-12 1.418132387950000088e-12 7.807471289500000127e-13 4.513234997950000069e-13 2.722553272750000494e-13 1.497248367489999832e-13 6.572675486320000643e-14 5.790358131690000217e-12 4.285749585310000305e-12 2.893960199960000116e-12 1.664195325469999990e-12 9.266553926699999719e-13 5.459991590420000422e-13 3.323509698270000086e-13 1.820558538229999950e-13 7.826090616990000259e-14 6.894311210569999644e-12 5.085325498670000132e-12 3.388857169160000010e-12 1.938227566320000160e-12 1.080317064659999917e-12 6.374921470389999364e-13 3.852090271389999786e-13 2.078617018710000060e-13 8.740418885500000259e-14 6.996176903789999406e-12 5.129671835909999871e-12 3.447406124530000190e-12 1.970777740339999946e-12 1.109718474790000097e-12 6.653530968959999647e-13 4.077202316340000056e-13 2.220937358659999716e-13 9.337137930580000671e-14 8.407962014500000746e-12 6.139506879469999790e-12 4.057199205189999817e-12 2.310119579809999941e-12 1.301115804159999961e-12 7.796671466910000924e-13 4.731491907329999760e-13 2.534278900429999878e-13 1.041140712308999939e-13 1.002313242549000042e-11 7.287218634379999679e-12 4.752829469329999770e-12 2.691421820320000007e-12 1.516547808659999783e-12 9.080027630759999773e-13 5.458919506169999200e-13 2.877613455280000343e-13 1.156514401006999855e-13
9.466152677340000186e-13 7.627837290459999167e-13 5.579637067719999353e-13 3.487797213270999729e-13 1.887439594730000010e-13 9.600657462290000489e-14 5.180805817119999935e-14 2.827225370370000098e-14 1.370444012489999992e-14 1.837053424600000104e-12 1.513712163700000018e-12 1.066122392330000160e-12 6.377477963599999196e-13 3.425655365409999700e-13 1.812556738570000014e-13 1.011991566869999928e-13 5.462080310950000165e-14 2.537111706429999965e-14 1.693544120895999966e-12 1.333088213195000044e-12 9.511817835259999868e-13 5.804575112120000272e-13 3.147839569680000009e-13 1.687273722609999923e-13 9.711212701499999872e-14 5.450194026380000198e-14 2.623718979569999957e-14 1.921570660638000123e-12 1.506440680217999876e-12 1.071405313151999971e-12 6.529329320249999769e-13 3.564275808880000298e-13 1.943561817349999984e-13 1.134798532430000010e-13 6.388753689569999311e-14 3.050390537019999670e-14 2.222811298180000139e-12 1.776315110170000088e-12 1.257295361229999932e-12 7.596885857799999533e-13 4.143929304429999793e-13 2.270538076180000241e-13 1.322881449239999885e-13 7.365726453850000513e-14 3.452794501719999799e-14 4.047495777099999383e-12 3.416401525729999750e-12 2.304674374310000319e-12 1.317403348339999907e-12 7.112979304950000095e-13 3.949445455390000452e-13 2.252583216759999862e-13 1.178588023711000019e-13 5.071160948509999815e-14 4.299851780889999242e-12 3.556956457490000280e-12 2.383421723330000035e-12 1.370823405009999874e-12 7.534106462119999842e-13 4.269098042720000029e-13 2.467056353160000086e-13 1.299978418920000183e-13 5.590542835519999718e-14 5.542244974649999672e-12 4.646043824059999352e-12 3.057009480800000035e-12 1.745791164390000102e-12 9.730407358299999757e-13 5.566910788090000512e-13 3.169876376959999965e-13 1.618229038450000083e-13 6.680569063410000296e-14 6.586365056629999936e-12 2.431069158020700044e-10 3.665290733360000260e-12 2.076444172690000369e-12 1.165127088750000000e-12 6.649150945009999774e-13 3.720528633989999750e-13 1.854034028620000025e-13 7.452024867639999874e-14 3.622571158949999958e-12 2.759355390299999740e-12 1.910362458549999881e-12 1.134355380789999918e-12 6.393073747699999956e-13 3.761422626060000291e-13 2.328211406339999953e-13 1.326967289019999809e-13 6.033119782609999856e-14 4.289112294300000385e-12 3.246349262250000184e-12 2.238307430989999840e-12 1.328335547309999993e-12 7.587004881600000266e-13 4.561310328069999725e-13 2.855384831979999874e-13 1.621834099769999978e-13 7.212192202109999151e-14 5.088952620139999610e-12 3.950155122170000065e-12 2.702442691689999665e-12 1.585861481409999992e-12 9.032195179900000315e-13 5.424179759709999443e-13 3.357921479080000049e-13 1.870070906469999948e-13 8.100654371789999942e-14 5.134032676120000141e-12 3.857165526999999587e-12 2.653640215279999863e-12 1.568311328230000106e-12 9.074725828999999933e-13 5.564140241529999199e-13 3.514643494440000154e-13 1.986766346229999896e-13 8.633698663119999881e-14 6.144240744690000197e-12 4.743088108570000143e-12 3.223720768080000021e-12 1.886296600099999801e-12 1.086870619929999949e-12 6.638994958300000137e-13 4.135287645170000011e-13 2.287706799409999921e-13 9.677186005719999525e-14 7.292723250240000222e-12 5.753620512909999833e-12 3.877163507239999701e-12 2.244589894760000019e-12 1.289209667510000047e-12 7.847905713979999770e-13 4.826230079169999996e-13 2.617631532400000065e-13 1.079852735823000010e-13
6.844757490049999688e-13 5.577974226420000244e-13 4.146567784780000133e-13 2.647691732976000185e-13 1.466056367840999935e-13 7.550750917509999551e-14 4.097362510289999947e-14 2.288514075890000133e-14 1.157314339530000018e-14 1.264983924780000019e-12 1.065898237829999954e-12 8.338843383900000493e-13 5.168677129490000283e-13 2.810578337480000016e-13 1.506323136369999976e-13 8.486447249400000302e-14 4.670781614490000247e-14 2.238337239820000268e-14 1.191205349968999985e-12 9.509389258560000319e-13 6.932874630389999715e-13 4.352643876429999728e-13 2.434095248570000391e-13 1.333468154889999879e-13 7.827700108699999739e-14 4.548978483850000121e-14 2.289548421180000021e-14 1.345926771801000006e-12 1.071157719561999897e-12 7.795752742920000335e-13 4.899697336589999839e-13 2.765842471920000028e-13 1.545978738359999923e-13 9.231075056899999783e-14 5.384715799799999728e-14 2.683250160020000008e-14 1.541911802580000029e-12 1.257040329890000016e-12 9.464258194199999855e-13 5.934676853200000011e-13 3.321913491500000199e-13 1.858656192919999888e-13 1.103333577690000035e-13 6.327075208570000134e-14 3.074711352970000147e-14 2.634225495579999981e-12 2.304402772300000229e-12 1.898968713960000034e-12 1.140174471719999999e-12 6.157054022520000042e-13 3.455848082940000234e-13 1.987950437360000162e-13 1.054844307477000046e-13 4.629862797440000253e-14 2.791760283010000198e-12 2.383178656530000012e-12 1.918879728459999811e-12 1.152695810669999949e-12 6.387304667850000559e-13 3.677660332790000165e-13 2.151472680929999952e-13 1.154947691240000123e-13 5.086280955910000075e-14 3.520634255030000228e-12 3.056789633049999875e-12 2.524019149229999759e-12 1.505311410290000173e-12 8.422573572480000494e-13 4.885945515949999518e-13 2.806943582139999891e-13 1.453330809960000002e-13 6.117466624519999323e-14 4.138206068839999459e-12 3.665290733360000260e-12 6.278497665317000552e-11 1.839886588180000017e-12 1.029604120409000111e-12 5.934678228529999623e-13 3.342219767660000053e-13 1.683554246510000202e-13 6.872986512579999569e-14 2.460335395069999678e-12 1.910567498530000064e-12 1.362989651369999948e-12 8.448342006299999669e-13 4.969657058510000582e-13 3.029635493820000389e-13 1.943724779650000005e-13 1.155001475850000043e-13 5.453859419439999736e-14 2.896091022830000127e-12 2.238599459629999794e-12 1.593848846670000128e-12 9.913069306000000099e-13 5.928391010100000606e-13 3.702590636710000149e-13 2.406061064569999749e-13 1.423797320720000219e-13 6.560063530650000108e-14 3.391104406450000275e-12 2.702494654370000010e-12 2.009209574030000107e-12 1.240809864440000022e-12 7.303385023499999643e-13 4.522109898519999852e-13 2.886153168320000061e-13 1.663043407969999902e-13 7.424137774369999966e-14 3.449953037150000004e-12 2.653596600549999961e-12 1.886405916500000176e-12 1.172002581399999925e-12 7.120393751500000012e-13 4.544383853099999569e-13 2.984090557139999869e-13 1.756656603519999813e-13 7.895140654190000284e-14 4.059903843390000027e-12 3.223641707740000033e-12 2.396497872840000111e-12 1.480153995270000105e-12 8.824011168399999757e-13 5.563480755589999608e-13 3.576235524120000248e-13 2.046442211830000190e-13 8.909182124080000196e-14 4.755345861610000071e-12 3.877044786330000021e-12 2.985200201339999833e-12 1.828968973490000214e-12 1.075034742320000032e-12 6.711900164590000054e-13 4.236384737379999920e-13 2.364438202080000218e-13 9.999461796760000602e-14
4.192345606654999817e-13 3.471325269870999778e-13 2.637369067126000269e-13 1.745097049589999851e-13 1.008248756029000033e-13 5.369433334760000148e-14 2.974243355720000305e-14 1.724253363290000168e-14 9.257740164499999845e-15 7.461442661599999911e-13 6.349860605099999948e-13 5.151475355020000324e-13 3.836423756770000016e-13 2.196991636240000008e-13 1.195043363000000133e-13 6.847709904819999507e-14 3.862493333469999902e-14 1.920061890230000147e-14 7.082376671229999411e-13 5.771229024819999844e-13 4.331922296830000039e-13 2.854355867080000300e-13 1.693763608380000029e-13 9.755174828899999958e-14 5.957240633499999555e-14 3.636561395419999935e-14 1.936082452250000008e-14 7.977742528200000440e-13 6.490676970850000370e-13 4.875681839590000188e-13 3.230561466200000039e-13 1.945350618249999955e-13 1.147997308729999876e-13 7.147102791400000132e-14 4.375119021199999751e-14 2.296892494329999765e-14 9.097014517099999054e-13 7.556404045700000447e-13 5.909618091099999606e-13 4.187753644269999929e-13 2.499199112890000196e-13 1.449351210520000196e-13 8.879768106300000205e-14 5.285171031140000706e-14 2.677474890829999929e-14 1.495390305409999832e-12 1.312337028800000020e-12 1.137039768659999920e-12 9.376783125350000134e-13 5.333014520130000497e-13 2.981684101579999806e-13 1.732650241630000343e-13 9.322375338300000218e-14 4.171147925879999903e-14 1.588106864399999931e-12 1.364503379759999951e-12 1.148789131549999888e-12 9.208102430100000342e-13 5.361919233579999964e-13 3.115590797889999797e-13 1.851405373410000121e-13 1.012924488284000063e-13 4.566478444099999919e-14 1.996492994180000248e-12 1.738259955879999933e-12 1.500670724270000105e-12 1.249554497029999968e-12 7.304404613990000168e-13 4.250048229130000046e-13 2.466159751520000035e-13 1.293349568730000082e-13 5.540854442910000363e-14 2.344858302290000245e-12 2.076444172690000369e-12 1.839886588180000017e-12 1.668678722031000088e-11 9.213894634239999904e-13 5.282977435610000249e-13 2.992541498930000021e-13 1.520060463679999954e-13 6.285038414739999685e-14 1.430515180950000103e-12 1.142560630909999982e-12 8.498702842699999177e-13 5.648967541999999557e-13 3.602839013910000096e-13 2.347818595610000206e-13 1.587086775449999846e-13 9.900745208100000147e-14 4.865777513879999513e-14 1.679401117279999817e-12 1.338303397029999939e-12 9.974057793799999747e-13 6.694534811400000542e-13 4.361284713609999506e-13 2.915220423859999930e-13 1.994629594440000172e-13 1.235788060660000059e-13 5.902862211379999891e-14 1.954446523639999993e-12 1.596457267369999886e-12 1.247292898190000065e-12 9.037675541600000442e-13 5.727765119730000360e-13 3.703142188939999835e-13 2.456283604689999739e-13 1.467251152670000068e-13 6.743764962849999960e-14 1.989733653360000309e-12 1.580586976079999909e-12 1.179504404960000012e-12 7.988723971399999897e-13 5.306961296430000538e-13 3.625716597370000023e-13 2.505028447959999937e-13 1.540625008279999991e-13 7.156788160600000758e-14 2.330452542369999887e-12 1.899413796449999763e-12 1.488156251389999924e-12 1.089447203589999974e-12 6.998967038030000145e-13 4.604366488549999655e-13 3.074142684839999804e-13 1.820872372950000219e-13 8.143230953930000643e-14 2.713261456020000093e-12 2.258621810189999749e-12 1.837511616609999985e-12 1.420324113229999918e-12 8.918510599950000279e-13 5.710001905960000084e-13 3.709691151979999953e-13 2.128713125890000003e-13 9.204501938829999711e-14
2.249630895902999965e-13 1.887590597259999946e-13 1.466316374501000048e-13 1.010872807749000098e-13 6.250424515360000109e-14 3.578748956000000211e-14 2.087443437610000132e-14 1.272141234920000012e-14 7.287762971100000441e-15 3.984032035609999942e-13 3.426774831220000173e-13 2.811572649499999934e-13 2.201677449749999813e-13 1.694348429989999856e-13 9.728511080199998753e-14 5.628910757900000100e-14 3.241336949709999591e-14 1.657124813999999839e-14 3.801474225349999860e-13 3.149621943910000050e-13 2.435494251969999781e-13 1.699465803229999762e-13 1.110211816559999910e-13 7.031723004199999327e-14 4.573849913379999956e-14 2.942123559009999838e-14 1.646469181510000093e-14 4.305461975919999872e-13 3.566682811079999896e-13 2.767616168439999712e-13 1.952309936769999834e-13 1.304903343659999917e-13 8.495877226000000178e-14 5.626515920439999822e-14 3.614552666380000300e-14 1.982694448119999969e-14 4.913873378309999443e-13 4.146576923879999702e-13 3.323833274099999985e-13 2.506497710870000178e-13 1.848265996470000044e-13 1.157025305629999944e-13 7.324368051100000476e-14 4.504149262650000173e-14 2.355406579600000005e-14 8.043624242029999728e-13 7.117014365379999624e-13 6.159913712670000030e-13 5.342229493800000663e-13 4.695632513820000213e-13 2.711378830649999954e-13 1.557133687640000226e-13 8.428158835909999769e-14 3.805762816859999932e-14 8.667328545079999547e-13 7.540052078020000422e-13 6.391219855599999840e-13 5.373640657740000162e-13 4.598454692889999687e-13 2.773562572780000131e-13 1.648027662990000015e-13 9.108107812640000017e-14 4.157329020529999738e-14 1.104921372919999912e-12 9.738158541900000003e-13 8.427543061629999064e-13 7.318427947800000449e-13 6.480006199289999739e-13 3.889232368930000068e-13 2.242298224909999915e-13 1.180347929392999852e-13 5.091736525060000619e-14 1.302357557479999920e-12 1.165127088750000000e-12 1.029604120409000111e-12 9.213894634239999904e-13 4.623186576922000455e-12 4.940495251709999305e-13 2.761888183609999721e-13 1.403025306450999837e-13 5.817811812000000230e-14 7.796884417399999760e-13 6.383915901599999728e-13 4.963932615039999563e-13 3.587495998410000055e-13 2.588436970680000072e-13 1.866658499120000076e-13 1.338342773169999833e-13 8.696683163260000829e-14 4.396150415180000248e-14 9.252206731199999744e-13 7.574784190500000061e-13 5.921084545499999588e-13 4.342522662359999965e-13 3.212443037610000207e-13 2.369039957339999830e-13 1.711941470580000248e-13 1.100211165821999930e-13 5.382855363319999803e-14 1.078744853049999983e-12 9.018883032400000539e-13 7.295449202299999444e-13 5.707803581129999863e-13 4.569008798910000166e-13 3.164807667640000044e-13 2.164300984889999943e-13 1.326959656699999820e-13 6.207615249089999789e-14 1.107800077510000029e-12 9.058718921199999497e-13 7.111253444199999970e-13 5.283794624660000788e-13 3.994940501309999964e-13 3.000159631850000184e-13 2.180779047900000097e-13 1.386891738260000010e-13 6.577934724860000614e-14 1.299005180510000084e-12 1.085115795889999973e-12 8.814093771900000721e-13 6.974639245760000444e-13 5.678770991590000001e-13 3.987805207110000062e-13 2.738525073959999941e-13 1.661467410750000014e-13 7.545883868120000449e-14 1.514214855069999839e-12 1.287279007840000046e-12 1.073952064930000026e-12 8.892457804900000045e-13 7.594413090720000579e-13 5.105087233140000089e-13 3.362313517030000347e-13 1.963432887359999930e-13 8.587653331530000001e-14
1.140980777157000013e-13 9.597425730390000896e-14 7.545920451009999673e-14 5.377490430860000206e-14 3.576911981399999905e-14 2.325336480379999857e-14 1.493090443459999831e-14 9.655005720600001154e-15 5.860875579600000090e-15 2.097935250609999990e-13 1.813387697949999859e-13 1.506581158130000020e-13 1.196976558799999966e-13 9.726578127199999192e-14 8.234132491600000875e-14 4.934213503999999531e-14 2.840003850260000051e-14 1.471681554540000060e-14 2.023362441119999912e-13 1.688849099710000043e-13 1.334170405000000132e-13 9.780720258700000828e-14 7.030142360700000786e-14 5.157320551799999635e-14 3.679321058729999857e-14 2.483742225950000259e-14 1.441284119149999999e-14 2.326891182299999935e-13 1.945785842470000158e-13 1.547055225940000085e-13 1.151287995060000027e-13 8.494635222200000605e-14 6.423465079500000086e-14 4.646302292089999885e-14 3.115055893299999746e-14 1.761140481270000079e-14 2.669936291130000237e-13 2.273008843710000147e-13 1.859869803879999984e-13 1.453251064590000004e-13 1.156903608109999981e-13 9.540065631299999961e-14 6.385191907279999925e-14 3.998005332100000454e-14 2.129790556719999956e-14 4.439404391420000395e-13 3.953665268730000192e-13 3.458246536040000220e-13 2.986773303779999912e-13 2.711310378290000017e-13 2.539779458700000122e-13 1.482074743605000123e-13 7.892976498039999585e-14 3.558533957550000232e-14 4.870628588429999617e-13 4.275389032539999744e-13 3.681201930179999478e-13 3.122218316959999973e-13 2.773679428520000073e-13 2.538421229640000077e-13 1.549219087564000187e-13 8.489671689619999163e-14 3.879683959780000303e-14 6.272135546890000650e-13 5.575082002679999403e-13 4.890505643390000576e-13 4.258083130079999833e-13 3.889453773230000107e-13 3.623571079279999695e-13 2.149821560739999990e-13 1.114954789049999973e-13 4.791866623659999647e-14 7.381277049239999884e-13 6.649150945009999774e-13 5.934678228529999623e-13 5.282977435610000249e-13 4.940495251709999305e-13 1.425161937909000086e-12 2.691458078059999604e-13 1.339353285192999807e-13 5.516005810809999928e-14 4.500240157479999806e-13 3.751946905009999730e-13 3.024410489369999812e-13 2.338928186569999762e-13 1.866380426680000051e-13 1.532738756309999957e-13 1.179291686329999958e-13 7.920951483099998362e-14 4.077758772370000027e-14 5.442775134440000398e-13 4.548788075990000036e-13 3.695697703759999739e-13 2.904122959710000212e-13 2.368586176609999849e-13 1.981170581969999796e-13 1.529987251279999903e-13 1.013055484642000054e-13 5.033058344399999895e-14 6.356124972090000038e-13 5.410542210440000541e-13 4.514647916280000284e-13 3.691258489770000191e-13 3.164295063350000411e-13 2.781082997269999961e-13 1.988886231289999883e-13 1.238521811741000137e-13 5.851176577859999492e-14 6.630735966439999964e-13 5.547738765550000751e-13 4.535546134610000059e-13 3.611729214400000192e-13 2.999682286789999947e-13 2.545424721980000009e-13 1.970531055450000116e-13 1.288130003361999955e-13 6.191933421649999409e-14 7.771681851890000180e-13 6.621016904640000198e-13 5.553793781529999898e-13 4.589573774040000111e-13 3.987247794320000182e-13 3.536645897480000359e-13 2.536315146360000265e-13 1.561324686134999756e-13 7.152355778950000040e-14 9.052632401219999458e-13 7.828213685889999496e-13 6.701380393159999990e-13 5.694045740989999727e-13 5.104440638850000535e-13 4.658752759510000473e-13 3.170294242070000458e-13 1.862064359986999892e-13 8.186885393100000305e-14
6.142854729749999520e-14 5.169371264870000527e-14 4.088443071499999988e-14 2.976219825600000450e-14 2.083847924479999958e-14 1.491167734889999879e-14 1.104631870990000028e-14 7.696041255599999803e-15 4.905936401480000145e-15 1.163102536810000014e-13 1.010189835339999980e-13 8.472530300799999842e-14 6.849983510879999554e-14 5.623884180430000096e-14 4.931254949480000431e-14 4.459136212689999919e-14 2.635801221239999938e-14 1.355044016102999924e-14 1.148277292039999856e-13 9.691860363800000181e-14 7.812946977799999927e-14 5.961478235800000560e-14 4.568039184119999589e-14 3.675830217110000082e-14 3.019429651189999971e-14 2.179898059229999789e-14 1.303826271036000070e-14 1.336351449919999997e-13 1.132745013850000026e-13 9.215507893499999881e-14 7.153180661000000046e-14 5.620308629969999876e-14 4.642419193759999992e-14 3.884316082419999379e-14 2.782964132580000011e-14 1.613627623757000181e-14 1.532750261139999969e-13 1.320791485939999989e-13 1.101751892549999996e-13 8.886446489200000407e-14 7.317976420269999495e-14 6.381143082120000206e-14 5.638056099170000496e-14 3.694902588479999926e-14 1.984794465920999956e-14 2.509848709759999681e-13 2.250332612980000084e-13 1.986285974560000004e-13 1.733720157030000164e-13 1.556407223229999837e-13 1.481581512307999837e-13 1.416103033076999965e-13 7.772586542349999618e-14 3.430099968956999931e-14 2.780328253030000275e-13 2.464652917870000061e-13 2.149687848880000048e-13 1.853012427760000179e-13 1.647178372860000024e-13 1.548611891954000033e-13 1.451575997062999788e-13 8.283811419550000511e-14 3.728711656429999852e-14 3.535574823139999582e-13 3.167478389690000181e-13 2.805210338719999630e-13 2.468420769239999638e-13 2.241326524280000080e-13 2.149102148660000305e-13 2.038742596236999783e-13 1.107541451802999910e-13 4.645992490360000393e-14 4.106705439720000160e-13 3.720528633989999750e-13 3.342219767660000053e-13 2.992541498930000021e-13 2.761888183609999721e-13 2.691458078059999604e-13 5.124882752870000516e-13 1.350174455269999929e-13 5.389021413949999525e-14 2.726694263129999923e-13 2.330675483390000091e-13 1.945508245840000058e-13 1.584581482540000026e-13 1.339380124360000016e-13 1.180068541420000040e-13 1.025572542502999953e-13 7.353711494649999950e-14 3.874903994189999816e-14 3.328211019770000528e-13 2.858044971840000475e-13 2.407999678209999628e-13 1.991506831759999915e-13 1.713140129680000225e-13 1.530939306989999988e-13 1.339508951645999768e-13 9.485621017489999210e-14 4.817037288859999800e-14 3.856977082300000291e-13 3.360657682949999557e-13 2.888144237519999730e-13 2.452935066000000014e-13 2.165558754560000036e-13 1.989896669660000030e-13 1.793091560152000201e-13 1.181447289486999992e-13 5.647684884739999696e-14 4.082592332429999809e-13 3.517546407830000229e-13 2.986221598230000185e-13 2.501089821849999998e-13 2.182205965859999813e-13 1.971675290709999970e-13 1.733441755893000063e-13 1.214142641623999793e-13 5.962343653270000011e-14 4.737110870029999892e-13 4.138256183760000199e-13 3.578416681469999969e-13 3.069911325719999987e-13 2.740028490600000329e-13 2.537529522580000038e-13 2.291823156114000003e-13 1.497016050861999957e-13 6.939452217580001440e-14 5.464769521000000002e-13 4.829246853700000332e-13 4.238619352349999820e-13 3.705149912309999753e-13 3.363906252970000479e-13 3.171577478250000158e-13 2.918476714996999493e-13 1.809590042754000217e-13 7.993804212289999507e-14
3.291060072619999966e-14 2.817091081729999882e-14 2.281487707429999896e-14 1.723440291260000077e-14 1.269239656709999895e-14 9.640643697899999936e-15 7.691024441199999507e-15 6.128053428960000519e-15 4.194988953919999866e-15 6.168147911000000232e-14 5.447154579580000333e-14 4.660669065539999657e-14 3.862100824109999901e-14 3.237240947050000084e-14 2.837801919900000021e-14 2.635120629710000213e-14 2.429941956424999918e-14 1.308321800896999929e-14 6.264899497230000236e-14 5.433151591159999975e-14 4.537601862150000199e-14 3.636553414720000283e-14 2.937534215760000369e-14 2.481142037219999926e-14 2.179099911729999837e-14 1.855405640086999905e-14 1.203149448982000025e-14 7.305320999809999822e-14 6.369660344689999777e-14 5.372034859649999849e-14 4.375280344280000487e-14 3.609676663779999359e-14 3.112115461929999758e-14 2.782080063820000189e-14 2.393988620329999931e-14 1.509971968490000006e-14 8.316775532720000999e-14 7.345903243179999993e-14 6.313960095189999410e-14 5.285403753549999554e-14 4.499074528609999406e-14 3.994941680250000159e-14 3.693989408159999773e-14 3.308741539209999900e-14 1.909085085564999893e-14 1.293601020613000060e-13 1.176214689643000071e-13 1.053279593779000040e-13 9.323023972620000352e-14 8.422224901700000183e-14 7.889246845530001023e-14 7.771500290929999749e-14 7.479436421109999792e-14 3.522929683236999743e-14 1.437012479880000106e-13 1.297098327829999990e-13 1.153037682100000000e-13 1.013003217217999977e-13 9.101077086970000900e-14 8.485124947150000017e-14 8.282512551899999509e-14 7.830333297530001183e-14 3.795561925889000308e-14 1.775705947569999884e-13 1.614894588230000139e-13 1.451112693949999896e-13 1.293468610430000154e-13 1.179540947999000099e-13 1.114424440244999921e-13 1.107393322272999930e-13 1.066319309425999895e-13 4.826765169650999948e-14 2.022032467180000120e-13 1.854034028620000025e-13 1.683554246510000202e-13 1.520060463679999954e-13 1.403025306450999837e-13 1.339353285192999807e-13 1.350174455269999929e-13 2.021621777142000037e-13 5.693696482375999711e-14 1.502515303029999900e-13 1.330528594520000018e-13 1.157352638690000052e-13 9.899354323900000432e-14 8.705245152160000484e-14 7.926641094219999302e-14 7.355279175480000748e-14 6.398673710290000201e-14 3.767623767032000681e-14 1.826788686239999943e-13 1.625975127970000085e-13 1.426497577599999962e-13 1.235545792830000036e-13 1.101206532944999933e-13 1.013734737612000095e-13 9.487482029059999384e-14 8.278414384260001013e-14 4.731375432939999884e-14 2.085197082639999948e-13 1.874422104389999835e-13 1.665868517409999873e-13 1.466980721220000170e-13 1.327984784080000047e-13 1.239236823380000105e-13 1.181640627565999895e-13 1.057881650592000023e-13 5.651372703085000386e-14 2.228393982779999927e-13 1.991626139570000155e-13 1.759817867119999960e-13 1.540303470689999800e-13 1.388043772130000049e-13 1.288945640132000086e-13 1.214359984475999923e-13 1.061663963026999987e-13 5.908819658625999330e-14 2.542202900549999750e-13 2.292848601079999975e-13 2.049782870650000057e-13 1.820522251090000175e-13 1.662684568449999910e-13 1.562185683750000084e-13 1.497245873918999944e-13 1.341699247040000063e-13 7.000408637730000464e-14 2.886029344110000066e-13 2.623063372820000193e-13 2.367974889060000183e-13 2.128337367489999749e-13 1.964661132839999796e-13 1.862979434299999983e-13 1.809832351399000076e-13 1.652748670911999947e-13 8.187026186593000874e-14
1.547939585839999977e-14 1.367892229399999949e-14 1.155915304469999968e-14 9.267755612800001580e-15 7.275325580199998956e-15 5.855266322399999709e-15 4.903110614199999589e-15 4.194231305730000127e-15 3.437854417289999740e-15 2.793432334259999885e-14 2.533133128140000204e-14 2.236091329619999875e-14 1.921315941629999948e-14 1.655447101150000086e-14 1.470846898869999898e-14 1.354663657888999953e-14 1.308220138211000177e-14 1.228085606515000077e-14 2.912791162999999697e-14 2.619002030159999872e-14 2.286956455000000234e-14 1.937425285689999900e-14 1.644693169750000089e-14 1.440353243699999859e-14 1.303412322847000101e-14 1.203036595940000090e-14 1.033963416486999926e-14 3.370478291229999936e-14 3.045082875929999763e-14 2.680303454769999830e-14 2.298294507259999893e-14 1.980754627829999810e-14 1.760136915980000014e-14 1.613174979807999807e-14 1.509847767393999851e-14 1.310371572231999954e-14 3.783285460290000276e-14 3.447287553330000258e-14 3.071670114860000199e-14 2.678907782999999905e-14 2.353395672689999842e-14 2.128757994689999939e-14 1.984336559025000150e-14 1.908957238236999874e-14 1.727205863739999996e-14 5.461822599709999819e-14 5.064384109420000311e-14 4.626008605260000212e-14 4.172771129149999963e-14 3.803153483860000348e-14 3.557251250740000025e-14 3.429560448516999772e-14 3.522784513047999976e-14 3.518478327568999689e-14 6.042610011790000441e-14 5.582593045300000592e-14 5.081692001169999743e-14 4.568233945179999837e-14 4.154164740299999911e-14 3.878222931569999731e-14 3.728105400320000429e-14 3.795414897919999982e-14 3.712463638583999917e-14 7.190008010209999487e-14 6.671545645770000290e-14 6.112125710859999756e-14 5.542736458330000219e-14 5.088190343259999690e-14 4.790141583870000182e-14 4.645317517069999859e-14 4.826609121919999950e-14 4.866291403099000013e-14 7.990462433599999827e-14 7.452024867639999874e-14 6.872986512579999569e-14 6.285038414739999685e-14 5.817811812000000230e-14 5.516005810809999928e-14 5.389021413949999525e-14 5.693696482375999711e-14 8.228935603166999923e-14 6.586420686259999679e-14 6.042553184259999485e-14 5.459498472259999980e-14 4.863865478930000185e-14 4.399838999290000714e-14 4.079583226990000527e-14 3.875596344480000219e-14 3.767770316597000495e-14 3.330869444927999608e-14 7.842041190690000882e-14 7.223128933779999636e-14 6.566612985690000264e-14 5.900787237410000248e-14 5.387034211639999544e-14 5.035159141749999442e-14 4.817814199180000190e-14 4.731519395961000105e-14 4.216100849069000107e-14 8.757050560829999995e-14 8.112084922100000515e-14 7.430985642880000052e-14 6.741616483779999398e-14 6.211957135610000375e-14 5.853371938630000748e-14 5.648469376260000046e-14 5.651518036947000239e-14 5.201018395929999232e-14 9.355725558839999251e-14 8.646494348509999656e-14 7.903099632779999395e-14 7.154558218250000008e-14 6.582881826849999851e-14 6.194394533090000228e-14 5.963200608959999462e-14 5.908949603142999158e-14 5.302238898184999865e-14 1.043087484342999978e-13 9.690600431770001027e-14 8.917590717199999123e-14 8.141138677220000521e-14 7.551006562269999550e-14 7.154941447159999448e-14 6.940334327079999213e-14 7.000540368884998801e-14 6.483955444912998842e-14 1.158566186171000000e-13 1.081268489913999977e-13 1.000825004252000092e-13 9.202387979910000200e-14 8.593007048399999767e-14 8.189612988010000807e-14 7.994717977690000621e-14 8.187159070686000058e-14 7.783341915960000755e-14
1.178885240349999824e-12 9.402898878430000141e-13 6.795447672969999781e-13 4.179113947748999831e-13 2.229749702826999900e-13 1.130930126998000122e-13 6.098321511659999476e-14 3.268869869339999986e-14 1.533670981209999971e-14 1.854729749406999925e-12 1.450153250604999914e-12 1.026081495942000007e-12 6.167602836219999309e-13 3.273589651939999644e-13 1.711682405050000047e-13 9.595553881799999843e-14 5.218303750609999994e-14 2.438324558599999910e-14 2.730957987079999808e-12 2.103330447229999868e-12 1.445190400470000200e-12 8.523095010000000132e-13 4.532044928120000021e-13 2.416881160829999954e-13 1.362057183979999997e-13 7.280621410429999034e-14 3.286109871960000580e-14 2.497166288728999982e-12 1.922957881366999918e-12 1.342442221729000050e-12 7.974291441790000554e-13 4.255023225959999669e-13 2.288385784609999666e-13 1.312635199179999768e-13 7.162519074250000559e-14 3.300290582910000481e-14 2.604044794821000196e-12 2.001276588150000161e-12 1.394656429879000032e-12 8.271262322600000245e-13 4.416243926359999650e-13 2.383080435670000250e-13 1.370465670589999800e-13 7.479679918710000633e-14 3.439911021220000500e-14 3.182341230469999836e-12 2.428896826702000109e-12 1.678377929327999985e-12 9.874286602639999412e-13 5.279066540090000102e-13 2.908412451099999990e-13 1.714343023200000030e-13 9.484706392829999636e-14 4.337054799829999669e-14 5.050914331660000279e-12 3.783442466889999467e-12 2.520697422139999688e-12 1.451934029039999948e-12 7.821679329519999476e-13 4.404064985059999723e-13 2.585334670979999990e-13 1.385250824510000148e-13 5.986410364209999463e-14 4.609457554500000089e-12 3.451035930419999864e-12 2.348390075470000041e-12 1.367358927220000018e-12 7.438425198300000354e-13 4.274128578680000398e-13 2.583370635800000147e-13 1.424453192449999819e-13 6.271702665150000366e-14 4.850198468279999649e-12 3.622571158949999958e-12 2.460335395069999678e-12 1.430515180950000103e-12 7.796884417399999760e-13 4.500240157479999806e-13 2.726694263129999923e-13 1.502515303029999900e-13 6.586420686259999679e-14 8.776297167440599360e-10 6.189553577159999668e-12 3.956538914879999965e-12 2.221559329320000117e-12 1.220675771500000100e-12 7.000342982569999455e-13 4.026352190489999981e-13 2.052068318460000189e-13 8.249296255330000280e-14 8.440187866559999734e-12 6.109391637909999884e-12 3.938579297939999950e-12 2.220759294790000004e-12 1.236247674539999913e-12 7.221519594350000059e-13 4.228498449279999780e-13 2.186473432529999731e-13 8.826788349369999729e-14 9.106641132870000217e-12 6.559965542550000057e-12 4.213694890299999897e-12 2.368447056360000267e-12 1.322394781549999906e-12 7.744198370669999825e-13 4.523073483119999822e-13 2.324389669630000078e-13 9.295848771329999922e-14 7.330324469020000724e-12 5.330893933530000336e-12 3.552767418310000035e-12 2.024814600419999706e-12 1.145195703530000079e-12 6.897055271050000121e-13 4.213804511479999929e-13 2.271682775040000076e-13 9.389289963050000033e-14 7.811126839750000586e-12 5.659748182830000143e-12 3.761795000640000229e-12 2.139551438050000112e-12 1.213751943989999977e-12 7.340961470839999947e-13 4.488325334119999719e-13 2.412882604360000246e-13 9.900401756830000027e-14 8.338479783170000811e-12 6.018557928150000070e-12 3.988616802200000125e-12 2.263822635060000005e-12 1.288262158709999840e-12 7.823712310699998960e-13 4.785652230020000792e-13 2.564867941180000203e-13 1.044398782393999901e-13
9.399589740229999133e-13 7.569129705659999607e-13 5.533067152460000347e-13 3.456367833336999610e-13 1.869835862700999913e-13 9.508773183129999376e-14 5.127261021689999662e-14 2.795165738889999970e-14 1.354103351839999920e-14 1.449491160995000190e-12 1.146946520260999965e-12 8.222762395949999487e-13 5.034646617140000199e-13 2.715311299759999898e-13 1.427609905510000063e-13 8.062742206999999820e-14 4.494662436650000152e-14 2.178181756739999872e-14 2.102470543940000052e-12 1.716353300129999772e-12 1.207252893120000166e-12 7.207391176699999058e-13 3.880682403739999853e-13 2.081999015420000220e-13 1.181842032710000137e-13 6.443107450550000326e-14 2.991847850770000153e-14 1.921911185016999808e-12 1.502333762122000142e-12 1.064967834725999953e-12 6.462633837010000190e-13 3.511987729810000092e-13 1.905348496449999908e-13 1.107095932519999942e-13 6.218094330070000087e-14 2.973983766350000122e-14 2.000163638849999867e-12 1.561001981222999950e-12 1.104915699343000129e-12 6.696776657380000161e-13 3.642458099740000256e-13 1.983552281249999968e-13 1.156253842149999943e-13 6.498890839259999588e-14 3.102827259179999593e-14 2.427460006121999901e-12 1.882136101342000040e-12 1.321024662355999917e-12 7.952894819430000834e-13 4.339068772470000149e-13 2.419378255360000452e-13 1.452003717860000209e-13 8.297797048970000050e-14 3.937829897689999625e-14 3.781478176629999701e-12 3.049571947839999801e-12 2.088836068240000103e-12 1.220267630190000009e-12 6.677024623459998920e-13 3.800922776740000178e-13 2.263946238739999890e-13 1.242961526940000119e-13 5.522706083920000113e-14 3.448576798540000373e-12 2.633773446129999928e-12 1.826429925259999952e-12 1.093212070800000063e-12 6.093871874400000055e-13 3.563345034820000066e-13 2.206610887290000161e-13 1.260086799920000120e-13 5.748271125259999815e-14 3.619934005709999690e-12 2.759355390299999740e-12 1.910567498530000064e-12 1.142560630909999982e-12 6.383915901599999728e-13 3.751946905009999730e-13 2.330675483390000091e-13 1.330528594520000018e-13 6.042553184259999485e-14 6.189553577159999668e-12 2.292118892992400063e-10 3.431059615809999876e-12 1.939391967950000030e-12 1.076219229560000127e-12 6.225557012770000226e-13 3.621796322860000124e-13 1.879025143629999888e-13 7.707733548040000127e-14 6.113062082669999708e-12 4.930389286580000625e-12 3.287311134649999995e-12 1.879373530050000156e-12 1.062371588629999958e-12 6.285245366269999487e-13 3.743968786769999939e-13 1.983266140090000222e-13 8.208657388109999898e-14 6.563946107810000526e-12 5.301653689679999608e-12 3.525609353820000028e-12 2.007663614710000026e-12 1.138164059520000046e-12 6.750216204220000145e-13 4.010179368610000108e-13 2.110605677439999799e-13 8.651587870820000778e-14 5.335750335400000018e-12 3.980501499590000245e-12 2.717402589830000160e-12 1.603797711410000100e-12 9.321756970500000068e-13 5.746527687949999207e-13 3.625013359089999666e-13 2.030228167069999888e-13 8.678447364140000054e-14 5.665382908150000041e-12 4.213739301169999495e-12 2.870197714759999929e-12 1.691846172510000078e-12 9.866934038799999708e-13 6.112468861299999487e-13 3.861873126519999981e-13 2.157910065110000277e-13 9.157573698119999656e-14 6.024723264830000234e-12 4.466707239330000264e-12 3.035580121729999889e-12 1.786931516180000131e-12 1.045749689419999983e-12 6.509400269119999811e-13 4.118020974880000260e-13 2.295186768279999944e-13 9.667322754749999971e-14
6.791491584170000551e-13 5.531460023760000074e-13 4.109666589974000323e-13 2.622567216268000357e-13 1.451590056893999900e-13 7.472868944659999840e-14 4.051531351159999944e-14 2.260816625859999888e-14 1.142906782700000039e-14 1.025429309571999958e-12 8.220580082949999888e-13 6.011964575790000275e-13 3.777272510319999782e-13 2.094491377189999931e-13 1.121439915820000021e-13 6.434295950600000731e-14 3.707587104569999662e-14 1.881536489960000061e-14 1.444413323969999995e-12 1.207018239939999875e-12 9.366173329700000826e-13 5.812510891999999399e-13 3.177163012439999908e-13 1.729136889990000054e-13 9.937446672200000926e-14 5.545197935219999891e-14 2.660091632399999873e-14 1.341554762198999958e-12 1.064724870635999983e-12 7.723746441659999792e-13 4.832316960289999399e-13 2.712760139020000036e-13 1.506661892810000057e-13 8.950784492399999663e-14 5.215890811350000356e-14 2.608978663179999884e-14 1.393733330959000106e-12 1.104672764783000070e-12 8.004952730379999559e-13 5.005142754369999608e-13 2.813817160940000370e-13 1.569572079399999892e-13 9.361358381300000788e-14 5.461462976860000361e-14 2.726742739299999808e-14 1.677248711177999997e-12 1.320765813325999862e-12 9.505740972179999526e-13 5.917048207749999841e-13 3.347771201440000346e-13 1.920704391980000093e-13 1.186268727899999983e-13 7.060307360460000474e-14 3.498531763629999772e-14 2.519335746370000294e-12 2.088615071390000059e-12 1.618536188320000043e-12 9.899029411600000980e-13 5.513997168359999803e-13 3.202717627020000048e-13 1.945561224039999891e-13 1.097373961709999867e-13 5.019995884919999678e-14 2.346789150190000169e-12 1.826221744669999995e-12 1.304283292830000125e-12 8.132619726399999327e-13 4.735347890670000066e-13 2.868658405610000207e-13 1.838541155189999873e-13 1.093962392139999853e-13 5.185546486260000215e-14 2.458648195869999889e-12 1.910362458549999881e-12 1.362989651369999948e-12 8.498702842699999177e-13 4.963932615039999563e-13 3.024410489369999812e-13 1.945508245840000058e-13 1.157352638690000052e-13 5.459498472259999980e-14 3.956538914879999965e-12 3.431059615809999876e-12 6.065680959346999762e-11 1.685664362670000159e-12 9.361071307349999928e-13 5.482342578330000455e-13 3.230968778279999749e-13 1.705389747399999904e-13 7.128271083779999755e-14 3.940758311439999647e-12 3.287324409399999992e-12 2.597113878729999965e-12 1.563151971370000062e-12 8.952843081799999386e-13 5.403780843720000268e-13 3.283860785360000002e-13 1.782238425409999751e-13 7.554590294930000095e-14 4.215997337769999635e-12 3.525575731190000091e-12 2.798423603699999643e-12 1.677214399999999995e-12 9.624597115699999448e-13 5.820533786739999948e-13 3.525827830779999745e-13 1.900068990830000058e-13 7.971906403339999660e-14 3.555416107089999675e-12 2.717276776379999861e-12 1.921299020019999658e-12 1.195014719220000017e-12 7.296261791200000361e-13 4.685244414420000362e-13 3.076314443550000194e-13 1.794971186000000000e-13 7.935136342030001470e-14 3.764271504800000384e-12 2.870010196229999877e-12 2.026293050460000052e-12 1.260208217489999879e-12 7.725441599599999974e-13 4.987694868890000025e-13 3.281712688979999786e-13 1.910618417790000038e-13 8.383888445460000222e-14 3.991245167290000188e-12 3.035320795290000162e-12 2.139627274590000219e-12 1.330482450689999899e-12 8.189579111399999449e-13 5.315213260780000087e-13 3.503657440539999996e-13 2.034994817889999997e-13 8.861209464510000680e-14
4.156379604378999931e-13 3.439957973307000250e-13 2.612269517478000146e-13 1.727485767502000060e-13 9.975525885459999544e-14 5.308480295879999678e-14 2.937183192760000301e-14 1.701347022709999891e-14 9.134877957999999583e-15 6.128179633819999509e-13 5.006945551739999503e-13 3.760031769000000189e-13 2.467435598150000079e-13 1.443029394189999819e-13 8.077532540399999166e-14 4.799905016880000018e-14 2.903895118790000458e-14 1.565704458150000172e-14 8.474637457100000651e-13 7.173751617599999560e-13 5.791630790799999977e-13 4.294577463720000539e-13 2.485504513000000026e-13 1.376671459710000135e-13 8.077146734499999949e-14 4.637915706369999489e-14 2.309303547959999887e-14 7.917416985090000683e-13 6.423480595810000570e-13 4.808111096890000448e-13 3.168376139669999959e-13 1.894352216189999869e-13 1.108609689519999875e-13 6.869355387500000340e-14 4.209868982260000131e-14 2.225146855949999838e-14 8.211454084599999739e-13 6.655713192179999632e-13 4.979760893270000670e-13 3.283216964359999701e-13 1.968156045899999987e-13 1.157738064849999940e-13 7.206613594600000105e-14 4.422397937519999569e-14 2.331907763720000201e-14 9.799011889339999603e-13 7.901545471929999738e-13 5.885592779850000404e-13 3.872617987479999800e-13 2.350233523860000105e-13 1.432164310439999978e-13 9.292848208699999523e-14 5.834020836120000350e-14 3.041821781969999963e-14 1.442294899020000100e-12 1.213799205760000181e-12 9.859123866999999764e-13 7.490105681800000397e-13 4.439478159260000316e-13 2.634585175270000079e-13 1.643382276849999903e-13 9.550598564299999231e-14 4.501989764319999825e-14 1.355691983839999822e-12 1.085458859690000060e-12 8.084878283199999328e-13 5.397448819000000510e-13 3.412705225579999796e-13 2.211208244089999930e-13 1.492361663399999835e-13 9.328846488000001064e-14 4.609610353849999509e-14 1.418132387950000088e-12 1.134355380789999918e-12 8.448342006299999669e-13 5.648967541999999557e-13 3.587495998410000055e-13 2.338928186569999762e-13 1.584581482540000026e-13 9.899354323900000432e-14 4.863865478930000185e-14 2.221559329320000117e-12 1.939391967950000030e-12 1.685664362670000159e-12 1.630522373339999771e-11 8.239110847740000298e-13 4.811425974129999993e-13 2.872628835859999814e-13 1.539932616029999955e-13 6.541643216280000091e-14 2.236859931640000294e-12 1.889843302039999693e-12 1.569538784880000024e-12 1.245000298970000010e-12 7.530666105930000287e-13 4.613543220579999972e-13 2.867032168620000057e-13 1.592621136670000070e-13 6.897242009300000003e-14 2.385687577059999934e-12 2.018826318680000131e-12 1.684029667390000018e-12 1.346064987859999941e-12 8.145718489870000980e-13 4.992347876849999954e-13 3.089090753010000032e-13 1.702202786180000133e-13 7.290623838380001307e-14 2.045203079680000061e-12 1.616862624810000026e-12 1.202957083260000105e-12 8.143438931499999863e-13 5.438827663699999178e-13 3.739804835610000185e-13 2.585122159160000016e-13 1.575424531070000174e-13 7.193590847830001000e-14 2.161526980800000069e-12 1.705866138789999951e-12 1.268725176980000006e-12 8.604221685299999696e-13 5.774433908319999789e-13 3.991899347709999965e-13 2.764931170420000191e-13 1.680798790189999909e-13 7.613697847259999796e-14 2.287627164399999935e-12 1.802008567540000053e-12 1.339630707269999949e-12 9.101017235199999214e-13 6.137675691330000010e-13 4.264868192879999714e-13 2.959228094070000064e-13 1.794162785859999925e-13 8.060844194030000344e-14
2.229774100156999974e-13 1.869953669011000092e-13 1.451796024543999886e-13 1.000156757026000021e-13 6.178616213600000284e-14 3.533234617390000035e-14 2.057933079369999876e-14 1.253261144509999963e-14 7.183175588599999191e-15 3.274782102969999873e-13 2.716489250039999858e-13 2.095507758869999918e-13 1.447732406549999897e-13 9.227851160999999410e-14 5.646194095000000553e-14 3.570833430960000195e-14 2.284403254419999969e-14 1.304475926409999916e-14 4.534076592279999941e-13 3.882576886589999769e-13 3.178606903580000080e-13 2.491264540540000048e-13 1.926884241040000046e-13 1.131352852629999982e-13 6.721123742480000365e-14 3.950894454279999965e-14 2.022556537289999888e-14 4.257861282239999814e-13 3.514573982079999523e-13 2.714615126599999759e-13 1.901409708149999945e-13 1.259001579370000111e-13 8.120971301500000379e-14 5.355112240209999458e-14 3.453247179929999846e-14 1.913177779719999959e-14 4.419395610000000304e-13 3.645312796410000139e-13 2.815834173640000180e-13 1.975567877350000044e-13 1.314052131949999936e-13 8.524838416700000166e-14 5.645835067419999834e-14 3.643445982230000052e-14 2.011740846600000024e-14 5.283726745799999816e-13 4.343315236009999919e-13 3.350724887459999959e-13 2.359578604570000146e-13 1.596983008460000006e-13 1.078158710279999996e-13 7.469325048799999948e-14 4.929951283549999163e-14 2.676496544749999720e-14 7.828885514739999858e-13 6.683386217209999825e-13 5.518103745750000769e-13 4.451493331900000032e-13 3.635093181409999805e-13 2.273601294639999805e-13 1.436785289360000108e-13 8.524618827030000339e-14 4.094237088739999744e-14 7.448122568800000445e-13 6.102301679699999968e-13 4.740654254909999551e-13 3.427186351800000118e-13 2.448388587540000043e-13 1.755466136729999997e-13 1.256136209169999986e-13 8.175673165789999710e-14 4.159269177839999512e-14 7.807471289500000127e-13 6.393073747699999956e-13 4.969657058510000582e-13 3.602839013910000096e-13 2.588436970680000072e-13 1.866380426680000051e-13 1.339380124360000016e-13 8.705245152160000484e-14 4.399838999290000714e-14 1.220675771500000100e-12 1.076219229560000127e-12 9.361071307349999928e-13 8.239110847740000298e-13 4.513411655985000693e-12 4.450299490700000340e-13 2.633427333329999967e-13 1.421356469382999908e-13 6.077053185429999866e-14 1.234629795089999920e-12 1.061013880180000032e-12 8.944885162199999505e-13 7.510919541610000964e-13 6.496030817620000002e-13 4.140148482240000005e-13 2.588930438559999952e-13 1.457695531785999944e-13 6.380138499399999975e-14 1.320613899599999804e-12 1.136676976160000074e-12 9.615929201399998890e-13 8.124598033610000621e-13 7.076189512740000804e-13 4.503303044180000579e-13 2.799795090359999926e-13 1.562109023760000108e-13 6.756418118410000624e-14 1.142985591670000067e-12 9.303601407500000630e-13 7.286109288599999493e-13 5.414515655240000307e-13 4.109522849609999963e-13 3.101342369569999878e-13 2.254634981519999855e-13 1.419859859630000123e-13 6.614145298039999332e-14 1.211298706180000001e-12 9.846849855299999535e-13 7.714322015599999640e-13 5.748318006909999602e-13 4.385811738830000263e-13 3.323672671129999903e-13 2.418903819729999914e-13 1.518591147429999821e-13 7.013757917959999252e-14 1.285536455060000085e-12 1.043529863770000140e-12 8.177404648699999567e-13 6.109557034929999492e-13 4.685272862299999526e-13 3.564675464660000234e-13 2.596595410990000007e-13 1.624921584449999960e-13 7.439321886629999795e-14
1.130844789767999960e-13 9.505818430029999709e-14 7.468537191160000261e-14 5.316597055779999501e-14 3.531390705790000504e-14 2.291075475139999946e-14 1.468402074570000183e-14 9.491744350200000590e-15 5.768606417999999692e-15 1.713162674250000046e-13 1.428496896100000022e-13 1.121735731659999976e-13 8.097149601900000199e-14 5.644318469000000295e-14 3.980036064000000277e-14 2.771169456970000135e-14 1.873033782800000111e-14 1.118309242970000054e-14 2.419440329509999760e-13 2.083693013650000016e-13 1.729900540779999974e-13 1.379279075959999926e-13 1.131205964400000016e-13 9.662239470400000180e-14 5.952136257810000567e-14 3.508264858919999889e-14 1.821235689080000174e-14 2.291890536019999955e-13 1.907741270610000004e-13 1.507823348849999881e-13 1.112371089210000084e-13 8.119847737599999882e-14 6.076057093699999295e-14 4.381024645529999329e-14 2.955676602009999678e-14 1.692938325459999861e-14 2.386954924750000470e-13 1.986221853110000133e-13 1.570898400109999962e-13 1.161725271509999977e-13 8.523818051899999343e-14 6.418626300799999591e-14 4.643342755919999929e-14 3.131805459599999806e-14 1.786000365810000173e-14 2.914475149339999682e-13 2.423811094720000105e-13 1.923210289160000135e-13 1.437359193890000203e-13 1.078105143650000014e-13 8.365894504900000130e-14 6.296269660150000121e-14 4.337713733749999401e-14 2.420932649399999961e-14 4.413225003019999974e-13 3.807615924219999940e-13 3.206461949640000098e-13 2.641421892320000056e-13 2.273744050539999678e-13 2.029916947020000109e-13 1.322675080911999898e-13 7.878372323450000970e-14 3.814976168930000011e-14 4.286135902170000100e-13 3.572105778309999771e-13 2.873488265139999849e-13 2.219530515669999887e-13 1.755720134120000010e-13 1.434765888580000009e-13 1.102768751370000084e-13 7.423441250939999118e-14 3.848087915200000062e-14 4.513234997950000069e-13 3.761422626060000291e-13 3.029635493820000389e-13 2.347818595610000206e-13 1.866658499120000076e-13 1.532738756309999957e-13 1.180068541420000040e-13 7.926641094219999302e-14 4.079583226990000527e-14 7.000342982569999455e-13 6.225557012770000226e-13 5.482342578330000455e-13 4.811425974129999993e-13 4.450299490700000340e-13 1.381348074140000012e-12 2.536488169310000045e-13 1.352877760404999862e-13 5.775652508089999472e-14 7.202479531179999794e-13 6.271494121530000278e-13 5.396316078139999343e-13 4.601758727009999254e-13 4.139632985580000010e-13 3.802952218090000077e-13 2.447652873660000042e-13 1.376626865907999944e-13 6.041757481769999798e-14 7.723381234349999758e-13 6.735194536500001138e-13 5.812405681670000148e-13 4.979701693270000222e-13 4.502740011590000417e-13 4.150677233259999671e-13 2.655905559079999949e-13 1.478538615734999862e-13 6.408225724200000283e-14 6.871414767020000243e-13 5.728181172959999545e-13 4.675504078419999598e-13 3.724982396179999676e-13 3.100769745929999747e-13 2.633407796239999661e-13 2.037981404009999919e-13 1.319709123327999732e-13 6.228485352429999651e-14 7.312722472150000676e-13 6.092265063629999426e-13 4.976977551129999664e-13 3.975859282969999979e-13 3.322987340589999759e-13 2.830844232580000100e-13 2.191398164770000021e-13 1.414156222777000012e-13 6.615364051110000360e-14 7.792606668889999661e-13 6.487179469960000171e-13 5.303494349699999747e-13 4.247495811339999786e-13 3.563879144050000462e-13 3.044925033249999726e-13 2.357350863600000208e-13 1.515846804779000011e-13 7.027529303320000001e-14
6.083597561490000612e-14 5.115932138749999621e-14 4.042772030950000070e-14 2.939160932109999600e-14 2.054367683320000080e-14 1.466481561850000143e-14 1.083560213769999952e-14 7.548488401099999487e-15 4.821936014399999834e-15 9.571994026999999473e-14 8.044896194300000139e-14 6.420426460400000688e-14 4.802279604749999882e-14 3.565838504989999935e-14 2.768207396950000325e-14 2.212621332930000078e-14 1.602647566219999663e-14 9.929980895009999130e-15 1.359452780210000031e-13 1.179927851110000068e-13 9.922800341800001055e-14 8.081566529200000148e-14 6.715345653980000389e-14 5.948643527569999374e-14 5.398998082979999930e-14 3.276262526689999724e-14 1.694731476253999682e-14 1.309801607770000064e-13 1.105063075369999995e-13 8.935335434399999607e-14 6.875668130700000124e-14 5.348869553919999961e-14 4.377100310180000243e-14 3.639521985329999667e-14 2.623478447329999831e-14 1.545505057133000139e-14 1.367561288689999899e-13 1.154188288040000027e-13 9.345982916400000373e-14 7.213580091400000073e-14 5.639395408249999614e-14 4.639250354420000171e-14 3.872142387930000317e-14 2.789499264990000125e-14 1.634976398764999689e-14 1.711054082500000009e-13 1.449771728639999781e-13 1.184613071559999883e-13 9.303942957999999264e-14 7.462002592499999932e-14 6.291273589029999902e-14 5.340744740650000106e-14 3.921282948360000729e-14 2.250871248341000116e-14 2.581617216239999766e-13 2.261559843070000101e-13 1.943781262449999997e-13 1.645041730450000142e-13 1.435920106970000104e-13 1.322054363625000015e-13 1.216514152863999988e-13 7.537808929669998957e-14 3.651694942979999575e-14 2.579403067580000027e-13 2.204229246999999904e-13 1.836814778360000131e-13 1.494703791599999817e-13 1.255145234240000008e-13 1.102029506859999928e-13 9.565714070000000633e-14 6.874045087730000052e-14 3.648877943010000051e-14 2.722553272750000494e-13 2.328211406339999953e-13 1.943724779650000005e-13 1.587086775449999846e-13 1.338342773169999833e-13 1.179291686329999958e-13 1.025572542502999953e-13 7.355279175480000748e-14 3.875596344480000219e-14 4.026352190489999981e-13 3.621796322860000124e-13 3.230968778279999749e-13 2.872628835859999814e-13 2.633427333329999967e-13 2.536488169310000045e-13 4.972100275384999408e-13 1.342519158012000007e-13 5.643509461279999720e-14 4.233248575160000123e-13 3.746622010139999887e-13 3.285805454479999605e-13 2.863737589299999735e-13 2.590181479189999603e-13 2.448648515710000102e-13 2.275785218412000295e-13 1.344950918072000042e-13 5.875181440719999388e-14 4.528041847600000094e-13 4.012888578300000364e-13 3.527813729929999500e-13 3.085555525730000293e-13 2.801115744110000524e-13 2.656956148940000477e-13 2.474392294167000440e-13 1.448767502068000015e-13 6.242067398749999324e-14 4.219334599300000008e-13 3.627897181019999673e-13 3.078444125529999938e-13 2.580950123479999882e-13 2.256144665740000102e-13 2.039189864270000044e-13 1.788982002710999851e-13 1.244461105641000152e-13 6.004580987719999561e-14 4.494082527529999571e-13 3.864793331540000353e-13 3.283899202449999937e-13 2.760418246270000042e-13 2.420504964169999778e-13 2.192677292279999942e-13 1.925215992240000128e-13 1.335389524905999846e-13 6.387132777169999138e-14 4.791694185160000101e-13 4.121015252540000372e-13 3.505923510590000159e-13 2.954354391590000230e-13 2.598300086250000439e-13 2.358718665399999914e-13 2.072477779584000037e-13 1.433299809863000011e-13 6.795025744600000774e-14
3.255581028120000172e-14 2.785108046370000107e-14 2.253831164420000166e-14 1.700537103359999857e-14 1.250378847399999956e-14 9.477341661700001550e-15 7.543535823500000184e-15 5.999284667629999032e-15 4.116220195329999866e-15 5.197902492529999848e-14 4.479811269869999947e-14 3.697457043040000133e-14 2.903517942289999971e-14 2.280324862550000151e-14 1.870828328339999973e-14 1.601968692999999877e-14 1.343048030939999990e-14 8.985565482900000811e-15 7.256791143110000580e-14 6.426089919549999459e-14 5.533830105559999946e-14 4.637936255220000357e-14 3.946311038500000389e-14 3.505667458819999465e-14 3.275470208179999595e-14 3.012498803975999697e-14 1.644901569747999882e-14 7.135417871349999953e-14 6.198954186940000341e-14 5.203224312239999910e-14 4.210057475220000450e-14 3.448348115069999867e-14 2.952707335600000009e-14 2.622595733659999802e-14 2.248522577249999833e-14 1.438882115720000129e-14 7.451426451819999455e-14 6.478997330810000734e-14 5.448307740129999848e-14 4.422651011110000348e-14 3.638360668110000597e-14 3.128717253550000240e-14 2.788583765700000297e-14 2.395746493280000192e-14 1.526381321502999726e-14 9.450380892950000911e-14 8.273978556459999645e-14 7.044624369490000475e-14 5.834713908079999597e-14 4.923999745269999229e-14 4.333953702630000049e-14 3.920199580520000697e-14 3.377878863550000236e-14 2.130586936760000128e-14 1.381005774350000196e-13 1.240054793930000078e-13 1.095449956350000065e-13 9.551490565180000408e-14 8.517525889979999665e-14 7.873751453289999641e-14 7.536494531279999050e-14 6.923837448339999621e-14 3.644785494600000338e-14 1.419452526330000017e-13 1.256696408539999879e-13 1.091712636859999907e-13 9.330091097000000862e-14 8.167491814929999663e-14 7.418033778540000368e-14 6.872542796000001003e-14 5.975565387130000876e-14 3.539308726452999658e-14 1.497248367489999832e-13 1.326967289019999809e-13 1.155001475850000043e-13 9.900745208100000147e-14 8.696683163260000829e-14 7.920951483099998362e-14 7.353711494649999950e-14 6.398673710290000201e-14 3.767770316597000495e-14 2.052068318460000189e-13 1.879025143629999888e-13 1.705389747399999904e-13 1.539932616029999955e-13 1.421356469382999908e-13 1.352877760404999862e-13 1.342519158012000007e-13 1.990503370093000048e-13 5.885788123317999849e-14 2.192943786210000131e-13 1.987531329409999912e-13 1.785002375049999721e-13 1.592358849140000133e-13 1.458717243710999921e-13 1.377329265255000081e-13 1.345142034870999815e-13 1.250469474430999978e-13 6.036697605035000116e-14 2.331242210990000104e-13 2.115091156340000006e-13 1.902974614350000199e-13 1.701916376800000003e-13 1.563167617860000090e-13 1.479282335018000163e-13 1.448966015545000171e-13 1.351025604561000070e-13 6.438443206006000360e-14 2.279549083180000070e-13 2.035300211350000080e-13 1.798263449959999805e-13 1.575088480630000300e-13 1.421059121939999971e-13 1.320563588652000040e-13 1.244686454731000132e-13 1.086570334656999952e-13 5.974268768401000256e-14 2.421268920790000181e-13 2.163287248289999915e-13 1.914123418009999883e-13 1.680427431440000086e-13 1.519863291989999855e-13 1.415062737522000051e-13 1.335628284990999851e-13 1.166296644804000231e-13 6.369532429668999822e-14 2.573827596229999834e-13 2.300899738940000146e-13 2.038721079719999997e-13 1.793754709080000149e-13 1.626215771620000012e-13 1.516811932937999951e-13 1.433551601409000190e-13 1.252121323867000181e-13 6.791879855611999494e-14
1.530042844190000018e-14 1.351582269629999929e-14 1.141496818839999969e-14 9.144791200800001023e-15 7.170959821999999157e-15 5.762995051100000338e-15 4.819163420479999944e-15 4.115447596459999986e-15 3.368883777420000173e-15 2.432575541479999883e-14 2.174214139800000101e-14 1.879269268840000154e-14 1.566949013379999950e-14 1.302808887239999971e-14 1.117476804919999989e-14 9.926202960049998508e-15 8.984569180390001120e-15 7.627602220419999731e-15 3.279308718979999484e-14 2.987145097949999836e-14 2.657494515359999685e-14 2.310630595389999549e-14 2.020772826200000085e-14 1.820290227670000117e-14 1.694319837483000124e-14 1.644790629091999656e-14 1.533883729918999947e-14 3.292613323800000435e-14 2.968691307829999654e-14 2.606066666190000119e-14 2.226536083710000060e-14 1.911245747559999835e-14 1.691933143160000012e-14 1.545054552317999869e-14 1.438762958919000228e-14 1.242902844661000143e-14 3.431933391469999617e-14 3.097331247870000411e-14 2.723698575950000027e-14 2.333327960130000141e-14 2.009746501899999857e-14 1.784958391859999920e-14 1.634514372441000196e-14 1.526258750939999775e-14 1.320624805718999850e-14 4.327290168160000204e-14 3.931091976130000200e-14 3.494691144559999681e-14 3.043443433840000333e-14 2.673893004409999885e-14 2.419650861829999948e-14 2.250338482119999782e-14 2.130445634859000160e-14 1.851380961701999929e-14 5.974903098789999896e-14 5.514781098640000652e-14 5.015410496349999806e-14 4.503746956800000669e-14 4.091083251579999819e-14 3.813503269439999974e-14 3.651087632739999535e-14 3.644641314872999937e-14 3.425083918824999844e-14 6.258570587239999871e-14 5.739265316260000123e-14 5.180124236910000394e-14 4.611481739509999587e-14 4.155728402149999214e-14 3.846360636110000196e-14 3.648206846960000441e-14 3.539162758957000140e-14 3.124477080784999957e-14 6.572675486320000643e-14 6.033119782609999856e-14 5.453859419439999736e-14 4.865777513879999513e-14 4.396150415180000248e-14 4.077758772370000027e-14 3.874903994189999816e-14 3.767623767032000681e-14 3.330869444927999608e-14 8.249296255330000280e-14 7.707733548040000127e-14 7.128271083779999755e-14 6.541643216280000091e-14 6.077053185429999866e-14 5.775652508089999472e-14 5.643509461279999720e-14 5.885788123317999849e-14 8.268974231829999339e-14 8.842884038029999961e-14 8.219726167320000019e-14 7.561238812510000304e-14 6.895175538850000318e-14 6.384337020699999971e-14 6.043884900930000559e-14 5.875952008320000314e-14 6.036825456682999353e-14 5.848843690379999903e-14 9.312678944079999377e-14 8.663072596729999991e-14 7.978950223420001194e-14 7.288515720930000758e-14 6.760804619320000013e-14 6.410463594370000480e-14 6.242842918119999073e-14 6.438566350919999135e-14 6.271729249653001061e-14 9.408299097990001289e-14 8.691486859859999874e-14 7.943246951000000081e-14 7.191586335959998879e-14 6.619170906950000407e-14 6.231007907400000595e-14 6.005425187960000811e-14 5.974374431268000267e-14 5.378056128907999624e-14 9.920470926349999012e-14 9.171387825939999907e-14 8.392414644070000542e-14 7.611654571400000468e-14 7.018975879749998727e-14 6.618004885689999994e-14 6.388005215099999789e-14 6.369634074649999477e-14 5.743717519758999513e-14 1.046511541601999997e-13 9.681851803889999308e-14 8.870289084520000094e-14 8.058790439839999982e-14 7.444788710789999964e-14 7.030319328850000171e-14 6.795929943359999811e-14 6.791971947721999980e-14 6.135253714526000395e-14
1.305339858556000104e-12 1.036464657497999934e-12 7.453600259089999842e-13 4.554708854643999793e-13 2.419340624101999950e-13 1.227980948452000072e-13 6.636252688429999261e-14 3.541744784729999976e-14 1.648247785980000005e-14 2.090430021106000035e-12 1.625290159472000079e-12 1.143076362230999828e-12 6.821342457279999500e-13 3.607069037489999967e-13 1.891781222690000087e-13 1.062888279169999970e-13 5.756037046520000314e-14 2.668154315339999790e-14 2.824020299040000039e-12 2.164848171470000037e-12 1.490157174999999968e-12 8.774277850699999998e-13 4.664475371449999596e-13 2.499768466429999796e-13 1.417885755899999813e-13 7.604652509550000851e-14 3.438287769910000153e-14 3.219065335909999797e-12 2.456787813919999738e-12 1.686809168709999964e-12 9.907556117399999461e-13 5.290674946580000091e-13 2.873502418590000133e-13 1.648708666830000039e-13 8.881790102240000171e-14 4.000331746859999656e-14 3.005863249210000243e-12 2.293576334578000151e-12 1.588906111268000022e-12 9.376377879540001455e-13 5.023186610839999355e-13 2.742844039470000161e-13 1.588450411190000110e-13 8.646632390060000654e-14 3.933948128610000084e-14 3.673525227339999915e-12 2.784576380664999904e-12 1.910560447367999893e-12 1.115514340570999950e-12 5.955232518930000338e-13 3.302285452949999761e-13 1.952504388189999967e-13 1.076114290659999877e-13 4.874460677880000023e-14 5.319757368049999859e-12 3.962503816469999943e-12 2.647954895460000065e-12 1.525151753549999907e-12 8.254310747700000298e-13 4.705401800580000580e-13 2.796145866809999934e-13 1.509788550030000083e-13 6.524870325450000774e-14 6.197574349820000069e-12 4.593176193049999666e-12 3.066084253710000192e-12 1.765809967039999880e-12 9.657742311399999757e-13 5.614369694850000027e-13 3.382919323239999877e-13 1.832197391900000178e-13 7.806950824320000074e-14 5.790358131690000217e-12 4.289112294300000385e-12 2.896091022830000127e-12 1.679401117279999817e-12 9.252206731199999744e-13 5.442775134440000398e-13 3.328211019770000528e-13 1.826788686239999943e-13 7.842041190690000882e-14 8.440187866559999734e-12 6.113062082669999708e-12 3.940758311439999647e-12 2.236859931640000294e-12 1.234629795089999920e-12 7.202479531179999794e-13 4.233248575160000123e-13 2.192943786210000131e-13 8.842884038029999961e-14 6.059964942466799734e-10 7.396926982990000006e-12 4.738870873729999557e-12 2.670200373059999624e-12 1.506913518259999995e-12 8.950459896750000461e-13 5.269759788479999234e-13 2.705980383840000105e-13 1.065072427115000015e-13 1.002662074986000046e-11 7.160264585930000544e-12 4.612599054410000559e-12 2.611765488340000001e-12 1.488062801099999989e-12 8.925462172640000257e-13 5.298153096519999635e-13 2.737772639059999995e-13 1.078644183833000105e-13 1.227742303059999955e-11 8.753463658250000374e-12 5.609344129830000458e-12 3.158550783839999789e-12 1.807768247310000045e-12 1.095682238925000067e-12 6.533611357169999770e-13 3.353457853709999965e-13 1.289618196360000028e-13 1.160454732099999966e-11 8.265515585790000359e-12 5.356046415899999823e-12 3.032714205789999645e-12 1.753998109539999932e-12 1.077969340070999847e-12 6.524412540150001042e-13 3.390696270949999676e-13 1.309231529919999842e-13 1.062045696858000008e-11 7.572501392269999493e-12 4.995185808339999496e-12 2.848999912709999698e-12 1.668591385429999960e-12 1.044270886505999979e-12 6.453336182130000479e-13 3.413847289620000082e-13 1.327690365600000081e-13
1.036076738617999927e-12 8.308331449439999765e-13 6.045311397690000413e-13 3.753578291599999837e-13 2.021363377401000186e-13 1.028207845386000037e-13 5.558409904449999893e-14 3.019536599689999886e-14 1.452444643479999795e-14 1.624498675942000024e-12 1.278839233938000133e-12 9.116911943570001263e-13 5.544564614450000131e-13 2.979046235930000254e-13 1.570689810469999860e-13 8.898318698300000055e-14 4.946532158870000240e-14 2.381177193719999939e-14 2.163801475119999928e-12 1.730447702390000094e-12 1.215361916449999952e-12 7.270395013399999919e-13 3.922712248440000211e-13 2.116875341199999880e-13 1.212364402450000085e-13 6.660248468470001023e-14 3.111894815949999873e-14 2.455498524819999910e-12 1.951614584679999750e-12 1.368464553279999945e-12 8.183066307300000043e-13 4.440724947690000007e-13 2.432319383339999778e-13 1.412672019289999934e-13 7.810715837269999950e-14 3.637069559570000275e-14 2.292194614157999918e-12 1.778763366733000161e-12 1.253060416271000040e-12 7.567604153119999212e-13 4.134294796600000200e-13 2.281256081689999981e-13 1.341854864819999949e-13 7.532204856419999481e-14 3.558216931720000353e-14 2.782813786285000219e-12 2.144329012449000203e-12 1.495264424495999986e-12 8.940779508270000617e-13 4.872251200740000553e-13 2.735554609669999674e-13 1.649427437970000001e-13 9.406152071800000049e-14 4.427099562150000100e-14 3.960044684590000049e-12 3.115845385800000114e-12 2.133334910980000055e-12 1.252816679339999990e-12 6.912246293899999831e-13 3.994873989019999912e-13 2.419421479789999613e-13 1.345427078080000075e-13 6.001453089560000171e-14 4.590054539110000443e-12 3.579317558200000082e-12 2.450593807089999830e-12 1.443905578239999942e-12 8.069806652100000345e-13 4.768474099710000413e-13 2.937059325039999940e-13 1.640783243609999839e-13 7.212153414359999942e-14 4.285749585310000305e-12 3.246349262250000184e-12 2.238599459629999794e-12 1.338303397029999939e-12 7.574784190500000061e-13 4.548788075990000036e-13 2.858044971840000475e-13 1.625975127970000085e-13 7.223128933779999636e-14 6.109391637909999884e-12 4.930389286580000625e-12 3.287324409399999992e-12 1.889843302039999693e-12 1.061013880180000032e-12 6.271494121530000278e-13 3.746622010139999887e-13 1.987531329409999912e-13 8.219726167320000019e-14 7.396926982990000006e-12 1.562028558293400074e-10 3.941616069210000342e-12 2.256336902919999952e-12 1.294720907659999913e-12 7.800792926849999534e-13 4.681108382390000396e-13 2.464621309869999946e-13 9.939946035140000301e-14 7.165899311249999633e-12 5.643521967610000010e-12 3.752345735920000034e-12 2.169093447489999971e-12 1.261530529239999863e-12 7.697548809399999465e-13 4.671805869220000450e-13 2.482904289410000327e-13 1.004366412252000145e-13 8.760444628909999981e-12 6.927424791679999623e-12 4.603220641180000341e-12 2.645892162319999949e-12 1.543055906210000032e-12 9.515171029739999690e-13 5.805328504279999102e-13 3.062448166469999926e-13 1.207236722551000067e-13 8.273198269289999436e-12 6.356305472689999808e-12 4.256155155339999688e-12 2.479797074659999610e-12 1.469161865499999942e-12 9.228343393520001356e-13 5.744367117750000679e-13 3.081769027239999996e-13 1.222948185479999921e-13 7.581003248570000577e-12 5.574664906939999698e-12 3.786252739330000096e-12 2.250825469250000007e-12 1.361197963079999952e-12 8.768974589299999304e-13 5.616038187589999646e-13 3.085303100109999838e-13 1.237235030780000001e-13
7.449127459890000745e-13 6.043542239289999856e-13 4.470810631609999637e-13 2.837040504238000174e-13 1.563282808344999876e-13 8.046488485669999879e-14 4.375197156939999848e-14 2.435017312120000145e-14 1.223710252889999927e-14 1.142341395180999997e-12 9.114645661969999837e-13 6.632065267560000045e-13 4.141937182330000014e-13 2.288815391859999840e-13 1.228954029070000012e-13 7.079340070600000389e-14 4.074007707869999872e-14 2.056329727400000203e-14 1.489269715470000077e-12 1.215118952359999982e-12 9.157971521400000190e-13 5.674584576999999588e-13 3.128978255349999791e-13 1.718784517649999991e-13 1.000415955190000009e-13 5.658164009450000035e-14 2.746996206779999710e-14 1.685788904220000028e-12 1.368217406050000125e-12 1.026450334350000026e-12 6.373957716600000604e-13 3.544847913319999724e-13 1.980775029290000210e-13 1.172471005429999942e-13 6.686854977949999070e-14 3.234374667690000230e-14 1.587842365897999975e-12 1.252820244300999876e-12 9.048127776070001003e-13 5.650557862939999587e-13 3.197330009290000198e-13 1.810659940789999962e-13 1.091904390949999972e-13 6.366838549280000852e-14 3.142720174520000113e-14 1.909267249688000266e-12 1.495017217096000096e-12 1.069936801675999948e-12 6.623912978029999233e-13 3.746669924029999754e-13 2.166098420630000107e-13 1.346277880409999889e-13 8.009303367009999669e-14 3.939066828849999783e-14 2.646353970180000193e-12 2.133126730390000099e-12 1.599099938339999980e-12 9.811091676800000456e-13 5.564574427969999579e-13 3.301238699610000127e-13 2.051491363789999984e-13 1.179329030979999979e-13 5.438755965560000193e-14 3.064052335509999933e-12 2.450283288600000183e-12 1.823994082309999965e-12 1.126786082980000034e-12 6.503758375670000360e-13 3.957526109190000103e-13 2.508318886619999708e-13 1.449874823629999952e-13 6.579654264039999543e-14 2.893960199960000116e-12 2.238307430989999840e-12 1.593848846670000128e-12 9.974057793799999747e-13 5.921084545499999588e-13 3.695697703759999739e-13 2.407999678209999628e-13 1.426497577599999962e-13 6.566612985690000264e-14 3.938579297939999950e-12 3.287311134649999995e-12 2.597113878729999965e-12 1.569538784880000024e-12 8.944885162199999505e-13 5.396316078139999343e-13 3.285805454479999605e-13 1.785002375049999721e-13 7.561238812510000304e-14 4.738870873729999557e-12 3.941616069210000342e-12 4.131606269391000340e-11 1.881795075039999820e-12 1.095815140119999967e-12 6.743004915719999710e-13 4.132963820249999725e-13 2.229486535200000018e-13 9.196822314630000686e-14 4.615075558569999906e-12 3.752158217389999982e-12 2.895538902929999917e-12 1.762465366040000019e-12 1.049716727340000069e-12 6.575105397489999808e-13 4.092077886880000020e-13 2.235710182989999991e-13 9.270122360860000320e-14 5.612191140609999568e-12 4.602843662130000151e-12 3.595737508609999762e-12 2.189354983530000174e-12 1.301677545940000010e-12 8.222514694070000103e-13 5.141560335579999443e-13 2.783909157270000045e-13 1.122136086430999987e-13 5.359080332220000343e-12 4.255665037809999408e-12 3.201563019789999752e-12 1.977069952839999978e-12 1.210292820900000030e-12 7.847835455429999474e-13 5.038446609730000195e-13 2.787759020200000022e-13 1.134117099144000100e-13 4.998434556349999737e-12 3.785644770429999522e-12 2.678415456909999872e-12 1.694485219130000078e-12 1.082841900040000064e-12 7.291068107259999916e-13 4.863758511459999929e-13 2.774489978290000330e-13 1.144466469930000004e-13
4.528926240184000067e-13 3.735071004170000361e-13 2.825479202048000177e-13 1.859506845890000119e-13 1.069565410089999978e-13 5.688642119439999487e-14 3.157989896020000035e-14 1.826336529879999983e-14 9.763060293099999789e-15 6.775615664580000461e-13 5.512634496050000409e-13 4.122089705669999867e-13 2.692448144480000160e-13 1.571114785599999852e-13 8.822362996300000468e-14 5.268536155399999611e-14 3.188821901610000331e-14 1.712220370489999823e-14 8.717403394000000127e-13 7.231241772200000298e-13 5.650378713599999628e-13 4.000482482100000329e-13 2.337799849929999749e-13 1.323369393329999951e-13 7.925515260399999492e-14 4.652610919459999936e-14 2.363247250049999814e-14 9.840225594599999213e-13 8.137170543100000487e-13 6.345690358599999722e-13 4.493061063960000084e-13 2.661436132200000177e-13 1.538167519330000102e-13 9.392330208499999367e-14 5.567715886420000224e-14 2.813289691020000131e-14 9.305297891839999312e-13 7.519332484819999491e-13 5.620792704139999654e-13 3.717331423719999686e-13 2.252720639500000171e-13 1.348838645919999851e-13 8.497462194900000749e-14 5.208828475870000294e-14 2.709055817140000101e-14 1.106538909650999964e-12 8.880809482170000036e-13 6.586814128629999965e-13 4.320526011000000138e-13 2.627105075390000195e-13 1.614969562219999851e-13 1.056027516399999899e-13 6.635806640220000229e-14 3.434659129740000125e-14 1.513484810169999913e-12 1.245063468229999987e-12 9.763350233599999447e-13 7.081410219400000524e-13 4.298347407380000281e-13 2.648476073089999572e-13 1.705869455880000021e-13 1.018356256250000025e-13 4.862993605949999377e-14 1.751528953799999990e-12 1.434511296210000056e-12 1.121042170250000030e-12 8.123647280199999498e-13 5.048937543159999582e-13 3.205423082540000130e-13 2.110446959559999793e-13 1.266647503749999912e-13 5.936748702760000427e-14 1.664195325469999990e-12 1.328335547309999993e-12 9.913069306000000099e-13 6.694534811400000542e-13 4.342522662359999965e-13 2.904122959710000212e-13 1.991506831759999915e-13 1.235545792830000036e-13 5.900787237410000248e-14 2.220759294790000004e-12 1.879373530050000156e-12 1.563151971370000062e-12 1.245000298970000010e-12 7.510919541610000964e-13 4.601758727009999254e-13 2.863737589299999735e-13 1.592358849140000133e-13 6.895175538850000318e-14 2.670200373059999624e-12 2.256336902919999952e-12 1.881795075039999820e-12 1.126351722384999970e-11 9.301542684200000410e-13 5.813158138109999835e-13 3.644094925759999543e-13 2.010424754670000110e-13 8.456050897829999974e-14 2.633741031089999958e-12 2.183113413770000046e-12 1.770982325529999945e-12 1.373389420420000043e-12 8.679924960319999092e-13 5.589677250809999748e-13 3.577093012919999724e-13 2.006276983290000040e-13 8.500521267859999844e-14 3.184980849189999654e-12 2.662506173949999977e-12 2.199416581380000014e-12 1.748984940009999908e-12 1.103338057079999924e-12 7.108913642620000128e-13 4.559023242149999798e-13 2.528013179179999872e-13 1.038070866255000004e-13 3.061415309339999833e-12 2.497776478700000156e-12 1.987911976779999870e-12 1.507845378510000008e-12 9.898422745399999859e-13 6.659815965020000770e-13 4.421944071039999406e-13 2.518573970779999986e-13 1.046571190703999922e-13 2.880269545590000006e-12 2.270287781470000300e-12 1.706189588629999992e-12 1.191432433650000018e-12 8.370054127599999334e-13 6.020478105160000244e-13 4.209425772270000200e-13 2.490934261840000048e-13 1.053246591748999922e-13
2.419514825401999999e-13 2.021616158090999834e-13 1.563581604375000167e-13 1.072630798499999949e-13 6.608681739439999415e-14 3.778396633589999956e-14 2.205182671910000183e-14 1.342734739250000003e-14 7.671266412300000850e-15 3.608745025569999843e-13 2.980649841380000255e-13 2.290083631589999755e-13 1.576552411240000223e-13 1.005205923919999954e-13 6.175024928999999965e-14 3.924350422089999762e-14 2.513188695489999885e-14 1.429671878609999982e-14 4.667313427729999741e-13 3.925298500709999642e-13 3.130833242930000020e-13 2.344857341889999825e-13 1.717233210700000088e-13 1.041788018439999968e-13 6.423614320209999781e-14 3.897944274429999648e-14 2.051596917920000088e-14 5.294813773050000356e-13 4.444441432520000031e-13 3.547475551570000013e-13 2.669777266439999991e-13 1.974876267339999943e-13 1.227834769729999864e-13 7.731515626600000360e-14 4.737001827080000205e-14 2.473978541419999926e-14 5.027729690570000110e-13 4.138370109229999770e-13 3.200148099400000185e-13 2.261525008120000054e-13 1.530414818740000014e-13 1.012069328070000001e-13 6.769887496399999675e-14 4.350529561019999393e-14 2.360133840209999874e-14 5.961358278140000193e-13 4.877754648250000005e-13 3.750328211289999971e-13 2.638207827729999833e-13 1.794927855140000036e-13 1.222751497160000143e-13 8.530788029500000831e-14 5.634204662099999513e-14 3.034756580900000143e-14 8.264008118200000389e-13 6.920676099199999744e-13 5.569880792210000074e-13 4.312828533599999594e-13 3.373722025539999745e-13 2.220597667330000052e-13 1.472095329469999954e-13 9.034765549889999710e-14 4.413314551839999966e-14 9.670828475799998994e-13 8.081003410399999612e-13 6.510539199129999651e-13 5.066587486809999988e-13 3.998650571370000135e-13 2.719398945839999954e-13 1.845221132920000042e-13 1.137567494095000035e-13 5.439695514240000792e-14 9.266553926699999719e-13 7.587004881600000266e-13 5.928391010100000606e-13 4.361284713609999506e-13 3.212443037610000207e-13 2.368586176609999849e-13 1.713140129680000225e-13 1.101206532944999933e-13 5.387034211639999544e-14 1.236247674539999913e-12 1.062371588629999958e-12 8.952843081799999386e-13 7.530666105930000287e-13 6.496030817620000002e-13 4.139632985580000010e-13 2.590181479189999603e-13 1.458717243710999921e-13 6.384337020699999971e-14 1.506913518259999995e-12 1.294720907659999913e-12 1.095815140119999967e-12 9.301542684200000410e-13 3.270468869041000212e-12 5.269094104570000887e-13 3.323580783420000201e-13 1.856883546230000049e-13 7.879798298840000194e-14 1.485609563289999811e-12 1.259522110889999846e-12 1.048604768940000036e-12 8.653809058909999915e-13 7.380131128929999331e-13 4.983978739729999982e-13 3.238728215029999811e-13 1.845683279829999978e-13 7.903035479159999879e-14 1.804614408510000050e-12 1.540505667060000124e-12 1.300294836849999891e-12 1.100226297719999964e-12 9.632315258480000762e-13 6.460522806370000587e-13 4.182283190700000150e-13 2.350974308969999762e-13 9.733978804419999520e-14 1.750475804370000051e-12 1.466324378619999903e-12 1.208771140650000060e-12 9.864705886800000757e-13 8.345328037970000169e-13 5.925365811129999913e-13 4.020028546590000187e-13 2.332353167559999981e-13 9.793475493640000288e-14 1.664643850189999776e-12 1.358036151620000046e-12 1.081164449099999982e-12 8.333414191600000400e-13 6.641258204870000499e-13 5.186216205660000018e-13 3.779534363570000073e-13 2.294586300790000101e-13 9.832873600560000006e-14
1.228136600731999873e-13 1.028094521406000078e-13 8.043341017969999851e-14 5.698852900940000197e-14 3.776908255290000012e-14 2.452842359530000188e-14 1.573432007390000174e-14 1.016414876450000056e-14 6.160594194900000264e-15 1.893931584420000155e-13 1.572079231010000151e-13 1.229562693389999833e-13 8.846250663800000336e-14 6.173409311700000684e-14 4.375561093900000134e-14 3.056478759140000314e-14 2.066688627550000048e-14 1.229029002110000221e-14 2.503273217840000085e-13 2.119268115359999977e-13 1.719945973689999815e-13 1.327130793019999906e-13 1.041675662050000045e-13 8.506564568399999069e-14 5.522248601129999471e-14 3.408754814710000002e-14 1.832699405459999870e-14 2.878749762439999811e-13 2.436089357169999733e-13 1.982888921110000033e-13 1.542734024899999934e-13 1.227758711259999943e-13 1.015244595050000034e-13 6.737652076369999824e-14 4.200264156770000366e-14 2.236667726179999649e-14 2.748580540819999950e-13 2.285392038789999660e-13 1.812972482750000020e-13 1.353688176119999941e-13 1.012010954270000066e-13 7.781333014700000634e-14 5.664851084720000312e-14 3.789388828139999820e-14 2.115176709550000044e-14 3.310193547139999893e-13 2.741346105140000359e-13 2.169367153849999923e-13 1.621250480270000151e-13 1.222839316029999903e-13 9.564668018899999686e-14 7.231543610149999637e-14 4.980276778089999888e-14 2.755917760950000054e-14 4.717409124070000282e-13 4.003634732510000122e-13 3.306068559139999769e-13 2.656798344670000033e-13 2.220851664719999812e-13 1.925675273880000155e-13 1.332776142880000166e-13 8.301215766239999014e-14 4.104924569599999497e-14 5.630186877190000130e-13 4.779986065079999616e-13 3.963878969140000088e-13 3.215809195240000322e-13 2.719788321709999789e-13 2.375210019359999702e-13 1.684504718420000161e-13 1.055023431539000032e-13 5.101112751229999883e-14 5.459991590420000422e-13 4.561310328069999725e-13 3.702590636710000149e-13 2.915220423859999930e-13 2.369039957339999830e-13 1.981170581969999796e-13 1.530939306989999988e-13 1.013734737612000095e-13 5.035159141749999442e-14 7.221519594350000059e-13 6.285245366269999487e-13 5.403780843720000268e-13 4.613543220579999972e-13 4.140148482240000005e-13 3.802952218090000077e-13 2.448648515710000102e-13 1.377329265255000081e-13 6.043884900930000559e-14 8.950459896750000461e-13 7.800792926849999534e-13 6.743004915719999710e-13 5.813158138109999835e-13 5.269094104570000887e-13 1.110770306683999914e-12 3.160729502310000025e-13 1.765337355527999681e-13 7.507523065930000036e-14 8.897223173949999976e-13 7.677345011729999404e-13 6.564388079729999447e-13 5.573637186070000267e-13 4.983293409189999837e-13 4.517297617379999969e-13 3.050855614569999469e-13 1.748106530377000202e-13 7.514904535909999992e-14 1.092135877908999810e-12 9.489892031250000230e-13 8.209255057609999910e-13 7.089519235200000306e-13 6.459577742370000344e-13 5.952531851449999691e-13 3.978863298499999803e-13 2.244633228647999931e-13 9.321148789280001122e-14 1.074047364832000008e-12 9.200401494259999367e-13 7.833232094970000257e-13 6.638683332310000497e-13 5.924302521210000154e-13 5.341219989999999241e-13 3.776581270469999980e-13 2.217022626148999995e-13 9.360886166099999600e-14 1.039920384376000044e-12 8.738017201000000129e-13 7.274920464729999494e-13 5.997550601290000049e-13 5.185004940279999793e-13 4.517010924939999602e-13 3.487163459920000078e-13 2.168632252147999992e-13 9.378474172330000438e-14
6.617514645720000600e-14 5.543498400929999700e-14 4.363253205570000229e-14 3.157757047459999939e-14 2.201552567359999810e-14 1.571333009770000036e-14 1.161429751629999925e-14 8.077166494700001030e-15 5.148262702330000147e-15 1.060342871339999982e-13 8.879418913600000139e-14 7.064881314500000525e-14 5.272240514099999876e-14 3.918736097250000281e-14 3.053141099549999846e-14 2.447663361779999990e-14 1.772195641529999867e-14 1.093763548403000006e-14 1.415052164490000108e-13 1.210331545299999886e-13 9.988710493900000033e-14 7.931828003599999276e-14 6.417371633919999654e-14 5.518324265780000385e-14 4.852498561129999984e-14 3.120631257030000061e-14 1.691038767732999956e-14 1.645627619409999974e-13 1.410526407190000085e-13 1.170865287349999847e-13 9.401019347399999165e-14 7.724660064299999903e-14 6.733115604729999461e-14 5.957673595059999436e-14 3.880028502170000012e-14 2.083721761353999777e-14 1.585280341940000010e-13 1.339661780350000066e-13 1.090270451559999946e-13 8.507009445200000005e-14 6.762803046000000243e-14 5.660119624789999930e-14 4.778717377710000053e-14 3.413444663490000452e-14 1.952015157539000060e-14 1.948907784570000111e-13 1.647070310159999900e-13 1.344534983970000050e-13 1.057501575560000026e-13 8.522564619499999904e-14 7.225750024829999841e-14 6.155109990350000016e-14 4.515644810569999247e-14 2.570419765819999797e-14 2.792178298589999814e-13 2.417039839499999609e-13 2.049764986959999990e-13 1.708211584080000004e-13 1.471104354539999976e-13 1.332036898369999885e-13 1.199508128309999757e-13 7.846451518230000180e-14 3.917771862809999911e-14 3.378403347419999979e-13 2.934467777049999878e-13 2.506439947550000222e-13 2.113371752199999740e-13 1.844074500520000054e-13 1.683630079030000124e-13 1.516480354455999813e-13 1.001792156288999994e-13 4.901184704339999641e-14 3.323509698270000086e-13 2.855384831979999874e-13 2.406061064569999749e-13 1.994629594440000172e-13 1.711941470580000248e-13 1.529987251279999903e-13 1.339508951645999768e-13 9.487482029059999384e-14 4.817814199180000190e-14 4.228498449279999780e-13 3.743968786769999939e-13 3.283860785360000002e-13 2.867032168620000057e-13 2.588930438559999952e-13 2.447652873660000042e-13 2.275785218412000295e-13 1.345142034870999815e-13 5.875952008320000314e-14 5.269759788479999234e-13 4.681108382390000396e-13 4.132963820249999725e-13 3.644094925759999543e-13 3.323580783420000201e-13 3.160729502310000025e-13 4.598624651010999599e-13 1.732031822341000189e-13 7.341430797420000151e-14 5.303910289930000498e-13 4.674726074240000317e-13 4.094264400350000171e-13 3.572580088769999576e-13 3.240329359470000180e-13 3.052134742079999642e-13 2.795622814439999822e-13 1.702300310105999918e-13 7.331135122369999603e-14 6.539531922959999343e-13 5.807892713200000538e-13 5.143437566750000420e-13 4.553587087419999884e-13 4.184147324390000210e-13 3.980366405780000134e-13 3.673741064477999944e-13 2.200860466441000235e-13 9.156033123769999746e-14 6.530663507179999170e-13 5.746993545930000130e-13 5.040416415029999953e-13 4.415535250599999647e-13 4.022030475430000279e-13 3.778197891380000007e-13 3.424988805559999747e-13 2.151082808254000194e-13 9.171255703119999943e-14 6.459953513470000295e-13 5.618730340140000263e-13 4.865839059559999627e-13 4.202502062979999717e-13 3.781687970539999916e-13 3.488910671960000086e-13 3.081610580999999670e-13 2.074227145069999872e-13 9.158977631449999248e-14
3.526998854009999887e-14 3.008444695060000025e-14 2.427396843910000335e-14 1.825497580819999911e-14 1.339617199379999953e-14 1.014833090440000148e-14 8.071794521000000448e-15 6.413923731520000878e-15 4.392516989310000308e-15 5.733074494720000479e-14 4.930019277399999535e-14 4.062977129279999679e-14 3.188853122649999898e-14 2.508740475069999938e-14 2.064194233339999985e-14 1.771428220479999771e-14 1.486839507063000096e-14 9.916545387879998464e-15 7.577551306649998983e-14 6.641108325340000014e-14 5.645497510340000219e-14 4.652799412419999624e-14 3.893045209570000300e-14 3.405785548299999702e-14 3.119748543360000348e-14 2.794957430549999928e-14 1.613976282719999627e-14 8.850640046760000050e-14 7.788951985400000402e-14 6.672534729850000144e-14 5.568128415229999642e-14 4.731523404480000440e-14 4.196840998009999830e-14 3.879032702890000358e-14 3.480263172569999351e-14 2.003759630046000009e-14 8.614126634859999304e-14 7.509586318750000362e-14 6.351952506790000400e-14 5.209307447990000146e-14 4.344840457629999672e-14 3.785806521579999760e-14 3.412408753560000202e-14 2.951160984250000035e-14 1.838942395038999925e-14 1.072113718140000003e-13 9.378547563699999119e-14 7.991039447649999653e-14 6.636911357169999441e-14 5.627460443770000402e-14 4.975926551949999520e-14 4.514392444059999273e-14 3.893599156049999736e-14 2.440608515872999846e-14 1.504787883910000028e-13 1.342036686699999835e-13 1.177079275700000033e-13 1.018480717150000004e-13 9.026584199029999663e-14 8.295808293840000264e-14 7.844949226500001131e-14 7.053120266230000114e-14 3.870523444552999660e-14 1.826256981809999871e-13 1.636806795890000040e-13 1.447272075239999950e-13 1.266848287679999752e-13 1.136614157057999950e-13 1.054380629724999980e-13 1.001615224870999909e-13 8.973527749840000022e-14 4.873625714505999776e-14 1.820558538229999950e-13 1.621834099769999978e-13 1.423797320720000219e-13 1.235788060660000059e-13 1.100211165821999930e-13 1.013055484642000054e-13 9.485621017489999210e-14 8.278414384260001013e-14 4.731519395961000105e-14 2.186473432529999731e-13 1.983266140090000222e-13 1.782238425409999751e-13 1.592621136670000070e-13 1.457695531785999944e-13 1.376626865907999944e-13 1.344950918072000042e-13 1.250469474430999978e-13 6.036825456682999353e-14 2.705980383840000105e-13 2.464621309869999946e-13 2.229486535200000018e-13 2.010424754670000110e-13 1.856883546230000049e-13 1.765337355527999681e-13 1.732031822341000189e-13 2.067365532357000203e-13 7.605975156001000309e-14 2.746158955489999930e-13 2.488281472590000217e-13 2.239215183210000089e-13 2.005905624539999965e-13 1.846955424390000012e-13 1.749013045122000242e-13 1.702539070190999923e-13 1.558374596003999950e-13 7.542570792969000434e-14 3.363334483409999841e-13 3.068713185270000414e-13 2.788000446880000030e-13 2.527556470069999683e-13 2.352387854530000308e-13 2.245690327415000128e-13 2.201130054960999983e-13 2.024912617938000049e-13 9.530440364892999774e-14 3.401319106739999883e-13 3.088461111149999826e-13 2.792104507599999921e-13 2.518118693589999956e-13 2.333866294879999814e-13 2.218158085582999912e-13 2.151369088517999960e-13 1.939877537662999971e-13 9.456715632319998784e-14 3.425295297420000010e-13 3.092475346029999972e-13 2.779110491590000333e-13 2.490425373560000104e-13 2.296208082740000347e-13 2.169835028535999944e-13 2.074530838482999928e-13 1.819145571815999815e-13 9.326520743148999064e-14
1.644218178340000209e-14 1.449651255800000222e-14 1.222147589920000028e-14 9.773753207300000611e-15 7.658483998399999795e-15 6.154528536899999602e-15 5.145249513199999103e-15 4.391703737530000052e-15 3.593805603610000183e-15 2.661592955459999966e-14 2.376640516839999884e-14 2.053855862999999926e-14 1.713545969280000048e-14 1.427935902470000049e-14 1.228112385370000097e-14 1.093358690191000107e-14 9.915433730980000715e-15 8.425925774350001494e-15 3.430610510800000108e-14 3.106602357430000036e-14 2.744084209789999944e-14 2.364636477810000036e-14 2.049664885759999964e-14 1.831694223160000022e-14 1.690588262917999686e-14 1.613857125918999726e-14 1.461795967561000154e-14 3.991620445630000297e-14 3.631076092169999586e-14 3.230966297869999900e-14 2.814783398210000192e-14 2.471611907070000120e-14 2.235530356009999794e-14 2.083232367472999834e-14 2.003632859321999983e-14 1.814739439763999878e-14 3.924854262840000281e-14 3.551944599320000172e-14 3.139156831780000037e-14 2.710580101630000195e-14 2.357679851940000295e-14 2.113996744029999898e-14 1.951510224442000019e-14 1.838814797766999834e-14 1.601500953732000281e-14 4.863384141860000183e-14 4.419460174339999720e-14 3.934641960430000365e-14 3.436406885909999895e-14 3.031898507230000142e-14 2.754507485419999805e-14 2.569825306219999981e-14 2.440459978443000050e-14 2.123707250275000040e-14 6.511738247540000279e-14 5.992447280559999217e-14 5.433333716210000372e-14 4.864864991609999455e-14 4.409773776149999669e-14 4.103197290509999631e-14 3.917100766760000300e-14 3.870377477057000143e-14 3.550459161984999992e-14 7.791634084300000029e-14 7.201627994409999690e-14 6.573417192609999734e-14 5.938773562969999828e-14 5.435670854640000087e-14 5.099106147269999837e-14 4.900431250320000092e-14 4.873482744431999756e-14 4.468489436538000085e-14 7.826090616990000259e-14 7.212192202109999151e-14 6.560063530650000108e-14 5.902862211379999891e-14 5.382855363319999803e-14 5.033058344399999895e-14 4.817037288859999800e-14 4.731375432939999884e-14 4.216100849069000107e-14 8.826788349369999729e-14 8.208657388109999898e-14 7.554590294930000095e-14 6.897242009300000003e-14 6.380138499399999975e-14 6.041757481769999798e-14 5.875181440719999388e-14 6.036697605035000116e-14 5.848843690379999903e-14 1.065072427115000015e-13 9.939946035140000301e-14 9.196822314630000686e-14 8.456050897829999974e-14 7.879798298840000194e-14 7.507523065930000036e-14 7.341430797420000151e-14 7.605975156001000309e-14 8.943889693907999419e-14 1.080651100785000130e-13 1.005747825033999918e-13 9.278648559470000639e-14 8.498477992000000516e-14 7.908253440949999353e-14 7.517545370489999626e-14 7.332007560300000255e-14 7.542672437950000090e-14 7.227607048458999324e-14 1.291869202680000077e-13 1.208778320651000053e-13 1.123121406196999925e-13 1.037864434303000039e-13 9.739778135340000048e-14 9.324132215599999941e-14 9.156968055009999965e-14 9.530510577277999849e-14 9.245751856628999495e-14 1.311599735319999862e-13 1.224563431259999925e-13 1.135156371695000074e-13 1.046362347689000035e-13 9.799507617630000129e-14 9.364064138179999162e-14 9.172217181750000798e-14 9.456766922194999588e-14 8.968713673705999939e-14 1.330203419480000049e-13 1.238939175719999985e-13 1.145562383880000138e-13 1.053036359566999978e-13 9.839202903530000309e-14 9.381894348380000505e-14 9.159973548780000356e-14 9.326546602971998633e-14 8.575812254950001129e-14
1.347899345832000038e-12 1.068775153136000073e-12 7.674331997580000137e-13 4.680547704980999495e-13 2.482975377113999848e-13 1.260705733842000031e-13 6.817010228179999312e-14 3.633475811049999732e-14 1.686485148520000151e-14 2.170548064299999910e-12 1.684660081274999857e-12 1.182660063016000120e-12 7.041950235700000294e-13 3.719840187670000093e-13 1.952848498459999874e-13 1.097875233200000026e-13 5.936410091379999408e-14 2.744092505849999842e-14 2.954351825229999903e-12 2.258925651099999825e-12 1.550802036780000044e-12 9.111742098499999349e-13 4.843758488760000129e-13 2.600830712339999968e-13 1.475743082450000055e-13 7.897485148610000967e-14 3.557062988220000088e-14 3.004262824381000290e-12 2.292216482627999990e-12 1.587642510135000080e-12 9.364561767409999563e-13 5.012620198680000098e-13 2.733693354780000042e-13 1.581014320720000012e-13 8.593900053460000519e-14 3.905379314109999724e-14 3.516378530119999559e-12 2.673820926250000101e-12 1.831473693480000233e-12 1.074452521069999857e-12 5.763318832979999435e-13 3.159854113290000058e-13 1.823797632839999979e-13 9.822978469749999805e-14 4.395116647430000316e-14 3.842327092750000017e-12 2.906354316222000237e-12 1.989703549225999995e-12 1.158922414468999902e-12 6.183357703820000347e-13 3.434745659149999703e-13 2.031976973670000165e-13 1.118278758830000055e-13 5.050052436390000174e-14 5.618071369370000035e-12 4.172681343210000215e-12 2.780081572130000035e-12 1.597805316039999963e-12 8.655694469799999362e-13 4.947729308779999521e-13 2.941128348519999973e-13 1.584269814699999896e-13 6.812853835460000135e-14 5.786820902309999895e-12 4.286100123930000432e-12 2.893089378900000065e-12 1.676576925889999844e-12 9.226451411900001370e-13 5.420410793339999909e-13 3.310841804170000217e-13 1.816031209520000136e-13 7.797615283489999950e-14 6.894311210569999644e-12 5.088952620139999610e-12 3.391104406450000275e-12 1.954446523639999993e-12 1.078744853049999983e-12 6.356124972090000038e-13 3.856977082300000291e-13 2.085197082639999948e-13 8.757050560829999995e-14 9.106641132870000217e-12 6.563946107810000526e-12 4.215997337769999635e-12 2.385687577059999934e-12 1.320613899599999804e-12 7.723381234349999758e-13 4.528041847600000094e-13 2.331242210990000104e-13 9.312678944079999377e-14 1.002662074986000046e-11 7.165899311249999633e-12 4.615075558569999906e-12 2.633741031089999958e-12 1.485609563289999811e-12 8.897223173949999976e-13 5.303910289930000498e-13 2.746158955489999930e-13 1.080651100785000130e-13 6.639934647027000461e-10 8.695767634159999443e-12 5.521478009940000081e-12 3.117098230169999898e-12 1.780744813409999946e-12 1.065537747680000150e-12 6.237563807219999632e-13 3.153837041980000025e-13 1.207642722824000071e-13 9.874931994159999209e-12 7.073607449300000355e-12 4.681715094250000148e-12 2.675921659629999851e-12 1.561708620299999978e-12 9.739734942810000077e-13 6.022505616650000519e-13 3.199675210349999883e-13 1.256205481499999964e-13 1.229575402299999955e-11 8.745138095200000302e-12 5.679767873039999705e-12 3.227356273469999769e-12 1.885256791950000010e-12 1.171291784596000072e-12 7.132802485230000599e-13 3.702462681620000241e-13 1.410209373659999971e-13 1.522242110140000188e-11 1.074610141899999942e-11 6.861556182950000869e-12 3.880090934179999959e-12 2.269386408920000109e-12 1.404095128673999893e-12 8.419750862080000293e-13 4.270660966309999809e-13 1.578339602489999829e-13
1.068367553775999949e-12 8.556318776950000076e-13 6.216941862289999752e-13 3.853077507982000234e-13 2.072225340194999956e-13 1.054296301597000077e-13 5.703287242659999661e-14 3.095038685870000119e-14 1.485285424179999912e-14 1.683823501335000028e-12 1.323443305747000025e-12 9.418879921109999706e-13 5.716360918869999769e-13 3.068102151639999920e-13 1.619157056160000141e-13 9.181002931800000722e-14 5.097922068380000213e-14 2.448195703740000091e-14 2.257812701799999936e-12 1.804086161839999987e-12 1.264079675740000114e-12 7.545618834899999929e-13 4.071314163260000386e-13 2.201454835520000164e-13 1.261550763449999917e-13 6.916718797960000499e-14 3.219887087079999408e-14 2.290834762208000161e-12 1.777418560337000137e-12 1.251801499722999947e-12 7.555794871989999656e-13 4.123729189190000143e-13 2.272105808299999835e-13 1.334418933199999910e-13 7.479472843019999036e-14 3.529648046619999658e-14 2.672348803830000254e-12 2.117263025699999914e-12 1.482203961549999980e-12 8.862951179199999650e-13 4.835819443839999683e-13 2.676810259079999676e-13 1.566005889860000013e-13 8.662786867529999621e-14 4.006338612579999991e-14 2.904477707001999920e-12 2.233757901909999985e-12 1.554433804558999932e-12 9.274228416270000897e-13 5.051204100719999400e-13 2.841225710529999952e-13 1.714900130829999820e-13 9.770438632699999384e-14 4.586409778720000007e-14 4.170044189970000350e-12 3.277987175869999564e-12 2.238521853219999954e-12 1.311815489959999981e-12 7.245377635399999683e-13 4.199709906009999918e-13 2.545148650329999770e-13 1.412288506899999857e-13 6.269001474160000197e-14 4.282737414940000353e-12 3.243365766160000085e-12 2.235605873229999940e-12 1.335480666190000064e-12 7.549033838699999546e-13 4.526426053490000487e-13 2.840676410640000299e-13 1.615217664289999783e-13 7.178702499879999919e-14 5.085325498670000132e-12 3.950155122170000065e-12 2.702494654370000010e-12 1.596457267369999886e-12 9.018883032400000539e-13 5.410542210440000541e-13 3.360657682949999557e-13 1.874422104389999835e-13 8.112084922100000515e-14 6.559965542550000057e-12 5.301653689679999608e-12 3.525575731190000091e-12 2.018826318680000131e-12 1.136676976160000074e-12 6.735194536500001138e-13 4.012888578300000364e-13 2.115091156340000006e-13 8.663072596729999991e-14 7.160264585930000544e-12 5.643521967610000010e-12 3.752158217389999982e-12 2.183113413770000046e-12 1.259522110889999846e-12 7.677345011729999404e-13 4.674726074240000317e-13 2.488281472590000217e-13 1.005747825033999918e-13 8.695767634159999443e-12 1.695037609642899951e-10 4.621715842929999506e-12 2.649067056220000018e-12 1.539207488189999923e-12 9.342147091620000906e-13 5.570124070980000196e-13 2.884293581979999885e-13 1.129985110174999968e-13 7.081290132800000239e-12 5.227291260850000008e-12 3.559384536470000113e-12 2.118747041759999885e-12 1.276377495780000003e-12 8.187861057820000126e-13 5.242370080449999877e-13 2.890735468439999898e-13 1.169918811669999833e-13 8.753639951499999770e-12 6.685932576159999881e-12 4.491195927590000400e-12 2.633206253040000329e-12 1.578334105190000102e-12 1.003964767139999992e-12 6.295581993689999981e-13 3.373932025610000163e-13 1.319758050580000080e-13 1.075554906169999923e-11 8.443265176470000792e-12 5.602963214630000200e-12 3.244997208310000227e-12 1.938139683250000014e-12 1.223075033307000106e-12 7.518933488800000308e-13 3.920616665059999597e-13 1.483450267409999880e-13
7.669695595279999997e-13 6.215129904390000322e-13 4.591756883550000161e-13 2.908894221404999905e-13 1.600835416960999988e-13 8.240578664699999876e-14 4.484145307499999606e-14 2.493823375129999847e-14 1.250734190239999953e-14 1.181883151995999954e-12 9.416451344410000157e-13 6.841251663739999987e-13 4.264760115039999596e-13 2.354435914870000062e-13 1.265373068590000069e-13 7.297535355500000295e-14 4.196708694750000423e-14 2.114021271489999997e-14 1.549878937860000118e-12 1.263836741180000054e-12 9.525108744899999836e-13 5.891348487299999874e-13 3.248470873429999778e-13 1.788103333359999992e-13 1.041507828470000055e-13 5.879421726160000791e-14 2.843916089500000342e-14 1.586578764764999830e-12 1.251561327752999985e-12 9.035767322850000522e-13 5.638783256929999001e-13 3.186767934939999982e-13 1.801511373039999932e-13 1.084469122740000014e-13 6.314107896079999752e-14 3.114150999420000417e-14 1.830371216799999761e-12 1.481969058040000121e-12 1.110274499709999935e-12 6.905542671800000512e-13 3.867924143090000153e-13 2.187412378490000338e-13 1.305890277770000033e-13 7.454002362489999612e-14 3.577663475630000259e-14 1.988354107046000035e-12 1.554190737759000111e-12 1.110278275009999883e-12 6.861377530400000815e-13 3.879817754049999705e-13 2.247469701579999832e-13 1.398960006419999987e-13 8.319329950900000603e-14 4.082019165010000081e-14 2.778394372930000247e-12 2.238316813240000175e-12 1.678448452709999890e-12 1.028109448299999886e-12 5.836967733540000271e-13 3.473298178469999758e-13 2.160128106359999999e-13 1.239141521000000057e-13 5.685974635160000565e-14 2.890958556030000054e-12 2.235313844589999985e-12 1.590896894210000107e-12 9.945901640299999906e-13 5.895354987400000173e-13 3.673345300459999467e-13 2.390633841410000034e-13 1.415740172290000090e-13 6.522184374589999613e-14 3.388857169160000010e-12 2.702442691689999665e-12 2.009209574030000107e-12 1.247292898190000065e-12 7.295449202299999444e-13 4.514647916280000284e-13 2.888144237519999730e-13 1.665868517409999873e-13 7.430985642880000052e-14 4.213694890299999897e-12 3.525609353820000028e-12 2.798423603699999643e-12 1.684029667390000018e-12 9.615929201399998890e-13 5.812405681670000148e-13 3.527813729929999500e-13 1.902974614350000199e-13 7.978950223420001194e-14 4.612599054410000559e-12 3.752345735920000034e-12 2.895538902929999917e-12 1.770982325529999945e-12 1.048604768940000036e-12 6.564388079729999447e-13 4.094264400350000171e-13 2.239215183210000089e-13 9.278648559470000639e-14 5.521478009940000081e-12 4.621715842929999506e-12 4.474475037720000172e-11 2.236124797080000246e-12 1.316726583240000088e-12 8.152325835180000194e-13 4.956526665239999607e-13 2.624273389490000080e-13 1.049399637881000071e-13 4.684749010569999860e-12 3.558894418939999833e-12 2.522269851080000036e-12 1.595683758350000004e-12 1.015329758249999873e-12 6.805223069230000137e-13 4.536115506229999933e-13 2.596657084300000101e-13 1.081078773324000003e-13 5.683016621049999946e-12 4.490587958689999826e-12 3.364421343869999839e-12 2.095929574679999943e-12 1.302050164059999813e-12 8.563628809760000021e-13 5.543587236860000132e-13 3.063190210490000203e-13 1.227002105169999970e-13 6.865012032140000101e-12 5.602204253860000088e-12 4.378525955200000651e-12 2.694724998849999745e-12 1.645096843299999937e-12 1.065115163890000121e-12 6.716571176879999978e-13 3.591716120559999971e-13 1.386519155019999898e-13
4.653730797690999496e-13 3.833862739102000095e-13 2.896920743254999818e-13 1.903842469494999941e-13 1.093881408603000054e-13 5.818269103610000362e-14 3.232585052400000006e-14 1.868777044940000134e-14 9.973688532300000517e-15 6.994089662599999134e-13 5.683014831570000350e-13 4.244038535439999906e-13 2.768320742109999817e-13 1.614463181249999988e-13 9.075132594099998785e-14 5.427264089500000367e-14 3.284301243819999843e-14 1.760539447310000039e-14 9.051933860499999852e-13 7.504555369700000410e-13 5.865966626199999927e-13 4.160475938159999693e-13 2.431712669839999754e-13 1.379051971290000032e-13 8.263359193500000140e-14 4.840871628319999506e-14 2.449168655520000309e-14 9.293481779709999440e-13 7.507523203689999936e-13 5.609018098130000078e-13 3.705812024219999880e-13 2.242178616000000092e-13 1.339697142139999873e-13 8.423137166900000083e-14 5.156103592869999953e-14 2.680485479639999857e-14 1.066956200170000113e-12 8.812188361400000540e-13 6.874258574899999416e-13 4.882285175100000029e-13 2.920209838320000177e-13 1.711407323999999977e-13 1.054894059870000077e-13 6.256194700719999997e-14 3.131087586520000507e-14 1.149553237039000022e-12 9.211028163769999647e-13 6.822310739200000208e-13 4.470047912459999909e-13 2.718803224119999917e-13 1.675044744419999849e-13 1.097375069859999991e-13 6.895923943539999591e-14 3.561675597800000181e-14 1.585422523040000150e-12 1.303610239839999917e-12 1.023073364659999936e-12 7.440792698700000028e-13 4.521038806710000073e-13 2.792828680370000363e-13 1.799824867449999872e-13 1.071839672489999968e-13 5.090522547930000495e-14 1.661371134080000016e-12 1.325512816470000118e-12 9.884913152500000258e-13 6.666884994300000606e-13 4.316886124059999485e-13 2.881810547709999982e-13 1.974152348459999996e-13 1.224788660620000130e-13 5.856349674810000184e-14 1.938227566320000160e-12 1.585861481409999992e-12 1.240809864440000022e-12 9.037675541600000442e-13 5.707803581129999863e-13 3.691258489770000191e-13 2.452935066000000014e-13 1.466980721220000170e-13 6.741616483779999398e-14 2.368447056360000267e-12 2.007663614710000026e-12 1.677214399999999995e-12 1.346064987859999941e-12 8.124598033610000621e-13 4.979701693270000222e-13 3.085555525730000293e-13 1.701916376800000003e-13 7.288515720930000758e-14 2.611765488340000001e-12 2.169093447489999971e-12 1.762465366040000019e-12 1.373389420420000043e-12 8.653809058909999915e-13 5.573637186070000267e-13 3.572580088769999576e-13 2.005905624539999965e-13 8.498477992000000516e-14 3.117098230169999898e-12 2.649067056220000018e-12 2.236124797080000246e-12 1.226835894743999984e-11 1.135786598552999996e-12 7.121385572480000809e-13 4.415300718769999746e-13 2.384122551859999922e-13 9.694697855829999300e-14 2.704622763180000039e-12 2.136726445800000027e-12 1.606525782290000098e-12 1.119618753919999951e-12 7.828926781799999784e-13 5.607718271520000144e-13 3.918192515839999939e-13 2.327201302079999836e-13 9.934950510939999548e-14 3.258625906350000077e-12 2.652668565260000218e-12 2.107633944179999857e-12 1.597798755469999991e-12 1.067569193780000042e-12 7.301495699859999156e-13 4.890466525170000434e-13 2.779917974840000000e-13 1.135834725958999870e-13 3.914271181619999460e-12 3.266136333590000004e-12 2.707414862039999986e-12 2.174919398970000036e-12 1.409530584899999970e-12 9.318605860130000366e-13 6.025190673310000420e-13 3.293626969729999645e-13 1.291481968302999899e-13
2.483175471104000257e-13 2.072499499965000040e-13 1.601135309440999915e-13 1.097067300633000061e-13 6.755651413169998832e-14 3.863228399719999892e-14 2.256205989609999678e-14 1.373577698609999935e-14 7.835554826299999394e-15 3.721718334589999778e-13 3.069884525869999961e-13 2.355834918269999956e-13 1.620165376099999973e-13 1.033306617470000085e-13 6.355780322799999354e-14 4.044674641579999984e-14 2.589905395309999965e-14 1.470861808239999957e-14 4.846910172399999773e-13 4.074168859930000269e-13 3.250487886130000092e-13 2.439124501290000064e-13 1.793806372130000116e-13 1.089574977469999947e-13 6.715965060120000980e-14 4.064067647630000469e-14 2.129337965200000119e-14 5.017163278409999844e-13 4.127804501819999714e-13 3.189586025049999464e-13 2.250982984619999975e-13 1.520134930660000125e-13 1.002958203120000109e-13 6.695677977299999718e-14 4.297828861120000331e-14 2.331558955309999849e-14 5.768355797080000001e-13 4.840287595309999821e-13 3.870953882919999905e-13 2.929489523170000219e-13 2.187895169610000039e-13 1.381143024120000128e-13 8.778745020800000472e-14 5.373241044839999612e-14 2.772974252479999888e-14 6.190006512189999325e-13 5.057149716619999980e-13 3.883732941799999996e-13 2.730524648280000115e-13 1.860093155170000103e-13 1.269937835890000074e-13 8.874797947699999808e-14 5.861528796439999153e-14 3.150332996329999911e-14 8.666281341900000738e-13 7.254535481499999912e-13 5.842692177010000280e-13 4.536381822210000115e-13 3.565577035080000063e-13 2.350091331379999932e-13 1.557326236960000086e-13 9.529097898159999995e-14 4.627182649390000110e-14 9.240798607399999325e-13 7.561254529799999751e-13 5.902661452000000181e-13 4.335648175310000036e-13 3.187487778109999689e-13 2.346442864110000113e-13 1.695833395580000230e-13 1.090450656184999920e-13 5.342560039139999870e-14 1.080317064659999917e-12 9.032195179900000315e-13 7.303385023499999643e-13 5.727765119730000360e-13 4.569008798910000166e-13 3.164295063350000411e-13 2.165558754560000036e-13 1.327984784080000047e-13 6.211957135610000375e-14 1.322394781549999906e-12 1.138164059520000046e-12 9.624597115699999448e-13 8.145718489870000980e-13 7.076189512740000804e-13 4.502740011590000417e-13 2.801115744110000524e-13 1.563167617860000090e-13 6.760804619320000013e-14 1.488062801099999989e-12 1.261530529239999863e-12 1.049716727340000069e-12 8.679924960319999092e-13 7.380131128929999331e-13 4.983293409189999837e-13 3.240329359470000180e-13 1.846955424390000012e-13 7.908253440949999353e-14 1.780744813409999946e-12 1.539207488189999923e-12 1.316726583240000088e-12 1.135786598552999996e-12 3.632141239929999982e-12 6.537083775459999469e-13 4.066363099390000165e-13 2.217723973950000122e-13 9.077581653630000705e-14 1.558186315129999896e-12 1.273540008899999964e-12 1.013808077999999903e-12 7.795209923200000682e-13 6.185044005969999926e-13 4.816244384529999723e-13 3.510181390989999896e-13 2.139848239159999985e-13 9.261186267039999982e-14 1.881309256710000029e-12 1.575172293730000196e-12 1.300372713119999932e-12 1.063905200179999947e-12 9.021586433070000399e-13 6.519301822960000087e-13 4.465788778470000251e-13 2.584752318590000119e-13 1.066088874086000018e-13 2.264937484860000168e-12 1.934601506569999866e-12 1.643239262279999999e-12 1.405531681210000012e-12 1.243864773482000229e-12 8.552017982159999841e-13 5.583296681819999691e-13 3.090111297369999831e-13 1.219327589503999915e-13
1.260945472192000011e-13 1.054244214057000055e-13 8.237758449899999037e-14 5.829076660310000029e-14 3.861631953120000456e-14 2.509845608289999972e-14 1.610447763910000177e-14 1.039771446860000054e-14 6.293026055500000102e-15 1.955240587810000114e-13 1.620732433260000008e-13 1.266075318700000069e-13 9.100678023899999654e-14 6.354199679300000813e-14 4.511407225799999644e-14 3.153918198030000331e-14 2.131721486050000277e-14 1.265412645130000041e-14 2.604705201420000188e-13 2.204124407380000077e-13 1.789429654070000062e-13 1.383039177950000068e-13 1.089472940989999991e-13 8.932041965799999943e-14 5.791589638420000088e-14 3.561630941800000017e-14 1.905014273710000005e-14 2.739429856130000336e-13 2.276241765400000019e-13 1.803823914999999990e-13 1.344546672339999963e-13 1.002899829320000174e-13 7.693393476500000088e-14 5.591180436819999640e-14 3.736790269539999897e-14 2.086583506449999941e-14 3.166115125839999949e-13 2.681328205729999977e-13 2.189936899750000144e-13 1.716560819239999880e-13 1.381102236949999837e-13 1.152311598059999919e-13 7.722245963720000153e-14 4.804558294549999926e-14 2.523337713429999831e-14 3.443327047690000138e-13 2.847516700349999667e-13 2.251011298969999903e-13 1.681672263490000025e-13 1.270054691630000016e-13 9.953717129199999035e-14 7.532939281440000720e-14 5.186734066919999871e-14 2.863469569379999863e-14 4.960724149250000289e-13 4.209185627059999974e-13 3.478523182920000334e-13 2.801719089409999797e-13 2.350369403820000210e-13 2.044458333509999757e-13 1.413342999939999849e-13 8.771036751320000268e-14 4.309824877290000295e-14 5.437627249319999933e-13 4.538948305570000176e-13 3.680238233409999877e-13 2.892908011859999700e-13 2.346896644840000094e-13 1.960057176969999812e-13 1.513843104089999953e-13 1.002985707912000020e-13 4.990534183449999685e-14 6.374921470389999364e-13 5.424179759709999443e-13 4.522109898519999852e-13 3.703142188939999835e-13 3.164807667640000044e-13 2.781082997269999961e-13 1.989896669660000030e-13 1.239236823380000105e-13 5.853371938630000748e-14 7.744198370669999825e-13 6.750216204220000145e-13 5.820533786739999948e-13 4.992347876849999954e-13 4.503303044180000579e-13 4.150677233259999671e-13 2.656956148940000477e-13 1.479282335018000163e-13 6.410463594370000480e-14 8.925462172640000257e-13 7.697548809399999465e-13 6.575105397489999808e-13 5.589677250809999748e-13 4.983978739729999982e-13 4.517297617379999969e-13 3.052134742079999642e-13 1.749013045122000242e-13 7.517545370489999626e-14 1.065537747680000150e-12 9.342147091620000906e-13 8.152325835180000194e-13 7.121385572480000809e-13 6.537083775459999469e-13 1.273381900774999833e-12 3.898733198600000265e-13 2.120728505878999941e-13 8.684250448820000336e-14 9.700515190419999662e-13 8.159919158560000156e-13 6.790619708769999910e-13 5.586585638809999872e-13 4.815181094609999964e-13 4.186701445600000091e-13 3.233974648070000284e-13 2.019685010049000079e-13 8.822144987900000149e-14 1.166941282465999935e-12 1.000869028309999974e-12 8.547481167230000608e-13 7.278568195989999971e-13 6.518090557579999862e-13 5.877523931539999737e-13 4.201998361219999729e-13 2.463801046848000168e-13 1.021544241183000023e-13 1.399250704193000053e-12 1.219640895453000043e-12 1.063329548621000069e-12 9.293518526939999578e-13 8.550612956729999767e-13 7.896372766720000014e-13 5.337863480259999130e-13 2.969298144742000407e-13 1.174255019779999946e-13
6.797835235830000264e-14 5.688082935530000014e-14 4.471975606429999941e-14 3.232411367660000230e-14 2.252472451400000253e-14 1.608241981720000050e-14 1.189359580940000008e-14 8.263741525299999241e-15 5.259252048030000580e-15 1.095255235470000072e-13 9.161650594099999770e-14 7.282782224600000483e-14 5.431501691800000110e-14 4.038863912319999617e-14 3.150427356409999924e-14 2.527986682590000046e-14 1.829235844829999842e-14 1.126883373465999923e-14 1.472838700549999901e-13 1.259485209340000000e-13 1.039970281980000013e-13 8.270325690300000108e-14 6.709525400950000129e-14 5.787497236920000329e-14 5.099771172429999779e-14 3.267442903289999833e-14 1.760099416165000012e-14 1.577844251469999912e-13 1.332225848730000027e-13 1.082835183349999988e-13 8.432684417199999339e-14 6.688593526900000286e-14 5.586448976890000520e-14 4.709150872210000228e-14 3.361310199090000182e-14 1.923350886438999815e-14 1.820543324850000092e-13 1.563783668889999838e-13 1.304236543979999910e-13 1.055942261520000077e-13 8.771423358400000202e-14 7.717289626120000896e-14 6.854016180189999981e-14 4.466135818859999826e-14 2.363538760983999979e-14 2.028268939249999987e-13 1.712496695539999795e-13 1.397175174369999830e-13 1.098982124210000049e-13 8.866305046399999894e-14 7.526867325340000451e-14 6.416589196729999961e-14 4.705929920450000048e-14 2.672778426929999938e-14 2.936987358140000039e-13 2.542684573280000137e-13 2.158344640169999947e-13 1.802330160359999945e-13 1.556288885769999903e-13 1.412566144849999767e-13 1.273683682852999979e-13 8.303560322780000260e-14 4.118397910680000080e-14 3.306140482670000280e-13 2.838016270779999698e-13 2.388695227769999650e-13 1.977275111140000253e-13 1.694634736480000253e-13 1.512891048379999869e-13 1.323756928646000143e-13 9.380594066959999727e-14 4.772574086580000414e-14 3.852090271389999786e-13 3.357921479080000049e-13 2.886153168320000061e-13 2.456283604689999739e-13 2.164300984889999943e-13 1.988886231289999883e-13 1.793091560152000201e-13 1.181640627565999895e-13 5.648469376260000046e-14 4.523073483119999822e-13 4.010179368610000108e-13 3.525827830779999745e-13 3.089090753010000032e-13 2.799795090359999926e-13 2.655905559079999949e-13 2.474392294167000440e-13 1.448966015545000171e-13 6.242842918119999073e-14 5.298153096519999635e-13 4.671805869220000450e-13 4.092077886880000020e-13 3.577093012919999724e-13 3.238728215029999811e-13 3.050855614569999469e-13 2.795622814439999822e-13 1.702539070190999923e-13 7.332007560300000255e-14 6.237563807219999632e-13 5.570124070980000196e-13 4.956526665239999607e-13 4.415300718769999746e-13 4.066363099390000165e-13 3.898733198600000265e-13 5.407939459683999687e-13 2.096458662062999958e-13 8.531672779600000685e-14 6.028756583680000667e-13 5.244996508629999328e-13 4.538085311529999690e-13 3.911783695399999675e-13 3.512183319829999988e-13 3.235591268980000310e-13 2.857266138260000050e-13 1.929757629354000046e-13 8.604390902120000112e-14 7.139419816569999405e-13 6.298274146240000597e-13 5.545667784959999830e-13 4.883542815879999951e-13 4.467942385440000094e-13 4.203745573259999738e-13 3.801763006199999767e-13 2.393254580169999635e-13 1.003438553694999978e-13 8.426808241929999606e-13 7.521709042559999835e-13 6.718770421969999752e-13 6.017682981470000120e-13 5.585618830229999179e-13 5.339744524659999296e-13 4.913243417770000121e-13 2.924501830997000323e-13 1.160669437733000047e-13
3.618263595620000231e-14 3.083624585640000018e-14 2.485998324379999734e-14 1.867958096169999716e-14 1.370285534730000011e-14 1.038134616410000009e-14 8.258354647699999244e-15 6.562105807980000577e-15 4.487599615259999739e-15 5.912627038629999678e-14 5.080879633159999989e-14 4.185332073050000502e-14 3.284293263120000191e-14 2.585316052059999865e-14 2.129121297319999628e-14 1.828437697329999890e-14 1.535234620886999873e-14 1.022344856702000098e-14 7.869231681719999788e-14 6.896825289509999121e-14 5.866266489430000278e-14 4.841124701910000285e-14 4.058982333510000383e-14 3.558542735750000451e-14 3.266527404000000004e-14 2.931261882279999753e-14 1.683063259202999848e-14 8.561394298260000432e-14 7.456854305349999917e-14 6.299221853589999300e-14 5.156582564989999805e-14 4.292139757729999979e-14 3.733207962979999837e-14 3.360274289159999932e-14 2.903493802749999840e-14 1.810084660739000054e-14 9.789128060220000339e-14 8.639352195979999709e-14 7.438609990349999041e-14 6.256793389869999659e-14 5.367369790750000359e-14 4.800811459250000334e-14 4.465070532959999881e-14 4.013059512130000041e-14 2.285695678352999985e-14 1.114092694830000073e-13 9.741637721799999979e-14 8.300229859499999374e-14 6.896711232879999996e-14 5.854498070770000037e-14 5.182187324450000093e-14 4.704631052799999677e-14 4.058398361529999963e-14 2.539723842888999814e-14 1.579002879159999828e-13 1.408727201399999901e-13 1.236790358160000048e-13 1.071978760909999939e-13 9.520535909260000340e-14 8.765347140200000590e-14 8.301992641949999462e-14 7.471378260489999856e-14 4.076438421597000387e-14 1.809801061510000143e-13 1.611076636090000181e-13 1.413039915410000095e-13 1.225030928449999901e-13 1.089455289061999917e-13 1.002306454941999978e-13 9.378733055389999553e-14 8.182641981259999970e-14 4.684031090261000301e-14 2.078617018710000060e-13 1.870070906469999948e-13 1.663043407969999902e-13 1.467251152670000068e-13 1.326959656699999820e-13 1.238521811741000137e-13 1.181447289486999992e-13 1.057881650592000023e-13 5.651518036947000239e-14 2.324389669630000078e-13 2.110605677439999799e-13 1.900068990830000058e-13 1.702202786180000133e-13 1.562109023760000108e-13 1.478538615734999862e-13 1.448767502068000015e-13 1.351025604561000070e-13 6.438566350919999135e-14 2.737772639059999995e-13 2.482904289410000327e-13 2.235710182989999991e-13 2.006276983290000040e-13 1.845683279829999978e-13 1.748106530377000202e-13 1.702300310105999918e-13 1.558374596003999950e-13 7.542672437950000090e-14 3.153837041980000025e-13 2.884293581979999885e-13 2.624273389490000080e-13 2.384122551859999922e-13 2.217723973950000122e-13 2.120728505878999941e-13 2.096458662062999958e-13 2.447007380167000347e-13 8.937850784712000345e-14 3.210298046140000090e-13 2.897427552350000232e-13 2.601002571700000000e-13 2.326746024889999805e-13 2.141361366479999818e-13 2.020820469482999995e-13 1.930043909617999813e-13 1.692278334762999843e-13 8.740395572119998957e-14 3.713910689420000169e-13 3.381104271530000298e-13 3.067810723790000206e-13 2.779409086560000057e-13 2.586374100540000365e-13 2.465003823235999867e-13 2.393558273583000196e-13 2.151974008815999945e-13 1.039063161804899896e-13 4.283062215680000336e-13 3.928351760280000237e-13 3.596675303150000093e-13 3.292974484639999827e-13 3.091874387129999890e-13 2.970593548944000446e-13 2.924825897503000350e-13 2.684117218889000055e-13 1.223055561482099785e-13
1.682347481080000152e-14 1.482427645189999852e-14 1.249145046739999944e-14 9.984951036899999575e-15 7.822390100699999344e-15 6.286867959999999912e-15 5.256200427480000027e-15 4.486743592919999561e-15 3.672248527420000366e-15 2.737268825439999929e-14 2.443478754330000322e-14 2.111429305310000211e-14 1.761882280749999930e-14 1.469085796479999953e-14 1.264481769679999901e-14 1.126469425276999954e-14 1.022232003660000162e-14 8.690275625769999711e-15 3.549085358469999835e-14 3.214391075770000226e-14 2.840871926150000245e-14 2.450588851929999933e-14 2.127343620499999952e-14 1.903972299760000067e-14 1.759637389840999887e-14 1.682940688639999897e-14 1.527532019318999953e-14 3.896285448339999921e-14 3.523375714220000108e-14 3.110587656680000341e-14 2.682009764129999952e-14 2.329104967040000271e-14 2.085403540929999795e-14 1.922845953341999774e-14 1.809957063466999963e-14 1.575659919831999827e-14 4.385641760139999781e-14 3.999815988700000135e-14 3.573954926579999888e-14 3.132661122649999792e-14 2.770438218369999859e-14 2.522098726279999960e-14 2.363021345712999980e-14 2.285567367805000153e-14 2.075507875306999957e-14 5.038521356489999757e-14 4.578459988499999619e-14 4.077430210270000380e-14 3.563431098880000099e-14 3.147168716100000085e-14 2.862008541169999922e-14 2.672172170819999884e-14 2.539576814919999804e-14 2.210716675183999957e-14 6.799108635519999837e-14 6.259568072510000567e-14 5.680335582340000320e-14 5.092434582880000454e-14 4.623494065280000275e-14 4.308000422669999795e-14 4.117705560389999677e-14 4.076291872032000573e-14 3.746328069227999724e-14 7.781664709790000589e-14 7.167765768209999434e-14 6.515634919549999457e-14 5.858424648779999827e-14 5.338381190820000129e-14 4.988433386100000137e-14 4.771797176260000024e-14 4.683887127239999448e-14 4.172025485369000196e-14 8.740418885500000259e-14 8.100654371789999942e-14 7.424137774369999966e-14 6.743764962849999960e-14 6.207615249089999789e-14 5.851176577859999492e-14 5.647684884739999696e-14 5.651372703085000386e-14 5.201018395929999232e-14 9.295848771329999922e-14 8.651587870820000778e-14 7.971906403339999660e-14 7.290623838380001307e-14 6.756418118410000624e-14 6.408225724200000283e-14 6.242067398749999324e-14 6.438443206006000360e-14 6.271729249653001061e-14 1.078644183833000105e-13 1.004366412252000145e-13 9.270122360860000320e-14 8.500521267859999844e-14 7.903035479159999879e-14 7.514904535909999992e-14 7.331135122369999603e-14 7.542570792969000434e-14 7.227607048458999324e-14 1.207642722824000071e-13 1.129985110174999968e-13 1.049399637881000071e-13 9.694697855829999300e-14 9.077581653630000705e-14 8.684250448820000336e-14 8.531672779600000685e-14 8.937850784712000345e-14 1.045947269582599938e-13 1.258573686899999985e-13 1.171534057449999837e-13 1.082118045874999851e-13 9.932862080790000677e-14 9.267218391029999823e-14 8.825322959979999712e-14 8.605352380750000968e-14 8.740446861994999761e-14 8.020176554006000001e-14 1.412722427540000191e-13 1.321462195520000065e-13 1.228098019120000104e-13 1.135624493776999925e-13 1.066721804383000048e-13 1.021886258787999904e-13 1.003538145428000089e-13 1.039065747787199853e-13 9.870913898350000883e-14 1.581003504709999961e-13 1.485263255510000040e-13 1.387684438659999980e-13 1.291329584117000049e-13 1.219993605848999961e-13 1.174616945852000131e-13 1.160771991032000224e-13 1.223055481131499720e-13 1.197880039419399822e-13
1.450802667436999981e-12 1.146432966193000035e-12 8.201324347160000092e-13 4.978108124319999787e-13 2.632284578754000058e-13 1.337407810698000013e-13 7.239378986249999855e-14 3.845829308069999635e-14 1.774359663120000224e-14 2.368465860582999983e-12 1.830301582508999882e-12 1.279025329685000115e-12 7.574866403350000051e-13 3.990455199860000286e-13 2.099527693870000181e-13 1.181625063480000072e-13 6.365684209919999488e-14 2.924000385380000090e-14 2.861435412143999872e-12 2.186754227749000028e-12 1.514587142994999861e-12 8.912468302579999673e-13 4.732537480810000203e-13 2.547838150180000155e-13 1.458239540890000054e-13 7.881917626239999774e-14 3.585817158760000189e-14 4.177118229670000076e-12 3.154438508469999872e-12 2.127896433299999945e-12 1.235556715129999915e-12 6.604664328689999321e-13 3.616428161440000174e-13 2.068194977859999828e-13 1.096217467449000019e-13 4.816898560929999895e-14 3.501309183069999986e-12 2.649443396219999889e-12 1.822627898706000210e-12 1.069170664732000022e-12 5.744342197979999898e-13 3.170026663250000144e-13 1.844054387919999857e-13 9.993061647000000727e-14 4.493585843610000100e-14 4.271302490420000480e-12 3.213771727310000142e-12 2.188301787854999926e-12 1.267380981347000012e-12 6.756897947779999146e-13 3.771532032759999878e-13 2.234597907579999991e-13 1.225664936650000201e-13 5.493224362020000063e-14 5.452962945070000225e-12 4.045550205129999653e-12 2.728382543590000113e-12 1.574128487849999801e-12 8.558180079700000491e-13 4.948681481950000503e-13 2.991930680939999974e-13 1.638123904450000183e-13 7.113363920620000188e-14 8.414805133100000329e-12 6.165304735649999959e-12 4.034081965290000269e-12 2.298111064549999931e-12 1.263742774589999944e-12 7.412801788260000764e-13 4.437097856439999833e-13 2.353855153070000020e-13 9.688532133270001142e-14 6.996176903789999406e-12 5.134032676120000141e-12 3.449953037150000004e-12 1.989733653360000309e-12 1.107800077510000029e-12 6.630735966439999964e-13 4.082592332429999809e-13 2.228393982779999927e-13 9.355725558839999251e-14 7.330324469020000724e-12 5.335750335400000018e-12 3.555416107089999675e-12 2.045203079680000061e-12 1.142985591670000067e-12 6.871414767020000243e-13 4.219334599300000008e-13 2.279549083180000070e-13 9.408299097990001289e-14 1.227742303059999955e-11 8.760444628909999981e-12 5.612191140609999568e-12 3.184980849189999654e-12 1.804614408510000050e-12 1.092135877908999810e-12 6.539531922959999343e-13 3.363334483409999841e-13 1.291869202680000077e-13 9.874931994159999209e-12 7.081290132800000239e-12 4.684749010569999860e-12 2.704622763180000039e-12 1.558186315129999896e-12 9.700515190419999662e-13 6.028756583680000667e-13 3.210298046140000090e-13 1.258573686899999985e-13 1.451837007232899845e-09 1.476596839269999884e-11 9.109677656020000244e-12 5.092666144010000420e-12 2.953773344689999845e-12 1.787036731728000088e-12 1.028813050996000056e-12 4.971228806999999704e-13 1.758676180150000188e-13 1.836846901220000144e-11 1.279060988030000073e-11 8.039965796189999757e-12 4.542856797759999811e-12 2.679556973180000113e-12 1.656824056742999970e-12 9.786686335330000392e-13 4.845296010679999577e-13 1.734783794599999947e-13 1.398085609119999991e-11 9.822104889530000093e-12 6.447486266909999828e-12 3.704204513600000054e-12 2.241079260250000028e-12 1.442674712609999921e-12 8.957536116760000345e-13 4.639208668749999615e-13 1.702261389619999945e-13
1.145975473002999949e-12 9.148790863949999074e-13 6.624270595980000519e-13 4.086873228930000498e-13 2.190619612079000094e-13 1.114876947047999994e-13 6.038709274660000000e-14 3.268322138299999696e-14 1.560396213240000128e-14 1.829347737348999938e-12 1.432112102483000152e-12 1.014891748958999995e-12 6.128490583579999364e-13 3.280027257089999833e-13 1.734493131920000094e-13 9.851932407599999687e-14 5.456093942099999909e-14 2.606482425449999926e-14 2.185464938648999796e-12 1.696402622265999875e-12 1.193808932795999887e-12 7.180099975379999883e-13 3.881229249979999924e-13 2.106502118710000155e-13 1.222185255190000108e-13 6.810816818470000609e-14 3.222542122869999935e-14 3.152825654240000107e-12 2.541651270709999922e-12 1.760331209660000096e-12 1.037220908960000010e-12 5.622922412340000141e-13 3.103200699279999806e-13 1.794793548219999914e-13 9.739215044509999190e-14 4.410494977970000386e-14 2.647711364239999675e-12 2.040848814030000046e-12 1.429472005470999946e-12 8.593965870210000258e-13 4.712396363730000521e-13 2.631009747540000170e-13 1.557548989329999865e-13 8.717662982990000711e-14 4.072896864270000256e-14 3.211592675130000218e-12 2.458178177689999924e-12 1.702131106467999826e-12 1.010382780697000046e-12 5.499616464030000117e-13 3.109630702620000027e-13 1.881942287750000006e-13 1.070047329379999992e-13 4.989657680169999378e-14 4.042428551190000430e-12 3.061999992559999992e-12 2.106269341899999953e-12 1.250447941090000016e-12 6.967699214999999352e-13 4.102538514910000161e-13 2.546041120940000217e-13 1.446704714770000068e-13 6.518747170860000567e-14 6.161279373169999229e-12 4.891100772940000462e-12 3.302132742019999767e-12 1.915967826680000109e-12 1.073732048129999981e-12 6.392800911300000548e-13 3.903344331479999914e-13 2.128884236930000195e-13 9.008504448090000211e-14 5.129671835909999871e-12 3.857165526999999587e-12 2.653596600549999961e-12 1.580586976079999909e-12 9.058718921199999497e-13 5.547738765550000751e-13 3.517546407830000229e-13 1.991626139570000155e-13 8.646494348509999656e-14 5.330893933530000336e-12 3.980501499590000245e-12 2.717276776379999861e-12 1.616862624810000026e-12 9.303601407500000630e-13 5.728181172959999545e-13 3.627897181019999673e-13 2.035300211350000080e-13 8.691486859859999874e-14 8.753463658250000374e-12 6.927424791679999623e-12 4.602843662130000151e-12 2.662506173949999977e-12 1.540505667060000124e-12 9.489892031250000230e-13 5.807892713200000538e-13 3.068713185270000414e-13 1.208778320651000053e-13 7.073607449300000355e-12 5.227291260850000008e-12 3.558894418939999833e-12 2.136726445800000027e-12 1.273540008899999964e-12 8.159919158560000156e-13 5.244996508629999328e-13 2.897427552350000232e-13 1.171534057449999837e-13 1.476596839269999884e-11 3.826114202499000549e-10 7.899932494580000488e-12 4.454944200170000156e-12 2.615188336020000347e-12 1.601307634073000031e-12 9.365263122930000114e-13 4.614223163640000398e-13 1.662370520179999955e-13 1.280102871059999935e-11 1.017986954444000016e-11 6.665717402309999713e-12 3.841856328769999485e-12 2.310479554419999828e-12 1.454762717182000094e-12 8.789452504309999645e-13 4.463462638849999608e-13 1.633601631389999924e-13 9.833865923629999530e-12 7.159471829519999846e-12 4.863638422459999721e-12 2.929085747789999952e-12 1.836915561179999957e-12 1.221912928003999960e-12 7.876036617339999458e-13 4.229809087880000438e-13 1.595893287990000013e-13
8.196151633160000727e-13 6.622223249380000350e-13 4.876706752019999562e-13 3.076312464069999862e-13 1.687310662820000036e-13 8.685351592770000349e-14 4.733004561039999825e-14 2.627303128950000086e-14 1.312102654889999970e-14 1.278179603794999923e-12 1.014645630669000157e-12 7.343092868290000344e-13 4.556850443840000289e-13 2.509124089570000149e-13 1.351097409870000083e-13 7.810403029500001019e-14 4.485233962260000143e-14 2.249948619000000137e-14 1.513566878504999924e-12 1.193561785566000067e-12 8.599833030840000592e-13 5.336542561979999919e-13 2.979502231479999985e-13 1.654324438990000023e-13 9.819162553300000495e-14 5.686841426949999933e-14 2.819729519690000083e-14 2.126731314510000135e-12 1.760104342550000064e-12 1.358381642429999934e-12 8.359715403700000707e-13 4.611619877580000384e-13 2.587620466780000206e-13 1.520701689369999938e-13 8.471660397520000241e-14 3.964451145229999882e-14 1.821413478515999854e-12 1.429255133831000135e-12 1.027912023959999878e-12 6.405553751989999501e-13 3.644440283190000190e-13 2.091401465730000029e-13 1.271536666979999842e-13 7.400538105620000036e-14 3.611934669759999729e-14 2.186809822075000041e-12 1.701903351058000115e-12 1.210570109328000069e-12 7.450799995690000175e-13 4.213101177779999915e-13 2.454694178050000005e-13 1.533829056219999858e-13 9.114634062200000949e-14 4.445336717019999250e-14 2.726350625390000258e-12 2.105958823409999902e-12 1.493568570560000072e-12 9.253550952699999136e-13 5.390577816770000417e-13 3.290571660390000020e-13 2.117184777020000200e-13 1.255769734040000190e-13 5.885996238439999951e-14 4.031670475230000030e-12 3.302136233970000427e-12 2.544359267640000012e-12 1.555526333579999804e-12 8.913812291100000360e-13 5.435509456600000008e-13 3.399054737260000139e-13 1.907711426100000239e-13 8.293379700140000497e-14 3.447406124530000190e-12 2.653640215279999863e-12 1.886405916500000176e-12 1.179504404960000012e-12 7.111253444199999970e-13 4.535546134610000059e-13 2.986221598230000185e-13 1.759817867119999960e-13 7.903099632779999395e-14 3.552767418310000035e-12 2.717402589830000160e-12 1.921299020019999658e-12 1.202957083260000105e-12 7.286109288599999493e-13 4.675504078419999598e-13 3.078444125529999938e-13 1.798263449959999805e-13 7.943246951000000081e-14 5.609344129830000458e-12 4.603220641180000341e-12 3.595737508609999762e-12 2.199416581380000014e-12 1.300294836849999891e-12 8.209255057609999910e-13 5.143437566750000420e-13 2.788000446880000030e-13 1.123121406196999925e-13 4.681715094250000148e-12 3.559384536470000113e-12 2.522269851080000036e-12 1.606525782290000098e-12 1.013808077999999903e-12 6.790619708769999910e-13 4.538085311529999690e-13 2.601002571700000000e-13 1.082118045874999851e-13 9.109677656020000244e-12 7.899932494580000488e-12 1.021787649057099994e-10 3.958034897540000249e-12 2.321671090009999964e-12 1.440288380838000027e-12 8.546584052779999786e-13 4.279496133490000130e-13 1.564171237860000267e-13 8.043763368180000032e-12 6.664680306510000281e-12 5.329671574189999893e-12 3.257297807929999796e-12 1.989952121769999893e-12 1.281039752954999966e-12 7.911843623769999608e-13 4.108003852090000020e-13 1.530811339289999945e-13 6.451575637310000255e-12 4.862361389529999659e-12 3.457830228760000111e-12 2.233271601459999983e-12 1.485246951330000012e-12 1.033747250290999898e-12 6.932226707769999058e-13 3.851459716150000051e-13 1.488167527409999897e-13
4.948729449969999903e-13 4.065917532130000108e-13 3.063273718959999729e-13 2.005825805841999978e-13 1.149031385088999993e-13 6.109154031700000167e-14 3.399392125019999967e-14 1.963439694549999924e-14 1.044725455069999994e-14 7.521590846149999868e-13 6.091569909479999746e-13 4.533909157340000018e-13 2.946467269919999926e-13 1.715361775110000065e-13 9.662108721300000102e-14 5.795529724300000110e-14 3.506948780709999410e-14 1.874163762259999977e-14 8.845137779779999424e-13 7.134204211180000327e-13 5.308275203980000047e-13 3.474112847620000294e-13 2.067401984289999912e-13 1.208912097840000135e-13 7.484038645000000425e-14 4.567230393619999502e-14 2.398536478519999955e-14 1.227490673129999937e-12 1.031785131690000113e-12 8.326482256800000961e-13 6.231009916679999375e-13 3.656583882720000392e-13 2.091691175670000057e-13 1.257725102590000172e-13 7.220511847390000764e-14 3.500854031789999373e-14 1.060619794301999938e-12 8.536532346309999310e-13 6.370482821989999357e-13 4.222489650329999540e-13 2.582205649719999841e-13 1.569228758489999957e-13 9.975416153300001074e-14 6.103051162720000200e-14 3.133782597329999507e-14 1.256741508807000072e-12 1.003252449817000014e-12 7.406857915389999840e-13 4.841661123409999963e-13 2.949442001960000064e-13 1.829166913089999855e-13 1.203975803619999930e-13 7.568190051799999554e-14 3.886282474249999863e-14 1.559847474610000112e-12 1.241053659060000131e-12 9.196111825399999102e-13 6.118459171699999389e-13 3.878976763359999999e-13 2.533903301639999891e-13 1.718852235760000005e-13 1.072436653699999940e-13 5.242820306259999924e-14 2.280400354739999826e-12 1.904456984859999784e-12 1.548483206859999975e-12 1.193349889909999898e-12 7.310635814669999733e-13 4.566676882629999898e-13 2.937773816850000055e-13 1.697805377490000111e-13 7.572022267909998772e-14 1.970777740339999946e-12 1.568311328230000106e-12 1.172002581399999925e-12 7.988723971399999897e-13 5.283794624660000788e-13 3.611729214400000192e-13 2.501089821849999998e-13 1.540303470689999800e-13 7.154558218250000008e-14 2.024814600419999706e-12 1.603797711410000100e-12 1.195014719220000017e-12 8.143438931499999863e-13 5.414515655240000307e-13 3.724982396179999676e-13 2.580950123479999882e-13 1.575088480630000300e-13 7.191586335959998879e-14 3.158550783839999789e-12 2.645892162319999949e-12 2.189354983530000174e-12 1.748984940009999908e-12 1.100226297719999964e-12 7.089519235200000306e-13 4.553587087419999884e-13 2.527556470069999683e-13 1.037864434303000039e-13 2.675921659629999851e-12 2.118747041759999885e-12 1.595683758350000004e-12 1.119618753919999951e-12 7.795209923200000682e-13 5.586585638809999872e-13 3.911783695399999675e-13 2.326746024889999805e-13 9.932862080790000677e-14 5.092666144010000420e-12 4.454944200170000156e-12 3.958034897540000249e-12 2.809649350824000205e-11 2.116441769130000057e-12 1.307068619776000030e-12 7.846638674970001191e-13 3.977270707269999704e-13 1.467985692615000083e-13 4.581593179219999911e-12 3.865551333689999421e-12 3.271545394040000007e-12 2.708672574070000071e-12 1.741476150729999983e-12 1.136577947845999892e-12 7.163439588350000158e-13 3.788046704120000044e-13 1.430338383717000005e-13 3.747002771009999879e-12 2.955035482889999781e-12 2.248840983460000313e-12 1.618122720140000208e-12 1.183435905979999962e-12 8.761385316689999999e-13 6.128651535150000298e-13 3.511854439659999974e-13 1.383077680089999728e-13
2.632661991073999988e-13 2.191058114288999791e-13 1.687718487349999992e-13 1.152513222678999810e-13 7.081993129340000270e-14 4.048502881730000215e-14 2.367238968280000236e-14 1.440408705939999857e-14 8.200427971300001145e-15 3.992803938840000444e-13 3.282218626309999875e-13 2.510767412180000085e-13 1.721756064530000052e-13 1.097888572999999927e-13 6.769517040200001150e-14 4.320448522430000364e-14 2.767642926849999922e-14 1.567743267360000060e-14 4.736676307279999458e-13 3.884945734810000453e-13 2.982129869730000273e-13 2.075743118529999978e-13 1.370195964019999861e-13 8.827434856500000099e-14 5.810993603700000306e-14 3.734550064479999989e-14 2.058799568519999917e-14 6.610370207000000129e-13 5.627937142739999866e-13 4.614946007179999564e-13 3.666569912100000160e-13 2.917041542009999975e-13 1.767804027689999835e-13 1.074818708550000047e-13 6.304615979640000224e-14 3.130713732329999985e-14 5.750626906470000695e-13 4.717883967330000243e-13 3.648020999409999909e-13 2.592794582089999913e-13 1.780766578479999765e-13 1.195752334780000041e-13 8.052497100200001015e-14 5.152547561369999867e-14 2.752301111529999800e-14 6.764995130380000238e-13 5.506775580789999693e-13 4.217740120949999958e-13 2.962705047410000137e-13 2.025962917910000008e-13 1.392295557190000035e-13 9.772194248899999696e-14 6.453645023439999996e-14 3.446936128979999876e-14 8.571266244099999728e-13 6.978895973300000638e-13 5.397358640229999708e-13 3.896626707009999900e-13 2.798004770769999814e-13 2.020369351239999912e-13 1.451578126020000017e-13 9.429169217250000555e-14 4.744706912140000708e-14 1.265520596790000008e-12 1.075228125999999950e-12 8.922633056299999257e-13 7.332348003829999121e-13 6.172333936419999454e-13 4.049765080620000290e-13 2.638103597809999944e-13 1.552429589309999967e-13 7.020824175990000952e-14 1.109718474790000097e-12 9.074725828999999933e-13 7.120393751500000012e-13 5.306961296430000538e-13 3.994940501309999964e-13 2.999682286789999947e-13 2.182205965859999813e-13 1.388043772130000049e-13 6.582881826849999851e-14 1.145195703530000079e-12 9.321756970500000068e-13 7.296261791200000361e-13 5.438827663699999178e-13 4.109522849609999963e-13 3.100769745929999747e-13 2.256144665740000102e-13 1.421059121939999971e-13 6.619170906950000407e-14 1.807768247310000045e-12 1.543055906210000032e-12 1.301677545940000010e-12 1.103338057079999924e-12 9.632315258480000762e-13 6.459577742370000344e-13 4.184147324390000210e-13 2.352387854530000308e-13 9.739778135340000048e-14 1.561708620299999978e-12 1.276377495780000003e-12 1.015329758249999873e-12 7.828926781799999784e-13 6.185044005969999926e-13 4.815181094609999964e-13 3.512183319829999988e-13 2.141361366479999818e-13 9.267218391029999823e-14 2.953773344689999845e-12 2.615188336020000347e-12 2.321671090009999964e-12 2.116441769130000057e-12 8.237513394555000869e-12 1.245436453219000175e-12 7.417512280790000408e-13 3.774712229629999944e-13 1.395621088601000050e-13 2.674309998749999779e-12 2.306338597209999811e-12 1.987805585600000127e-12 1.736964508340000134e-12 1.567594552097000181e-12 1.057106732384999901e-12 6.693709512159999770e-13 3.572181487349999785e-13 1.354703782157999788e-13 2.235147007479999710e-12 1.832236015809999972e-12 1.482845786090000044e-12 1.178456777520000047e-12 9.716010209030000794e-13 7.738803698909999730e-13 5.607814677350000112e-13 3.280331334910000045e-13 1.303895983229000010e-13
1.337879893448000003e-13 1.114999053078000100e-13 8.683523034769999821e-14 6.121384298699999610e-14 4.046951825230000291e-14 2.630865558920000139e-14 1.688451028470000040e-14 1.089613878959999922e-14 6.583632067300000169e-15 2.102471640800000060e-13 1.736474322690000087e-13 1.352032797930000052e-13 9.692913014699999088e-14 6.768195727899999842e-14 4.819514601699999879e-14 3.374972223690000470e-14 2.281400541240000139e-14 1.350953046260000031e-14 2.553085494029999833e-13 2.110272092539999857e-13 1.656438330810000099e-13 1.213478603409999967e-13 8.826674271799999632e-14 6.599443876000000689e-14 4.743180182670000413e-14 3.189392101670000037e-14 1.819710726979999781e-14 3.623464011879999944e-13 3.108280790450000320e-13 2.590445257630000119e-13 2.097265244489999885e-13 1.767785757579999753e-13 1.547672787669999956e-13 9.743759583370000836e-14 5.725301467580000572e-14 2.874490985070000080e-14 3.177723456180000134e-13 2.636569979069999960e-13 2.094484626759999946e-13 1.575156917459999782e-13 1.195839910779999925e-13 9.346234069399999804e-14 6.830567282319999310e-14 4.533824070009999953e-14 2.485503608770000029e-14 3.781831566250000028e-13 3.117170600740000075e-13 2.458909781279999782e-13 1.836750443699999878e-13 1.392483192339999929e-13 1.096761603870000042e-13 8.324334121399999500e-14 5.727689963770000304e-14 3.141386188239999973e-14 4.964498664289999595e-13 4.114050480279999868e-13 3.296924520340000005e-13 2.544289414340000083e-13 2.020758727109999747e-13 1.660056083060000030e-13 1.278384031419999910e-13 8.585122495190000329e-14 4.401691751530000243e-14 7.433915396879999598e-13 6.408086838509999850e-13 5.443821344359999950e-13 4.579673984709999859e-13 4.050181070269999634e-13 3.679636318100000178e-13 2.471774183980000528e-13 1.461805548395000227e-13 6.651669169149999477e-14 6.653530968959999647e-13 5.564140241529999199e-13 4.544383853099999569e-13 3.625716597370000023e-13 3.000159631850000184e-13 2.545424721980000009e-13 1.971675290709999970e-13 1.288945640132000086e-13 6.194394533090000228e-14 6.897055271050000121e-13 5.746527687949999207e-13 4.685244414420000362e-13 3.739804835610000185e-13 3.101342369569999878e-13 2.633407796239999661e-13 2.039189864270000044e-13 1.320563588652000040e-13 6.231007907400000595e-14 1.095682238925000067e-12 9.515171029739999690e-13 8.222514694070000103e-13 7.108913642620000128e-13 6.460522806370000587e-13 5.952531851449999691e-13 3.980366405780000134e-13 2.245690327415000128e-13 9.324132215599999941e-14 9.739734942810000077e-13 8.187861057820000126e-13 6.805223069230000137e-13 5.607718271520000144e-13 4.816244384529999723e-13 4.186701445600000091e-13 3.235591268980000310e-13 2.020820469482999995e-13 8.825322959979999712e-14 1.787036731728000088e-12 1.601307634073000031e-12 1.440288380838000027e-12 1.307068619776000030e-12 1.245436453219000175e-12 2.791442402519999920e-12 7.272044200290000497e-13 3.669115895209000363e-13 1.352253027896999963e-13 1.651218385422000106e-12 1.450817346708000045e-12 1.279012696610999998e-12 1.133732224436000075e-12 1.056938721321999980e-12 9.844232779060000291e-13 6.455469957589999607e-13 3.449095649466999759e-13 1.308290636066000151e-13 1.436357825440000014e-12 1.217481646951000066e-12 1.031480265476999915e-12 8.730190744879999608e-13 7.736761435269999894e-13 6.834410930110000409e-13 5.238371154350000550e-13 3.133492793830000045e-13 1.253870684349000083e-13
7.219147085759999152e-14 6.022795246399999689e-14 4.720384773689999917e-14 3.399583504930000026e-14 2.363296769370000056e-14 1.686082988519999982e-14 1.246416075570000129e-14 8.649316265699999452e-15 5.499438642020000156e-15 1.178850922030000033e-13 9.831760964399999084e-14 7.795079054899999237e-14 5.801046018799999573e-14 4.314420376289999799e-14 3.371231828809999993e-14 2.708832150930000159e-14 1.959494817419999857e-14 1.204540113872999966e-14 1.455158493469999989e-13 1.220039643090000007e-13 9.803105372500000811e-14 7.492727783900000223e-14 5.804138041399999849e-14 4.738643711030000050e-14 3.932138310560000072e-14 2.824699862770000220e-14 1.659209478854000001e-14 2.064815707729999818e-13 1.792518518349999985e-13 1.519024034960000093e-13 1.258921854539999885e-13 1.074050691259999982e-13 9.738475758660000402e-14 8.927128500609999952e-14 5.432325223940000238e-14 2.717059852650000131e-14 1.840584708989999842e-13 1.555243437420000023e-13 1.269822152120000109e-13 9.988476287300001463e-14 8.044507321800000496e-14 6.825014782220000181e-14 5.809445377459999907e-14 4.118816435769999864e-14 2.308412582664999944e-14 2.230795739110000140e-13 1.879602924029999930e-13 1.532148589549999917e-13 1.206085721240000058e-13 9.762856345300001388e-14 8.317491177599999216e-14 7.105046747609999343e-14 5.206489842119999580e-14 2.938234938179999756e-14 2.987414705120000077e-13 2.543449572949999650e-13 2.115305837949999956e-13 1.721777028399999952e-13 1.450431493620000029e-13 1.277509392030000125e-13 1.110291335876000022e-13 7.961150428889999344e-14 4.182994832839999912e-14 4.431931366780000165e-13 3.900512323730000117e-13 3.396992936700000154e-13 2.941441885140000312e-13 2.636751882639999899e-13 2.470697034269999931e-13 2.277304571574000076e-13 1.414015424336999948e-13 6.457249287030000427e-14 4.077202316340000056e-13 3.514643494440000154e-13 2.984090557139999869e-13 2.505028447959999937e-13 2.180779047900000097e-13 1.970531055450000116e-13 1.733441755893000063e-13 1.214359984475999923e-13 5.963200608959999462e-14 4.213804511479999929e-13 3.625013359089999666e-13 3.076314443550000194e-13 2.585122159160000016e-13 2.254634981519999855e-13 2.037981404009999919e-13 1.788982002710999851e-13 1.244686454731000132e-13 6.005425187960000811e-14 6.533611357169999770e-13 5.805328504279999102e-13 5.141560335579999443e-13 4.559023242149999798e-13 4.182283190700000150e-13 3.978863298499999803e-13 3.673741064477999944e-13 2.201130054960999983e-13 9.156968055009999965e-14 6.022505616650000519e-13 5.242370080449999877e-13 4.536115506229999933e-13 3.918192515839999939e-13 3.510181390989999896e-13 3.233974648070000284e-13 2.857266138260000050e-13 1.930043909617999813e-13 8.605352380750000968e-14 1.028813050996000056e-12 9.365263122930000114e-13 8.546584052779999786e-13 7.846638674970001191e-13 7.417512280790000408e-13 7.272044200290000497e-13 1.119424536369000032e-12 3.706892936386999354e-13 1.348259328425000059e-13 9.794391336879999652e-13 8.792338596840000095e-13 7.914232909160000145e-13 7.155058858329999322e-13 6.696286784310000685e-13 6.457584845839999252e-13 5.983801216640000699e-13 3.429457242307000420e-13 1.298449497714000095e-13 8.965758872319999958e-13 7.878970198699999248e-13 6.934748970359999950e-13 6.119545999729999670e-13 5.610609773750000173e-13 5.240672845009999990e-13 4.639345058530000565e-13 3.028317279179000270e-13 1.236135024687999961e-13
3.829497396409999491e-14 3.256147310960000057e-14 2.619074265689999948e-14 1.962728037579999847e-14 1.437029397030000255e-14 1.087869314780000134e-14 8.643693793700001356e-15 6.860105147950000030e-15 4.688640046330000150e-15 6.339773011769999557e-14 5.437668832200000297e-14 4.472994242780000105e-14 3.507036719939999798e-14 2.762924373630000115e-14 2.278563350260000074e-14 1.958639096580000018e-14 1.645247178690000084e-14 1.093836087961999974e-14 7.850767570759999653e-14 6.789052966599999799e-14 5.672521178849999745e-14 4.567642922430000183e-14 3.729071641879999592e-14 3.185968942909999502e-14 2.823704063489999935e-14 2.417148712670000074e-14 1.542769363546000035e-14 1.092626314663000033e-13 9.714483577090000373e-14 8.455428398440000610e-14 7.221215337549999933e-14 6.298441665299999880e-14 5.721352793019999577e-14 5.431205514430000835e-14 5.018421727410000053e-14 2.676964352600999698e-14 9.955391227099999178e-14 8.691822624910001008e-14 7.383571808059999361e-14 6.103878437249999548e-14 5.146106201159999815e-14 4.529687097059999518e-14 4.117648626319999784e-14 3.578919868289999516e-14 2.190097784341000031e-14 1.220999231909999866e-13 1.066857943790000028e-13 9.093475988999999698e-14 7.569264359770000444e-14 6.445916129120000432e-14 5.722637959939999368e-14 5.205069211910000255e-14 4.492098009489999815e-14 2.797841835199000286e-14 1.632183494359999875e-13 1.442728267050000017e-13 1.253166985649999936e-13 1.072637437629999907e-13 9.419635846879999701e-14 8.578694477049999814e-14 7.959381114709998490e-14 6.918927690640000387e-14 4.067945906705999855e-14 2.346796409519999959e-13 2.124256949400000053e-13 1.904705938160000006e-13 1.698103872320000014e-13 1.551338030660000106e-13 1.461038269423000147e-13 1.413809012399000052e-13 1.294375426954000251e-13 6.556568092525000807e-14 2.220937358659999716e-13 1.986766346229999896e-13 1.756656603519999813e-13 1.540625008279999991e-13 1.386891738260000010e-13 1.288130003361999955e-13 1.214142641623999793e-13 1.061663963026999987e-13 5.908949603142999158e-14 2.271682775040000076e-13 2.030228167069999888e-13 1.794971186000000000e-13 1.575424531070000174e-13 1.419859859630000123e-13 1.319709123327999732e-13 1.244461105641000152e-13 1.086570334656999952e-13 5.974374431268000267e-14 3.353457853709999965e-13 3.062448166469999926e-13 2.783909157270000045e-13 2.528013179179999872e-13 2.350974308969999762e-13 2.244633228647999931e-13 2.200860466441000235e-13 2.024912617938000049e-13 9.530510577277999849e-14 3.199675210349999883e-13 2.890735468439999898e-13 2.596657084300000101e-13 2.327201302079999836e-13 2.139848239159999985e-13 2.019685010049000079e-13 1.929757629354000046e-13 1.692278334762999843e-13 8.740446861994999761e-14 4.971228806999999704e-13 4.614223163640000398e-13 4.279496133490000130e-13 3.977270707269999704e-13 3.774712229629999944e-13 3.669115895209000363e-13 3.706892936386999354e-13 4.735604202767000471e-13 1.463606356414900129e-13 4.859011572279999534e-13 4.471909281149999867e-13 4.113338975789999727e-13 3.787327225050000193e-13 3.574131947289999756e-13 3.450553395528000305e-13 3.429811292915000191e-13 3.187903832600999973e-13 1.386814080893600123e-13 4.654171694429999733e-13 4.238947459280000119e-13 3.857211600219999947e-13 3.511077279109999912e-13 3.282448946140000661e-13 3.135067669150000246e-13 3.028694329111000165e-13 2.665697341583999922e-13 1.284926560200900201e-13
1.769902852360000249e-14 1.557326956830000160e-14 1.310399863399999987e-14 1.045895122690000054e-14 8.186504696500000026e-15 6.577036833099999968e-15 5.496242221460000040e-15 4.687713896400000018e-15 3.834180509669999980e-15 2.916559793709999983e-14 2.601340207870000205e-14 2.247114158139999840e-14 1.875534869430000190e-14 1.565849246869999954e-14 1.349945833969999833e-14 1.204097742157000117e-14 1.093717882327000060e-14 9.301178834870000867e-15 3.577105857529999569e-14 3.216548655469999877e-14 2.816321149870000069e-14 2.400030185710000017e-14 2.056432934170000111e-14 1.818573356809999925e-14 1.658720084973000058e-14 1.542642592822000324e-14 1.331485074864000031e-14 4.806923232370000052e-14 4.403631815540000806e-14 3.960515536300000260e-14 3.502449571109999893e-14 3.128072900639999850e-14 2.873190493769999914e-14 2.716521799119999987e-14 2.676833233857999951e-14 2.511112490790999901e-14 4.483195733520000323e-14 4.065751622609999901e-14 3.607840543919999968e-14 3.135417513549999927e-14 2.749566965389999718e-14 2.484150229649999992e-14 2.307859415285999965e-14 2.189964994507999917e-14 1.917019442754999682e-14 5.480638287080000439e-14 4.981004304630000387e-14 4.440273428339999565e-14 3.888120318479999952e-14 3.443519524919999564e-14 3.139733350770000295e-14 2.937574313099999616e-14 2.797687070525000149e-14 2.437593851510999809e-14 7.098047180600000142e-14 6.508221750910000315e-14 5.879759167010000141e-14 5.244845166469999325e-14 4.740682252540000002e-14 4.399685147570000197e-14 4.182241378819999733e-14 4.067802936631999835e-14 3.595761942538000143e-14 9.671046796420000573e-14 8.996530021530000252e-14 8.286031825240000293e-14 7.574195350140000035e-14 7.016084166630001129e-14 6.649323928069999083e-14 6.456433290579999958e-14 6.556431870875999963e-14 6.202873130813000032e-14 9.337137930580000671e-14 8.633698663119999881e-14 7.895140654190000284e-14 7.156788160600000758e-14 6.577934724860000614e-14 6.191933421649999409e-14 5.962343653270000011e-14 5.908819658625999330e-14 5.302238898184999865e-14 9.389289963050000033e-14 8.678447364140000054e-14 7.935136342030001470e-14 7.193590847830001000e-14 6.614145298039999332e-14 6.228485352429999651e-14 6.004580987719999561e-14 5.974268768401000256e-14 5.378056128907999624e-14 1.289618196360000028e-13 1.207236722551000067e-13 1.122136086430999987e-13 1.038070866255000004e-13 9.733978804419999520e-14 9.321148789280001122e-14 9.156033123769999746e-14 9.530440364892999774e-14 9.245751856628999495e-14 1.256205481499999964e-13 1.169918811669999833e-13 1.081078773324000003e-13 9.934950510939999548e-14 9.261186267039999982e-14 8.822144987900000149e-14 8.604390902120000112e-14 8.740395572119998957e-14 8.020176554006000001e-14 1.758676180150000188e-13 1.662370520179999955e-13 1.564171237860000267e-13 1.467985692615000083e-13 1.395621088601000050e-13 1.352253027896999963e-13 1.348259328425000059e-13 1.463606356414900129e-13 1.916308775092900138e-13 1.737642562150000133e-13 1.635556104149999889e-13 1.532067666049999955e-13 1.430265697777000031e-13 1.355413210861999840e-13 1.308688628717999911e-13 1.298555935934999878e-13 1.386809392235999953e-13 1.388749647017799841e-13 1.705277431339999928e-13 1.597958116349999989e-13 1.489504215310000015e-13 1.383010794399999964e-13 1.304655570204999927e-13 1.254297405069000034e-13 1.236244267363000050e-13 1.284917971306900072e-13 1.207007375952200069e-13
1.499950598718999980e-12 1.183500373485999945e-12 8.452855564479999831e-13 5.120430389550000384e-13 2.703956991966000027e-13 1.374397346123000041e-13 7.443753855370000308e-14 3.948554459919999863e-14 1.816383945529999969e-14 2.463448420102000120e-12 1.900119933687000046e-12 1.325178186185999946e-12 7.829895853270000074e-13 4.120453154990000243e-13 2.170151317109999982e-13 1.221909814469999931e-13 6.571049530749999802e-14 3.008946737670000461e-14 2.989440943483000166e-12 2.279276453306000113e-12 1.575179832006000128e-12 9.247950803240000268e-13 4.909452168550000095e-13 2.648397433610000042e-13 1.516938781299999897e-13 8.185124825060000808e-14 3.710830611609999909e-14 3.950047335450000261e-12 2.979972113789999759e-12 2.023898842359999951e-12 1.178771950910000001e-12 6.313884068059999576e-13 3.470475653719999926e-13 1.997858128279999895e-13 1.066917995300000067e-13 4.723252670310000303e-14 4.127632421599999743e-12 3.109822978140000094e-12 2.112335619830000167e-12 1.231217609899999995e-12 6.622493192030000713e-13 3.665506656399999881e-13 2.120552108859999988e-13 1.134571876420000069e-13 5.009786737360000123e-14 4.477825480760000633e-12 3.361415654009999895e-12 2.283390176910000149e-12 1.319057238715999986e-12 7.028753930699999777e-13 3.929870926980000002e-13 2.329128759249999785e-13 1.275169323859999836e-13 5.695656146889999347e-14 5.752494322559999684e-12 4.255918121920000292e-12 2.862970571180000158e-12 1.648054213500000007e-12 8.967657890800000068e-13 5.200691018139999241e-13 3.146769614270000215e-13 1.719764830100000033e-13 7.433381232490000518e-14 7.975101432629999425e-12 5.835531877330000721e-12 3.859120001909999837e-12 2.204771796839999953e-12 1.219308625099999992e-12 7.221734490739999949e-13 4.374539712429999733e-13 2.346432615880000158e-13 9.717789930239999745e-14 8.407962014500000746e-12 6.144240744690000197e-12 4.059903843390000027e-12 2.330452542369999887e-12 1.299005180510000084e-12 7.771681851890000180e-13 4.737110870029999892e-13 2.542202900549999750e-13 1.043087484342999978e-13 7.811126839750000586e-12 5.665382908150000041e-12 3.764271504800000384e-12 2.161526980800000069e-12 1.211298706180000001e-12 7.312722472150000676e-13 4.494082527529999571e-13 2.421268920790000181e-13 9.920470926349999012e-14 1.160454732099999966e-11 8.273198269289999436e-12 5.359080332220000343e-12 3.061415309339999833e-12 1.750475804370000051e-12 1.074047364832000008e-12 6.530663507179999170e-13 3.401319106739999883e-13 1.311599735319999862e-13 1.229575402299999955e-11 8.753639951499999770e-12 5.683016621049999946e-12 3.258625906350000077e-12 1.881309256710000029e-12 1.166941282465999935e-12 7.139419816569999405e-13 3.713910689420000169e-13 1.412722427540000191e-13 1.836846901220000144e-11 1.280102871059999935e-11 8.043763368180000032e-12 4.581593179219999911e-12 2.674309998749999779e-12 1.651218385422000106e-12 9.794391336879999652e-13 4.859011572279999534e-13 1.737642562150000133e-13 8.179458910197000202e-10 1.381211794050000025e-11 8.684034701719999695e-12 4.926806281440000075e-12 2.934246204959999691e-12 1.828129576420000080e-12 1.081534745046000016e-12 5.323493406450000312e-13 1.870757489220000068e-13 2.125929058360000085e-11 1.472333169359999960e-11 9.278192207079999743e-12 5.282479004099999620e-12 3.179250761420000039e-12 2.001926363600000019e-12 1.191077044144999866e-12 5.846324468659999708e-13 2.018893036390000187e-13
1.183018777745999963e-12 9.431582570780001141e-13 6.818774656459999767e-13 4.198839156040000054e-13 2.247555485149000014e-13 1.144172770869999835e-13 6.201640393200000162e-14 3.352515597210000115e-14 1.596362014689999952e-14 1.899109169267000098e-12 1.484170443371000000e-12 1.049847970719999951e-12 6.325763160080000830e-13 3.381910338210000127e-13 1.790097482309999871e-13 1.017513192040000023e-13 5.627542286069999882e-14 2.681160257119999785e-14 2.277894732885999881e-12 1.764603626641000164e-12 1.239382681730999921e-12 7.439293706479999244e-13 4.020587938159999815e-13 2.186815713079999835e-13 1.270344097499999990e-13 7.070696687819999554e-14 3.335098097819999736e-14 2.978240081809999545e-12 2.352854685370000124e-12 1.634571858520000122e-12 9.700589861899999907e-13 5.283639595240000941e-13 2.931650433710000387e-13 1.711376859849999963e-13 9.393809045790000954e-14 4.302446817670000186e-14 3.107958315200000169e-12 2.449159997829999944e-12 1.702500373399999930e-12 1.012297992170000102e-12 5.541671882849999979e-13 3.099299944400000180e-13 1.820107497110000149e-13 1.001465724279999991e-13 4.573784615210000512e-14 3.359088547679999861e-12 2.565672048529999768e-12 1.772656045836000043e-12 1.049774987599000080e-12 5.711092684499999680e-13 3.234958935279999882e-13 1.959339553659999866e-13 1.112648433980000068e-13 5.173018553410000099e-14 4.252555412930000212e-12 3.213423226019999824e-12 2.205567673100000194e-12 1.306979982430000144e-12 7.290314620300000661e-13 4.306731200089999970e-13 2.676609491939999727e-13 1.518950867220000111e-13 6.814462704780000463e-14 5.831171037120000451e-12 4.518662730459999919e-12 3.073190639159999744e-12 1.798120712359999907e-12 1.017717099190000118e-12 6.139083287349999610e-13 3.809542577829999763e-13 2.109671450670000004e-13 9.008578197810000949e-14 6.139506879469999790e-12 4.743088108570000143e-12 3.223641707740000033e-12 1.899413796449999763e-12 1.085115795889999973e-12 6.621016904640000198e-13 4.138256183760000199e-13 2.292848601079999975e-13 9.690600431770001027e-14 5.659748182830000143e-12 4.213739301169999495e-12 2.870010196229999877e-12 1.705866138789999951e-12 9.846849855299999535e-13 6.092265063629999426e-13 3.864793331540000353e-13 2.163287248289999915e-13 9.171387825939999907e-14 8.265515585790000359e-12 6.356305472689999808e-12 4.255665037809999408e-12 2.497776478700000156e-12 1.466324378619999903e-12 9.200401494259999367e-13 5.746993545930000130e-13 3.088461111149999826e-13 1.224563431259999925e-13 8.745138095200000302e-12 6.685932576159999881e-12 4.490587958689999826e-12 2.652668565260000218e-12 1.575172293730000196e-12 1.000869028309999974e-12 6.298274146240000597e-13 3.381104271530000298e-13 1.321462195520000065e-13 1.279060988030000073e-11 1.017986954444000016e-11 6.664680306510000281e-12 3.865551333689999421e-12 2.306338597209999811e-12 1.450817346708000045e-12 8.792338596840000095e-13 4.471909281149999867e-13 1.635556104149999889e-13 1.381211794050000025e-11 2.126751039139999966e-10 7.185798691249999059e-12 4.165166514280000306e-12 2.531500020610000101e-12 1.607530847514000155e-12 9.734148798640000964e-13 4.914374787679999760e-13 1.764401793589999985e-13 1.473670075790000059e-11 1.160195921749999855e-11 7.629243330889999949e-12 4.450160295400000413e-12 2.737215554470000201e-12 1.759853528129999975e-12 1.073342961975000059e-12 5.406598435850000367e-13 1.906976987959999911e-13
8.447549885679999919e-13 6.816738557160000523e-13 5.013017944079999832e-13 3.156768053189999892e-13 1.729102677872999966e-13 8.901879382030000851e-14 4.854884977829999928e-14 2.692605665089999895e-14 1.341586489789999956e-14 1.324299367085999940e-12 1.049600377129999877e-12 7.583457434800000101e-13 4.696950411909999221e-13 2.583670569969999882e-13 1.392562364469999923e-13 8.058302309899999958e-14 4.623502768999999787e-14 2.314010663819999873e-14 1.574116086635999879e-12 1.239142509760999959e-12 8.913666681870000573e-13 5.522782011979999826e-13 3.083739958759999920e-13 1.716245579689999925e-13 1.020397251449999981e-13 5.905328059480000018e-14 2.919595909020000285e-14 2.022684422169999999e-12 1.634354986880000110e-12 1.223899695100000048e-12 7.559586416199999934e-13 4.223036586640000145e-13 2.392833569889999836e-13 1.425457165529999989e-13 8.076845691019999945e-14 3.841629770959999811e-14 2.111065628760000072e-12 1.702292982850000064e-12 1.272825058850000032e-12 7.886919018200000341e-13 4.435480376699999959e-13 2.536409874709999910e-13 1.521665504319999969e-13 8.645667286600000134e-14 4.097669692510000546e-14 2.281829407579999839e-12 1.772436198086000085e-12 1.258415226488000051e-12 7.729459447700000628e-13 4.369259276020000220e-13 2.550591297969999805e-13 1.595783273810000183e-13 9.476132122599999114e-14 4.609711827119999966e-14 2.860839748310000147e-12 2.205275644459999836e-12 1.561250829820000118e-12 9.661888583199999867e-13 5.636947081000000269e-13 3.453754018859999772e-13 2.226588874309999864e-13 1.319471678359999963e-13 6.157920820390000065e-14 3.856573089290000024e-12 3.073234253890000050e-12 2.290110951080000174e-12 1.408450168569999983e-12 8.244399564599999165e-13 5.128311588110000560e-13 3.278400565730000207e-13 1.877899226419999978e-13 8.265219886079999814e-14 4.057199205189999817e-12 3.223720768080000021e-12 2.396497872840000111e-12 1.488156251389999924e-12 8.814093771900000721e-13 5.553793781529999898e-13 3.578416681469999969e-13 2.049782870650000057e-13 8.917590717199999123e-14 3.761795000640000229e-12 2.870197714759999929e-12 2.026293050460000052e-12 1.268725176980000006e-12 7.714322015599999640e-13 4.976977551129999664e-13 3.283899202449999937e-13 1.914123418009999883e-13 8.392414644070000542e-14 5.356046415899999823e-12 4.256155155339999688e-12 3.201563019789999752e-12 1.987911976779999870e-12 1.208771140650000060e-12 7.833232094970000257e-13 5.040416415029999953e-13 2.792104507599999921e-13 1.135156371695000074e-13 5.679767873039999705e-12 4.491195927590000400e-12 3.364421343869999839e-12 2.107633944179999857e-12 1.300372713119999932e-12 8.547481167230000608e-13 5.545667784959999830e-13 3.067810723790000206e-13 1.228098019120000104e-13 8.039965796189999757e-12 6.665717402309999713e-12 5.329671574189999893e-12 3.271545394040000007e-12 1.987805585600000127e-12 1.279012696610999998e-12 7.914232909160000145e-13 4.113338975789999727e-13 1.532067666049999955e-13 8.684034701719999695e-12 7.185798691249999059e-12 5.717719540922000040e-11 3.536394293319999665e-12 2.186115562220000011e-12 1.420021369321000216e-12 8.791578701069999363e-13 4.536287477149999838e-13 1.656709684609999806e-13 9.282597892760001166e-12 7.627666514949999475e-12 6.073993208920000162e-12 3.768345192109999775e-12 2.363282702630000105e-12 1.556584880879000012e-12 9.717533516500000380e-13 5.003458518980000559e-13 1.794086007820000010e-13
5.089827575850000322e-13 4.177054163989999506e-13 3.143184564939999893e-13 2.055166689890000018e-13 1.175950907454999973e-13 6.252745194400000526e-14 3.482247282289999458e-14 2.010309774249999963e-14 1.067620272879999950e-14 7.773995641869999720e-13 6.287110810679999412e-13 4.672934914909999570e-13 3.032421996380000217e-13 1.764066792119999953e-13 9.947836457700000331e-14 5.974668486399999643e-14 3.613900869200000038e-14 1.927615297929999887e-14 9.176870815540000144e-13 7.391022038179999523e-13 5.493016853179999892e-13 3.592689020980000021e-13 2.139672981000000123e-13 1.254534643919999966e-13 7.782543843400000187e-14 4.747309552769999858e-14 2.485909399739999954e-14 1.170221080479999917e-12 9.643156337999998959e-13 7.524515486199999790e-13 5.364765718829999758e-13 3.197461502310000054e-13 1.874165851039999894e-13 1.151835113560000020e-13 6.779993591220000622e-14 3.363592574529999733e-14 1.222146973390000039e-12 1.006296577730000060e-12 7.849869912100000117e-13 5.602066448299999801e-13 3.369177147970000185e-13 1.996902836260000146e-13 1.237108558010000117e-13 7.301299950130000713e-14 3.604676962710000638e-14 1.307792361676000049e-12 1.042243779089000113e-12 7.683052587499999942e-13 5.016057900199999927e-13 3.056462668080000273e-13 1.899562510490000056e-13 1.252408670939999901e-13 7.870900748399999994e-14 4.032260535709999894e-14 1.632848421689999978e-12 1.297012132709999996e-12 9.600900095400000219e-13 6.388540265599999810e-13 4.059851074660000018e-13 2.662653229110000064e-13 1.810199058759999760e-13 1.128513384599999957e-13 5.491988259109999874e-14 2.185815883819999995e-12 1.785845064510000104e-12 1.400948345010000098e-12 1.028997825390000022e-12 6.493771630960000735e-13 4.210830530399999770e-13 2.794046169349999783e-13 1.658528250089999918e-13 7.516912428549999799e-14 2.310119579809999941e-12 1.886296600099999801e-12 1.480153995270000105e-12 1.089447203589999974e-12 6.974639245760000444e-13 4.589573774040000111e-13 3.069911325719999987e-13 1.820522251090000175e-13 8.141138677220000521e-14 2.139551438050000112e-12 1.691846172510000078e-12 1.260208217489999879e-12 8.604221685299999696e-13 5.748318006909999602e-13 3.975859282969999979e-13 2.760418246270000042e-13 1.680427431440000086e-13 7.611654571400000468e-14 3.032714205789999645e-12 2.479797074659999610e-12 1.977069952839999978e-12 1.507845378510000008e-12 9.864705886800000757e-13 6.638683332310000497e-13 4.415535250599999647e-13 2.518118693589999956e-13 1.046362347689000035e-13 3.227356273469999769e-12 2.633206253040000329e-12 2.095929574679999943e-12 1.597798755469999991e-12 1.063905200179999947e-12 7.278568195989999971e-13 4.883542815879999951e-13 2.779409086560000057e-13 1.135624493776999925e-13 4.542856797759999811e-12 3.841856328769999485e-12 3.257297807929999796e-12 2.708672574070000071e-12 1.736964508340000134e-12 1.133732224436000075e-12 7.155058858329999322e-13 3.787327225050000193e-13 1.430265697777000031e-13 4.926806281440000075e-12 4.165166514280000306e-12 3.536394293319999665e-12 1.611650718598000105e-11 1.920280445849999960e-12 1.265321838208999964e-12 7.993155561150000552e-13 4.197719925760000124e-13 1.551758008089999814e-13 5.330086721159999888e-12 4.478756284559999840e-12 3.785465496810000033e-12 3.140209814279999679e-12 2.076254842820000123e-12 1.390120190352999898e-12 8.862589404690000134e-13 4.644333555290000046e-13 1.684457611629999976e-13
2.704520619466000172e-13 2.248171709439000050e-13 1.729644154042999948e-13 1.179645915145000017e-13 7.244247738640000702e-14 4.142836730630000138e-14 2.424158840379999724e-14 1.474188570370000081e-14 8.378370017000001125e-15 4.123050696649999588e-13 3.384317340409999726e-13 2.585444266489999565e-13 1.771026110639999832e-13 1.129553011239999975e-13 6.973031679500000042e-14 4.455537285939999706e-14 2.853317690379999829e-14 1.613264302720000017e-14 4.913995248279999840e-13 4.024663250789999890e-13 3.086558048869999907e-13 2.148477349620000007e-13 1.421241728809999956e-13 9.182809246899999843e-14 6.055634614799999729e-14 3.888978144319999885e-14 2.136897992009999798e-14 6.320168776550000373e-13 5.289127198839999654e-13 4.226617302859999863e-13 3.208050434680000127e-13 2.416108954219999817e-13 1.520607338979999991e-13 9.611960028299999476e-14 5.832137772869999578e-14 2.982553101930000026e-14 6.629408051440000082e-13 5.547668570350000262e-13 4.439327687380000151e-13 3.380392389280000047e-13 2.557983205359999912e-13 1.630694870240000049e-13 1.039779378300000027e-13 6.322270298589999511e-14 3.212750093559999553e-14 7.037561646400000818e-13 5.718843868099999926e-13 4.374228765169999799e-13 3.070486001889999545e-13 2.102168350779999990e-13 1.447594008519999822e-13 1.017492696509999972e-13 6.718243095929999796e-14 3.579649321060000270e-14 8.982005086300000043e-13 7.302535311399999855e-13 5.644253545599999267e-13 4.078613125909999559e-13 2.938683376010000336e-13 2.129184389010000012e-13 1.532269551280000086e-13 9.941484243649998983e-14 4.977797076239999533e-14 1.221227022380000060e-12 1.019317789969999960e-12 8.253539871900000217e-13 6.516938302730000484e-13 5.260004299010000174e-13 3.636523354089999540e-13 2.478534414860000172e-13 1.506866607830000172e-13 6.946125295449998904e-14 1.301115804159999961e-12 1.086870619929999949e-12 8.824011168399999757e-13 6.998967038030000145e-13 5.678770991590000001e-13 3.987247794320000182e-13 2.740028490600000329e-13 1.662684568449999910e-13 7.551006562269999550e-14 1.213751943989999977e-12 9.866934038799999708e-13 7.725441599599999974e-13 5.774433908319999789e-13 4.385811738830000263e-13 3.322987340589999759e-13 2.420504964169999778e-13 1.519863291989999855e-13 7.018975879749998727e-14 1.753998109539999932e-12 1.469161865499999942e-12 1.210292820900000030e-12 9.898422745399999859e-13 8.345328037970000169e-13 5.924302521210000154e-13 4.022030475430000279e-13 2.333866294879999814e-13 9.799507617630000129e-14 1.885256791950000010e-12 1.578334105190000102e-12 1.302050164059999813e-12 1.067569193780000042e-12 9.021586433070000399e-13 6.518090557579999862e-13 4.467942385440000094e-13 2.586374100540000365e-13 1.066721804383000048e-13 2.679556973180000113e-12 2.310479554419999828e-12 1.989952121769999893e-12 1.741476150729999983e-12 1.567594552097000181e-12 1.056938721321999980e-12 6.696286784310000685e-13 3.574131947289999756e-13 1.355413210861999840e-13 2.934246204959999691e-12 2.531500020610000101e-12 2.186115562220000011e-12 1.920280445849999960e-12 5.067432749032999529e-12 1.180337195561000064e-12 7.494279688150000254e-13 3.970534080609999777e-13 1.473152691429000044e-13 3.172434450850000163e-12 2.731890618859999813e-12 2.360581532899999847e-12 2.070733228229999985e-12 1.873977754469999991e-12 1.297608232173000025e-12 8.328676420979999730e-13 4.404350644360000341e-13 1.602642699622999883e-13
1.374970542383000186e-13 1.144367914990000049e-13 8.900496218730000424e-14 6.265744791399999981e-14 4.140588073230000177e-14 2.693752111330000055e-14 1.729120404250000028e-14 1.115153569989999901e-14 6.727367306900000667e-15 2.173415331339999839e-13 1.792321507430000045e-13 1.393638852050000086e-13 9.980743321000000572e-14 6.971789675699999207e-14 4.972227470800000805e-14 3.483966797290000528e-14 2.353796705099999627e-14 1.391081969170000152e-14 2.654133934960000335e-13 2.190951670180000019e-13 1.718558121649999983e-13 1.259384174119999804e-13 9.182225508900000495e-14 6.888001113099999344e-14 4.955494960119999589e-14 3.327722011840000073e-14 1.891573750549999862e-14 3.478172446650000421e-13 2.937210665240000177e-13 2.395916730920000258e-13 1.880094010009999971e-13 1.520694914979999875e-13 1.276806316670000060e-13 8.484957762219999713e-14 5.224758473810000090e-14 2.717616146670000151e-14 3.673940653540000378e-13 3.105394913400000140e-13 2.539782355629999712e-13 2.003230801020000175e-13 1.630802888360000234e-13 1.375243688389999954e-13 9.231713346220000044e-14 5.695584267140000416e-14 2.940742860179999770e-14 3.941029194779999967e-13 3.243130149869999783e-13 2.555151425410000358e-13 1.907597411439999843e-13 1.447815412819999860e-13 1.142773198610000040e-13 8.676894248300001293e-14 5.967977744399999820e-14 3.265174327859999922e-14 5.217907474120000275e-13 4.319253452169999659e-13 3.460646951809999678e-13 2.673750693259999782e-13 2.129638169739999993e-13 1.754363924669999771e-13 1.352083438890000073e-13 9.065879889120001094e-14 4.624114130249999487e-14 7.244529493259999632e-13 6.155484763330000078e-13 5.137149306599999565e-13 4.224817913370000106e-13 3.637000699149999777e-13 3.217198444480000092e-13 2.287219314909999731e-13 1.410322815732000086e-13 6.561389309789999583e-14 7.796671466910000924e-13 6.638994958300000137e-13 5.563480755589999608e-13 4.604366488549999655e-13 3.987805207110000062e-13 3.536645897480000359e-13 2.537529522580000038e-13 1.562185683750000084e-13 7.154941447159999448e-14 7.340961470839999947e-13 6.112468861299999487e-13 4.987694868890000025e-13 3.991899347709999965e-13 3.323672671129999903e-13 2.830844232580000100e-13 2.192677292279999942e-13 1.415062737522000051e-13 6.618004885689999994e-14 1.077969340070999847e-12 9.228343393520001356e-13 7.847835455429999474e-13 6.659815965020000770e-13 5.925365811129999913e-13 5.341219989999999241e-13 3.778197891380000007e-13 2.218158085582999912e-13 9.364064138179999162e-14 1.171291784596000072e-12 1.003964767139999992e-12 8.563628809760000021e-13 7.301495699859999156e-13 6.519301822960000087e-13 5.877523931539999737e-13 4.203745573259999738e-13 2.465003823235999867e-13 1.021886258787999904e-13 1.656824056742999970e-12 1.454762717182000094e-12 1.281039752954999966e-12 1.136577947845999892e-12 1.057106732384999901e-12 9.844232779060000291e-13 6.457584845839999252e-13 3.450553395528000305e-13 1.308688628717999911e-13 1.828129576420000080e-12 1.607530847514000155e-12 1.420021369321000216e-12 1.265321838208999964e-12 1.180337195561000064e-12 1.950963159670999701e-12 7.237383158850001139e-13 3.842172515130000070e-13 1.425544303448999903e-13 1.994760193699999785e-12 1.754848195170000023e-12 1.554034168361999964e-12 1.386642498864999820e-12 1.297374880391999988e-12 1.205811402125999869e-12 8.039155841060000440e-13 4.268902968129999568e-13 1.553784879474000018e-13
7.423057765300000465e-14 6.185431214939999662e-14 4.841964478889999930e-14 3.482664148859999787e-14 2.419593974169999774e-14 1.726695680989999988e-14 1.277027216369999937e-14 8.852380435899999977e-15 5.619066309449999755e-15 1.219064180659999997e-13 1.015459673460000040e-13 8.042735146500000056e-14 5.980746355999999557e-14 4.449329995470000391e-14 3.480083698960000003e-14 2.798357630019999922e-14 2.022742752379999846e-14 1.240998353857000098e-14 1.513768712049999797e-13 1.268151013030000107e-13 1.018763312060000081e-13 7.792091093700000705e-14 6.048550164400000297e-14 4.950763500190000470e-14 4.114996107710000296e-14 2.951851446290000029e-14 1.726905322838999825e-14 1.994388449349999880e-13 1.709071307940000122e-13 1.423742650670000004e-13 1.153141126959999933e-13 9.603970249900000219e-14 8.479405262120000584e-14 7.555488167060000490e-14 4.869205958769999902e-14 2.548522027064999727e-14 2.116966816350000174e-13 1.817763561469999849e-13 1.519915740899999905e-13 1.238546340919999967e-13 1.038948253350000025e-13 9.225881836589999255e-14 8.231625823860000670e-14 5.327226724540000402e-14 2.767935268521000180e-14 2.325189353749999618e-13 1.956941566389999829e-13 1.594050030389999922e-13 1.254669688660000009e-13 1.016520995879999884e-13 8.669700127499999392e-14 7.410182621169999411e-14 5.427761811830000136e-14 3.056092225260000430e-14 3.142068292769999773e-13 2.673949352080000135e-13 2.224650260669999985e-13 1.813321821440000017e-13 1.531070892180000109e-13 1.351131383179999988e-13 1.175411500345999991e-13 8.415994739959999828e-14 4.399336912180000049e-14 4.369149696340000486e-13 3.806639664439999687e-13 3.276269524639999892e-13 2.797984795459999723e-13 2.477107496900000204e-13 2.286075079650000128e-13 2.066637093092999990e-13 1.348682746875999730e-13 6.346418324359999470e-14 4.731491907329999760e-13 4.135287645170000011e-13 3.576235524120000248e-13 3.074142684839999804e-13 2.738525073959999941e-13 2.536315146360000265e-13 2.291823156114000003e-13 1.497245873918999944e-13 6.940334327079999213e-14 4.488325334119999719e-13 3.861873126519999981e-13 3.281712688979999786e-13 2.764931170420000191e-13 2.418903819729999914e-13 2.191398164770000021e-13 1.925215992240000128e-13 1.335628284990999851e-13 6.388005215099999789e-14 6.524412540150001042e-13 5.744367117750000679e-13 5.038446609730000195e-13 4.421944071039999406e-13 4.020028546590000187e-13 3.776581270469999980e-13 3.424988805559999747e-13 2.151369088517999960e-13 9.172217181750000798e-14 7.132802485230000599e-13 6.295581993689999981e-13 5.543587236860000132e-13 4.890466525170000434e-13 4.465788778470000251e-13 4.201998361219999729e-13 3.801763006199999767e-13 2.393558273583000196e-13 1.003538145428000089e-13 9.786686335330000392e-13 8.789452504309999645e-13 7.911843623769999608e-13 7.163439588350000158e-13 6.693709512159999770e-13 6.455469957589999607e-13 5.983801216640000699e-13 3.429811292915000191e-13 1.298555935934999878e-13 1.081534745046000016e-12 9.734148798640000964e-13 8.791578701069999363e-13 7.993155561150000552e-13 7.494279688150000254e-13 7.237383158850001139e-13 8.980948850029999796e-13 3.826747519179000289e-13 1.418374773388000049e-13 1.191957150863999917e-12 1.073641766698000037e-12 9.720228287510000781e-13 8.852604498109999975e-13 8.331691821270000742e-13 8.041688930300000259e-13 7.408163383570000838e-13 4.251478484486999880e-13 1.549493114739999771e-13
3.931720806819999859e-14 3.340009792469999828e-14 2.684097434530000024e-14 2.009651078329999873e-14 1.470707817759999826e-14 1.113361943339999894e-14 8.846671175900000783e-15 7.020157937979999817e-15 4.790633793280000433e-15 6.544110047210000674e-14 5.608448941190000348e-14 4.610821828849999908e-14 3.614062192280000143e-14 2.848441687780000150e-14 2.350856273729999638e-14 2.021858683620000024e-14 1.698721895829999937e-14 1.127568826589999832e-14 8.152619069859999458e-14 7.048078150150000436e-14 5.890442016989999566e-14 4.747788524889999710e-14 3.883289040929999533e-14 3.324139705280000013e-14 2.950815536359999779e-14 2.528127040150000228e-14 1.607944222439000031e-14 1.063150953310000038e-13 9.367968687709998728e-14 8.059879393460000532e-14 6.780820865749999970e-14 5.825696412659999525e-14 5.220621500860000287e-14 4.868038149319999822e-14 4.389731687689999566e-14 2.470867937040999854e-14 1.130573773370000018e-13 9.987286360799999315e-14 8.627563901689999637e-14 7.302101337940000330e-14 6.315562204910000136e-14 5.691251554189999882e-14 5.325997907140000474e-14 4.802942475290000662e-14 2.692407867281000115e-14 1.270275612319999973e-13 1.109313983760000124e-13 9.453950962499999314e-14 7.872091165399999452e-14 6.710173281989999743e-14 5.962674256350000563e-14 5.426280516530000337e-14 4.683339829660000124e-14 2.912062082450999837e-14 1.713534682090000040e-13 1.514809839020000004e-13 1.316771421480000220e-13 1.128755652429999980e-13 9.931530572419998950e-14 9.059087359420000680e-14 8.414133728389999654e-14 7.315985811160000190e-14 4.284431528961000102e-14 2.338975991759999947e-13 2.104811657329999998e-13 1.874737962819999830e-13 1.658849787680000109e-13 1.505714573960000132e-13 1.409507178961999955e-13 1.348465404023999853e-13 1.210375988427000163e-13 6.376332956642999692e-14 2.534278900429999878e-13 2.287706799409999921e-13 2.046442211830000190e-13 1.820872372950000219e-13 1.661467410750000014e-13 1.561324686134999756e-13 1.497016050861999957e-13 1.341699247040000063e-13 7.000540368884998801e-14 2.412882604360000246e-13 2.157910065110000277e-13 1.910618417790000038e-13 1.680798790189999909e-13 1.518591147429999821e-13 1.414156222777000012e-13 1.335389524905999846e-13 1.166296644804000231e-13 6.369634074649999477e-14 3.390696270949999676e-13 3.081769027239999996e-13 2.787759020200000022e-13 2.518573970779999986e-13 2.332353167559999981e-13 2.217022626148999995e-13 2.151082808254000194e-13 1.939877537662999971e-13 9.456766922194999588e-14 3.702462681620000241e-13 3.373932025610000163e-13 3.063190210490000203e-13 2.779917974840000000e-13 2.584752318590000119e-13 2.463801046848000168e-13 2.393254580169999635e-13 2.151974008815999945e-13 1.039065747787199853e-13 4.845296010679999577e-13 4.463462638849999608e-13 4.108003852090000020e-13 3.788046704120000044e-13 3.572181487349999785e-13 3.449095649466999759e-13 3.429457242307000420e-13 3.187903832600999973e-13 1.386809392235999953e-13 5.323493406450000312e-13 4.914374787679999760e-13 4.536287477149999838e-13 4.197719925760000124e-13 3.970534080609999777e-13 3.842172515130000070e-13 3.826747519179000289e-13 4.182542072983999949e-13 1.523591741000900192e-13 5.862700326309999469e-13 5.416533459710000698e-13 5.009683100230000526e-13 4.643473499230000272e-13 4.406659995370000335e-13 4.270612199459999667e-13 4.251884699091999783e-13 3.930868943686999662e-13 1.671689504704399986e-13
1.811757294369999838e-14 1.593173038840000132e-14 1.339779601470000096e-14 1.068797774300000113e-14 8.363838021600001021e-15 6.720626024700000572e-15 5.615811563280000568e-15 4.789725896659999786e-15 3.918151616499999765e-15 3.001250244030000107e-14 2.675852596029999878e-14 2.311063958569999695e-14 1.929017310860000014e-14 1.611324482429999858e-14 1.390078403880000087e-14 1.240545709908000040e-14 1.127444625493999993e-14 9.591693857720000646e-15 3.701736745839999475e-14 3.328825765420000186e-14 2.916032566280000209e-14 2.487433684229999733e-14 2.134444003740000220e-14 1.890393785029999716e-14 1.726400389741999785e-14 1.607816625166999940e-14 1.389078970931999983e-14 4.712862560220000526e-14 4.295301576009999831e-14 3.837535645120000051e-14 3.365227490750000153e-14 2.979818955790000260e-14 2.716262767550000114e-14 2.547968859685999748e-14 2.470735147207999741e-14 2.253175067254999763e-14 4.998969764540000630e-14 4.566339639600000061e-14 4.093387385659999882e-14 3.606365452990000692e-14 3.209927800030000143e-14 2.939386243659999717e-14 2.767366911740000207e-14 2.692273963108999850e-14 2.455947284465999875e-14 5.682529638509999886e-14 5.163995135770000094e-14 4.604370913459999768e-14 4.034142551130000380e-14 3.576103139259999341e-14 3.263449288069999827e-14 3.055417251969999895e-14 2.911906034719999839e-14 2.537856738799000036e-14 7.417430658789998632e-14 6.803525973109999979e-14 6.151371365349999909e-14 5.494063233079999518e-14 4.973618227919999792e-14 4.622013332899999940e-14 4.398560001859999659e-14 4.284287565939999881e-14 3.790357586068999894e-14 9.699202301980001164e-14 8.995782512420001175e-14 8.257260907490000703e-14 7.519142370899999288e-14 6.941178193459999668e-14 6.558928198350000026e-14 6.345561368670000019e-14 6.376203012125999864e-14 5.895997292385000147e-14 1.041140712308999939e-13 9.677186005719999525e-14 8.909182124080000196e-14 8.143230953930000643e-14 7.545883868120000449e-14 7.152355778950000040e-14 6.939452217580001440e-14 7.000408637730000464e-14 6.483955444912998842e-14 9.900401756830000027e-14 9.157573698119999656e-14 8.383888445460000222e-14 7.613697847259999796e-14 7.013757917959999252e-14 6.615364051110000360e-14 6.387132777169999138e-14 6.369532429668999822e-14 5.743717519758999513e-14 1.309231529919999842e-13 1.222948185479999921e-13 1.134117099144000100e-13 1.046571190703999922e-13 9.793475493640000288e-14 9.360886166099999600e-14 9.171255703119999943e-14 9.456715632319998784e-14 8.968713673705999939e-14 1.410209373659999971e-13 1.319758050580000080e-13 1.227002105169999970e-13 1.135834725958999870e-13 1.066088874086000018e-13 1.021544241183000023e-13 1.003438553694999978e-13 1.039063161804899896e-13 9.870913898350000883e-14 1.734783794599999947e-13 1.633601631389999924e-13 1.530811339289999945e-13 1.430338383717000005e-13 1.354703782157999788e-13 1.308290636066000151e-13 1.298449497714000095e-13 1.386814080893600123e-13 1.388749647017799841e-13 1.870757489220000068e-13 1.764401793589999985e-13 1.656709684609999806e-13 1.551758008089999814e-13 1.473152691429000044e-13 1.425544303448999903e-13 1.418374773388000049e-13 1.523591741000900192e-13 1.743015173852200133e-13 2.022070447040000006e-13 1.909177436550000115e-13 1.795521269620000066e-13 1.684401957670000258e-13 1.603446451511000000e-13 1.554232781659999989e-13 1.549604522547999746e-13 1.671676068149600064e-13 1.684519353908599953e-13
1.551393317330000099e-12 1.222191339210999903e-12 8.714790935699999858e-13 5.268291094149999974e-13 2.778451932404999846e-13 1.412909966141000118e-13 7.655568576759999771e-14 4.055245452160000049e-14 1.859912646340000036e-14 2.563628065403000200e-12 1.973564984462999893e-12 1.373611690780000144e-12 8.096748659760000413e-13 4.256475047719999854e-13 2.244143129750000005e-13 1.264049578199999906e-13 6.784936167980000545e-14 3.096837537569999984e-14 3.125733043151999905e-12 2.377415664951999718e-12 1.639241191603000085e-12 9.601705411810000169e-13 5.096082467890000595e-13 2.754452721890000118e-13 1.578755451670000036e-13 8.502405388250000360e-14 3.840687030730000126e-14 3.671242976459999344e-12 2.769903426289999979e-12 1.900116894781000066e-12 1.111242860406000009e-12 5.964093347860000149e-13 3.292949313279999638e-13 1.912829179680000010e-13 1.032366692430000039e-13 4.617100134659999530e-14 4.835554730080000314e-12 3.625731431440000276e-12 2.434058767019999940e-12 1.410671427979999846e-12 7.597222430750000222e-13 4.214761349799999984e-13 2.423763876250000040e-13 1.280432144860000049e-13 5.555817803829999708e-14 4.697829100819999602e-12 3.518257254539999798e-12 2.384135211730000307e-12 1.373644042460000024e-12 7.315974195229999361e-13 4.097255128240000387e-13 2.428781714620000151e-13 1.327163010050000071e-13 5.906929717210000426e-14 6.075126387649999712e-12 4.481653724959999802e-12 3.006965824679999922e-12 1.726893929940000136e-12 9.404418908600000332e-13 5.469732457989999827e-13 3.311610997900000303e-13 1.806157192909999952e-13 7.769757706230000640e-14 7.413888963730000439e-12 5.422228246030000176e-12 3.631483918449999840e-12 2.087734071250000079e-12 1.162000420220000050e-12 6.962771312889999682e-13 4.282042910129999977e-13 2.329849349249999864e-13 9.732116760130000504e-14 1.002313242549000042e-11 7.292723250240000222e-12 4.755345861610000071e-12 2.713261456020000093e-12 1.514214855069999839e-12 9.052632401219999458e-13 5.464769521000000002e-13 2.886029344110000066e-13 1.158566186171000000e-13 8.338479783170000811e-12 6.024723264830000234e-12 3.991245167290000188e-12 2.287627164399999935e-12 1.285536455060000085e-12 7.792606668889999661e-13 4.791694185160000101e-13 2.573827596229999834e-13 1.046511541601999997e-13 1.062045696858000008e-11 7.581003248570000577e-12 4.998434556349999737e-12 2.880269545590000006e-12 1.664643850189999776e-12 1.039920384376000044e-12 6.459953513470000295e-13 3.425295297420000010e-13 1.330203419480000049e-13 1.522242110140000188e-11 1.075554906169999923e-11 6.865012032140000101e-12 3.914271181619999460e-12 2.264937484860000168e-12 1.399250704193000053e-12 8.426808241929999606e-13 4.283062215680000336e-13 1.581003504709999961e-13 1.398085609119999991e-11 9.833865923629999530e-12 6.451575637310000255e-12 3.747002771009999879e-12 2.235147007479999710e-12 1.436357825440000014e-12 8.965758872319999958e-13 4.654171694429999733e-13 1.705277431339999928e-13 2.125929058360000085e-11 1.473670075790000059e-11 9.282597892760001166e-12 5.330086721159999888e-12 3.172434450850000163e-12 1.994760193699999785e-12 1.191957150863999917e-12 5.862700326309999469e-13 2.022070447040000006e-13 1.641620525498500112e-09 2.147827652280000255e-11 1.312831463420000099e-11 7.449980506879999634e-12 4.472025746020000136e-12 2.755193228409999912e-12 1.571069365095000003e-12 7.305480903439999812e-13 2.369524503410000233e-13
1.221683795060999956e-12 9.726032788009999157e-13 7.020955403759999128e-13 4.314932063129999668e-13 2.306620724926999831e-13 1.174614898473000135e-13 6.370150314249999492e-14 3.439797344749999969e-14 1.633597916530000085e-14 1.972493010923000288e-12 1.538799086574999974e-12 1.086450877675000097e-12 6.531737580750000230e-13 3.488258241570000148e-13 1.848210518430000206e-13 1.051248601400000095e-13 5.805815671050000500e-14 2.758342226120000262e-14 2.375943542532000275e-12 1.836705705956999845e-12 1.287425425580999952e-12 7.711859540739999770e-13 4.167162770749999704e-13 2.271249899629999934e-13 1.320944984550000068e-13 7.342183712830000479e-14 3.451894348380000151e-14 2.768038763350000053e-12 2.127966662369999723e-12 1.486715258937999977e-12 8.912856860849999908e-13 4.881580884539999805e-13 2.726553180859999940e-13 1.612361006709999847e-13 8.992576827800000389e-14 4.181212979810000219e-14 3.623715925549999884e-12 2.907979615779999808e-12 2.006818689649999705e-12 1.181972616950000015e-12 6.463443476139999842e-13 3.618992619820000338e-13 2.108271064740000120e-13 1.141381834680000110e-13 5.103812805329999811e-14 3.515769823419999780e-12 2.679557083770000158e-12 1.847191117910000075e-12 1.091284320130000037e-12 5.933914617429999827e-13 3.367094188870000258e-13 2.040754069769999967e-13 1.157327004659999996e-13 5.364258534409999794e-14 4.478026603489999516e-12 3.375268938420000343e-12 2.311400325140000129e-12 1.367039064660000076e-12 7.633217685500000407e-13 4.523907567240000236e-13 2.815263873149999733e-13 1.595376214049999899e-13 7.124978618499999917e-14 5.417494380809999768e-12 4.061009161840000143e-12 2.785408059150000142e-12 1.654274379960000003e-12 9.477830153000000613e-13 5.811786819940000890e-13 3.683145685860000180e-13 2.080487862180000183e-13 8.991816752070001501e-14 7.287218634379999679e-12 5.753620512909999833e-12 3.877044786330000021e-12 2.258621810189999749e-12 1.287279007840000046e-12 7.828213685889999496e-13 4.829246853700000332e-13 2.623063372820000193e-13 1.081268489913999977e-13 6.018557928150000070e-12 4.466707239330000264e-12 3.035320795290000162e-12 1.802008567540000053e-12 1.043529863770000140e-12 6.487179469960000171e-13 4.121015252540000372e-13 2.300899738940000146e-13 9.681851803889999308e-14 7.572501392269999493e-12 5.574664906939999698e-12 3.785644770429999522e-12 2.270287781470000300e-12 1.358036151620000046e-12 8.738017201000000129e-13 5.618730340140000263e-13 3.092475346029999972e-13 1.238939175719999985e-13 1.074610141899999942e-11 8.443265176470000792e-12 5.602204253860000088e-12 3.266136333590000004e-12 1.934601506569999866e-12 1.219640895453000043e-12 7.521709042559999835e-13 3.928351760280000237e-13 1.485263255510000040e-13 9.822104889530000093e-12 7.159471829519999846e-12 4.862361389529999659e-12 2.955035482889999781e-12 1.832236015809999972e-12 1.217481646951000066e-12 7.878970198699999248e-13 4.238947459280000119e-13 1.597958116349999989e-13 1.472333169359999960e-11 1.160195921749999855e-11 7.627666514949999475e-12 4.478756284559999840e-12 2.731890618859999813e-12 1.754848195170000023e-12 1.073641766698000037e-12 5.416533459710000698e-13 1.909177436550000115e-13 2.147827652280000255e-11 4.277615131202000114e-10 1.143572340640999827e-11 6.552926378950000234e-12 3.985169043810000205e-12 2.487997634739999755e-12 1.442216306932999938e-12 6.831510163419999457e-13 2.251765480460000028e-13
8.709310487500000458e-13 7.018893859059999384e-13 5.154351602079999630e-13 3.239977900309999761e-13 1.772336098877999847e-13 9.126208292980000438e-14 4.980761520679999819e-14 2.759959140280000007e-14 1.372003606190000019e-14 1.372691672190000047e-12 1.086195846334999979e-12 7.834646403560000256e-13 4.842970497159999563e-13 2.661312364129999632e-13 1.435793886440000060e-13 8.316480416899999615e-14 4.767065334869999929e-14 2.380150507069999631e-14 1.638138714923000017e-12 1.287190522071000092e-12 9.243717832309998711e-13 5.718300082960000456e-13 3.193148536020000354e-13 1.781194143920000232e-13 1.060757162619999949e-13 6.133269915190000366e-14 3.023090097829999809e-14 1.898846903710999971e-12 1.486507868388000112e-12 1.066675335429000047e-12 6.630764137919999619e-13 3.768085744900000083e-13 2.162880515679999800e-13 1.313828401490000076e-13 7.623423764300000140e-14 3.704949315710000244e-14 2.432728391810000099e-12 2.006624318789999974e-12 1.547174033480000035e-12 9.537091500400000154e-13 5.316698139620000184e-13 3.031255277190000101e-13 1.796623318500000280e-13 9.990225343499999171e-14 4.611716022649999939e-14 2.382480489810000049e-12 1.846959804969999927e-12 1.308720449690000089e-12 8.022407502479999471e-13 4.533378933689999846e-13 2.651451868940000160e-13 1.660842635349999944e-13 9.854801606699999927e-14 4.781066761590000269e-14 3.004718587390000061e-12 2.311348362460000188e-12 1.633245084919999965e-12 1.009500546150000127e-12 5.898306279199999470e-13 3.627016821479999963e-13 2.342642649719999683e-13 1.386791776729999941e-13 6.443590423579999737e-14 3.628779280250000034e-12 2.785487119490000129e-12 1.975011456170000078e-12 1.232002646389999949e-12 7.426450278199998973e-13 4.743251176630000272e-13 3.123139371769999660e-13 1.837384333149999908e-13 8.218743862500000085e-14 4.752829469329999770e-12 3.877163507239999701e-12 2.985200201339999833e-12 1.837511616609999985e-12 1.073952064930000026e-12 6.701380393159999990e-13 4.238619352349999820e-13 2.367974889060000183e-13 1.000825004252000092e-13 3.988616802200000125e-12 3.035580121729999889e-12 2.139627274590000219e-12 1.339630707269999949e-12 8.177404648699999567e-13 5.303494349699999747e-13 3.505923510590000159e-13 2.038721079719999997e-13 8.870289084520000094e-14 4.995185808339999496e-12 3.786252739330000096e-12 2.678415456909999872e-12 1.706189588629999992e-12 1.081164449099999982e-12 7.274920464729999494e-13 4.865839059559999627e-13 2.779110491590000333e-13 1.145562383880000138e-13 6.861556182950000869e-12 5.602963214630000200e-12 4.378525955200000651e-12 2.707414862039999986e-12 1.643239262279999999e-12 1.063329548621000069e-12 6.718770421969999752e-13 3.596675303150000093e-13 1.387684438659999980e-13 6.447486266909999828e-12 4.863638422459999721e-12 3.457830228760000111e-12 2.248840983460000313e-12 1.482845786090000044e-12 1.031480265476999915e-12 6.934748970359999950e-13 3.857211600219999947e-13 1.489504215310000015e-13 9.278192207079999743e-12 7.629243330889999949e-12 6.073993208920000162e-12 3.785465496810000033e-12 2.360581532899999847e-12 1.554034168361999964e-12 9.720228287510000781e-13 5.009683100230000526e-13 1.795521269620000066e-13 1.312831463420000099e-11 1.143572340640999827e-11 1.149922064669300033e-10 5.903996395230000220e-12 3.586395895560000021e-12 2.267531468089999912e-12 1.332469644321000063e-12 6.400810368240000013e-13 2.133369765120000018e-13
5.236407515450000187e-13 4.292279644240000064e-13 3.225850873330000227e-13 2.106080123499999916e-13 1.203725945742999994e-13 6.401068632020000414e-14 3.567720339349999852e-14 2.058467982390000119e-14 1.091169656229999972e-14 8.038062427059999580e-13 6.491255768650000135e-13 4.817911735060000167e-13 3.121820423849999797e-13 1.814952564080000011e-13 1.024118967659999957e-13 6.160785196800000001e-14 3.724754253839999733e-14 1.982786011130000282e-14 9.526742202810000712e-13 7.661096722940000660e-13 5.687015986060000370e-13 3.717126241890000370e-13 2.215401551859999837e-13 1.302273891119999982e-13 8.094696978900000484e-14 4.934930272120000115e-14 2.576382548420000080e-14 1.102172223896000053e-12 8.852842716450000501e-13 6.593715031819999395e-13 4.362699616400000440e-13 2.665551987689999835e-13 1.619906123649999988e-13 1.028906460430000139e-13 6.278414962630000026e-14 3.211824122210000218e-14 1.401004722769999918e-12 1.175602962270000020e-12 9.497849378899999480e-13 7.147840024100000007e-13 4.248274034429999875e-13 2.473517672389999817e-13 1.500923703920000134e-13 8.596557161609999557e-14 4.103111019460000593e-14 1.361719655039999939e-12 1.083335148769999932e-12 7.973371082380000207e-13 5.199053487250000350e-13 3.168752944989999967e-13 1.973451495220000106e-13 1.303175192450000202e-13 8.187699305800000006e-14 4.184375210810000287e-14 1.710674972619999898e-12 1.356443278699999980e-12 1.003017512400000083e-12 6.674739239600000393e-13 4.251608078229999933e-13 2.799138541670000019e-13 1.907008707300000098e-13 1.187780958849999978e-13 5.753845174779999599e-14 2.067401108689999729e-12 1.641157183610000041e-12 1.224000390269999929e-12 8.331728070199999124e-13 5.512321171759999733e-13 3.773150961540000639e-13 2.613971817920000146e-13 1.607973130490000048e-13 7.441950099519999740e-14 2.691421820320000007e-12 2.244589894760000019e-12 1.828968973490000214e-12 1.420324113229999918e-12 8.892457804900000045e-13 5.694045740989999727e-13 3.705149912309999753e-13 2.128337367489999749e-13 9.202387979910000200e-14 2.263822635060000005e-12 1.786931516180000131e-12 1.330482450689999899e-12 9.101017235199999214e-13 6.109557034929999492e-13 4.247495811339999786e-13 2.954354391590000230e-13 1.793754709080000149e-13 8.058790439839999982e-14 2.848999912709999698e-12 2.250825469250000007e-12 1.694485219130000078e-12 1.191432433650000018e-12 8.333414191600000400e-13 5.997550601290000049e-13 4.202502062979999717e-13 2.490425373560000104e-13 1.053036359566999978e-13 3.880090934179999959e-12 3.244997208310000227e-12 2.694724998849999745e-12 2.174919398970000036e-12 1.405531681210000012e-12 9.293518526939999578e-13 6.017682981470000120e-13 3.292974484639999827e-13 1.291329584117000049e-13 3.704204513600000054e-12 2.929085747789999952e-12 2.233271601459999983e-12 1.618122720140000208e-12 1.178456777520000047e-12 8.730190744879999608e-13 6.119545999729999670e-13 3.511077279109999912e-13 1.383010794399999964e-13 5.282479004099999620e-12 4.450160295400000413e-12 3.768345192109999775e-12 3.140209814279999679e-12 2.070733228229999985e-12 1.386642498864999820e-12 8.852604498109999975e-13 4.643473499230000272e-13 1.684401957670000258e-13 7.449980506879999634e-12 6.552926378950000234e-12 5.903996395230000220e-12 3.240488316217999758e-11 3.323068311480000003e-12 2.091827428050000016e-12 1.241404067941999908e-12 6.020459906060000412e-13 2.018896494609999807e-13
2.779131705875000283e-13 2.307341572586999993e-13 1.772942542648000060e-13 1.207585913662999907e-13 7.411645496760001048e-14 4.239560838710000032e-14 2.482333123869999980e-14 1.508837891889999998e-14 8.561199667200000161e-15 4.259350555930000090e-13 3.490905861019999552e-13 2.663232146729999924e-13 1.822251162059999994e-13 1.162462368360000074e-13 7.184736319599999503e-14 4.595836160800000145e-14 2.942041303450000240e-14 1.660207995699999766e-14 5.101119431990000151e-13 4.171630922219999842e-13 3.196178275850000107e-13 2.224681236709999879e-13 1.474811200700000018e-13 9.555097036300000901e-14 6.311543193599999459e-14 4.049762272739999792e-14 2.217748848080000363e-14 5.971008207270000527e-13 4.887577572040000088e-13 3.771933055580000275e-13 2.676767229000000203e-13 1.838132945190000224e-13 1.233987290020000006e-13 8.299591684800000534e-14 5.296712161290000378e-14 2.819383840060000219e-14 7.604852378510000384e-13 6.470022916159999153e-13 5.320853610130000274e-13 4.260182798400000181e-13 3.428868288279999743e-13 2.115999430709999992e-13 1.298401008729999887e-13 7.587709469130000971e-14 3.700475425680000079e-14 7.325631827830000153e-13 5.942383255830000085e-13 4.538766235559999844e-13 3.183597532679999868e-13 2.182141838680000084e-13 1.505618763359999996e-13 1.059687323429999936e-13 6.995071938990000334e-14 3.717936637789999820e-14 9.420141024699999678e-13 7.646529833000000184e-13 5.906242100399999669e-13 4.271569616829999925e-13 3.087767247209999671e-13 2.244550799449999988e-13 1.617731139360000137e-13 1.048274686040000057e-13 5.222694998610000142e-14 1.164111043870000129e-12 9.495378393400000373e-13 7.436367674700000029e-13 5.536648964029999434e-13 4.171735821289999902e-13 3.135180760820000126e-13 2.281164991500000173e-13 1.449509123149999756e-13 6.850484591469998753e-14 1.516547808659999783e-12 1.289209667510000047e-12 1.075034742320000032e-12 8.918510599950000279e-13 7.594413090720000579e-13 5.104440638850000535e-13 3.363906252970000479e-13 1.964661132839999796e-13 8.593007048399999767e-14 1.288262158709999840e-12 1.045749689419999983e-12 8.189579111399999449e-13 6.137675691330000010e-13 4.685272862299999526e-13 3.563879144050000462e-13 2.598300086250000439e-13 1.626215771620000012e-13 7.444788710789999964e-14 1.668591385429999960e-12 1.361197963079999952e-12 1.082841900040000064e-12 8.370054127599999334e-13 6.641258204870000499e-13 5.185004940279999793e-13 3.781687970539999916e-13 2.296208082740000347e-13 9.839202903530000309e-14 2.269386408920000109e-12 1.938139683250000014e-12 1.645096843299999937e-12 1.409530584899999970e-12 1.243864773482000229e-12 8.550612956729999767e-13 5.585618830229999179e-13 3.091874387129999890e-13 1.219993605848999961e-13 2.241079260250000028e-12 1.836915561179999957e-12 1.485246951330000012e-12 1.183435905979999962e-12 9.716010209030000794e-13 7.736761435269999894e-13 5.610609773750000173e-13 3.282448946140000661e-13 1.304655570204999927e-13 3.179250761420000039e-12 2.737215554470000201e-12 2.363282702630000105e-12 2.076254842820000123e-12 1.873977754469999991e-12 1.297374880391999988e-12 8.331691821270000742e-13 4.406659995370000335e-13 1.603446451511000000e-13 4.472025746020000136e-12 3.985169043810000205e-12 3.586395895560000021e-12 3.323068311480000003e-12 1.003871137104000058e-11 2.014876721451999928e-12 1.187538297661000037e-12 5.773073200779999598e-13 1.934471318028999954e-13
1.413607116390999865e-13 1.174903937112999858e-13 9.125373661380000949e-14 6.415039550120000703e-14 4.237445779810000552e-14 2.758903995129999854e-14 1.771125258039999936e-14 1.141453849159999980e-14 6.874516232599999775e-15 2.247737700240000273e-13 1.850681285960000112e-13 1.437007497399999904e-13 1.028018821730000017e-13 7.183519344399999873e-14 5.131204982300000456e-14 3.597143638880000262e-14 2.428688733199999924e-14 1.432473234119999857e-14 2.760713734440000010e-13 2.275767846280000235e-13 1.783718665180000038e-13 1.307427386360000137e-13 9.554689164599999251e-14 7.190338970800000284e-14 5.177192672919999576e-14 3.471619146050000245e-14 1.965942963130000029e-14 3.301383310420000135e-13 2.732648149859999899e-13 2.166252996599999854e-13 1.626234088410000017e-13 1.234095308139999939e-13 9.646300770699999628e-14 7.037960099719999958e-14 4.658586617640000142e-14 2.545223510980000295e-14 4.223993469640000437e-13 3.625645947239999693e-13 3.034934239549999830e-13 2.480262574020000241e-13 2.116134804720000148e-13 1.867011812449999875e-13 1.188475563714000099e-13 6.954007390469999742e-14 3.423191072750000316e-14 4.109364325030000285e-13 3.375967576110000264e-13 2.656372691309999814e-13 1.981974168689999990e-13 1.505875766840000103e-13 1.190607697699999919e-13 9.046030101700000587e-14 6.219234597440000431e-14 3.394153576619999833e-14 5.488528956290000163e-13 4.537545116510000148e-13 3.634478803720000036e-13 2.811022240840000168e-13 2.245063403740000125e-13 1.854347763369999872e-13 1.430129533460000029e-13 9.573847708000000684e-14 4.857894721330000550e-14 6.987760927910000426e-13 5.829764873599999820e-13 4.752938150689999981e-13 3.787943676050000183e-13 3.135738173610000006e-13 2.661987019780000053e-13 2.061500093979999936e-13 1.346356987750000253e-13 6.448835840259998817e-14 9.080027630759999773e-13 7.847905713979999770e-13 6.711900164590000054e-13 5.710001905960000084e-13 5.105087233140000089e-13 4.658752759510000473e-13 3.171577478250000158e-13 1.862979434299999983e-13 8.189612988010000807e-14 7.823712310699998960e-13 6.509400269119999811e-13 5.315213260780000087e-13 4.264868192879999714e-13 3.564675464660000234e-13 3.044925033249999726e-13 2.358718665399999914e-13 1.516811932937999951e-13 7.030319328850000171e-14 1.044270886505999979e-12 8.768974589299999304e-13 7.291068107259999916e-13 6.020478105160000244e-13 5.186216205660000018e-13 4.517010924939999602e-13 3.488910671960000086e-13 2.169835028535999944e-13 9.381894348380000505e-14 1.404095128673999893e-12 1.223075033307000106e-12 1.065115163890000121e-12 9.318605860130000366e-13 8.552017982159999841e-13 7.896372766720000014e-13 5.339744524659999296e-13 2.970593548944000446e-13 1.174616945852000131e-13 1.442674712609999921e-12 1.221912928003999960e-12 1.033747250290999898e-12 8.761385316689999999e-13 7.738803698909999730e-13 6.834410930110000409e-13 5.240672845009999990e-13 3.135067669150000246e-13 1.254297405069000034e-13 2.001926363600000019e-12 1.759853528129999975e-12 1.556584880879000012e-12 1.390120190352999898e-12 1.297608232173000025e-12 1.205811402125999869e-12 8.041688930300000259e-13 4.270612199459999667e-13 1.554232781659999989e-13 2.755193228409999912e-12 2.487997634739999755e-12 2.267531468089999912e-12 2.091827428050000016e-12 2.014876721451999928e-12 3.696715427543000195e-12 1.172233280838000058e-12 5.658321480190000269e-13 1.887684792745000073e-13
7.634230874860000111e-14 6.353492030160000805e-14 4.967613440530000110e-14 3.568422686880000077e-14 2.477668550000000307e-14 1.768624738770000057e-14 1.308527351050000044e-14 9.060815270500000200e-15 5.741747213780000159e-15 1.261131091049999807e-13 1.049158638099999946e-13 8.300663565500000491e-14 6.167463579699998942e-14 4.589444529969999795e-14 3.593094813719999913e-14 2.891152074470000245e-14 2.088117422379999828e-14 1.278567926421000083e-14 1.575501143679999897e-13 1.318722763579999893e-13 1.059103428830000079e-13 8.105178995400000480e-14 6.304221531200000452e-14 5.172236335319999688e-14 4.305797029590000368e-14 3.084089226659999973e-14 1.796946782583999969e-14 1.909243887169999943e-13 1.610017071070000052e-13 1.312078638070000012e-13 1.030344243339999989e-13 8.291280435300000512e-14 7.032128590090000431e-14 5.982296060660000911e-14 4.230649348340000179e-14 2.363216560321000202e-14 2.420056831359999954e-13 2.105878491569999977e-13 1.794837068229999883e-13 1.502493882540000092e-13 1.297535034590000017e-13 1.187864633854000058e-13 1.091143784113999952e-13 6.641753665770001715e-14 3.255651166109999619e-14 2.424693443050000234e-13 2.038291908390000034e-13 1.659065122499999858e-13 1.305587101630000126e-13 1.058674066289999919e-13 9.038465402800000292e-14 7.729466273999999478e-14 5.658946829850000270e-14 3.178879749639999995e-14 3.306724186989999798e-13 2.812527669280000225e-13 2.340651580520000015e-13 1.910357245989999823e-13 1.616473369690000044e-13 1.429119095089999882e-13 1.244304821952000161e-13 8.896504405060000701e-14 4.626819734760000036e-14 4.276423947429999845e-13 3.680177147269999992e-13 3.120958214419999939e-13 2.618203177039999962e-13 2.279661574859999785e-13 2.060285717759999911e-13 1.812221010513999838e-13 1.268457581518999798e-13 6.210464637579998600e-14 5.458919506169999200e-13 4.826230079169999996e-13 4.236384737379999920e-13 3.709691151979999953e-13 3.362313517030000347e-13 3.170294242070000458e-13 2.918476714996999493e-13 1.809832351399000076e-13 7.994717977690000621e-14 4.785652230020000792e-13 4.118020974880000260e-13 3.503657440539999996e-13 2.959228094070000064e-13 2.596595410990000007e-13 2.357350863600000208e-13 2.072477779584000037e-13 1.433551601409000190e-13 6.795929943359999811e-14 6.453336182130000479e-13 5.616038187589999646e-13 4.863758511459999929e-13 4.209425772270000200e-13 3.779534363570000073e-13 3.487163459920000078e-13 3.081610580999999670e-13 2.074530838482999928e-13 9.159973548780000356e-14 8.419750862080000293e-13 7.518933488800000308e-13 6.716571176879999978e-13 6.025190673310000420e-13 5.583296681819999691e-13 5.337863480259999130e-13 4.913243417770000121e-13 2.924825897503000350e-13 1.160771991032000224e-13 8.957536116760000345e-13 7.876036617339999458e-13 6.932226707769999058e-13 6.128651535150000298e-13 5.607814677350000112e-13 5.238371154350000550e-13 4.639345058530000565e-13 3.028694329111000165e-13 1.236244267363000050e-13 1.191077044144999866e-12 1.073342961975000059e-12 9.717533516500000380e-13 8.862589404690000134e-13 8.328676420979999730e-13 8.039155841060000440e-13 7.408163383570000838e-13 4.251884699091999783e-13 1.549604522547999746e-13 1.571069365095000003e-12 1.442216306932999938e-12 1.332469644321000063e-12 1.241404067941999908e-12 1.187538297661000037e-12 1.172233280838000058e-12 1.588587211360999969e-12 5.778019947047000779e-13 1.901436054372000035e-13
4.037929225489999397e-14 3.426970884919999632e-14 2.751225976959999973e-14 2.057823543649999901e-14 1.505264832230000213e-14 1.139591049830000015e-14 9.054909962499999068e-15 7.184471046200000594e-15 4.895161452229999522e-15 6.756887866619999806e-14 5.785992460379999981e-14 4.753950221489999836e-14 3.724986976249999844e-14 2.936966569410000104e-14 2.425625081349999944e-14 2.087204242059999991e-14 1.753969879409999967e-14 1.162314076365000067e-14 8.468554978719999632e-14 7.318749041280000567e-14 6.117877543049999795e-14 4.935528961269999777e-14 4.043891018650000539e-14 3.467872310750000653e-14 3.083023940760000028e-14 2.643503733230000069e-14 1.675419109552999935e-14 1.028368589379999988e-13 8.965205945800001051e-14 7.605320379389999643e-14 6.279216350439999642e-14 5.290004067610000372e-14 4.654253904689999608e-14 4.229420530940000252e-14 3.674994946390000291e-14 2.242296461081000096e-14 1.276223286720000103e-13 1.138511288759999837e-13 9.971301865920000151e-14 8.597235425040000537e-14 7.580706851609999642e-14 6.949472340610000648e-14 6.640464508440001653e-14 6.141860492619998962e-14 3.229269755012000386e-14 1.322019247150000117e-13 1.153831863530000115e-13 9.831583084700000203e-14 8.188989191200000298e-14 6.986652045410000978e-14 6.213673944829999776e-14 5.657402871300000117e-14 4.883045533119999975e-14 3.031091511108999750e-14 1.799577128980000064e-13 1.591025016130000012e-13 1.383966667289999970e-13 1.188051390299999876e-13 1.047249558659999956e-13 9.566697591609999738e-14 8.894571024270000407e-14 7.735279312919999432e-14 4.512236081647000096e-14 2.321925349129999992e-13 2.075346060510000130e-13 1.834043674330000041e-13 1.608323252349999840e-13 1.448291965449999859e-13 1.345495990134999925e-13 1.268227758461999811e-13 1.108639464839999948e-13 6.157529388684999757e-14 2.877613455280000343e-13 2.617631532400000065e-13 2.364438202080000218e-13 2.128713125890000003e-13 1.963432887359999930e-13 1.862064359986999892e-13 1.809590042754000217e-13 1.652748670911999947e-13 8.187159070686000058e-14 2.564867941180000203e-13 2.295186768279999944e-13 2.034994817889999997e-13 1.794162785859999925e-13 1.624921584449999960e-13 1.515846804779000011e-13 1.433299809863000011e-13 1.252121323867000181e-13 6.791971947721999980e-14 3.413847289620000082e-13 3.085303100109999838e-13 2.774489978290000330e-13 2.490934261840000048e-13 2.294586300790000101e-13 2.168632252147999992e-13 2.074227145069999872e-13 1.819145571815999815e-13 9.326546602971998633e-14 4.270660966309999809e-13 3.920616665059999597e-13 3.591716120559999971e-13 3.293626969729999645e-13 3.090111297369999831e-13 2.969298144742000407e-13 2.924501830997000323e-13 2.684117218889000055e-13 1.223055481131499720e-13 4.639208668749999615e-13 4.229809087880000438e-13 3.851459716150000051e-13 3.511854439659999974e-13 3.280331334910000045e-13 3.133492793830000045e-13 3.028317279179000270e-13 2.665697341583999922e-13 1.284917971306900072e-13 5.846324468659999708e-13 5.406598435850000367e-13 5.003458518980000559e-13 4.644333555290000046e-13 4.404350644360000341e-13 4.268902968129999568e-13 4.251478484486999880e-13 3.930868943686999662e-13 1.671676068149600064e-13 7.305480903439999812e-13 6.831510163419999457e-13 6.400810368240000013e-13 6.020459906060000412e-13 5.773073200779999598e-13 5.658321480190000269e-13 5.778019947047000779e-13 6.878341221090999539e-13 2.124210800192900094e-13
1.855133888510000076e-14 1.630296969279999945e-14 1.370125477750000104e-14 1.092361586219999871e-14 8.546269929100001159e-15 6.867500433299999611e-15 5.738404213360000335e-15 4.894234054709999657e-15 4.004035095029999960e-15 3.088846222190000364e-14 2.752835277730000090e-14 2.377109268960000314e-14 1.984218903299999943e-14 1.658197088789999919e-14 1.431440672089999841e-14 1.278110019524999961e-14 1.162186229037000048e-14 9.890998919300000518e-15 3.831212143439999591e-14 3.445371724500000295e-14 3.019381548780000070e-14 2.577956084549999681e-14 2.215212813970000018e-14 1.964703975980000157e-14 1.796429367312999971e-14 1.675290799005000103e-14 1.448756865507000026e-14 4.606283161840000037e-14 4.173768004199999768e-14 3.700667008860000211e-14 3.213512612490000273e-14 2.816561546529999863e-14 2.543866894459999925e-14 2.362648203540000229e-14 2.242162556908999831e-14 1.963627891465999844e-14 5.544583440909999522e-14 5.096076856170000021e-14 4.607224702160000132e-14 4.104831125149999573e-14 3.697598494040000067e-14 3.421765564690000615e-14 3.255061045930000085e-14 3.229135317886000116e-14 3.038720335901999712e-14 5.893244498499999554e-14 5.354864038139999922e-14 4.775395573179999541e-14 4.186283703540000514e-14 3.714257546800000271e-14 3.392355228110000024e-14 3.178186563049999726e-14 3.030936401276000184e-14 2.642372166967000356e-14 7.753126030899999642e-14 7.113548068190000606e-14 6.436742555069999651e-14 5.755993653850000160e-14 5.218353112090000188e-14 4.855699360559999925e-14 4.626035243239999685e-14 4.512090747785000243e-14 3.995256101729999332e-14 9.712649039790000117e-14 8.978402326019999999e-14 8.210335269380001158e-14 7.444042376229999863e-14 6.845361897319999652e-14 6.446250172049999409e-14 6.209582528080000827e-14 6.157397657530001420e-14 5.527174703813000385e-14 1.156514401006999855e-13 1.079852735823000010e-13 9.999461796760000602e-14 9.204501938829999711e-14 8.587653331530000001e-14 8.186885393100000305e-14 7.993804212289999507e-14 8.187026186593000874e-14 7.783341915960000755e-14 1.044398782393999901e-13 9.667322754749999971e-14 8.861209464510000680e-14 8.060844194030000344e-14 7.439321886629999795e-14 7.027529303320000001e-14 6.795025744600000774e-14 6.791879855611999494e-14 6.135253714526000395e-14 1.327690365600000081e-13 1.237235030780000001e-13 1.144466469930000004e-13 1.053246591748999922e-13 9.832873600560000006e-14 9.378474172330000438e-14 9.158977631449999248e-14 9.326520743148999064e-14 8.575812254950001129e-14 1.578339602489999829e-13 1.483450267409999880e-13 1.386519155019999898e-13 1.291481968302999899e-13 1.219327589503999915e-13 1.174255019779999946e-13 1.160669437733000047e-13 1.223055561482099785e-13 1.197880039419399822e-13 1.702261389619999945e-13 1.595893287990000013e-13 1.488167527409999897e-13 1.383077680089999728e-13 1.303895983229000010e-13 1.253870684349000083e-13 1.236135024687999961e-13 1.284926560200900201e-13 1.207007375952200069e-13 2.018893036390000187e-13 1.906976987959999911e-13 1.794086007820000010e-13 1.684457611629999976e-13 1.602642699622999883e-13 1.553784879474000018e-13 1.549493114739999771e-13 1.671689504704399986e-13 1.684519353908599953e-13 2.369524503410000233e-13 2.251765480460000028e-13 2.133369765120000018e-13 2.018896494609999807e-13 1.934471318028999954e-13 1.887684792745000073e-13 1.901436054372000035e-13 2.124210800192900094e-13 2.718543433843499509e-13
