N_CKM,field_cost_proxy,cp_phase_calibration_cost_proxy,yukawa_alignment_cost_proxy,stability_constraint_cost_proxy,identity_orientation_benefit,toy_total_flavor_cost
1,1.0,0.0,0.4,0.0,0.0,1.4
2,2.0,0.0,1.6,0.0,0.0,3.6
3,3.0,0.55,3.6,0.0,3.1,4.050000000000001
4,4.0,1.6500000000000001,6.4,0.1,3.1,9.05
5,5.0,3.3000000000000003,10.0,0.4,3.1,15.6
6,6.0,5.5,14.4,0.9,3.1,23.699999999999996
7,7.0,8.25,19.6,1.6,3.1,33.35
8,8.0,11.55,25.6,2.5,3.1,44.550000000000004
