ell,clpp_lcdm,clpp_model,clkk_lcdm,clkk_model,ratio_model_over_lcdm
2.000000000000000000e+00,7.873489090192646385e-09,3.861572809388818001e-09,7.086140181173381581e-08,3.475415528449936283e-08,4.904525509788105753e-01
3.000000000000000000e+00,2.426369630217616302e-09,1.202389617798061323e-09,8.734930668783418523e-08,4.328602624073020763e-08,4.955508850851472746e-01
4.000000000000000000e+00,1.011465347107110538e-09,5.062400577243840105e-10,1.011465347107110439e-07,5.062400577243839732e-08,5.005016327769210571e-01
5.000000000000000000e+00,5.019261604625723220e-10,2.536257615333886090e-10,1.129333861040787699e-07,5.706579634501243843e-08,5.053049263255147139e-01
6.000000000000000000e+00,2.792249132470021074e-10,1.423938787425773436e-10,1.231381867419279246e-07,6.279570052547660777e-08,5.099612247586798874e-01
7.000000000000000000e+00,1.684378148919570038e-10,8.665662124704689482e-11,1.320552468752943001e-07,6.793879105768476347e-08,5.144724853064144288e-01
8.000000000000000000e+00,1.079467803453885170e-10,5.600727275422192973e-11,1.398990273276235225e-07,7.258542548947162476e-08,5.188415307526544895e-01
9.000000000000000000e+00,7.250984149744228565e-11,3.792786642428498353e-11,1.468324290323206285e-07,7.680392950917708557e-08,5.230719808651471681e-01
1.000000000000000000e+01,5.057294299285078671e-11,2.666043294000894200e-11,1.529831525533736220e-07,8.064780964352705194e-08,5.271679155349487944e-01
1.100000000000000000e+01,3.637597556935825556e-11,1.932050536337205656e-11,1.584537495801245673e-07,8.416012136284867456e-08,5.311336688835617270e-01
1.200000000000000000e+01,2.684551992924393824e-11,1.436165360448580607e-11,1.633281432495201115e-07,8.737630052969164729e-08,5.349739413629706064e-01
1.300000000000000000e+01,2.024830046837797646e-11,1.090762194024325749e-11,1.676761761786380329e-07,9.032601728715441931e-08,5.386932082165526436e-01
1.400000000000000000e+01,1.556069325204341103e-11,8.438504278415459934e-12,1.715566431037786166e-07,9.303450966953044792e-08,5.422961651986376586e-01
1.500000000000000000e+01,1.215414297960715635e-11,6.633577204756862149e-12,1.750196589063430595e-07,9.552351174849881075e-08,5.457873266660608902e-01
1.600000000000000000e+01,9.629557099390029785e-12,5.288275444945256755e-12,1.781082881103179763e-07,9.781194262970747126e-08,5.491712017866569040e-01
1.700000000000000000e+01,7.726083420461321867e-12,4.268290895229587910e-12,1.808598867895790759e-07,9.991642156642943224e-08,5.524520850921293968e-01
1.800000000000000000e+01,6.268835518520533931e-12,3.483179618957178541e-12,1.833070193970589274e-07,1.018516552379268535e-07,5.556342336095014822e-01
1.900000000000000000e+01,5.137903481948579815e-12,2.870658310361403734e-12,1.854783156983437442e-07,1.036307650040466779e-07,5.587217277333301757e-01
2.000000000000000000e+01,4.249411116070371230e-12,2.386972703499515031e-12,1.873990302187033766e-07,1.052654962243286120e-07,5.617184683478825269e-01
2.100000000000000000e+01,3.543629364384844473e-12,2.000832992511284087e-12,1.890916065129396843e-07,1.067664493133946256e-07,5.646281782797615278e-01
2.200000000000000000e+01,2.977331200887337891e-12,1.689500083889709299e-12,1.905759928375976052e-07,1.081432108696963974e-07,5.674545322287911642e-01
2.300000000000000000e+01,2.518773300623755641e-12,1.436206930610579331e-12,1.918700749483152053e-07,1.094044991461914960e-07,5.702009506988633403e-01
2.400000000000000000e+01,2.144332164248045941e-12,1.228425195836271380e-12,1.929898947823241521e-07,1.105582676252644276e-07,5.728707596320758988e-01
2.500000000000000000e+01,1.836211973847725933e-12,1.056679621226815113e-12,1.939498897376660721e-07,1.116117849920823543e-07,5.754671226833225628e-01
2.600000000000000000e+01,1.580856875281795761e-12,9.137242124009605469e-13,1.947631478915925305e-07,1.125717366920107431e-07,5.779930028378341689e-01
2.700000000000000000e+01,1.367832951381232210e-12,7.939604803413561898e-13,1.954414434251559871e-07,1.134442492730943376e-07,5.804513479073728499e-01
2.800000000000000000e+01,1.189033618160876053e-12,6.930221221106012965e-13,1.959955454831661691e-07,1.142349945202230804e-07,5.828448510837945795e-01
2.900000000000000000e+01,1.038103805071571121e-12,6.074735846401323735e-13,1.964351925146680516e-07,1.149491890535290576e-07,5.851761468095675323e-01
3.000000000000000000e+01,9.100211199409617953e-13,5.345898610305020989e-13,1.967693166592344814e-07,1.155916927013203060e-07,5.874477518336980175e-01
3.100000000000000000e+01,8.007854875295907748e-13,4.721927538972476252e-13,1.970060425000798123e-07,1.161669725427852787e-07,5.896619772093447676e-01
3.200000000000000000e+01,7.071884081664446251e-13,4.185290797946076297e-13,1.971528131822741070e-07,1.166792109814598979e-07,5.918211822500661912e-01
3.300000000000000000e+01,6.266390696271004488e-13,3.721781250791509090e-13,1.972164746321106812e-07,1.171322717030354503e-07,5.939274186983364290e-01
3.400000000000000000e+01,5.570320599311617084e-13,3.319815690935538588e-13,1.972032750171295083e-07,1.175297749983454124e-07,5.959828759848765367e-01
3.500000000000000000e+01,4.966465560064813804e-13,2.969893562731928758e-13,1.971190180789724474e-07,1.178750755048302559e-07,5.979893602027053223e-01
3.600000000000000000e+01,4.440678813649535520e-13,2.664180181554398595e-13,1.969689731867133285e-07,1.181713104609542903e-07,5.999488576758524871e-01
3.700000000000000000e+01,3.981272690160499208e-13,2.396181138691975891e-13,1.967580794931530269e-07,1.184214284371822678e-07,6.018631038798242239e-01
3.800000000000000000e+01,3.578539734564553875e-13,2.160485444547136963e-13,1.964908175994439796e-07,1.186281508377386500e-07,6.037338145722812577e-01
3.900000000000000000e+01,3.224382242565939140e-13,1.952565111782175083e-13,1.961714156377117434e-07,1.187940614008275259e-07,6.055625434248572692e-01
4.000000000000000000e+01,2.912012140543877889e-13,1.768613333375262393e-13,1.958036963301703524e-07,1.189215605361526416e-07,6.073509477350385044e-01
4.100000000000000000e+01,2.635717566583590460e-13,1.605416550903524442e-13,1.953912782177313891e-07,1.190129002932351727e-07,6.091003722316351565e-01
4.200000000000000000e+01,2.390670784774398180e-13,1.460251285566921014e-13,1.949374473942107225e-07,1.190702040512837478e-07,6.108123690082745139e-01
4.300000000000000000e+01,2.172777436073123230e-13,1.330800313041464202e-13,1.944453291980815076e-07,1.190954492945814985e-07,6.124880951666312745e-01
4.400000000000000000e+01,1.978550599327275150e-13,1.215085285654548826e-13,1.939177442400662376e-07,1.190905088470023278e-07,6.141289922368873277e-01
4.500000000000000000e+01,1.805011755060165670e-13,1.111411082420926487e-13,1.933573717314325886e-07,1.190571336766356978e-07,6.157362018863308251e-01
4.600000000000000000e+01,1.649607418377796189e-13,1.018320615910726201e-13,1.927666894426975926e-07,1.189969757249254108e-07,6.173108853451509948e-01
4.700000000000000000e+01,1.510141591517442936e-13,9.345574643079251879e-14,1.921479998781330101e-07,1.189115964665975122e-07,6.188541985449518279e-01
4.800000000000000000e+01,1.384719859746677685e-13,8.590347384108109094e-14,1.915034332753021191e-07,1.188024426388429650e-07,6.203671683945977122e-01
4.900000000000000000e+01,1.271703515258651010e-13,7.908098750899264005e-14,1.908350087585013321e-07,1.186709068806820797e-07,6.218508210454101182e-01
5.000000000000000000e+01,1.169670643136256796e-13,7.290628890181353231e-14,1.901445839248377500e-07,1.185182858960106201e-07,6.233061360446623400e-01
5.100000000000000000e+01,1.077384273357893502e-13,6.730786371527128260e-14,1.894338910622623503e-07,1.183458013818323403e-07,6.247340468920363765e-01
5.200000000000000000e+01,9.937656183183553163e-14,6.222318771601628959e-14,1.887045632374831810e-07,1.181546155829398877e-07,6.261354445056172002e-01
5.300000000000000000e+01,9.178713759271458912e-14,5.759744996754050088e-14,1.879581206639948248e-07,1.179458117429806990e-07,6.275111249586693418e-01
5.400000000000000000e+01,8.488746854275131638e-14,5.338250303800512798e-14,1.871959678171887640e-07,1.177204302619848647e-07,6.288619975882594471e-01
5.500000000000000000e+01,7.860492588452278949e-14,4.953594248128034136e-14,1.864194422277342429e-07,1.174794411886044598e-07,6.301887817317299856e-01
5.600000000000000000e+01,7.287555607345608281e-14,4.602034619081125661e-14,1.856297824392045084e-07,1.172237621427734929e-07,6.314922131698633700e-01
5.700000000000000000e+01,6.764292539686884037e-14,4.280262202718034070e-14,1.848281381407330055e-07,1.169542696506658013e-07,6.327730768007507889e-01
5.800000000000000000e+01,6.285714440530723494e-14,3.985343829578069669e-14,1.840156102465694509e-07,1.166717775331021941e-07,6.340319572712841412e-01
5.900000000000000000e+01,5.847400177553599199e-14,3.714675711715664384e-14,1.831932001625767268e-07,1.163770753723400577e-07,6.352696239219578489e-01
6.000000000000000000e+01,5.445425975967854935e-14,3.465940693962632314e-14,1.823618705091874839e-07,1.160708879001145909e-07,6.364866053195417095e-01
6.100000000000000000e+01,5.076301706498620598e-14,3.237074294079825838e-14,1.815225082253599371e-07,1.157539246378846119e-07,6.376835895974745094e-01
6.200000000000000000e+01,4.736917892500778420e-14,3.026232541048343099e-14,1.806759485783750267e-07,1.154268339415945887e-07,6.388610927454123622e-01
6.300000000000000000e+01,4.424499287881294716e-14,2.831766807368104710e-14,1.798229777776727850e-07,1.150902523744666431e-07,6.400197227117462306e-01
6.400000000000000000e+01,4.136564446665752828e-14,2.652199575147454731e-14,1.789643242205471278e-07,1.147447624191794760e-07,6.411599793362920963e-01
6.500000000000000000e+01,3.870891439952887305e-14,2.486205424081570445e-14,1.781006828750923420e-07,1.143909331133490790e-07,6.422823948046009201e-01
6.600000000000000000e+01,3.625486984455618666e-14,2.332592877550107990e-14,1.772326925873796599e-07,1.140292926635413070e-07,6.433874642361614438e-01
6.700000000000000000e+01,3.398560617816172804e-14,2.190289551493389051e-14,1.763609623706358043e-07,1.136603452493181997e-07,6.444756465461582984e-01
6.800000000000000000e+01,3.188501353069392342e-14,2.058328866080747830e-14,1.754860591290966252e-07,1.132845751351046983e-07,6.455474337808605467e-01
6.900000000000000000e+01,2.993857611810525762e-14,1.935837981255810123e-14,1.746085121004164461e-07,1.129024267022966797e-07,6.466032230855222052e-01
7.000000000000000000e+01,2.813319807819590748e-14,1.822028139433632902e-14,1.737288281024273184e-07,1.125143371733405570e-07,6.476434475630271637e-01
7.100000000000000000e+01,2.645704364626467953e-14,1.716185209445961274e-14,1.728474642989830443e-07,1.121207137449895048e-07,6.486685483048140188e-01
7.200000000000000000e+01,2.489940739172303405e-14,1.617661903113853291e-14,1.719648688196776899e-07,1.117219428507506683e-07,6.496788769565617905e-01
7.300000000000000000e+01,2.345058897519627105e-14,1.525870801625782546e-14,1.710814502602358511e-07,1.113183937205153557e-07,6.506748309135002017e-01
7.400000000000000000e+01,2.210178982378547349e-14,1.440278079164505895e-14,1.701975952617880126e-07,1.109104138336617326e-07,6.516567620304258845e-01
7.500000000000000000e+01,2.084501902098120238e-14,1.360398107750945532e-14,1.693136669979198059e-07,1.104983363020705464e-07,6.526250258546945071e-01
7.600000000000000000e+01,1.967300979129331438e-14,1.285788538055777713e-14,1.684300011759227184e-07,1.100824770963962694e-07,6.535799817599995398e-01
7.700000000000000000e+01,1.857914788420985104e-14,1.216045940175396251e-14,1.675469228321354042e-07,1.096631323291518514e-07,6.545219122825843838e-01
7.800000000000000000e+01,1.755740366158457249e-14,1.150802067424261648e-14,1.666647252592149241e-07,1.092405882395091732e-07,6.554511644237042134e-01
7.900000000000000000e+01,1.660227620746710840e-14,1.089720331739298337e-14,1.657836892972835580e-07,1.088151134461593699e-07,6.563680293724912795e-01
8.000000000000000000e+01,1.570874079242313260e-14,1.032492813454034561e-14,1.649040773425410704e-07,1.083869655851507369e-07,6.572728056930199347e-01
8.100000000000000000e+01,1.487220282335226288e-14,9.788374829392476974e-15,1.640261346990678575e-07,1.079563873167376391e-07,6.581657704414047849e-01
8.200000000000000000e+01,1.408845672030405062e-14,9.284957959121065065e-15,1.631500909999195196e-07,1.075236107144272182e-07,6.590472003750231789e-01
8.300000000000000000e+01,1.335364905343308059e-14,8.812304772930895119e-15,1.622761606125332669e-07,1.070888548123917350e-07,6.599173557481912145e-01
8.400000000000000000e+01,1.266424565511692638e-14,8.368235877635487676e-15,1.614045444498997188e-07,1.066523294368765225e-07,6.607764967236199327e-01
8.500000000000000000e+01,1.201700206333878974e-14,7.950747332558067416e-15,1.605354309891944830e-07,1.062142323843265440e-07,6.616248620622305898e-01
8.600000000000000000e+01,1.140893679603562936e-14,7.557995046061060764e-15,1.596689945843991091e-07,1.057747528672232808e-07,6.624626975484085856e-01
8.700000000000000000e+01,1.083730782103565740e-14,7.188280371360481408e-15,1.588054004894029778e-07,1.053340702372819976e-07,6.632902276160999033e-01
8.800000000000000000e+01,1.029959070543416662e-14,6.840037283919666337e-15,1.579448002449124480e-07,1.048923547909959846e-07,6.641076795712662628e-01
8.900000000000000000e+01,9.793459601990913408e-15,6.511820825620234811e-15,1.570873368524242957e-07,1.044497688384692103e-07,6.649152689920164727e-01
9.000000000000000000e+01,9.316769665673464940e-15,6.202296556372587659e-15,1.562331434429199696e-07,1.040064660112258283e-07,6.657132009202948453e-01
9.100000000000000000e+01,8.867541224602158019e-15,5.910231155430831241e-15,1.553823423920488864e-07,1.035625928032276603e-07,6.665016835820792851e-01
9.200000000000000000e+01,8.443945755230708930e-15,5.634483801862808359e-15,1.545350493470716901e-07,1.031182882512909815e-07,6.672809093275446912e-01
9.300000000000000000e+01,8.044292841121293091e-15,5.373998405771870072e-15,1.536913711213334649e-07,1.026736842752496712e-07,6.680510657569235233e-01
9.400000000000000000e+01,7.667018494138171005e-15,5.127796601632131165e-15,1.528514057782997541e-07,1.022289068043735340e-07,6.688123428360834843e-01
9.500000000000000000e+01,7.310674683770104390e-15,4.894971273010430190e-15,1.520152451044420380e-07,1.017840746624696798e-07,6.695649149698041924e-01
9.600000000000000000e+01,6.973919666358915058e-15,4.674680825795025374e-15,1.511829737643364515e-07,1.013393016343420329e-07,6.703089581523208329e-01
9.700000000000000000e+01,6.655509291326933540e-15,4.466143812036441012e-15,1.503546702999503736e-07,1.008946950530095551e-07,6.710446363370652367e-01
9.800000000000000000e+01,6.354288991942724144e-15,4.268634163062317156e-15,1.495304057704835652e-07,1.004503571206492298e-07,6.717721161997778356e-01
9.900000000000000000e+01,6.069186681140052437e-15,4.081476790339539929e-15,1.487102466546341301e-07,1.000063850552945847e-07,6.724915552561095966e-01
1.000000000000000000e+02,5.799206110815894901e-15,3.904043566166963100e-15,1.478942538410823608e-07,9.956287104617298172e-08,6.732031060054356475e-01
1.010000000000000000e+02,5.543420866173670705e-15,3.735749666030007866e-15,1.470824827014336428e-07,9.911990247459065985e-08,6.739069170854057322e-01
1.020000000000000000e+02,5.300968901186113145e-15,3.576050237285416971e-15,1.462749835680497246e-07,9.867756243210592166e-08,6.746031346241743165e-01
1.030000000000000000e+02,5.071047549697465416e-15,3.424437330386263153e-15,1.454718023016180732e-07,9.823592964533550394e-08,6.752918991245827618e-01
1.040000000000000000e+02,4.852908949986033608e-15,3.280437110902272915e-15,1.446729804534036289e-07,9.779507897537420310e-08,6.759733480908834968e-01
1.050000000000000000e+02,4.645855864748309271e-15,3.143607285859026052e-15,1.438785555929599499e-07,9.735508134740749606e-08,6.766476139976701498e-01
1.060000000000000000e+02,4.449237841883249304e-15,3.013534752101950859e-15,1.430885612612851936e-07,9.691600388947399966e-08,6.773148254143226410e-01
1.070000000000000000e+02,4.262447706024444836e-15,2.889833444525032404e-15,1.423030272007745943e-07,9.647791025816644722e-08,6.779751081615872366e-01
1.080000000000000000e+02,4.084918345673006056e-15,2.772142356895839523e-15,1.415219797461679114e-07,9.604086086608692816e-08,6.786285850321246427e-01
1.090000000000000000e+02,3.916119754411659910e-15,2.660123717034004919e-15,1.407454418765489144e-07,9.560491289329506767e-08,6.792753755901547175e-01
1.100000000000000000e+02,3.755556321356025571e-15,2.553461311744847952e-15,1.399734335421684662e-07,9.517012038657502065e-08,6.799155952540381076e-01
1.110000000000000000e+02,3.602764334461571077e-15,2.451858952083439395e-15,1.392059717683295938e-07,9.473653461007250265e-08,6.805493572340103325e-01
1.120000000000000000e+02,3.457309685827850182e-15,2.355039048644260372e-15,1.384430708184611298e-07,9.430420396766652309e-08,6.811767711460733343e-01
1.130000000000000000e+02,3.318785759438714432e-15,2.262741307281225920e-15,1.376847423520247973e-07,9.387317425243774067e-08,6.817979439757235749e-01
1.140000000000000000e+02,3.186811484124743776e-15,2.174721522700554955e-15,1.369309955201591002e-07,9.344348875543551413e-08,6.824129803516887360e-01
1.150000000000000000e+02,3.061029542177333060e-15,2.090750463646976756e-15,1.361818371989731603e-07,9.301518830214398091e-08,6.830219816042057968e-01
1.160000000000000000e+02,2.941104712489528606e-15,2.010612846658383259e-15,1.354372720247814356e-07,9.258831142359782669e-08,6.836250467792692742e-01
1.170000000000000000e+02,2.826722344550394920e-15,1.934106386241512099e-15,1.346973025696097935e-07,9.216289446030626652e-08,6.842222724740735229e-01
1.180000000000000000e+02,2.717586947475299785e-15,1.861040916236832330e-15,1.339619294446912643e-07,9.173897164402246882e-08,6.848137528647544325e-01
1.190000000000000000e+02,2.613420886434574728e-15,1.791237577648458431e-15,1.332311514220800403e-07,9.131657521348735190e-08,6.853995798939983564e-01
1.200000000000000000e+02,2.513963177002119266e-15,1.724528065796339497e-15,1.325049655481569084e-07,9.089573548076713971e-08,6.859798431307276845e-01
1.210000000000000000e+02,2.418968369040931150e-15,1.660753933636761678e-15,1.317833672308883079e-07,9.047648093198045528e-08,6.865546300199100171e-01
1.220000000000000000e+02,2.328205513424260241e-15,1.599765945669209343e-15,1.310663503320683511e-07,9.005883830934165410e-08,6.871240259698199182e-01
1.230000000000000000e+02,2.241457204892682624e-15,1.541423478523233131e-15,1.303539072670454378e-07,8.964283268048581212e-08,6.876881143028711341e-01
1.240000000000000000e+02,2.158518694538244663e-15,1.485593964897382629e-15,1.296460290907033264e-07,8.922848751664904624e-08,6.882469763437394361e-01
1.250000000000000000e+02,2.079197066408340041e-15,1.432152377220774179e-15,1.289427055714797165e-07,8.881582476858206874e-08,6.888006915547990605e-01
1.260000000000000000e+02,2.003310473344778245e-15,1.380980747835331234e-15,1.282439252649498009e-07,8.840486493440730694e-08,6.893493376139598894e-01
1.270000000000000000e+02,1.930687427557475115e-15,1.331967722818042530e-15,1.275496755981292051e-07,8.799562711585672928e-08,6.898929903444408485e-01
1.280000000000000000e+02,1.861166140996007627e-15,1.285008147208321922e-15,1.268599429214804601e-07,8.758812908623333530e-08,6.904317239086709135e-01
1.290000000000000000e+02,1.794593912457156101e-15,1.240002678794563092e-15,1.261747125806680224e-07,8.718238734129087636e-08,6.909656107641380940e-01
1.300000000000000000e+02,1.730826557564494499e-15,1.196857428683079900e-15,1.254939689921891307e-07,8.677841715958815590e-08,6.914947216705635835e-01
1.310000000000000000e+02,1.669727877941101835e-15,1.155483626479047865e-15,1.248176956937406088e-07,8.637623266301423198e-08,6.920191258373459275e-01
1.320000000000000000e+02,1.611169166810231522e-15,1.115797308152187399e-15,1.241458753822721385e-07,8.597584687148600653e-08,6.925388910968461875e-01
1.330000000000000000e+02,1.555028748802595107e-15,1.077719024635990258e-15,1.234784899801477113e-07,8.557727173044249136e-08,6.930540837047910463e-01
1.340000000000000000e+02,1.501191551247769654e-15,1.041173570672971779e-15,1.228155207204713078e-07,8.518051819323643083e-08,6.935647684717933803e-01
1.350000000000000000e+02,1.449548703953101207e-15,1.006089731127023285e-15,1.221569481990173226e-07,8.478559625742896219e-08,6.940710087100145920e-01
1.360000000000000000e+02,1.399997164725830394e-15,9.724000436346994748e-16,1.215027523326336499e-07,8.439251496136201735e-08,6.945728663851474805e-01
1.370000000000000000e+02,1.352439371637160367e-15,9.400405776714597868e-16,1.208529124699536805e-07,8.400128244862470349e-08,6.950704019608051620e-01
1.380000000000000000e+02,1.306782917476801547e-15,9.089507287740909989e-16,1.202074074359383505e-07,8.361190610289709691e-08,6.955636752040929016e-01
1.390000000000000000e+02,1.262940244515644259e-15,8.790730235438684287e-16,1.195662154750051307e-07,8.322439245066629878e-08,6.960527446656873396e-01
1.400000000000000000e+02,1.220828361240445967e-15,8.503529387421681556e-16,1.189293143841244056e-07,8.283874719815192331e-08,6.965376671608044523e-01
1.410000000000000000e+02,1.180368575987117181e-15,8.227387327896035244e-16,1.182966815100265803e-07,8.245497535156072843e-08,6.970184987359262507e-01
1.420000000000000000e+02,1.141486248610430805e-15,7.961812867869494334e-16,1.176682938333847146e-07,8.207308122400540593e-08,6.974952941887538893e-01
1.430000000000000000e+02,1.104110558135483278e-15,7.706339560701272286e-16,1.170441280683719835e-07,8.169306849164292084e-08,6.979681069000014393e-01
1.440000000000000000e+02,1.068174282730252897e-15,7.460524296614936919e-16,1.164241605021880820e-07,8.131494009755297440e-08,6.984369889102591822e-01
1.450000000000000000e+02,1.033613596483922295e-15,7.223946017659470302e-16,1.158083671403108307e-07,8.093869850984563225e-08,6.989019922177308608e-01
1.460000000000000000e+02,1.000367876519582082e-15,6.996204469273647203e-16,1.151967235855393679e-07,8.056434550845509803e-08,6.993631676393297081e-01
1.470000000000000000e+02,9.683795247647402373e-16,6.776919057735723132e-16,1.145892052129116149e-07,8.019188228983151659e-08,6.998205646058159868e-01
1.480000000000000000e+02,9.375937993369403433e-16,6.565727776466578511e-16,1.139857871863988585e-07,7.982130956725717707e-08,7.002742318805664778e-01
1.490000000000000000e+02,9.079586574457815024e-16,6.362286189560072177e-16,1.133864446159900892e-07,7.945262757811302323e-08,7.007242166133532679e-01
1.500000000000000000e+02,8.794246047889026549e-16,6.166266470218963880e-16,1.127911523275787057e-07,7.908583600544770389e-08,7.011705650081414554e-01
1.510000000000000000e+02,8.519445563995973763e-16,5.977356519612507184e-16,1.121998849087786596e-07,7.872093418772832842e-08,7.016133238615211987e-01
1.520000000000000000e+02,8.254737057290421786e-16,5.795259101479329347e-16,1.116126167335267918e-07,7.835792084905151304e-08,7.020525379861821680e-01
1.530000000000000000e+02,7.999694022769177975e-16,5.619691069342570635e-16,1.110293220820112896e-07,7.799679437282423914e-08,7.024882518440693779e-01
1.540000000000000000e+02,7.753910370343674296e-16,5.450382617176868324e-16,1.104499753423067680e-07,7.763755278572307422e-08,7.029205080862048760e-01
1.550000000000000000e+02,7.516999310997802546e-16,5.287076570661337934e-16,1.098745506989857941e-07,7.728019368880835718e-08,7.033493488453618214e-01
1.560000000000000000e+02,7.288592329993660268e-16,5.129527732124195702e-16,1.093030221088811585e-07,7.692471436565826401e-08,7.037748168484349032e-01
1.570000000000000000e+02,7.068338230106873413e-16,4.977502245180532310e-16,1.087353634240596935e-07,7.657111161835203460e-08,7.041969531083506206e-01
1.580000000000000000e+02,6.855902239472967973e-16,4.830777025733052665e-16,1.081715486645080663e-07,7.621938205563451210e-08,7.046157977457402355e-01
1.590000000000000000e+02,6.650965142005131742e-16,4.689139193848960091e-16,1.076115518432203032e-07,7.586952189420515170e-08,7.050313892391382176e-01
1.600000000000000000e+02,6.453222459086200409e-16,4.552385564229779103e-16,1.070553467916629718e-07,7.552152717465606058e-08,7.054437675273343977e-01
1.610000000000000000e+02,6.262383691151552264e-16,4.420322133125711572e-16,1.065029071886364783e-07,7.517539344536630330e-08,7.058529708697687255e-01
1.620000000000000000e+02,6.078171621844822642e-16,4.292763634931186973e-16,1.059542069286236637e-07,7.483111612651693135e-08,7.062590367641288225e-01
1.630000000000000000e+02,5.900321634254935370e-16,4.169533091486331551e-16,1.054092200345492349e-07,7.448869033345770716e-08,7.066620008102050265e-01
1.640000000000000000e+02,5.728581053088243026e-16,4.050461405910733598e-16,1.048679203301281505e-07,7.414811103812842276e-08,7.070619003858127360e-01
1.650000000000000000e+02,5.562708547056695952e-16,3.935386953663345496e-16,1.043302815193838169e-07,7.380937277050952464e-08,7.074587712753011015e-01
1.660000000000000000e+02,5.402473584734153431e-16,3.824155233347550847e-16,1.037962776608239347e-07,7.347247000711947934e-08,7.078526481190987596e-01
1.670000000000000000e+02,5.247655879817809726e-16,3.716618504970194672e-16,1.032658828816277731e-07,7.313739697109627043e-08,7.082435643815938597e-01
1.680000000000000000e+02,5.098044867739191123e-16,3.612635462674037306e-16,1.027390710802673142e-07,7.280414771072005269e-08,7.086315551153863357e-01
1.690000000000000000e+02,4.953439240054613256e-16,3.512070914755409757e-16,1.022158162026818696e-07,7.247271596884789371e-08,7.090166537939986968e-01
1.700000000000000000e+02,4.813646509395498522e-16,3.414795499512925835e-16,1.016960926524414105e-07,7.214309543290852058e-08,7.093988918479513517e-01
1.710000000000000000e+02,4.678482549627955627e-16,3.320685400218844379e-16,1.011798746896231001e-07,7.181527965825630690e-08,7.097783020443056978e-01
1.720000000000000000e+02,4.547771188570812536e-16,3.229622069299875721e-16,1.006671363904634227e-07,7.148926185137139005e-08,7.101549166361688092e-01
1.730000000000000000e+02,4.421343852438939475e-16,3.141491992847999017e-16,1.001578522808353173e-07,7.116503521605306135e-08,7.105287662969398399e-01
1.740000000000000000e+02,4.299039186095094724e-16,3.056186445273918260e-16,9.965199702363342387e-08,7.084259281310226004e-08,7.108998808754555254e-01
1.750000000000000000e+02,4.180702690401629185e-16,2.973601260809606578e-16,9.914954500556503457e-08,7.052192750136062889e-08,7.112682917244087522e-01
1.760000000000000000e+02,4.066186419906728800e-16,2.893636622839105997e-16,9.865047088806532512e-08,7.020303201656376269e-08,7.116340285513719222e-01
1.770000000000000000e+02,3.955348677468864953e-16,2.816196863078602219e-16,9.815474973527791880e-08,6.988589902967684368e-08,7.119971190203041589e-01
1.780000000000000000e+02,3.848053691473221019e-16,2.741190266699657154e-16,9.766235630499967554e-08,6.957052109730991529e-08,7.123575933396597559e-01
1.790000000000000000e+02,3.744171356910881052e-16,2.668528885922940438e-16,9.717326550189304214e-08,6.925689056742412291e-08,7.127154800213533203e-01
1.800000000000000000e+02,3.643576986297514556e-16,2.598128375387425440e-16,9.668745277495523048e-08,6.894499980191463482e-08,7.130708051890403132e-01
1.810000000000000000e+02,3.546151026130390601e-16,2.529907823235323106e-16,9.620489326450050601e-08,6.863484107414597973e-08,7.134235977524041594e-01
1.820000000000000000e+02,3.451778836152098581e-16,2.463789590007873740e-16,9.572556221769162885e-08,6.832640643701058485e-08,7.137738849903851879e-01
1.830000000000000000e+02,3.360350481158350018e-16,2.399699170428493344e-16,9.524943547583654517e-08,6.801968799884131460e-08,7.141216917353485627e-01
1.840000000000000000e+02,3.271760483372171865e-16,2.337565046809449744e-16,9.477648855274441042e-08,6.771467777857800842e-08,7.144670457050523726e-01
1.850000000000000000e+02,3.185907637412379509e-16,2.277318551925170824e-16,9.430669712134041913e-08,6.741136761254374927e-08,7.148099728888649418e-01
1.860000000000000000e+02,3.102694830803011248e-16,2.218893750289989278e-16,9.384003742711935516e-08,6.710974940456000808e-08,7.151504970006075101e-01
1.870000000000000000e+02,3.022028828281072517e-16,2.162227310644199961e-16,9.337648533856769907e-08,6.680981494338028575e-08,7.154886447175532460e-01
1.880000000000000000e+02,2.943820121495833963e-16,2.107258391340289117e-16,9.291601704757419291e-08,6.651155591460793285e-08,7.158244404789021464e-01
1.890000000000000000e+02,2.867982766123076528e-16,2.053928536241912051e-16,9.245860918078587363e-08,6.621496407189535198e-08,7.161579073985864241e-01
1.900000000000000000e+02,2.794434197980937989e-16,2.002181562502666242e-16,9.200423796382969231e-08,6.592003098744794180e-08,7.164890710073982261e-01
1.910000000000000000e+02,2.723095113889406124e-16,1.951963467921973272e-16,9.155288019437514950e-08,6.562674825823780167e-08,7.168179539399111011e-01
1.920000000000000000e+02,2.653889315192741245e-16,1.903222336671446044e-16,9.110451281044784476e-08,6.533510751929059494e-08,7.171445793824384740e-01
1.930000000000000000e+02,2.586743560105935098e-16,1.855908241455484893e-16,9.065911246794617141e-08,6.504510017429421098e-08,7.174689714427973097e-01
1.940000000000000000e+02,2.521587465043953339e-16,1.809973168681412218e-16,9.021665658382100847e-08,6.475671776152925393e-08,7.177911509208200203e-01
1.950000000000000000e+02,2.458353352149853722e-16,1.765370931697399612e-16,8.977712232136446198e-08,6.446995178255298950e-08,7.181111414083600764e-01
1.960000000000000000e+02,2.396976143434998133e-16,1.722057089940107760e-16,8.934048696340630825e-08,6.418479358478760829e-08,7.184289650343810285e-01
1.970000000000000000e+02,2.337393262010221910e-16,1.679988883211718803e-16,8.890672839275813573e-08,6.390123466604917706e-08,7.187446419550651555e-01
1.980000000000000000e+02,2.279544497432435482e-16,1.639125152501547704e-16,8.847582403412972462e-08,6.361926636044593140e-08,7.190581953314690855e-01
1.990000000000000000e+02,2.223371934081518030e-16,1.599426278638702640e-16,8.804775196156219646e-08,6.333888006037126453e-08,7.193696448720491299e-01
2.000000000000000000e+02,2.168819837418136933e-16,1.560854117554846155e-16,8.762249025153014548e-08,6.306006720333334442e-08,7.196790118873861442e-01
2.010000000000000000e+02,2.115834559644776354e-16,1.523371933191391015e-16,8.720001686829719831e-08,6.278281903726998468e-08,7.199863175725550457e-01
2.020000000000000000e+02,2.064364472807821183e-16,1.486944348455418201e-16,8.678031051069224403e-08,6.250712699757486784e-08,7.202915803104130710e-01
2.030000000000000000e+02,2.014359855582342479e-16,1.451537281493770062e-16,8.636334940235593548e-08,6.223298238633307690e-08,7.205948219585308623e-01
2.040000000000000000e+02,1.965772840115154043e-16,1.417117896862889382e-16,8.594911239151525805e-08,6.196037655213570792e-08,7.208960607980906543e-01
2.050000000000000000e+02,1.918557320823940020e-16,1.383654554890503966e-16,8.553757832635050441e-08,6.168930090383217789e-08,7.211953168520824908e-01
2.060000000000000000e+02,1.872668880827800432e-16,1.351116758028557263e-16,8.512872599705297997e-08,6.141974668441987488e-08,7.214926097513327807e-01
2.070000000000000000e+02,1.828064739034432825e-16,1.319475112881608098e-16,8.472253487672194245e-08,6.115170534339212571e-08,7.217879567977132371e-01
2.080000000000000000e+02,1.784703657793806730e-16,1.288701277643431117e-16,8.431898393894031681e-08,6.088516816625612273e-08,7.220813786174911098e-01
2.090000000000000000e+02,1.742545907268461665e-16,1.258767925875359967e-16,8.391805292237152592e-08,6.062012655160315808e-08,7.223728916551468426e-01
2.100000000000000000e+02,1.701553182895123741e-16,1.229648703453233347e-16,8.351972130438036631e-08,6.035657189390164396e-08,7.226625155265707923e-01
2.110000000000000000e+02,1.661688559822619943e-16,1.201318188801436684e-16,8.312396886742510676e-08,6.009449552716527912e-08,7.229502674855471378e-01
2.120000000000000000e+02,1.622916437619254521e-16,1.173751860472981970e-16,8.273077570643976428e-08,5.983388895010263836e-08,7.232361650084850879e-01
2.130000000000000000e+02,1.585202475833307202e-16,1.146926054553926327e-16,8.234012163425049903e-08,5.957474346475344869e-08,7.235202266202692689e-01
2.140000000000000000e+02,1.548513564501754457e-16,1.120817939210350395e-16,8.195198724541025764e-08,5.931705059887422765e-08,7.238024676722685236e-01
2.150000000000000000e+02,1.512817750801551615e-16,1.095405475222055974e-16,8.156635261912713604e-08,5.906080174267155441e-08,7.240829073043769659e-01
2.160000000000000000e+02,1.478084217374534167e-16,1.070667389857213418e-16,8.118319859521783085e-08,5.880598839935844557e-08,7.243615602357218464e-01
2.170000000000000000e+02,1.444283218042709220e-16,1.046583144874446687e-16,8.080250570108824734e-08,5.855260206165437064e-08,7.246384447316190913e-01
2.180000000000000000e+02,1.411386049633863193e-16,1.023132908347769898e-16,8.042425490450242637e-08,5.830063421945538687e-08,7.249135759937456180e-01
2.190000000000000000e+02,1.379365004856696544e-16,1.000297529507243217e-16,8.004842724749775009e-08,5.805007647336324232e-08,7.251869708055737052e-01
2.200000000000000000e+02,1.348193332709980242e-16,9.780585084977375012e-17,7.967500378109464976e-08,5.780092029238098030e-08,7.254586451126848745e-01
2.210000000000000000e+02,1.317845210064015945e-16,9.563979777472639292e-17,7.930396606642596719e-08,5.755315737694498721e-08,7.257286139855573248e-01
2.220000000000000000e+02,1.288295691247891657e-16,9.352986707581543963e-17,7.893529528748481846e-08,5.730677922765875644e-08,7.259968942783538992e-01
2.230000000000000000e+02,1.259520693586138332e-16,9.147439066365086489e-17,7.856897341429526431e-08,5.706177758523442929e-08,7.262634995158573359e-01
2.240000000000000000e+02,1.231496943439237320e-16,8.947175618197943967e-17,7.820498189616533330e-08,5.681814404580422566e-08,7.265284470143227313e-01
2.250000000000000000e+02,1.204201966516817918e-16,8.752040539713499199e-17,7.784330298416956792e-08,5.657587036112334655e-08,7.267917494794481348e-01
2.260000000000000000e+02,1.177614038177782469e-16,8.561883185246417881e-17,7.748391848107945747e-08,5.633494823114572695e-08,7.270534239295340928e-01
2.270000000000000000e+02,1.151712172384470123e-16,8.376557914672697282e-17,7.712681085942685115e-08,5.609536943596061404e-08,7.273134829625117481e-01
2.280000000000000000e+02,1.126476079542429743e-16,8.195923897184348210e-17,7.677196230063501040e-08,5.585712576418808116e-08,7.275719428071212302e-01
2.290000000000000000e+02,1.101886152182366312e-16,8.019844937517260988e-17,7.641935548197251515e-08,5.562020903671332114e-08,7.278288162196584477e-01
2.300000000000000000e+02,1.077923430713246413e-16,7.848189309400291828e-17,7.606897296636792065e-08,5.538461113297071387e-08,7.280841185729916010e-01
2.310000000000000000e+02,1.054569585604887988e-16,7.680829580967843524e-17,7.572079763188144189e-08,5.515032391265457614e-08,7.283378627463653610e-01
2.320000000000000000e+02,1.031806890553558971e-16,7.517642477474706571e-17,7.537481241686636957e-08,5.491733935336705141e-08,7.285900633442689012e-01
2.330000000000000000e+02,1.009618201466830503e-16,7.358508703523755698e-17,7.503100040022950502e-08,5.468564935507674890e-08,7.288407333418610579e-01
2.340000000000000000e+02,9.879869362948455999e-17,7.203312833306212570e-17,7.468934488651692995e-08,5.445524599241485229e-08,7.290898865849501087e-01
2.350000000000000000e+02,9.668970513328230554e-17,7.051943131359101575e-17,7.434982916238231972e-08,5.422612121493662290e-08,7.293375361563387838e-01
2.360000000000000000e+02,9.463330266743694090e-17,6.904291464707049800e-17,7.401243687908964496e-08,5.399826718742458225e-08,7.295836951786738300e-01
2.370000000000000000e+02,9.262798407750882470e-17,6.760253126589530496e-17,7.367715154635588865e-08,5.377167592060355459e-08,7.298283768037870933e-01
2.380000000000000000e+02,9.067229601542679418e-17,6.619726764029209062e-17,7.334395713729296417e-08,5.354633966244160548e-08,7.300715935221209207e-01
2.390000000000000000e+02,8.876483133600979248e-17,6.482614208575605061e-17,7.301283740271670383e-08,5.332225049395879036e-08,7.303133584557109925e-01
2.400000000000000000e+02,8.690422835355326320e-17,6.348820414355216713e-17,7.268377661283926832e-08,5.309940074200780978e-08,7.305536835936512485e-01
2.410000000000000000e+02,8.508916828193908976e-17,6.218253298111754599e-17,7.235675877485855323e-08,5.287778256353493939e-08,7.307925819074708729e-01
2.420000000000000000e+02,8.331837466302582487e-17,6.090823684774498849e-17,7.203176843488893475e-08,5.265738836287093050e-08,7.310300650256710275e-01
2.430000000000000000e+02,8.159061092830316272e-17,5.966445157465414449e-17,7.170878986835477758e-08,5.243821037615660191e-08,7.312661456485920475e-01
2.440000000000000000e+02,7.990467991020113772e-17,5.845034008913853963e-17,7.138780787840060727e-08,5.222024108475144439e-08,7.315008351804485054e-01
2.450000000000000000e+02,7.825942158514630504e-17,5.726509101470833184e-17,7.106880701942974534e-08,5.200347280674037488e-08,7.317341459316035746e-01
2.460000000000000000e+02,7.665371259250469702e-17,5.610791823031946976e-17,7.075177233269252277e-08,5.178789809955085667e-08,7.319660892172595856e-01
2.470000000000000000e+02,7.508646421307537737e-17,5.497805957245357307e-17,7.043668866341873387e-08,5.157350936694468637e-08,7.321966768396563907e-01
2.480000000000000000e+02,7.355662182335126540e-17,5.387477642228050765e-17,7.012354127027979845e-08,5.136029923923934465e-08,7.324259201525407104e-01
2.490000000000000000e+02,7.206316316435012378e-17,5.279735251965912716e-17,6.981231530238862593e-08,5.114826021205289771e-08,7.326538303522338591e-01
2.500000000000000000e+02,7.060509766166472662e-17,5.174509355279813362e-17,6.950299621535218018e-08,5.093738498312242689e-08,7.328804189289197524e-01
2.510000000000000000e+02,6.918146503234270992e-17,5.071732610159257977e-17,6.919556947270763868e-08,5.072766614716886646e-08,7.331056964156794642e-01
2.520000000000000000e+02,6.779133441820965341e-17,4.971339720119938598e-17,6.889002071133078797e-08,5.051909646288515030e-08,7.333296744760007257e-01
2.530000000000000000e+02,6.643380335508356685e-17,4.873267343290364463e-17,6.858633571343397463e-08,5.031166863076357924e-08,7.335523629805034140e-01
2.540000000000000000e+02,6.510799669735611957e-17,4.777454043874492968e-17,6.828450028952599112e-08,5.010537546694201460e-08,7.337737737626466306e-01
2.550000000000000000e+02,6.381306594067247633e-17,4.683840216445737750e-17,6.798450053598785993e-08,4.990020977858708736e-08,7.339939160422634945e-01
2.560000000000000000e+02,6.254818794853065101e-17,4.592368032480530468e-17,6.768632243507201950e-08,4.969616444248990886e-08,7.342128018575815318e-01
2.570000000000000000e+02,6.131256459796198087e-17,4.502981377883540331e-17,6.738995239031548980e-08,4.949323236760118152e-08,7.344304397329383116e-01
2.580000000000000000e+02,6.010542133187989462e-17,4.415625796474062795e-17,6.709537655734257759e-08,4.929140649640576127e-08,7.346468419367050418e-01
2.590000000000000000e+02,5.892600708541684528e-17,4.330248438394043050e-17,6.680258163391672619e-08,4.909067983880892527e-08,7.348620163787924486e-01
2.600000000000000000e+02,5.777359270610642240e-17,4.246798000854461757e-17,6.651155395758222158e-08,4.889104539813894496e-08,7.350759753609010794e-01
2.610000000000000000e+02,5.664747109425870954e-17,4.165224688524370260e-17,6.622228049592829351e-08,4.869249629750588625e-08,7.352887265865114541e-01
2.620000000000000000e+02,5.554695557419874191e-17,4.085480147927487766e-17,6.593474779848779156e-08,4.849502558776610465e-08,7.355002818237569295e-01
2.630000000000000000e+02,5.447138011636620815e-17,4.007517442836654728e-17,6.564894304946991319e-08,4.829862651038178799e-08,7.357106492024745314e-01
2.640000000000000000e+02,5.342009783109911698e-17,3.931290981626220757e-17,6.536485307417201444e-08,4.810329217634236434e-08,7.359198393937749216e-01
2.650000000000000000e+02,5.239248104428385701e-17,3.856756502496645361e-17,6.508246518783187816e-08,4.790901591385270024e-08,7.361278614075915661e-01
2.660000000000000000e+02,5.138792016257712677e-17,3.783871003506369636e-17,6.480176656847313780e-08,4.771579093271032439e-08,7.363347244907463285e-01
2.670000000000000000e+02,5.040582336392584837e-17,3.712592725066655046e-17,6.452274459959757608e-08,4.752361060988782012e-08,7.365404386437742756e-01
2.680000000000000000e+02,4.944561598791654575e-17,3.642881093724182621e-17,6.424538682741525509e-08,4.733246827985349867e-08,7.367450118559398797e-01
2.690000000000000000e+02,4.850673979621456678e-17,3.574696694171355918e-17,6.396968071572850735e-08,4.714235735949362481e-08,7.369484548310795136e-01
2.700000000000000000e+02,4.758865282204698814e-17,3.508001228861675078e-17,6.369561414094954427e-08,4.695327130084931507e-08,7.371507745721432858e-01
2.710000000000000000e+02,4.669082832013790823e-17,3.442757481205844217e-17,6.342317468470545626e-08,4.676520357070201801e-08,7.373519821923937290e-01
2.720000000000000000e+02,4.581275492043132502e-17,3.378929288389228238e-17,6.315235049685342764e-08,4.657814774401937353e-08,7.375520844048415459e-01
2.730000000000000000e+02,4.495393545125516884e-17,3.316481495370534160e-17,6.288312935112337286e-08,4.639209732596823917e-08,7.377510916628621240e-01
2.740000000000000000e+02,4.411388714882618646e-17,3.255379941866661289e-17,6.261549955965910526e-08,4.620704600997712122e-08,7.379490115854101528e-01
2.750000000000000000e+02,4.329214066603513275e-17,3.195591409740185203e-17,6.234944921757545943e-08,4.602298737286338762e-08,7.381458529370639177e-01
2.760000000000000000e+02,4.248823998132178662e-17,3.137083613959726070e-17,6.208496667229313280e-08,4.583991516393883451e-08,7.383416247269400934e-01
2.770000000000000000e+02,4.170174189481532226e-17,3.079825158439796821e-17,6.182204040128338952e-08,4.565782308427414427e-08,7.385363340956038192e-01
2.780000000000000000e+02,4.093221547751378438e-17,3.023785517291387649e-17,6.156065878649809124e-08,4.547670491371023849e-08,7.387299910390904278e-01
2.790000000000000000e+02,4.017924203532360500e-17,2.968935005798803873e-17,6.130081063372384584e-08,4.529655447813139981e-08,7.389226016729392166e-01
2.800000000000000000e+02,3.944241424197476406e-17,2.915244751064296594e-17,6.104248443082715580e-08,4.511736559460243178e-08,7.391141762214652466e-01
2.810000000000000000e+02,3.872133634604045351e-17,2.862686676980807262e-17,6.078566920712686202e-08,4.493913222300201552e-08,7.393047211485350712e-01
2.820000000000000000e+02,3.801562328171545125e-17,2.811233464479457209e-17,6.053035370307806674e-08,4.476184822378438273e-08,7.394942452072301720e-01
2.830000000000000000e+02,3.732490073697668614e-17,2.760858546038348521e-17,6.027652699439480824e-08,4.458550763488666813e-08,7.396827564241174047e-01
2.840000000000000000e+02,3.664880464282180353e-17,2.711536067729367333e-17,6.002417820403058898e-08,4.441010442830973252e-08,7.398702615694890961e-01
2.850000000000000000e+02,3.598698080163048805e-17,2.663240877311652276e-17,5.977329640175871549e-08,4.423563266569357106e-08,7.400567699724859283e-01
2.860000000000000000e+02,3.533908485368741932e-17,2.615948500081578977e-17,5.952387104732828298e-08,4.406208644903837244e-08,7.402422872330324255e-01
2.870000000000000000e+02,3.470478156742500411e-17,2.569635115637051919e-17,5.927589129909904906e-08,4.388945987080339253e-08,7.404268229277639612e-01
2.880000000000000000e+02,3.408374503433227536e-17,2.524277547287012268e-17,5.902934681344248905e-08,4.371774716719012611e-08,7.406103832616774962e-01
2.890000000000000000e+02,3.347565796956810693e-17,2.479853229062799240e-17,5.878422702553416063e-08,4.354694247974248839e-08,7.407929759938318703e-01
2.900000000000000000e+02,3.288021170745105544e-17,2.436340201722505818e-17,5.854052158976188722e-08,4.337704010178885396e-08,7.409746091052088479e-01
2.910000000000000000e+02,3.229710590978165822e-17,2.393717084287902009e-17,5.829822032374323950e-08,4.320803429333268755e-08,7.411552883327943153e-01
2.920000000000000000e+02,3.172604813528708164e-17,2.351963061903707119e-17,5.805731287770321142e-08,4.303991936829631552e-08,7.413350228412949328e-01
2.930000000000000000e+02,3.116675394417392899e-17,2.311057870775703942e-17,5.781778935396735029e-08,4.287268972465959559e-08,7.415138178699277605e-01
2.940000000000000000e+02,3.061894625844103107e-17,2.270981774548090024e-17,5.757963956402521473e-08,4.270633970589396906e-08,7.416916818037216919e-01
2.950000000000000000e+02,3.008235549491691200e-17,2.231715560064852837e-17,5.734285368204644256e-08,4.254086381047158030e-08,7.418686214388867661e-01
2.960000000000000000e+02,2.955671915024156463e-17,2.193240510336538231e-17,5.710742188012620849e-08,4.237625646869143131e-08,7.420446427724076699e-01
2.970000000000000000e+02,2.904178157297558522e-17,2.155538398239786025e-17,5.687333428561816288e-08,4.221251219747969537e-08,7.422197542610786680e-01
2.980000000000000000e+02,2.853729397494559560e-17,2.118591470320842497e-17,5.664058139673992206e-08,4.204962556243049132e-08,7.423939607521534700e-01
2.990000000000000000e+02,2.804301390361121247e-17,2.082382429493434396e-17,5.640915343492678650e-08,4.188759110530706967e-08,7.425672706403635415e-01
3.000000000000000000e+02,2.755870539451716899e-17,2.046894430182615477e-17,5.617904101759462744e-08,4.172640351051940851e-08,7.427396900109274336e-01
3.010000000000000000e+02,2.708413855291378766e-17,2.012111054622208932e-17,5.595023469437899186e-08,4.156605738717709730e-08,7.429112248451927858e-01
3.020000000000000000e+02,2.661908941693241830e-17,1.978016309033470564e-17,5.572272502234486524e-08,4.140654744105344971e-08,7.430818830997476532e-01
3.030000000000000000e+02,2.616333993952997726e-17,1.944594608534810141e-17,5.549650288764794280e-08,4.124786841331521655e-08,7.432516693316888468e-01
3.040000000000000000e+02,2.571667754077271873e-17,1.911830763246183427e-17,5.527155891783474877e-08,4.109001503174554499e-08,7.434205916433238581e-01
3.050000000000000000e+02,2.527889524957831223e-17,1.879709973940570093e-17,5.504788411892865398e-08,4.093298215807156234e-08,7.435886558262178037e-01
3.060000000000000000e+02,2.484979134090038059e-17,1.848217811540003680e-17,5.482546943952816593e-08,4.077676458288789251e-08,7.437558674780555545e-01
3.070000000000000000e+02,2.442916920892357140e-17,1.817340214016060682e-17,5.460430581619289958e-08,4.062135718555245511e-08,7.439222343067714016e-01
3.080000000000000000e+02,2.401683737585737780e-17,1.787063474076148263e-17,5.438438451916819441e-08,4.046675489088966164e-08,7.440877606443599968e-01
3.090000000000000000e+02,2.361260909056732447e-17,1.757374226247015345e-17,5.416569657404942116e-08,4.031295260123397465e-08,7.442524540623698392e-01
3.100000000000000000e+02,2.321630244409807280e-17,1.728259443928296116e-17,5.394823332841202383e-08,4.015994534770434077e-08,7.444163204238603004e-01
3.110000000000000000e+02,2.282774009900534040e-17,1.699706421812513950e-17,5.373198614442043090e-08,4.000772810199982923e-08,7.445793645979762454e-01
3.120000000000000000e+02,2.244674911927823877e-17,1.671702772517469025e-17,5.351694629685844394e-08,3.985629590535710921e-08,7.447415942657542587e-01
3.130000000000000000e+02,2.207316103736687692e-17,1.644236417885810052e-17,5.330310542644679202e-08,3.970564387230400352e-08,7.449030137107867100e-01
3.140000000000000000e+02,2.170681148911628841e-17,1.617295575490596274e-17,5.309045496231643431e-08,3.955576707080563024e-08,7.450636295899570882e-01
3.150000000000000000e+02,2.134754027368476505e-17,1.590868757236552794e-17,5.287898654279764054e-08,3.940666068632199232e-08,7.452234481541771816e-01
3.160000000000000000e+02,2.099519120878548652e-17,1.564944755413605419e-17,5.266869194679345444e-08,3.925831987761981552e-08,7.453824734679008746e-01
3.170000000000000000e+02,2.064961189296620163e-17,1.539512637532556831e-17,5.245956277451996600e-08,3.911073983831903440e-08,7.455407130712007335e-01
3.180000000000000000e+02,2.031065381643506123e-17,1.514561741555156848e-17,5.225159099184320734e-08,3.896391586744310616e-08,7.456981716312831576e-01
3.190000000000000000e+02,1.997817206714970333e-17,1.490081661866982097e-17,5.204476845376565402e-08,3.881784319827096775e-08,7.458548544174056216e-01
3.200000000000000000e+02,1.965202528951196610e-17,1.466062248307381774e-17,5.183908704912902576e-08,3.867251715272727970e-08,7.460107682080993063e-01
3.210000000000000000e+02,1.933207567935188497e-17,1.442493597203847579e-17,5.163453894558252126e-08,3.852793308849313961e-08,7.461659167538535753e-01
3.220000000000000000e+02,1.901818870568175269e-17,1.419366042853268430e-17,5.143111610620332988e-08,3.838408634854902432e-08,7.463203067436320337e-01
3.230000000000000000e+02,1.871023319073790953e-17,1.396670155663552589e-17,5.122881074259666410e-08,3.824097238389326740e-08,7.464739436571765641e-01
3.240000000000000000e+02,1.840808115523717801e-17,1.374396730360754473e-17,5.102761514414344642e-08,3.809858660486444384e-08,7.466268313195331130e-01
3.250000000000000000e+02,1.811160765332621354e-17,1.352536783174308783e-17,5.082752145766680365e-08,3.795692446796711092e-08,7.467789768104402537e-01
3.260000000000000000e+02,1.782069086225852192e-17,1.331081547633531860e-17,5.062852216714822368e-08,3.781598152480683390e-08,7.469303844176756746e-01
3.270000000000000000e+02,1.753521184305692335e-17,1.310022463305585790e-17,5.043060965610302017e-08,3.767575326661885022e-08,7.470810589746538222e-01
3.280000000000000000e+02,1.725505450563536483e-17,1.289351175230771093e-17,5.023377632520746711e-08,3.753623526372107261e-08,7.472310068969525432e-01
3.290000000000000000e+02,1.698010562021776806e-17,1.269059527295407943e-17,5.003801484862431599e-08,3.739742313203666691e-08,7.473802317132656192e-01
3.300000000000000000e+02,1.671025458782542633e-17,1.249139554667781295e-17,4.984331772386378553e-08,3.725931246440348507e-08,7.475287393753208276e-01
3.310000000000000000e+02,1.644539349049591748e-17,1.229583482724231709e-17,4.964967762618402612e-08,3.712189894818854711e-08,7.476765353378924672e-01
3.320000000000000000e+02,1.618541700593668942e-17,1.210383718314578489e-17,4.945708736876791876e-08,3.698517825302946104e-08,7.478236228764565396e-01
3.330000000000000000e+02,1.593022224020640790e-17,1.191532846528929050e-17,4.926553959988559567e-08,3.684914607599018593e-08,7.479700085549405575e-01
3.340000000000000000e+02,1.567970880834624470e-17,1.173023628238331853e-17,4.907502724783355504e-08,3.671379821001935976e-08,7.481156969024426173e-01
3.350000000000000000e+02,1.543377867776514652e-17,1.154848990695882522e-17,4.888554324105455382e-08,3.657913039331380785e-08,7.482606915697379568e-01
3.360000000000000000e+02,1.519233607921206552e-17,1.137002026811436963e-17,4.869708041826531430e-08,3.644513842155526554e-08,7.484049989963139637e-01
3.370000000000000000e+02,1.495528756884936239e-17,1.119475991575740316e-17,4.850963191662792750e-08,3.631181817189182653e-08,7.485486229683185888e-01
3.380000000000000000e+02,1.472254184576485512e-17,1.102264293731816557e-17,4.832319077964746250e-08,3.617916546857588570e-08,7.486915678551107067e-01
3.390000000000000000e+02,1.449400972848680432e-17,1.085360495579161514e-17,4.813775005901478096e-08,3.604717620509886541e-08,7.488338395730294028e-01
3.400000000000000000e+02,1.426960417431217632e-17,1.068758308476285223e-17,4.795330306250331553e-08,3.591584632683203618e-08,7.489754413792640841e-01
3.410000000000000000e+02,1.404924010562744874e-17,1.052451586645493106e-17,4.776984295793361400e-08,3.578517175085173809e-08,7.491163783469909632e-01
3.420000000000000000e+02,1.383283443135507295e-17,1.036434326592078200e-17,4.758736301468178863e-08,3.565514846951215418e-08,7.492566557745956590e-01
3.430000000000000000e+02,1.362030601919498110e-17,1.020700661681837045e-17,4.740585668630156490e-08,3.552577248933371633e-08,7.493962765912691726e-01
3.440000000000000000e+02,1.341157554951003590e-17,1.005244858391872339e-17,4.722531727702430203e-08,3.539703982086419368e-08,7.495352463854232372e-01
3.450000000000000000e+02,1.320656556143017735e-17,9.900613150246673848e-18,4.704573826439441171e-08,3.526894655214853715e-08,7.496735698765961686e-01
3.460000000000000000e+02,1.300520038708324321e-17,9.751445556747823662e-18,4.686711323693719612e-08,3.514148875290244733e-08,7.498112498468653131e-01
3.470000000000000000e+02,1.280740603707806057e-17,9.604892284189374874e-18,4.668943564472708040e-08,3.501466252252171220e-08,7.499482921352494946e-01
3.480000000000000000e+02,1.261311025650626853e-17,9.460901035372243876e-18,4.651269915667095377e-08,3.488846403941582800e-08,7.500847009952990030e-01
3.490000000000000000e+02,1.242224243456354582e-17,9.319420672376267348e-18,4.633689749240090217e-08,3.476288944280561680e-08,7.502204792305443570e-01
3.500000000000000000e+02,1.223473351867712924e-17,9.180401210013465642e-18,4.616202425468281700e-08,3.463793491516786163e-08,7.503556326747106153e-01
3.510000000000000000e+02,1.205051607059728461e-17,9.043793796755350541e-18,4.598807328769341179e-08,3.451359671962643767e-08,7.504901652155627767e-01
3.520000000000000000e+02,1.186952416292000740e-17,8.909550652143557805e-18,4.581503844006225889e-08,3.438987106886854397e-08,7.506240797737026016e-01
3.530000000000000000e+02,1.169169331749647651e-17,8.777625066822134999e-18,4.564291347054284541e-08,3.426675422646291346e-08,7.507573820540199838e-01
3.540000000000000000e+02,1.151696055553621108e-17,8.647971382674225745e-18,4.547169238422474559e-08,3.414424253380909916e-08,7.508900756386753805e-01
3.550000000000000000e+02,1.134526429051320763e-17,8.520544933871854743e-18,4.530136916020269467e-08,3.402233227992639471e-08,7.510221635820900632e-01
3.560000000000000000e+02,1.117654428422225533e-17,8.395302049230398705e-18,4.513193771133132063e-08,3.390101980704001837e-08,7.511536514092204131e-01
3.570000000000000000e+02,1.101074168968092216e-17,8.272200032658901352e-18,4.496339219218253404e-08,3.378030153129547575e-08,7.512845424765041136e-01
3.580000000000000000e+02,1.084779894645071108e-17,8.151197108768855099e-18,4.479572671477716819e-08,3.366017381822522821e-08,7.514148399142153156e-01
3.590000000000000000e+02,1.068765974783196348e-17,8.032252425815684648e-18,4.462893534111473080e-08,3.354063308648626055e-08,7.515445490716581300e-01
3.600000000000000000e+02,1.053026907797898661e-17,7.915326037085462987e-18,4.446301236696610200e-08,3.342167582512007130e-08,7.516736731483983913e-01
3.610000000000000000e+02,1.037557311265604545e-17,7.800378850816142970e-18,4.429795203907295018e-08,3.330329847500803616e-08,7.518022152724556095e-01
3.620000000000000000e+02,1.022351919244272213e-17,7.687372633207591677e-18,4.413374856226441678e-08,3.318549752899260152e-08,7.519301806456368809e-01
3.630000000000000000e+02,1.007405585633644304e-17,7.576269991228246813e-18,4.397039636740925919e-08,3.306826954818590468e-08,7.520575723692137782e-01
3.640000000000000000e+02,9.927132749109920620e-18,7.467034325960363597e-18,4.380788983680760385e-08,3.295161104687172745e-08,7.521843934876228932e-01
3.650000000000000000e+02,9.782700596820214673e-18,7.359629835855520460e-18,4.364622331172387492e-08,3.283551859000833227e-08,7.523106490908765265e-01
3.660000000000000000e+02,9.640711238958361050e-18,7.254021501178047799e-18,4.348539135282939457e-08,3.271998881014600639e-08,7.524363422342078556e-01
3.670000000000000000e+02,9.501117542955755985e-18,7.150175039890470153e-18,4.332538847828069113e-08,3.260501829288897048e-08,7.525614758015173322e-01
3.680000000000000000e+02,9.363873379215307918e-18,7.048056911473631394e-18,4.316620916007043480e-08,3.249060367348174494e-08,7.526860548027036746e-01
3.690000000000000000e+02,9.228933653193510705e-18,6.947634302989109492e-18,4.300784808309368222e-08,3.237674165492029581e-08,7.528100822986198981e-01
3.700000000000000000e+02,9.096254227770002422e-18,6.848875086975995158e-18,4.285029990142970347e-08,3.226342889234519304e-08,7.529335609450127365e-01
3.710000000000000000e+02,8.965791895614940355e-18,6.751747826001194850e-18,4.269355921348081072e-08,3.215066208985453812e-08,7.530564956904021168e-01
3.720000000000000000e+02,8.837504411570480833e-18,6.656221760011263343e-18,4.253762082159256226e-08,3.203843801889281122e-08,7.531788896531266264e-01
3.730000000000000000e+02,8.711350424304762490e-18,6.562266766444002580e-18,4.238247951573972596e-08,3.192675340319916015e-08,7.533007452134179438e-01
3.740000000000000000e+02,8.587289444214300805e-18,6.469853365177329710e-18,4.222813001832138991e-08,3.181560501471835051e-08,7.534220672550409059e-01
3.750000000000000000e+02,8.465281875374290737e-18,6.378952706578787035e-18,4.207456724107906530e-08,3.170498968987321492e-08,7.535428589962626100e-01
3.760000000000000000e+02,8.345288958536976796e-18,6.289536534972046872e-18,4.192178610916601096e-08,3.159490422140006102e-08,7.536631225379011312e-01
3.770000000000000000e+02,8.227272733381250605e-18,6.201577192917316280e-18,4.176978146869473195e-08,3.148534544848347896e-08,7.537828626678561017e-01
3.780000000000000000e+02,8.111196068345649324e-18,6.115047609119262647e-18,4.161854833258409049e-08,3.137631026691360317e-08,7.539020827006689407e-01
3.790000000000000000e+02,7.997022616782645319e-18,6.029921267644743649e-18,4.146808175767166003e-08,3.126779554108788592e-08,7.540207845592783453e-01
3.800000000000000000e+02,7.884716774240988443e-18,5.946172209044189210e-18,4.131837671712801778e-08,3.115979817573799287e-08,7.541389728125763581e-01
3.810000000000000000e+02,7.774243702505742917e-18,5.863775018176814557e-18,4.116942831581753177e-08,3.105231512013225121e-08,7.542566508799873892e-01
3.820000000000000000e+02,7.665569301456104409e-18,5.782704801775603275e-18,4.102123173782728367e-08,3.094534331586095869e-08,7.543738206994170525e-01
3.830000000000000000e+02,7.558660162433738050e-18,5.702937182150346850e-18,4.087378208811083143e-08,3.083887972684623820e-08,7.544904863554700025e-01
3.840000000000000000e+02,7.453483582366325298e-18,5.624448288078055351e-18,4.072707455371770812e-08,3.073292135425362928e-08,7.546066514970990458e-01
3.850000000000000000e+02,7.350007554276994093e-18,5.547214739989565577e-18,4.058110444267361724e-08,3.062746521919717750e-08,7.547223181779755263e-01
3.860000000000000000e+02,7.248200716511904412e-18,5.471213634710444321e-18,4.043586699262174699e-08,3.052250834022647662e-08,7.548374898402909761e-01
3.870000000000000000e+02,7.148032356147050405e-18,5.396422541345155911e-18,4.029135747052293554e-08,3.041804777063498253e-08,7.549521703975538012e-01
3.880000000000000000e+02,7.049472416215457338e-18,5.322819492310497066e-18,4.014757129833742709e-08,3.031408060894872298e-08,7.550663621389240854e-01
3.890000000000000000e+02,6.952491444265811562e-18,5.250382959953410686e-18,4.000450384678032326e-08,3.021060392555525811e-08,7.551800677559632469e-01
3.900000000000000000e+02,6.857060584545929779e-18,5.179091858340640851e-18,3.986215046756736639e-08,3.010761482956894442e-08,7.552932914160035427e-01
3.910000000000000000e+02,6.763151596747907604e-18,5.108925536487602241e-18,3.972050668174500603e-08,3.000511048815952512e-08,7.554060356926277642e-01
3.920000000000000000e+02,6.670736809535281323e-18,5.039863751368075885e-18,3.957956799071505875e-08,2.990308802561039991e-08,7.555183025905019001e-01
3.930000000000000000e+02,6.579789102640221769e-18,4.971886673763354699e-18,3.943932984463479413e-08,2.980154461151564605e-08,7.556300963762384582e-01
3.940000000000000000e+02,6.490281927832449427e-18,4.904974879839590234e-18,3.929978784239435938e-08,2.970047746667716098e-08,7.557414199228319474e-01
3.950000000000000000e+02,6.402189276138777405e-18,4.839109328343810699e-18,3.916093761326170604e-08,2.959988377996166848e-08,7.558522748428213589e-01
3.960000000000000000e+02,6.315485650364662526e-18,4.774271363991109418e-18,3.902277472194977761e-08,2.949976078050679996e-08,7.559626651539360642e-01
3.970000000000000000e+02,6.230146079623487842e-18,4.710442707257792366e-18,3.888529482824324338e-08,2.940010572823310781e-08,7.560725939739864065e-01
3.980000000000000000e+02,6.146146106278914774e-18,4.647605442693962434e-18,3.874849368072836346e-08,2.930091589309401477e-08,7.561820630892519546e-01
3.990000000000000000e+02,6.063461751359297402e-18,4.585742010170653936e-18,3.861236697112605944e-08,2.920218855044713290e-08,7.562910756619565245e-01
4.000000000000000000e+02,5.982069516698414462e-18,4.524835200509922216e-18,3.847691041418486928e-08,2.910392100308784046e-08,7.563996352565358627e-01
4.010000000000000000e+02,5.901946392225134214e-18,4.464868150465422629e-18,3.834211986425604705e-08,2.900611059916827385e-08,7.565077440125801411e-01
4.020000000000000000e+02,5.823069817871357420e-18,4.405824323369167315e-18,3.820799113939308954e-08,2.890875465589868090e-08,7.566154041030768163e-01
4.030000000000000000e+02,5.745417674787929448e-18,4.347687512541441944e-18,3.807452002725760064e-08,2.881185052827809287e-08,7.567226194224287994e-01
4.040000000000000000e+02,5.668968301924323281e-18,4.290441836194611731e-18,3.794170245960688737e-08,2.871539562390703154e-08,7.568293925260134447e-01
4.050000000000000000e+02,5.593700465686425213e-18,4.234071716780111239e-18,3.780953437849965308e-08,2.861938731232824269e-08,7.569357248843197050e-01
4.060000000000000000e+02,5.519593341255227011e-18,4.178561886621421994e-18,3.767801167234266074e-08,2.852382300720803301e-08,7.570416203290735169e-01
4.070000000000000000e+02,5.446626525200251109e-18,4.123897378626451744e-18,3.754713032234885727e-08,2.842870014950902417e-08,7.571470816928892456e-01
4.080000000000000000e+02,5.374780023616187306e-18,4.070063516977690027e-18,3.741688638586452921e-08,2.833401618835840830e-08,7.572521106155567505e-01
4.090000000000000000e+02,5.304034225454974546e-18,4.017045910511397972e-18,3.728727587300172005e-08,2.823976857858670512e-08,7.573567099610523101e-01
4.100000000000000000e+02,5.234369902856607887e-18,3.964830449152010933e-18,3.715829480609753437e-08,2.814595479875821482e-08,7.574608831118798680e-01
4.110000000000000000e+02,5.165768219603031109e-18,3.913403301045546613e-18,3.702993933956234493e-08,2.805257237423935818e-08,7.575646321480284939e-01
4.120000000000000000e+02,5.098210700628621889e-18,3.862750895189774625e-18,3.690220560344602900e-08,2.795961879559278614e-08,7.576679588220015527e-01
4.130000000000000000e+02,5.031679222801352190e-18,3.812859926321036471e-18,3.677508969172571289e-08,2.786709159380340482e-08,7.577708668396101466e-01
4.140000000000000000e+02,4.966156028513313972e-18,3.763717349123903265e-18,3.664858781693671869e-08,2.777498834018478171e-08,7.578733586932070443e-01
4.150000000000000000e+02,4.901623706097242604e-18,3.715310364432832929e-18,3.652269622534630420e-08,2.768330658558493085e-08,7.579754357339330006e-01
4.160000000000000000e+02,4.838065172031845541e-18,3.667626420808952149e-18,3.639741111915681672e-08,2.759204391072770100e-08,7.580771011541906912e-01
4.170000000000000000e+02,4.775463675366022396e-18,3.620653207593639214e-18,3.627272874164019378e-08,2.750119791383974853e-08,7.581783578986450722e-01
4.180000000000000000e+02,4.713802799034846714e-18,3.574378652111958954e-18,3.614864544216846103e-08,2.741076622842745935e-08,7.582792077860819324e-01
4.190000000000000000e+02,4.653066434770487368e-18,3.528790906988273190e-18,3.602515753924410407e-08,2.732074646459997902e-08,7.583796527423384282e-01
4.200000000000000000e+02,4.593238777563539877e-18,3.483878352705394103e-18,3.590226132707954908e-08,2.723113626523288373e-08,7.584796962272010168e-01
4.210000000000000000e+02,4.534304337552340457e-18,3.439629594199670673e-18,3.577995321893602215e-08,2.714193331746371770e-08,7.585793405425482749e-01
4.220000000000000000e+02,4.476247920361312851e-18,3.396033446855495542e-18,3.565822964618064770e-08,2.705313527949297093e-08,7.586785869048502384e-01
4.230000000000000000e+02,4.419054613724229305e-18,3.353078940360893507e-18,3.553708700077099234e-08,2.696473984593623457e-08,7.587774384926716520e-01
4.240000000000000000e+02,4.362709792385698427e-18,3.310755311527826475e-18,3.541652172168502299e-08,2.687674472653600971e-08,7.588758980269868504e-01
4.250000000000000000e+02,4.307199117695705316e-18,3.269052001912346875e-18,3.529653034171427080e-08,2.678914766212875488e-08,7.589739672080093591e-01
4.260000000000000000e+02,4.252508516565367179e-18,3.227958647267744592e-18,3.517710936500002595e-08,2.670194637313657104e-08,7.590716478740592299e-01
4.270000000000000000e+02,4.198624176846383190e-18,3.187465079747416786e-18,3.505825527355210990e-08,2.661513861077511764e-08,7.591689433231303408e-01
4.280000000000000000e+02,4.145532557700524035e-18,3.147561324976169003e-18,3.493996465946089812e-08,2.652872216715997310e-08,7.592658557534239794e-01
4.290000000000000000e+02,4.093220373117458735e-18,3.108237590240017949e-18,3.482223413509487382e-08,2.644269480961441217e-08,7.593623863141131247e-01
4.300000000000000000e+02,4.041674580326776988e-18,3.069484267530755078e-18,3.470506027907590701e-08,2.635705433803558252e-08,7.594585379218189436e-01
4.310000000000000000e+02,3.990882382487631997e-18,3.031291927335621789e-18,3.458843970192926441e-08,2.627179856456669996e-08,7.595543132609511305e-01
4.320000000000000000e+02,3.940831230939302080e-18,2.993651317701415708e-18,3.447236911061599903e-08,2.618692533749732058e-08,7.596497140497627809e-01
4.330000000000000000e+02,3.891508806493758754e-18,2.956553353354186742e-18,3.435684519059453771e-08,2.610243247796845297e-08,7.597447417877065678e-01
4.340000000000000000e+02,3.842903014281659412e-18,2.919989119432269014e-18,3.424186460097610259e-08,2.601831784261492952e-08,7.598393996883349155e-01
4.350000000000000000e+02,3.795001992424559498e-18,2.883949867298189431e-18,3.412742409283391895e-08,2.593457931780359380e-08,7.599336899045170401e-01
4.360000000000000000e+02,3.747794101052632104e-18,2.848427007056404428e-18,3.401352045478661581e-08,2.585121478292199266e-08,7.600276136451505904e-01
4.370000000000000000e+02,3.701267910559172359e-18,2.813412106851977583e-18,3.390015044752273134e-08,2.576822213303523042e-08,7.601211732946234756e-01
4.380000000000000000e+02,3.655412200867985226e-18,2.778896889435306083e-18,3.378731083555121344e-08,2.568559927687563211e-08,7.602143716584004451e-01
4.390000000000000000e+02,3.610215967844347153e-18,2.744873232076622141e-18,3.367499848648423603e-08,2.560334416529747199e-08,7.603072105726629282e-01
4.400000000000000000e+02,3.565668407069265842e-18,2.711333155341538086e-18,3.356321026180151404e-08,2.552145471578452023e-08,7.603996911115095125e-01
4.410000000000000000e+02,3.521758907548027185e-18,2.678268828108891965e-18,3.345194299498183179e-08,2.543992888641927293e-08,7.604918162821080463e-01
4.420000000000000000e+02,3.478477056565502397e-18,2.645672561603875311e-18,3.334119357444628926e-08,2.535876464803553957e-08,7.605835883293413646e-01
4.430000000000000000e+02,3.435812637029885412e-18,2.613536807568776397e-18,3.323095895757349452e-08,2.527795999420506736e-08,7.606750087013092188e-01
4.440000000000000000e+02,3.393755613984096618e-18,2.581854151551081648e-18,3.312123607885124836e-08,2.519751290349873935e-08,7.607660790047625632e-01
4.450000000000000000e+02,3.352296131512811398e-18,2.550617314557121840e-18,3.301202185451021809e-08,2.511742138146189103e-08,7.608568021722140751e-01
4.460000000000000000e+02,3.311424520020060586e-18,2.519819150805178231e-18,3.290331328969390777e-08,2.503768346554701656e-08,7.609471801549362313e-01
4.470000000000000000e+02,3.271131286076718885e-18,2.489452640602758454e-18,3.279510741590574483e-08,2.495829718081907754e-08,7.610372140057152235e-01
4.480000000000000000e+02,3.231407104053366935e-18,2.459510891071553911e-18,3.268740124224397060e-08,2.487926057205237719e-08,7.611269059805022552e-01
4.490000000000000000e+02,3.192242815344232451e-18,2.429987132680461958e-18,3.258019178069576460e-08,2.480057169423538723e-08,7.612162586756191507e-01
4.500000000000000000e+02,3.153629433802941444e-18,2.400874719647774397e-18,3.247347613603819819e-08,2.472222864183576926e-08,7.613052738262197083e-01
4.510000000000000000e+02,3.115558132970730741e-18,2.372167120637524128e-18,3.236725141064849321e-08,2.464422947824680844e-08,7.613939523495996120e-01
4.520000000000000000e+02,3.078020241066173211e-18,2.343857923233351853e-18,3.226151468472568361e-08,2.456657230529166483e-08,7.614822969524982499e-01
4.530000000000000000e+02,3.041007243525173134e-18,2.315940828627860949e-18,3.215626307459035794e-08,2.448925523249113209e-08,7.615703098237917024e-01
4.540000000000000000e+02,3.004510783270754706e-18,2.288409651458002460e-18,3.205149376919363225e-08,2.441227639902898848e-08,7.616579924425519454e-01
4.550000000000000000e+02,2.968522649288269964e-18,2.261258312518718201e-18,3.194720394195950943e-08,2.433563391972336841e-08,7.617453459756742262e-01
4.560000000000000000e+02,2.933034773406759242e-18,2.234480842130560616e-18,3.184339074627360823e-08,2.425932594327215251e-08,7.618323732095344525e-01
4.570000000000000000e+02,2.898039235187854228e-18,2.208071376393663897e-18,3.174005139888422418e-08,2.418335063520869940e-08,7.619190760371241655e-01
4.580000000000000000e+02,2.863528257463300449e-18,2.182024154628616805e-18,3.163718316374601660e-08,2.410770617254450453e-08,7.620054556617491537e-01
4.590000000000000000e+02,2.829494197509154884e-18,2.156333515827501876e-18,3.153478328564505096e-08,2.403239072660205260e-08,7.620915136442950599e-01
4.600000000000000000e+02,2.795929544972168391e-18,2.130993899088738810e-18,3.143284899554989648e-08,2.395740248925378397e-08,7.621772526138356207e-01
4.610000000000000000e+02,2.762826927417194263e-18,2.105999842366795797e-18,3.133137760206679252e-08,2.388273968097296086e-08,7.622626743165458185e-01
4.620000000000000000e+02,2.730179102862277599e-18,2.081345977281266353e-18,3.123036643821926484e-08,2.380840051374698818e-08,7.623477797113074050e-01
4.630000000000000000e+02,2.697978953691535700e-18,2.057027029348659616e-18,3.112981282063363793e-08,2.373438321414312985e-08,7.624325706967107763e-01
4.640000000000000000e+02,2.666219485234922243e-18,2.033037815741681002e-18,3.102971406028342956e-08,2.366068601837148792e-08,7.625170497028862515e-01
4.650000000000000000e+02,2.634893830795362429e-18,2.009373245647356181e-18,3.093006754890618653e-08,2.358730719714696477e-08,7.626012183727386429e-01
4.660000000000000000e+02,2.603995242972920059e-18,1.986028313695680299e-18,3.083087068707436663e-08,2.351424499935488184e-08,7.626850774997110394e-01
4.670000000000000000e+02,2.573517089433044885e-18,1.962998102606201254e-18,3.073212086093674695e-08,2.344149770241998580e-08,7.627686292297584103e-01
4.680000000000000000e+02,2.543452852409641087e-18,1.940277779453652308e-18,3.063381546216823357e-08,2.336906358803454071e-08,7.628518757937474692e-01
4.690000000000000000e+02,2.513796132368261132e-18,1.917862596561870557e-18,3.053595195894319554e-08,2.329694097241453687e-08,7.629348187257499747e-01
4.700000000000000000e+02,2.484540639309243251e-18,1.895747884805644072e-18,3.043852781856722407e-08,2.322512814468975342e-08,7.630174587656185503e-01
4.710000000000000000e+02,2.455680189704210550e-18,1.873929057186977380e-18,3.034154049510851253e-08,2.315362342864678245e-08,7.630997981918379303e-01
4.720000000000000000e+02,2.427208706865042600e-18,1.852401604693834407e-18,3.024498745863913452e-08,2.308242515110719467e-08,7.631818390625242365e-01
4.730000000000000000e+02,2.399120223185964885e-18,1.831161097131587089e-18,3.014886624899950062e-08,2.301153167075448595e-08,7.632635828061405947e-01
4.740000000000000000e+02,2.371408871962557002e-18,1.810203176930156432e-18,3.005317439966538280e-08,2.294094131902585842e-08,7.633450301769547641e-01
4.750000000000000000e+02,2.344068885030630349e-18,1.789523562743149567e-18,2.995790943152917710e-08,2.287065246273518272e-08,7.634261834927967838e-01
4.760000000000000000e+02,2.317094593791052421e-18,1.769118045525895236e-18,2.986306888951328668e-08,2.280066347260445682e-08,7.635070446698509761e-01
4.770000000000000000e+02,2.290480430288687817e-18,1.748982489107897198e-18,2.976865038126042619e-08,2.273097274820962441e-08,7.635876150609410828e-01
4.780000000000000000e+02,2.264220919786781593e-18,1.729112824618927766e-18,2.967465150579641102e-08,2.266157866327011137e-08,7.636678954374097605e-01
4.790000000000000000e+02,2.238310678799794387e-18,1.709505053854297263e-18,2.958106985017940745e-08,2.259247962593570755e-08,7.637478881041446233e-01
4.800000000000000000e+02,2.212744416442718182e-18,1.690155245680023921e-18,2.948790302971797685e-08,2.252367404903669843e-08,7.638275948729650322e-01
4.810000000000000000e+02,2.187516934843321222e-18,1.671059536433145362e-18,2.939514871716310991e-08,2.245516037214322355e-08,7.639070170457141762e-01
4.820000000000000000e+02,2.162623122417012892e-18,1.652214124850106796e-18,2.930280457615551464e-08,2.238693701024382488e-08,7.639861553887126178e-01
4.830000000000000000e+02,2.138057952146495229e-18,1.633615275210313951e-18,2.921086825920306046e-08,2.231900241173659471e-08,7.640650121622063473e-01
4.840000000000000000e+02,2.113816482936916960e-18,1.615259314001344546e-18,2.911933744749265021e-08,2.225135502977072907e-08,7.641435891147552173e-01
4.850000000000000000e+02,2.089893859859549468e-18,1.597142630291066458e-18,2.902820987681837848e-08,2.218399334328805040e-08,7.642218875165276426e-01
4.860000000000000000e+02,2.066285307961557141e-18,1.579261670985016748e-18,2.893748327422213367e-08,2.211691580715592798e-08,7.642999081007832984e-01
4.870000000000000000e+02,2.042986130740128143e-18,1.561612943848162052e-18,2.884715535686466856e-08,2.205012090912178656e-08,7.643776530594579288e-01
4.880000000000000000e+02,2.019991711230226549e-18,1.544193014321379140e-18,2.875722386764175745e-08,2.198360714096376966e-08,7.644551241157946375e-01
4.890000000000000000e+02,1.997297512482465637e-18,1.526998505993883027e-18,2.866768660340123933e-08,2.191737302034959277e-08,7.645323225261306810e-01
4.900000000000000000e+02,1.974899071766892303e-18,1.510026096046425303e-18,2.857854135331606373e-08,2.185141704068961867e-08,7.646092489655398339e-01
4.910000000000000000e+02,1.952791999211421992e-18,1.493272518235564566e-18,2.848978589846166434e-08,2.178573772822076356e-08,7.646859055335023525e-01
4.920000000000000000e+02,1.930971978385963624e-18,1.476734559770378706e-18,2.840141803960516776e-08,2.172033361179494279e-08,7.647622939638579753e-01
4.930000000000000000e+02,1.909434767321588979e-18,1.460409061961995372e-18,2.831343563242430214e-08,2.165520324680776819e-08,7.648384155121188410e-01
4.940000000000000000e+02,1.888176193049143494e-18,1.444292915815104046e-18,2.822583652715916508e-08,2.159034516439862715e-08,7.649142707825219434e-01
4.950000000000000000e+02,1.867192150319991209e-18,1.428383064947728817e-18,2.813861856790411397e-08,2.152575792830421564e-08,7.649898617573659410e-01
4.960000000000000000e+02,1.846478601556174011e-18,1.412676502501398308e-18,2.805177961017659252e-08,2.146144010293245030e-08,7.650651902008632765e-01
4.970000000000000000e+02,1.826031578545806608e-18,1.397170271990654109e-18,2.796531756570549342e-08,2.139739027990836191e-08,7.651402573789638506e-01
4.980000000000000000e+02,1.805847177404591884e-18,1.381861463157316517e-18,2.787923034505011234e-08,2.133360702851955445e-08,7.652150638479618960e-01
4.990000000000000000e+02,1.785921557202271544e-18,1.366747214540625911e-18,2.779351585405767754e-08,2.127008894798940082e-08,7.652896114215108625e-01
5.000000000000000000e+02,1.766250939285843929e-18,1.351824710647735233e-18,2.770817200073038486e-08,2.120683463733076308e-08,7.653639019121056819e-01
5.010000000000000000e+02,1.746831609617561314e-18,1.337091182838870669e-18,2.762319674975474850e-08,2.114384272219956401e-08,7.654379365917266531e-01
5.020000000000000000e+02,1.727659914347548606e-18,1.322543905755350204e-18,2.753858807146428257e-08,2.108111181174014255e-08,7.655117160340028093e-01
5.030000000000000000e+02,1.708732258087937078e-18,1.308180198996723867e-18,2.745434393135679671e-08,2.101864053742146631e-08,7.655852418099550194e-01
5.040000000000000000e+02,1.690045102815362986e-18,1.293997425053525402e-18,2.737046228894786749e-08,2.095642753286478055e-08,7.656585157981398160e-01
5.050000000000000000e+02,1.671594970603472153e-18,1.279992989850010688e-18,2.728694115876803345e-08,2.089447145504606371e-08,7.657315392543404542e-01
5.060000000000000000e+02,1.653378440037648851e-18,1.266164340171472979e-18,2.720377856999890580e-08,2.083277095500845712e-08,7.658043128605459549e-01
5.070000000000000000e+02,1.635392143876312069e-18,1.252508963847098590e-18,2.712097254447946820e-08,2.077132469261803552e-08,7.658768378808038513e-01
5.080000000000000000e+02,1.617632768010488298e-18,1.239024389049180116e-18,2.703852109503838473e-08,2.071013133702549293e-08,7.659491162342395576e-01
5.090000000000000000e+02,1.600097053899655690e-18,1.225708184026456216e-18,2.695642228201002002e-08,2.064918957422493237e-08,7.660211491791935057e-01
5.100000000000000000e+02,1.582781796224491517e-18,1.212557955825132544e-18,2.687467419091110104e-08,2.058849809754551400e-08,7.660929375846519118e-01
5.110000000000000000e+02,1.565683839902394314e-18,1.199571348704155909e-18,2.679327489780305830e-08,2.052805559222127105e-08,7.661644823382337544e-01
5.120000000000000000e+02,1.548800079354743805e-18,1.186746045175526331e-18,2.671222247153392358e-08,2.046786076428193451e-08,7.662357853635600735e-01
5.130000000000000000e+02,1.532127459976021060e-18,1.174079764567227043e-18,2.663151501407655345e-08,2.040791232753241883e-08,7.663068479861344651e-01
5.140000000000000000e+02,1.515662977350624656e-18,1.161570262974187816e-18,2.655115066302130502e-08,2.034820901400057954e-08,7.663776712449689166e-01
5.150000000000000000e+02,1.499403673898373144e-18,1.149215330466888896e-18,2.647112754846700542e-08,2.028874953624033620e-08,7.664482557115440686e-01
5.160000000000000000e+02,1.483346638308836893e-18,1.137012793224679324e-18,2.639144379719573570e-08,2.022953263526663008e-08,7.665186031776006770e-01
5.170000000000000000e+02,1.467489005683215375e-18,1.124960511356925008e-18,2.631209754946013044e-08,2.017055705322516167e-08,7.665887151455555992e-01
5.180000000000000000e+02,1.451827958443776116e-18,1.113056379502493325e-18,2.623308699015092124e-08,2.011182155475903829e-08,7.666585927271890588e-01
5.190000000000000000e+02,1.436360722997900980e-18,1.101298323946088644e-18,2.615441030382278268e-08,2.005332488574350605e-08,7.667282363774980958e-01
5.200000000000000000e+02,1.421084568955996450e-18,1.089684304521940862e-18,2.607606567418216194e-08,1.999506581773283245e-08,7.667976476040974099e-01
5.210000000000000000e+02,1.405996808200938202e-18,1.078212312582437532e-18,2.599805128054461975e-08,1.993704312152798487e-08,7.668668280705973617e-01
5.220000000000000000e+02,1.391094796941717170e-18,1.066880371604099432e-18,2.592036534947585832e-08,1.987925558844674947e-08,7.669357788912775087e-01
5.230000000000000000e+02,1.376375933108728878e-18,1.055686535334027058e-18,2.584300612109532791e-08,1.982170200620617207e-08,7.670045006887166172e-01
5.240000000000000000e+02,1.361837654578163681e-18,1.044628887737035972e-18,2.576597182921299326e-08,1.976438116755694066e-08,7.670729945124150628e-01
5.250000000000000000e+02,1.347477438445780566e-18,1.033705542790798714e-18,2.568926070029786575e-08,1.970729187623741822e-08,7.671412621075901495e-01
5.260000000000000000e+02,1.333292802627809069e-18,1.022914643981668505e-18,2.561287099686629014e-08,1.965043294726432062e-08,7.672093046370526137e-01
5.270000000000000000e+02,1.319281304690189366e-18,1.012254363913806178e-18,2.553680100897014019e-08,1.959380320923965716e-08,7.672771230177606316e-01
5.280000000000000000e+02,1.305440539359007954e-18,1.001722902284120696e-18,2.546104901929716207e-08,1.953740147470212567e-08,7.673447178038323990e-01
5.290000000000000000e+02,1.291768138171364876e-18,9.913184875612584792e-19,2.538561330848055735e-08,1.948122658173157751e-08,7.674120906593773217e-01
5.300000000000000000e+02,1.278261769606851953e-18,9.810393752466575626e-19,2.531049216994275898e-08,1.942527736961347982e-08,7.674792429631924762e-01
5.310000000000000000e+02,1.264919139779253218e-18,9.708838483686085295e-19,2.523568393636276239e-08,1.936955269775230089e-08,7.675461757484687286e-01
5.320000000000000000e+02,1.251737989865057507e-18,9.608502152018646693e-19,2.516118694150909886e-08,1.931405140950435812e-08,7.676128894238068989e-01
5.330000000000000000e+02,1.238716095470567644e-18,9.509368107460223956e-19,2.508699951934433968e-08,1.925877237031440110e-08,7.676793853112704458e-01
5.340000000000000000e+02,1.225851265709689104e-18,9.411419951677703668e-19,2.501311999696517913e-08,1.920371444547638439e-08,7.677456649872688166e-01
5.350000000000000000e+02,1.213141344987260451e-18,9.314641541977756918e-19,2.493954674262791882e-08,1.914887651689239489e-08,7.678117294795169245e-01
5.360000000000000000e+02,1.200584211218224302e-18,9.219016980927854532e-19,2.486627814190550263e-08,1.909425747071011996e-08,7.678775794971836044e-01
5.370000000000000000e+02,1.188177774082701860e-18,9.124530607316743471e-19,2.479331257326967119e-08,1.903985618702743655e-08,7.679432157667712699e-01
5.380000000000000000e+02,1.175919974672644672e-18,9.031167003883194070e-19,2.472064841160797830e-08,1.898567156422885560e-08,7.680086399074317338e-01
5.390000000000000000e+02,1.163808786150879955e-18,8.938910986565216421e-19,2.464828405314167049e-08,1.893170250512648809e-08,7.680738531051394258e-01
5.400000000000000000e+02,1.151842213697533154e-18,8.847747606913383482e-19,2.457621792605144076e-08,1.887794793040142560e-08,7.681388563205366893e-01
5.410000000000000000e+02,1.140018292324753232e-18,8.757662131357343962e-19,2.450444845553359388e-08,1.882440674273774148e-08,7.682036499167487209e-01
5.420000000000000000e+02,1.128335086633286872e-18,8.668640057786876406e-19,2.443297406912167645e-08,1.877107786999910861e-08,7.682682352502450129e-01
5.430000000000000000e+02,1.116790690009584865e-18,8.580667098947696986e-19,2.436179318984853210e-08,1.871796023780492651e-08,7.683326137751070872e-01
5.440000000000000000e+02,1.105383226125199429e-18,8.493729187488136481e-19,2.429090427950412526e-08,1.866505278830205049e-08,7.683967864486219712e-01
5.450000000000000000e+02,1.094110847288954504e-18,8.407812465489771617e-19,2.422030581395019195e-08,1.861235446528056982e-08,7.684607538919016045e-01
5.460000000000000000e+02,1.082971733056022583e-18,8.322903278985042071e-19,2.414999626284798185e-08,1.855986420959855931e-08,7.685245168402280447e-01
5.470000000000000000e+02,1.071964089921500592e-18,8.238988182954635197e-19,2.407997409265615279e-08,1.850758097780832719e-08,7.685880768224215842e-01
5.480000000000000000e+02,1.061086151926374085e-18,8.156053932888455820e-19,2.401023779023011449e-08,1.845550373106569326e-08,7.686514349547728386e-01
5.490000000000000000e+02,1.050336180578740745e-18,8.074087486787994420e-19,2.394078587167261297e-08,1.840363144720324911e-08,7.687145921545928129e-01
5.500000000000000000e+02,1.039712463011290147e-18,7.993075987221592353e-19,2.387161685087848375e-08,1.835196308739824844e-08,7.687775487533803354e-01
5.510000000000000000e+02,1.029213311790565439e-18,7.913006775753184479e-19,2.380272924470092418e-08,1.830049763610757017e-08,7.688403059990154276e-01
5.520000000000000000e+02,1.018837064117524651e-18,7.833867378665465219e-19,2.373412156399278991e-08,1.824923407576349589e-08,7.689028652928762142e-01
5.530000000000000000e+02,1.008582083201331367e-18,7.755645511032622762e-19,2.366579235507778131e-08,1.819817140327393151e-08,7.689652275415698179e-01
5.540000000000000000e+02,9.984467569661919528e-19,7.678329069762763066e-19,2.359774017983013764e-08,1.814730862104785825e-08,7.690273934179102655e-01
5.550000000000000000e+02,9.884294967269405297e-19,7.601906124832986307e-19,2.352996359394444689e-08,1.809664472319142866e-08,7.690893634807276502e-01
5.560000000000000000e+02,9.785287370514168310e-19,7.526364927971288404e-19,2.346246115254098222e-08,1.804617872281194787e-08,7.691511391530870823e-01
5.570000000000000000e+02,9.687429359037476884e-19,7.451693902469087838e-19,2.339523142264146831e-08,1.799590963482103025e-08,7.692127215892775594e-01
5.580000000000000000e+02,9.590705749991510903e-19,7.377881646136264703e-19,2.332827300116909391e-08,1.794583648982599265e-08,7.692741116724173267e-01
5.590000000000000000e+02,9.495101583111080152e-19,7.304916917536991027e-19,2.326158448829032704e-08,1.789595830754159277e-08,7.693353097485795544e-01
5.600000000000000000e+02,9.400602115972570277e-19,7.232788643899720535e-19,2.319516448456146605e-08,1.784627412240662821e-08,7.693963168178858947e-01
5.610000000000000000e+02,9.307192817621448896e-19,7.161485913440577298e-19,2.312901158374171071e-08,1.779678297146322257e-08,7.694571342587452900e-01
5.620000000000000000e+02,9.214859379235307700e-19,7.090997975741252075e-19,2.306312440778295503e-08,1.774748390174880583e-08,7.695177629861668089e-01
5.630000000000000000e+02,9.123587707342616893e-19,7.021314239948262634e-19,2.299750159920184199e-08,1.769837597239915163e-08,7.695782037912064499e-01
5.640000000000000000e+02,9.033363910071207913e-19,6.952424261198336981e-19,2.293214179525628993e-08,1.764945822683273510e-08,7.696384569924331620e-01
5.650000000000000000e+02,8.944174297598590514e-19,6.884317753918356889e-19,2.286704363716462560e-08,1.760072973233815102e-08,7.696985238499565174e-01
5.660000000000000000e+02,8.856005376561438438e-19,6.816984578665697181e-19,2.280220576402418211e-08,1.755218955312662424e-08,7.697584056021157251e-01
5.670000000000000000e+02,8.768843859949062649e-19,6.750414746351477135e-19,2.273762684647545209e-08,1.750383676718549036e-08,7.698181030664046354e-01
5.680000000000000000e+02,8.682676656137489787e-19,6.684598411529690332e-19,2.267330556718436411e-08,1.745567045519239396e-08,7.698776168066300274e-01
5.690000000000000000e+02,8.597490859128555502e-19,6.619525867227234464e-19,2.260924060349874710e-08,1.740768969289652507e-08,7.699369473825985466e-01
5.700000000000000000e+02,8.513273747655430373e-19,6.555187550725239098e-19,2.254543063270460979e-08,1.735989357207574615e-08,7.699960960999930881e-01
5.710000000000000000e+02,8.430012786373471494e-19,6.491574035922669669e-19,2.248187434293515087e-08,1.731228118649833460e-08,7.700550640226604404e-01
5.720000000000000000e+02,8.347695628584832686e-19,6.428676035544564090e-19,2.241857044852459433e-08,1.726485164361823468e-08,7.701138519630481571e-01
5.730000000000000000e+02,8.266310105064467400e-19,6.366484390838675397e-19,2.235551766827775776e-08,1.721760404282565681e-08,7.701724602538394526e-01
5.740000000000000000e+02,8.185844219453014439e-19,6.304990076424609949e-19,2.229271472055714541e-08,1.717053749394093031e-08,7.702308897402784238e-01
5.750000000000000000e+02,8.106286143877831264e-19,6.244184196153367889e-19,2.223016031865735751e-08,1.712365111174244220e-08,7.702891417013706388e-01
5.760000000000000000e+02,8.027624226027100312e-19,6.184057981801892948e-19,2.216785319748660169e-08,1.707694401799056621e-08,7.703472170199482383e-01
5.770000000000000000e+02,7.949846985888960933e-19,6.124602793155067948e-19,2.210579211250301143e-08,1.703041534729638020e-08,7.704051164791327899e-01
5.780000000000000000e+02,7.872943104816546202e-19,6.065810106279912774e-19,2.204397581697580514e-08,1.698406422007511995e-08,7.704628403282811622e-01
5.790000000000000000e+02,7.796901425376440158e-19,6.007671523948387907e-19,2.198240306856228185e-08,1.693788977671744372e-08,7.705203895992994712e-01
5.800000000000000000e+02,7.721710944991685729e-19,5.950178765805459462e-19,2.192107261842266703e-08,1.689189115560171759e-08,7.705777654970049628e-01
5.810000000000000000e+02,7.647360825157910327e-19,5.893323670918797393e-19,2.185998324427631448e-08,1.684606750548111127e-08,7.706349688027315237e-01
5.820000000000000000e+02,7.573840385069190108e-19,5.837098195675642668e-19,2.179913373984160431e-08,1.680041798490569003e-08,7.706920002146728788e-01
5.830000000000000000e+02,7.501139091865062729e-19,5.781494403783356845e-19,2.173852289390744298e-08,1.675494173864109026e-08,7.707488600035893311e-01
5.840000000000000000e+02,7.429246561765521204e-19,5.726504476872292341e-19,2.167814950018319103e-08,1.670963793313715060e-08,7.708055492926618735e-01
5.850000000000000000e+02,7.358152554931434877e-19,5.672120704033470756e-19,2.161801234901064754e-08,1.666450573149568625e-08,7.708620692067623681e-01
5.860000000000000000e+02,7.287846983530599221e-19,5.618335485166858300e-19,2.155811025768238347e-08,1.661954430815994277e-08,7.709184204695053166e-01
5.870000000000000000e+02,7.218319904312846414e-19,5.565141327409840414e-19,2.149844205575924944e-08,1.657475284351795066e-08,7.709746036726282670e-01
5.880000000000000000e+02,7.149561510555185204e-19,5.512530838290508082e-19,2.143900656776433781e-08,1.653013050837244425e-08,7.710306191718383495e-01
5.890000000000000000e+02,7.081562132849170181e-19,5.460496733671557436e-19,2.137980262174617809e-08,1.648567649234436796e-08,7.710864681031331935e-01
5.900000000000000000e+02,7.014312236187974139e-19,5.409031829230221246e-19,2.132082904684177354e-08,1.644138998332050185e-08,7.711421515175997943e-01
5.910000000000000000e+02,6.947802425727048695e-19,5.358129043119169353e-19,2.126208469717533134e-08,1.639727018018552498e-08,7.711976701119953592e-01
5.920000000000000000e+02,6.882023439620134817e-19,5.307781391648729739e-19,2.120356843680310233e-08,1.635331628449465245e-08,7.712530243782055317e-01
5.930000000000000000e+02,6.816966142274753422e-19,5.257981985259514791e-19,2.114527912522358210e-08,1.630952749262291384e-08,7.713082147573904201e-01
5.940000000000000000e+02,6.752621524621923195e-19,5.208724033706520113e-19,2.108721562409444583e-08,1.626590301628405659e-08,7.713632423665496285e-01
5.950000000000000000e+02,6.688980703000058190e-19,5.160000839645806705e-19,2.102937679976816137e-08,1.622244206734869133e-08,7.714181081927037331e-01
5.960000000000000000e+02,6.626034922902556905e-19,5.111805800480304515e-19,2.097176154122291892e-08,1.617914386810267484e-08,7.714728129203793916e-01
5.970000000000000000e+02,6.563775552459078311e-19,5.064132403679787269e-19,2.091436874590299308e-08,1.613600764105278402e-08,7.715273569618846805e-01
5.980000000000000000e+02,6.502194076677437914e-19,5.016974224822840161e-19,2.085719730731280712e-08,1.609303260697238252e-08,7.715817408185496884e-01
5.990000000000000000e+02,6.441282097344019842e-19,4.970324930742050786e-19,2.080024612028218573e-08,1.605021799927660554e-08,7.716359655776449111e-01
6.000000000000000000e+02,6.381031332898489323e-19,4.924178274599387016e-19,2.074351408626840408e-08,1.600756305267215799e-08,7.716900321758256576e-01
6.010000000000000000e+02,6.321433621001041895e-19,4.878528097235614256e-19,2.068700012758766151e-08,1.596506701180411140e-08,7.717439412838549284e-01
6.020000000000000000e+02,6.262480912608165861e-19,4.833368322505239565e-19,2.063070317414425238e-08,1.592272912036517448e-08,7.717976932710942650e-01
6.030000000000000000e+02,6.204165266917948628e-19,4.788692956303320957e-19,2.057462215240498306e-08,1.588054862193712773e-08,7.718512886556625485e-01
6.040000000000000000e+02,6.146478851123351602e-19,4.744496088764434510e-19,2.051875598988830756e-08,1.583852477138917702e-08,7.719047284930158348e-01
6.050000000000000000e+02,6.089413940560755239e-19,4.700771890081726009e-19,2.046310362107446355e-08,1.579665682522452426e-08,7.719580136883987809e-01
6.060000000000000000e+02,6.032962920850646546e-19,4.657514611623724983e-19,2.040766400020060976e-08,1.575494404938924027e-08,7.720111448931326059e-01
6.070000000000000000e+02,5.977118282532761150e-19,4.614718581690558072e-19,2.035243608891416935e-08,1.571338570907174141e-08,7.720641224679101189e-01
6.080000000000000000e+02,5.921872616324761552e-19,4.572378204478157903e-19,2.029741884547243523e-08,1.567198106902215744e-08,7.721169469051956114e-01
6.090000000000000000e+02,5.867218613076130360e-19,4.530487962383789973e-19,2.024261122962357094e-08,1.563072940534976339e-08,7.721696192275501192e-01
6.100000000000000000e+02,5.813149063522337858e-19,4.489042411880511377e-19,2.018801220690582895e-08,1.558962999539010638e-08,7.722221403282722996e-01
6.110000000000000000e+02,5.759656860646241074e-19,4.448036184619185030e-19,2.013362076214617539e-08,1.554868212537544815e-08,7.722745108325966834e-01
6.120000000000000000e+02,5.706734994818887425e-19,4.407463983948328112e-19,2.007943588799756860e-08,1.550788508222247621e-08,7.723267311255630485e-01
6.130000000000000000e+02,5.654376549075183521e-19,4.367320582958772210e-19,2.002545657340725730e-08,1.546723815033028108e-08,7.723788016334145468e-01
6.140000000000000000e+02,5.602574699527044696e-19,4.327600827760553673e-19,1.997168180986063769e-08,1.542674062684419774e-08,7.724307233468710177e-01
6.150000000000000000e+02,5.551322714201449696e-19,4.288299632818118212e-19,1.991811059214233899e-08,1.538639180896574325e-08,7.724824971619370650e-01
6.160000000000000000e+02,5.500613956146888642e-19,4.249411982273634588e-19,1.986474193446184481e-08,1.534619100232336364e-08,7.725341236726771532e-01
6.170000000000000000e+02,5.450441878958124874e-19,4.210932927403446860e-19,1.981157485957041347e-08,1.530613751555689566e-08,7.725856033177964655e-01
6.180000000000000000e+02,5.400800021963299875e-19,4.172857583224456304e-19,1.975860838612712500e-08,1.526623065151757277e-08,7.726369364269737305e-01
6.190000000000000000e+02,5.351682011200170790e-19,4.135181133250984449e-19,1.970584153680823230e-08,1.522646972807874780e-08,7.726881239574296956e-01
6.200000000000000000e+02,5.303081557020441351e-19,4.097898823899655775e-19,1.965327333416414099e-08,1.518685406133935206e-08,7.727391668104153233e-01
6.210000000000000000e+02,5.254992458204827056e-19,4.061005966287273055e-19,1.960090282052387639e-08,1.514738297568492952e-08,7.727900655588314516e-01
6.220000000000000000e+02,5.207408597841554499e-19,4.024497934514600959e-19,1.954872904767731559e-08,1.510805580099338761e-08,7.728408207073929059e-01
6.230000000000000000e+02,5.160323938447250888e-19,3.988370160858082133e-19,1.949675106320900570e-08,1.506887185799019131e-08,7.728914324820833626e-01
6.240000000000000000e+02,5.113732523379708033e-19,3.952618141867305888e-19,1.944496792015133843e-08,1.502983048445043070e-08,7.729419017901600908e-01
6.250000000000000000e+02,5.067628473311051061e-19,3.917237432050798721e-19,1.939337866803946858e-08,1.499093101486658913e-08,7.729922295371787211e-01
6.260000000000000000e+02,5.022005991062499540e-19,3.882223645976437261e-19,1.934198237575290410e-08,1.495217279167776495e-08,7.730424162945054301e-01
6.270000000000000000e+02,4.976859358132827719e-19,3.847572457309475148e-19,1.929077812297248733e-08,1.491355516501139256e-08,7.730924626234509933e-01
6.280000000000000000e+02,4.932182929813970259e-19,3.813279593124464941e-19,1.923976498571584161e-08,1.487507747392249334e-08,7.731423686810198204e-01
6.290000000000000000e+02,4.887971136602539182e-19,3.779340840307524478e-19,1.918894204596026780e-08,1.483673907432258530e-08,7.731921352822092031e-01
6.300000000000000000e+02,4.844218480230910772e-19,3.745752039601963340e-19,1.913830838031338738e-08,1.479853931911697718e-08,7.732417633284396352e-01
6.310000000000000000e+02,4.800919538376270664e-19,3.712509087403680487e-19,1.908786308268414480e-08,1.476047756833457277e-08,7.732912534208594701e-01
6.320000000000000000e+02,4.758068962073620957e-19,3.679607935247373334e-19,1.903760525856461371e-08,1.472255319035823263e-08,7.733406061529125575e-01
6.330000000000000000e+02,4.715661471649008701e-19,3.647044584653490221e-19,1.898753401305901933e-08,1.468476554446889572e-08,7.733898216782223445e-01
6.340000000000000000e+02,4.673691856642896027e-19,3.614815091607847649e-19,1.893764845455427299e-08,1.464711400170457805e-08,7.734389006562282232e-01
6.350000000000000000e+02,4.632154973176799542e-19,3.582915563146895340e-19,1.888794768804240445e-08,1.460959793428063834e-08,7.734878439720421772e-01
6.360000000000000000e+02,4.591045746719514104e-19,3.551342157494896856e-19,1.883843083028221668e-08,1.457221671912913828e-08,7.735366523046460774e-01
6.370000000000000000e+02,4.550359171332616282e-19,3.520091083997205276e-19,1.878909701093797618e-08,1.453496974068351959e-08,7.735853262252071483e-01
6.380000000000000000e+02,4.510090306677112778e-19,3.489158599839441052e-19,1.873994536438930241e-08,1.449785638036479598e-08,7.736338659724397715e-01
6.390000000000000000e+02,4.470234275519461296e-19,3.458541010646219337e-19,1.869097502325127316e-08,1.446087602184268653e-08,7.736822719977738405e-01
6.400000000000000000e+02,4.430786263703736041e-19,3.428234671256955968e-19,1.864218512196459355e-08,1.442402805719786810e-08,7.737305451496236941e-01
6.410000000000000000e+02,4.391741519618562090e-19,3.398235983208703994e-19,1.859357479832468237e-08,1.438731187932875671e-08,7.737786862064351956e-01
6.420000000000000000e+02,4.353095356160556669e-19,3.368541395395582945e-19,1.854514320564485681e-08,1.435072688755723446e-08,7.738266956703302446e-01
6.430000000000000000e+02,4.314843147965665713e-19,3.339147402862254975e-19,1.849688950502987650e-08,1.431427248540207786e-08,7.738745739660489731e-01
6.440000000000000000e+02,4.276980327825237425e-19,3.310050543459933183e-19,1.844881285377642297e-08,1.427794806900231863e-08,7.739223212988287637e-01
6.450000000000000000e+02,4.239502388037151206e-19,3.281247402443769950e-19,1.840091241469916724e-08,1.424175304953215585e-08,7.739699384773682800e-01
6.460000000000000000e+02,4.202404877453841790e-19,3.252734607573045116e-19,1.835318734695926914e-08,1.420568683493820263e-08,7.740174263132437726e-01
6.470000000000000000e+02,4.165683405262850136e-19,3.224508830811502128e-19,1.830563682607857806e-08,1.416974883994912922e-08,7.740647853213509233e-01
6.480000000000000000e+02,4.129333638567985895e-19,3.196566787822178534e-19,1.825826003723502302e-08,1.413393848666740490e-08,7.741120160323780031e-01
6.490000000000000000e+02,4.093351298934642911e-19,3.168905233582451100e-19,1.821105616363590095e-08,1.409825518787733580e-08,7.741591185704502776e-01
6.500000000000000000e+02,4.057732163096433985e-19,3.141520966783845873e-19,1.816402439302881054e-08,1.406269836901433512e-08,7.742060935797615562e-01
6.510000000000000000e+02,4.022472060337088937e-19,3.114410826286881197e-19,1.811716390942828106e-08,1.402726745513030703e-08,7.742529418652790429e-01
6.520000000000000000e+02,3.987566875053056060e-19,3.087571691715425096e-19,1.807047390795972034e-08,1.399196187608923424e-08,7.742996640462220803e-01
6.530000000000000000e+02,3.953012545928276290e-19,3.061000483218192447e-19,1.802395359475546802e-08,1.395678106811902672e-08,7.743462606439528439e-01
6.540000000000000000e+02,3.918805063814739670e-19,3.034694159137216595e-19,1.797760218085159881e-08,1.392172446577760449e-08,7.743927318964699547e-01
6.550000000000000000e+02,3.884940469458132531e-19,3.008649715899107980e-19,1.793141887508794683e-08,1.388679150384151304e-08,7.744390781665572154e-01
6.560000000000000000e+02,3.851414853978500978e-19,2.982864189496747148e-19,1.788540288948894521e-08,1.385198162661394360e-08,7.744853002307597878e-01
6.570000000000000000e+02,3.818224357564556572e-19,2.957334652706998734e-19,1.783955343644835332e-08,1.381729427761499386e-08,7.745313988288855533e-01
6.580000000000000000e+02,3.785365171826218535e-19,2.932058215996143119e-19,1.779386974295698827e-08,1.378272890618686067e-08,7.745773744152656404e-01
6.590000000000000000e+02,3.752833537643640817e-19,2.907032027020208839e-19,1.774835104400384193e-08,1.374828496766009673e-08,7.746232274521559491e-01
6.600000000000000000e+02,3.720625742092886719e-19,2.882253266940544373e-19,1.770299657128592257e-08,1.371396190833328286e-08,7.746689580552248433e-01
6.610000000000000000e+02,3.688738119715461950e-19,2.857719154857402289e-19,1.765780556224880953e-08,1.367975918872723067e-08,7.747145669093575826e-01
6.620000000000000000e+02,3.657167049712269363e-19,2.833426943728941834e-19,1.761277724978448595e-08,1.364567626665065151e-08,7.747600547674911020e-01
6.630000000000000000e+02,3.625908958905067617e-19,2.809373921646236932e-19,1.756791087944987420e-08,1.361171260555741701e-08,7.748054221677415088e-01
6.640000000000000000e+02,3.594960320300928737e-19,2.785557411446490707e-19,1.752320570583510926e-08,1.357786767507477181e-08,7.748506696211089340e-01
6.650000000000000000e+02,3.564317651306599647e-19,2.761974768258570181e-19,1.747866098703040192e-08,1.354414094137390892e-08,7.748957973052967851e-01
6.660000000000000000e+02,3.533977512187169844e-19,2.738623380303724643e-19,1.743427598004800437e-08,1.351053187321423313e-08,7.749408056105024922e-01
6.670000000000000000e+02,3.503936506190412803e-19,2.715500669410895654e-19,1.739004994429988922e-08,1.347703994675897154e-08,7.749856952640021834e-01
6.680000000000000000e+02,3.474191278697218802e-19,2.692604089041087516e-19,1.734598214029597238e-08,1.344366463809349207e-08,7.750304669611578490e-01
6.690000000000000000e+02,3.444738519054568406e-19,2.669931124901798627e-19,1.730207184172506275e-08,1.341040542844667261e-08,7.750751211254719442e-01
6.700000000000000000e+02,3.415574958804876299e-19,2.647479294612512971e-19,1.725831832971849702e-08,1.337726180477350912e-08,7.751196581962519483e-01
6.710000000000000000e+02,3.386697369025048467e-19,2.625246144456848933e-19,1.721472088233211463e-08,1.334423324551528247e-08,7.751640782750530700e-01
6.720000000000000000e+02,3.358102561486201618e-19,2.603229253270681076e-19,1.717127878314189524e-08,1.331131924230386285e-08,7.752083819972922507e-01
6.730000000000000000e+02,3.329787386217468695e-19,2.581426228954582903e-19,1.712799131161150330e-08,1.327851928447796568e-08,7.752525700708476908e-01
6.740000000000000000e+02,3.301748733901276500e-19,2.559834709517624555e-19,1.708485775807227753e-08,1.324583286645474868e-08,7.752966430286104549e-01
6.750000000000000000e+02,3.273983534855277462e-19,2.538452362685730621e-19,1.704187742143303910e-08,1.321325948786408807e-08,7.753406013381004547e-01
6.760000000000000000e+02,3.246488757705971791e-19,2.517276884294683710e-19,1.699904960514733797e-08,1.318079864729092580e-08,7.753844452162641510e-01
6.770000000000000000e+02,3.219261407582343120e-19,2.496305997969291490e-19,1.695637361046454917e-08,1.314844984253680426e-08,7.754281749502320853e-01
6.780000000000000000e+02,3.192298526808265466e-19,2.475537456720436644e-19,1.691384874263913385e-08,1.311621258102402649e-08,7.754717912286031023e-01
6.790000000000000000e+02,3.165597193342558239e-19,2.454969040374617624e-19,1.687147430531918491e-08,1.308408636832917438e-08,7.755152947246621853e-01
6.800000000000000000e+02,3.139154522995970415e-19,2.434598556539253139e-19,1.682924961494439238e-08,1.305207071523155926e-08,7.755586858514063042e-01
6.810000000000000000e+02,3.112967667879157379e-19,2.414423840389723904e-19,1.678717399529166405e-08,1.302016513863002098e-08,7.756019650646270858e-01
6.820000000000000000e+02,3.087033814320198875e-19,2.394442751811851117e-19,1.674524676890555416e-08,1.298836914811580461e-08,7.756451324583678586e-01
6.830000000000000000e+02,3.061350183249483584e-19,2.374653178114322749e-19,1.670346726164797850e-08,1.295668226243179696e-08,7.756881885344252270e-01
6.840000000000000000e+02,3.035914028872702467e-19,2.355053032202470437e-19,1.666183479797747477e-08,1.292510400157936241e-08,7.757311339534045391e-01
6.850000000000000000e+02,3.010722639492095148e-19,2.335640252519902255e-19,1.662034870788390432e-08,1.289363388837423154e-08,7.757739693065587305e-01
6.860000000000000000e+02,2.985773337812753661e-19,2.316412802911371200e-19,1.657900833117269852e-08,1.286227144959224559e-08,7.758166949833752435e-01
6.870000000000000000e+02,2.961063479806406601e-19,2.297368672271643017e-19,1.653781301380407497e-08,1.283101621593190830e-08,7.758593113383183137e-01
6.880000000000000000e+02,2.936590452604861502e-19,2.278505872311393392e-19,1.649676209861221661e-08,1.279986771136917696e-08,7.759018184814557850e-01
6.890000000000000000e+02,2.912351675630977831e-19,2.259822440672693338e-19,1.645585493395535749e-08,1.276882547233926794e-08,7.759442170331609656e-01
6.900000000000000000e+02,2.888344598490217623e-19,2.241316437832737846e-19,1.641509086422540062e-08,1.273788903226361301e-08,7.759865076363494651e-01
6.910000000000000000e+02,2.864566703129864765e-19,2.222985948228242788e-19,1.637446924438485955e-08,1.270705792963093087e-08,7.760286907612861107e-01
6.920000000000000000e+02,2.841015502769584985e-19,2.204829079845010470e-19,1.633398943641609953e-08,1.267633170751206920e-08,7.760707668422142103e-01
6.930000000000000000e+02,2.817688540975951518e-19,2.186843962940662999e-19,1.629365080644022779e-08,1.264570990801754045e-08,7.761127360738083736e-01
6.940000000000000000e+02,2.794583390187652209e-19,2.169028749753759456e-19,1.625345271850434503e-08,1.261519207227237398e-08,7.761545987032122396e-01
6.950000000000000000e+02,2.771697652424565402e-19,2.151381615969728309e-19,1.621339454089379383e-08,1.258477775064327288e-08,7.761963553592469145e-01
6.960000000000000000e+02,2.749028957777484679e-19,2.133900758444997198e-19,1.617347563957502509e-08,1.255446649128182663e-08,7.762380066633411957e-01
6.970000000000000000e+02,2.726574966379336564e-19,2.116584396131003569e-19,1.613369539197865383e-08,1.252425784717697202e-08,7.762795530033236302e-01
6.980000000000000000e+02,2.704333367110116857e-19,2.099430769872702677e-19,1.609405318178979961e-08,1.249415137673053044e-08,7.763209948173585007e-01
6.990000000000000000e+02,2.682301876309150321e-19,2.082438140377492463e-19,1.605454839356495717e-08,1.246414663337564457e-08,7.763623322080843714e-01
7.000000000000000000e+02,2.660478237421700829e-19,2.065604789599355326e-19,1.601518041275394986e-08,1.243424317537043138e-08,7.764035655488601417e-01
7.010000000000000000e+02,2.638860220749830661e-19,2.048929020409399645e-19,1.597594862632312420e-08,1.240444056553397255e-08,7.764446954402145495e-01
7.020000000000000000e+02,2.617445622995051849e-19,2.032409155603749945e-19,1.593685242210185069e-08,1.237473836691308912e-08,7.764857224724824869e-01
7.030000000000000000e+02,2.596232268450836474e-19,2.016043538236755408e-19,1.589789119817903753e-08,1.234513614639127428e-08,7.765266469936151772e-01
7.040000000000000000e+02,2.575218007958978346e-19,1.999830531606275049e-19,1.585906435882016377e-08,1.231563347625622210e-08,7.765674694047616233e-01
7.050000000000000000e+02,2.554400717296852969e-19,1.983768517027866271e-19,1.582037130668513768e-08,1.228622992210261715e-08,7.766081897781301757e-01
7.060000000000000000e+02,2.533778297668179638e-19,1.967855896059646104e-19,1.578181144785030872e-08,1.225692505801900511e-08,7.766488085680786080e-01
7.070000000000000000e+02,2.513348674668771064e-19,1.952091089017998420e-19,1.574338418742161116e-08,1.222771845904061339e-08,7.766893263527235858e-01
7.080000000000000000e+02,2.493109798754288790e-19,1.936472534943360510e-19,1.570508893443028215e-08,1.219860970245396884e-08,7.767297436763280771e-01
7.090000000000000000e+02,2.473059645655231983e-19,1.920998691497643243e-19,1.566692510653332548e-08,1.216959836869126028e-08,7.767700608727852174e-01
7.100000000000000000e+02,2.453196215586853082e-19,1.905668034957079602e-19,1.562889212716623677e-08,1.214068404284092586e-08,7.768102783010392143e-01
7.110000000000000000e+02,2.433517531635656547e-19,1.890479058189431543e-19,1.559098941729155264e-08,1.211186630327330250e-08,7.768503960268455799e-01
7.120000000000000000e+02,2.414021640562862639e-19,1.875430273064279037e-19,1.555321640241040417e-08,1.208314473842049586e-08,7.768904145478150447e-01
7.130000000000000000e+02,2.394706611431945450e-19,1.860520208471450736e-19,1.551557250568757393e-08,1.205451893565130399e-08,7.769303344257811883e-01
7.140000000000000000e+02,2.375570536584963348e-19,1.845747410779184650e-19,1.547805715611942481e-08,1.202598848564136971e-08,7.769701561598614248e-01
7.150000000000000000e+02,2.356611531568182931e-19,1.831110443539599050e-19,1.544066979006779395e-08,1.199755298193977931e-08,7.770098800802801575e-01
7.160000000000000000e+02,2.337827734514805959e-19,1.816607887407082149e-19,1.540340984923919713e-08,1.196921202190256894e-08,7.770495065086999720e-01
7.170000000000000000e+02,2.319217304639979814e-19,1.802238338412740247e-19,1.536627677268469852e-08,1.194096519674448810e-08,7.770890355151554019e-01
7.180000000000000000e+02,2.300778423110663973e-19,1.788000410266391732e-19,1.532927000432604660e-08,1.191281210807014961e-08,7.771284676118468404e-01
7.190000000000000000e+02,2.282509291604344932e-19,1.773892732269053540e-19,1.529238898522607497e-08,1.188475235553438740e-08,7.771678033442782629e-01
7.200000000000000000e+02,2.264408133470010849e-19,1.759913949966869969e-19,1.525563316310494216e-08,1.185678554253487053e-08,7.772070431799558143e-01
7.210000000000000000e+02,2.246473193426918286e-19,1.746062724787949694e-19,1.521900199224530365e-08,1.182891127518702289e-08,7.772461874447700314e-01
7.220000000000000000e+02,2.228702737059124673e-19,1.732337733918035435e-19,1.518249493197491853e-08,1.180112916287128427e-08,7.772852364348663556e-01
7.230000000000000000e+02,2.211095049419158765e-19,1.718737668797432876e-19,1.514611143896852618e-08,1.177343880933449484e-08,7.773241902237241208e-01
7.240000000000000000e+02,2.193648435884871205e-19,1.705261237253316763e-19,1.510985097478710128e-08,1.174583982851615494e-08,7.773630493189992441e-01
7.250000000000000000e+02,2.176361220769006518e-19,1.691907161487180815e-19,1.507371299808055818e-08,1.171833183217785291e-08,7.774018142490858319e-01
7.260000000000000000e+02,2.159231748464613106e-19,1.678674178756154704e-19,1.503769697416642958e-08,1.169091443586026423e-08,7.774404854642521512e-01
7.270000000000000000e+02,2.142258383106098598e-19,1.665561041002199944e-19,1.500180237450966591e-08,1.166358725765345987e-08,7.774790632805335111e-01
7.280000000000000000e+02,2.125439508132246698e-19,1.652566514757181285e-19,1.496602867546829203e-08,1.163634991884972543e-08,7.775175479867654227e-01
7.290000000000000000e+02,2.108773524981914113e-19,1.639689379727670767e-19,1.493037535083087155e-08,1.160920203525181203e-08,7.775559396506239729e-01
7.300000000000000000e+02,2.092258853902875387e-19,1.626928430793061751e-19,1.489484187912642937e-08,1.158214323247540705e-08,7.775942387617136298e-01
7.310000000000000000e+02,2.075893932672531398e-19,1.614282476149066828e-19,1.485942773620734639e-08,1.155517313415014050e-08,7.776324458306111964e-01
7.320000000000000000e+02,2.059677217595790720e-19,1.601750337912832971e-19,1.482413240395336758e-08,1.152829136742761533e-08,7.776705613040260090e-01
7.330000000000000000e+02,2.043607183269251295e-19,1.589330851781339820e-19,1.478895537031333481e-08,1.150149756180394063e-08,7.777085854820763311e-01
7.340000000000000000e+02,2.027682322177473519e-19,1.577022867028045674e-19,1.475389612810169869e-08,1.147479135034667041e-08,7.777465186630040384e-01
7.350000000000000000e+02,2.011901143471082896e-19,1.564825245072646417e-19,1.471895416774531089e-08,1.144817236050552186e-08,7.777843609019936544e-01
7.360000000000000000e+02,1.996262173684798366e-19,1.552736861352800647e-19,1.468412898403908761e-08,1.142164022889343278e-08,7.778221126570178390e-01
7.370000000000000000e+02,1.980763955645941606e-19,1.540756603717186204e-19,1.464942006971989655e-08,1.139519459080998001e-08,7.778597744195795416e-01
7.380000000000000000e+02,1.965405049190740209e-19,1.528883372845584021e-19,1.461482692225070179e-08,1.136883508447555811e-08,7.778973466436880368e-01
7.390000000000000000e+02,1.950184031156921758e-19,1.517116081991602040e-19,1.458034904539566137e-08,1.134256135032456518e-08,7.779348296127684970e-01
7.400000000000000000e+02,1.935099494977757169e-19,1.505453657077287489e-19,1.454598594782776218e-08,1.131637303290384518e-08,7.779722236424808646e-01
7.410000000000000000e+02,1.920150049555682964e-19,1.493895035242539076e-19,1.451173713622313246e-08,1.129026977113844634e-08,7.780095287804315030e-01
7.420000000000000000e+02,1.905334319812494928e-19,1.482439166491874110e-19,1.447760212084825641e-08,1.126425121179960718e-08,7.780467454329809129e-01
7.430000000000000000e+02,1.890650945908013728e-19,1.471085012510440922e-19,1.444358041113755061e-08,1.123831700177173608e-08,7.780838740722338942e-01
7.440000000000000000e+02,1.876098583511855303e-19,1.459831546746227661e-19,1.440967151919505616e-08,1.121246678977552616e-08,7.781209151672507929e-01
7.450000000000000000e+02,1.861675904156417946e-19,1.448677754324265008e-19,1.437587496401766719e-08,1.118670022683483086e-08,7.781578689877843846e-01
7.460000000000000000e+02,1.847381594750787703e-19,1.437622632177666930e-19,1.434219026931990062e-08,1.116101696842663541e-08,7.781947358697176576e-01
7.470000000000000000e+02,1.833214356661334080e-19,1.426665187695121339e-19,1.430861695788394819e-08,1.113541666510540300e-08,7.782315158677768352e-01
7.480000000000000000e+02,1.819172905922721670e-19,1.415804439914140194e-19,1.427515455457723460e-08,1.110989897278602167e-08,7.782682093080180996e-01
7.490000000000000000e+02,1.805255972926367152e-19,1.405039419021177641e-19,1.424180258532653825e-08,1.108446354998858976e-08,7.783048166535474488e-01
7.500000000000000000e+02,1.791462302123579336e-19,1.394369165889958847e-19,1.420856057615626302e-08,1.105911005528113079e-08,7.783413383787586293e-01
7.510000000000000000e+02,1.777790652800879820e-19,1.383792732312055946e-19,1.417542806072640620e-08,1.103383815014502818e-08,7.783777747576259287e-01
7.520000000000000000e+02,1.764239798438522188e-19,1.373309181002763326e-19,1.414240457673649333e-08,1.100864750011732198e-08,7.784141261399043499e-01
7.530000000000000000e+02,1.750808526183404223e-19,1.362917584582457154e-19,1.410948966311463980e-08,1.098353776769814794e-08,7.784503926043172539e-01
7.540000000000000000e+02,1.737495636504988007e-19,1.352617026054629000e-19,1.407668285857989607e-08,1.095850861714198768e-08,7.784865743752018563e-01
7.550000000000000000e+02,1.724299943443972142e-19,1.342406599151971602e-19,1.404398370496856258e-08,1.093355971831541073e-08,7.785226719144705543e-01
7.560000000000000000e+02,1.711220273815202309e-19,1.332285407298999564e-19,1.401139174208664978e-08,1.090869073933590661e-08,7.785586856849473492e-01
7.570000000000000000e+02,1.698255468233337537e-19,1.322252564152029084e-19,1.397890651738371900e-08,1.088390135194459991e-08,7.785946159958743173e-01
7.580000000000000000e+02,1.685404380446273334e-19,1.312307193370695728e-19,1.394652758191490429e-08,1.085919123067876198e-08,7.786304631670730725e-01
7.590000000000000000e+02,1.672665877140072424e-19,1.302448428187537018e-19,1.391425449007646287e-08,1.083456005032369261e-08,7.786662273606406171e-01
7.600000000000000000e+02,1.660038837140520658e-19,1.292675410960033889e-19,1.388208679426878586e-08,1.081000748312325855e-08,7.787019086774595866e-01
7.610000000000000000e+02,1.647522152022975857e-19,1.282987294329864989e-19,1.385002405121146573e-08,1.078553320940084466e-08,7.787375075682581027e-01
7.620000000000000000e+02,1.635114725132551680e-19,1.273383239847320612e-19,1.381806581500863422e-08,1.076113690708325860e-08,7.787730244702510962e-01
7.630000000000000000e+02,1.622815472440449629e-19,1.263862418560090774e-19,1.378621164557579700e-08,1.073681825756569292e-08,7.788084597563319500e-01
7.640000000000000000e+02,1.610623322218877484e-19,1.254424010681228876e-19,1.375446110722845512e-08,1.071257694388691658e-08,7.788438136814447299e-01
7.650000000000000000e+02,1.598537214861903391e-19,1.245067205665546118e-19,1.372281376846034281e-08,1.068841265233955579e-08,7.788790865110429840e-01
7.660000000000000000e+02,1.586556102026864979e-19,1.235791201164254527e-19,1.369126919583351749e-08,1.066432506443806929e-08,7.789142782820603905e-01
7.670000000000000000e+02,1.574678947119884501e-19,1.226595204307381831e-19,1.365982695931885613e-08,1.064031386881403736e-08,7.789493893665410118e-01
7.680000000000000000e+02,1.562904724691498296e-19,1.217478430754140184e-19,1.362848662828581256e-08,1.061637875401161392e-08,7.789844201760015574e-01
7.690000000000000000e+02,1.551232420586039380e-19,1.208440104769130882e-19,1.359724777395675493e-08,1.059251941003431290e-08,7.790193711349810979e-01
7.700000000000000000e+02,1.539661032283032360e-19,1.199479459182134795e-19,1.356610997361515448e-08,1.056873552890307722e-08,7.790542424805859678e-01
7.710000000000000000e+02,1.528189568491650607e-19,1.190595735495962037e-19,1.353507280831369139e-08,1.054502680653109029e-08,7.790890345306443754e-01
7.720000000000000000e+02,1.516817048638494965e-19,1.181788182972931394e-19,1.350413585954337544e-08,1.052139293555165352e-08,7.791237473456091855e-01
7.730000000000000000e+02,1.505542502732040783e-19,1.173056059170399221e-19,1.347329870915334759e-08,1.049783361087750347e-08,7.791583811428151041e-01
7.740000000000000000e+02,1.494364971497858660e-19,1.164398630109445861e-19,1.344256094168928314e-08,1.047434853212374961e-08,7.791929363429369593e-01
7.750000000000000000e+02,1.483283505745972941e-19,1.155815169473711669e-19,1.341192213984686794e-08,1.045093739732460538e-08,7.792274133679043535e-01
7.760000000000000000e+02,1.472297167199692649e-19,1.147304959065020028e-19,1.338138189305177234e-08,1.042759990786482895e-08,7.792618125097615644e-01
7.770000000000000000e+02,1.461405027962211462e-19,1.138867288571037016e-19,1.335093979384729221e-08,1.040433576726902521e-08,7.792961340492154942e-01
7.780000000000000000e+02,1.450606170422321892e-19,1.130501455362222538e-19,1.332059543818530310e-08,1.038114468021026161e-08,7.793303781639742134e-01
7.790000000000000000e+02,1.439899686538440955e-19,1.122206763919889558e-19,1.329034841997263202e-08,1.035802634807166676e-08,7.793645449133376202e-01
7.800000000000000000e+02,1.429284678381972303e-19,1.113982526923780832e-19,1.326019833711740690e-08,1.033498047975638568e-08,7.793986346966718104e-01
7.810000000000000000e+02,1.418760257387127145e-19,1.105828064154404632e-19,1.323014478568673785e-08,1.031200678244428477e-08,7.794326479027281485e-01
7.820000000000000000e+02,1.408325544826242067e-19,1.097742702864390400e-19,1.320018736535580413e-08,1.028910496581944033e-08,7.794665849079864817e-01
7.830000000000000000e+02,1.397979671802936445e-19,1.089725777571899048e-19,1.317032568046965303e-08,1.026627474097352373e-08,7.795004459303112032e-01
7.840000000000000000e+02,1.387721779036855591e-19,1.081776630220510299e-19,1.314055933914914663e-08,1.024351582273458610e-08,7.795342312573017018e-01
7.850000000000000000e+02,1.377551016290936260e-19,1.073894609300728153e-19,1.311088794895190816e-08,1.022082792217382775e-08,7.795679409334655974e-01
7.860000000000000000e+02,1.367466542461295336e-19,1.066079070531310993e-19,1.308131111872443725e-08,1.019821075379280831e-08,7.796015751964806562e-01
7.870000000000000000e+02,1.357467525538515514e-19,1.058329376767219707e-19,1.305182845926188085e-08,1.017566403548662072e-08,7.796351344371011960e-01
7.880000000000000000e+02,1.347553142156171206e-19,1.050644897446875322e-19,1.302243957998588225e-08,1.015318748404266048e-08,7.796686190540703665e-01
7.890000000000000000e+02,1.337722578282281449e-19,1.043025008943658183e-19,1.299314409660876849e-08,1.013078081927377593e-08,7.797020293123607670e-01
7.900000000000000000e+02,1.327975028737307900e-19,1.035469094383004198e-19,1.296394162756393348e-08,1.010844376305148426e-08,7.797353654816611135e-01
7.910000000000000000e+02,1.318309697133417502e-19,1.027976543450197868e-19,1.293483179444563836e-08,1.008617603820771566e-08,7.797686277249336051e-01
7.920000000000000000e+02,1.308725795254289713e-19,1.020546751909459517e-19,1.290581421693167268e-08,1.006397736454592993e-08,7.798018160948405608e-01
7.930000000000000000e+02,1.299222543536356322e-19,1.013179122548902338e-19,1.287688851845498771e-08,1.004184746885372590e-08,7.798349309665826290e-01
7.940000000000000000e+02,1.289799170435007034e-19,1.005873064239073197e-19,1.284805432092898578e-08,1.001978607642011917e-08,7.798679727013819729e-01
7.950000000000000000e+02,1.280454912773903091e-19,9.986279922294552018e-20,1.281931124914196684e-08,9.997792914677646397e-09,7.799009416630575675e-01
7.960000000000000000e+02,1.271189015811769962e-19,9.914433279943214518e-20,1.279065893243071009e-08,9.975867712411981054e-09,7.799338380541265270e-01
7.970000000000000000e+02,1.262000733015117631e-19,9.843184993727219730e-20,1.276209700341773481e-08,9.954010201912280380e-09,7.799666621595621185e-01
7.980000000000000000e+02,1.252889325664889146e-19,9.772529398616392635e-20,1.273362509500899039e-08,9.932220112570322852e-09,7.799994140288697420e-01
7.990000000000000000e+02,1.243854062767166322e-19,9.702460890168553244e-20,1.270524284039394900e-08,9.910497175591190927e-09,7.800320938441739349e-01
8.000000000000000000e+02,1.234894221201380885e-19,9.632973926353916329e-20,1.267694987547243439e-08,9.888841126596158618e-09,7.800647019776615343e-01
8.010000000000000000e+02,1.226009085174882439e-19,9.564063020899142532e-20,1.264874583418672423e-08,9.867251699545215215e-09,7.800972388010395386e-01
8.020000000000000000e+02,1.217197946858441912e-19,9.495722747249728585e-20,1.262063035594587990e-08,9.845728631476500823e-09,7.801297046021115067e-01
8.030000000000000000e+02,1.208460106031759586e-19,9.427947736022637541e-20,1.259260308294636791e-08,9.824271660596774811e-09,7.801620995980864670e-01
8.040000000000000000e+02,1.199794870049787570e-19,9.360732675618455614e-20,1.256466366075872447e-08,9.802880527613806908e-09,7.801944240043313661e-01
8.050000000000000000e+02,1.191201553280412660e-19,9.294072305604660037e-20,1.253681173335602799e-08,9.781554969491808779e-09,7.802266778455757557e-01
8.060000000000000000e+02,1.182679477431842041e-19,9.227961424865915048e-20,1.250904694739197459e-08,9.760294728630081567e-09,7.802588614206948936e-01
8.070000000000000000e+02,1.174227971242273382e-19,9.162394886332825709e-20,1.248136894981815795e-08,9.739099548042698625e-09,7.802909750684510204e-01
8.080000000000000000e+02,1.165846370385459267e-19,9.097367596100107546e-20,1.245377738772486840e-08,9.717969171072999168e-09,7.803230191549406225e-01
8.090000000000000000e+02,1.157534017878231805e-19,9.032874514513453815e-20,1.242627191355528221e-08,9.696903343204862350e-09,7.803549938921690021e-01
8.100000000000000000e+02,1.149290263709105096e-19,8.968910655764849478e-20,1.239885218206090916e-08,9.675901812310667884e-09,7.803868995478547843e-01
8.110000000000000000e+02,1.141114464767350212e-19,8.905471084962876658e-20,1.237151785041171347e-08,9.654964326160377293e-09,7.804187362376936443e-01
8.120000000000000000e+02,1.133005984397490770e-19,8.842550915840861619e-20,1.234426857421719471e-08,9.634090630542970335e-09,7.804505040229904322e-01
8.130000000000000000e+02,1.124964192791692375e-19,8.780145317764558648e-20,1.231710401259267218e-08,9.613280477506700809e-09,7.804822032580340796e-01
8.140000000000000000e+02,1.116988466452397117e-19,8.718249507860684184e-20,1.229002382313616118e-08,9.592533617464997643e-09,7.805138342699469156e-01
8.150000000000000000e+02,1.109078188507044110e-19,8.656858753854220889e-20,1.226302766616703173e-08,9.571849802899654884e-09,7.805453973905500664e-01
8.160000000000000000e+02,1.101232748741021435e-19,8.595968372637951235e-20,1.223611520594978095e-08,9.551228787424506262e-09,7.805768928017484676e-01
8.170000000000000000e+02,1.093451543416322500e-19,8.535573731518860385e-20,1.220928610955017791e-08,9.530670327802195746e-09,7.806083207721087325e-01
8.180000000000000000e+02,1.085733975011328353e-19,8.475670242863717517e-20,1.218254004476141267e-08,9.510174178606005513e-09,7.806396813524495437e-01
8.190000000000000000e+02,1.078079452059366359e-19,8.416253366198890765e-20,1.215587667907234393e-08,9.489740095121254811e-09,7.806709746783518922e-01
8.200000000000000000e+02,1.070487389371481915e-19,8.357318611261874880e-20,1.212929568294915621e-08,9.469367837404043615e-09,7.807022010944687507e-01
8.210000000000000000e+02,1.062957207531334439e-19,8.298861531643784449e-20,1.210279672491645580e-08,9.449057163738432650e-09,7.807333609334546898e-01
8.220000000000000000e+02,1.055488333371661476e-19,8.240877728203088789e-20,1.207637947771447079e-08,9.428807835072753643e-09,7.807644544850964596e-01
8.230000000000000000e+02,1.048080199778761668e-19,8.183362846858215778e-20,1.205004361690205049e-08,9.408619613116696858e-09,7.807954819283519088e-01
8.240000000000000000e+02,1.040732245648368082e-19,8.126312580057906671e-20,1.202378882115697175e-08,9.388492262623758844e-09,7.808264435003910986e-01
8.250000000000000000e+02,1.033443915491511106e-19,8.069722660978645573e-20,1.199761476851140850e-08,9.368425545289675329e-09,7.808573392336094487e-01
8.260000000000000000e+02,1.026214659524027121e-19,8.013588868000693966e-20,1.197152113810955000e-08,9.348419225455776958e-09,7.808881693151323855e-01
8.270000000000000000e+02,1.019043933675434395e-19,7.957907024580474971e-20,1.194550761106265737e-08,9.328473070576372805e-09,7.809189340716952143e-01
8.280000000000000000e+02,1.011931199224008113e-19,7.902672994972618319e-20,1.191957386691672448e-08,9.308586846803223870e-09,7.809496338320949249e-01
8.290000000000000000e+02,1.004875923268190494e-19,7.847882687191590416e-20,1.189371958990698911e-08,9.288760323002679545e-09,7.809802688542548665e-01
8.300000000000000000e+02,9.978775784526934595e-20,7.793532050884271202e-20,1.186794446652178341e-08,9.268993268830821717e-09,7.810108393224851620e-01
8.310000000000000000e+02,9.909356429689198088e-20,7.739617078320988346e-20,1.184224818626355003e-08,9.249285456471951910e-09,7.810413454432315605e-01
8.320000000000000000e+02,9.840496001420404700e-20,7.686133799136922014e-20,1.181663043745897381e-08,9.229636654915942398e-09,7.810717872379079330e-01
8.330000000000000000e+02,9.772189386234599007e-20,7.633078285712465825e-20,1.179109091024305729e-08,9.210046636899801903e-09,7.811021649319087601e-01
8.340000000000000000e+02,9.704431522865113340e-20,7.580446651115859398e-20,1.176562929602348660e-08,9.190515177027083778e-09,7.811324788324980339e-01
8.350000000000000000e+02,9.637217399757463198e-20,7.528235046481187614e-20,1.174024528513705333e-08,9.171042049137400377e-09,7.811627292615239693e-01
8.360000000000000000e+02,9.570542059231758526e-20,7.476439663267916529e-20,1.171493857259387639e-08,9.151627029568558691e-09,7.811929164509686663e-01
8.370000000000000000e+02,9.504400594638989913e-20,7.425056731556338244e-20,1.168970885536211539e-08,9.132269895631125148e-09,7.812230405928474175e-01
8.380000000000000000e+02,9.438788150494418499e-20,7.374082520457896301e-20,1.166455583324388548e-08,9.112970426645640619e-09,7.812531018689756745e-01
8.390000000000000000e+02,9.373699918540890907e-20,7.323513333610483685e-20,1.163947920471366862e-08,9.093728398900062882e-09,7.812831002969061744e-01
8.400000000000000000e+02,9.309131139994975509e-20,7.273345514620292703e-20,1.161447867034245098e-08,9.074543592865737911e-09,7.813130361190956386e-01
8.410000000000000000e+02,9.245077104011098288e-20,7.223575444176848965e-20,1.158955393157154668e-08,9.055415790176733140e-09,7.813429096273092345e-01
8.420000000000000000e+02,9.181533145875662133e-20,7.174199538391464669e-20,1.156470468910269266e-08,9.036344772056187569e-09,7.813727211358061364e-01
8.430000000000000000e+02,9.118494650666059747e-20,7.125214250554334313e-20,1.153993064815030967e-08,9.017330322017924994e-09,7.814024708600200153e-01
8.440000000000000000e+02,9.055957050518327946e-20,7.076616069737118440e-20,1.151523151570921884e-08,8.998372224628325111e-09,7.814321589932982093e-01
8.450000000000000000e+02,8.993915824830281512e-20,7.028401520943751177e-20,1.149060700148550612e-08,8.979470266204278661e-09,7.814617857040462301e-01
8.460000000000000000e+02,8.932366496575657628e-20,6.980567161116222829e-20,1.146605681385358597e-08,8.960624230204110584e-09,7.814913510089758208e-01
8.470000000000000000e+02,8.871304634518657259e-20,6.933109584251146199e-20,1.144158066329985026e-08,8.941833904231703738e-09,7.815208551484181809e-01
8.480000000000000000e+02,8.810725851683480852e-20,6.886025418537310710e-20,1.141717826110440044e-08,8.923099076895538599e-09,7.815502984038013023e-01
8.490000000000000000e+02,8.750625803724611224e-20,6.839311324925264143e-20,1.139284931784809737e-08,8.904419536435904318e-09,7.815796810799729988e-01
8.500000000000000000e+02,8.691000192316316658e-20,6.792963998761800028e-20,1.136859354843542698e-08,8.885795073316549878e-09,7.816090033880607191e-01
8.510000000000000000e+02,8.631844762618328117e-20,6.746980168422081549e-20,1.134441066946717120e-08,8.867225478938474489e-09,7.816382655120289735e-01
8.520000000000000000e+02,8.573155303513086121e-20,6.701356595619967843e-20,1.132030040018970685e-08,8.848710546527062253e-09,7.816674676211572415e-01
8.530000000000000000e+02,8.514927644189827145e-20,6.656090071567570055e-20,1.129626245861697452e-08,8.830250066531943834e-09,7.816966097309543393e-01
8.540000000000000000e+02,8.457157656073079860e-20,6.611177421583492532e-20,1.127229656465859438e-08,8.811843833152268623e-09,7.817256920634569894e-01
8.550000000000000000e+02,8.399841251697682512e-20,6.566615502878801812e-20,1.124840243924068735e-08,8.793491641905620918e-09,7.817547148943595481e-01
8.560000000000000000e+02,8.342974382815917581e-20,6.522401202774466518e-20,1.122457980236129755e-08,8.775193287702399705e-09,7.817836785174243630e-01
8.570000000000000000e+02,8.286553043720832696e-20,6.478531440522365043e-20,1.120082837813473491e-08,8.756948567731350544e-09,7.818125831501793188e-01
8.580000000000000000e+02,8.230573268971964135e-20,6.435003165761018352e-20,1.117714789236949105e-08,8.738757279851117834e-09,7.818414289585419175e-01
8.590000000000000000e+02,8.175031133624866742e-20,6.391813359263947369e-20,1.115353807348605241e-08,8.720619224058678991e-09,7.818702161235405734e-01
8.600000000000000000e+02,8.119922750135242936e-20,6.348959029079416042e-20,1.112999864889501224e-08,8.702534197676539646e-09,7.818989446634414531e-01
8.610000000000000000e+02,8.065244269772026396e-20,6.306437214351114031e-20,1.110652934747562789e-08,8.684502000976956306e-09,7.819276147639075969e-01
8.620000000000000000e+02,8.010991882175558087e-20,6.264244984307026636e-20,1.108312989955127513e-08,8.666522436274494413e-09,7.819562266995876421e-01
8.630000000000000000e+02,7.957161812983161395e-20,6.222379435740854084e-20,1.105980003417107285e-08,8.648595304891999337e-09,7.819847807528834682e-01
8.640000000000000000e+02,7.903750327104736094e-20,6.180837695093709477e-20,1.103653948419839716e-08,8.630720410460100726e-09,7.820132771524229698e-01
8.650000000000000000e+02,7.850753726822570860e-20,6.139616916769173244e-20,1.101334798427436102e-08,8.612897557020096932e-09,7.820417160447670213e-01
8.660000000000000000e+02,7.798168351899066556e-20,6.098714284297275844e-20,1.099022527154675229e-08,8.595126551083547055e-09,7.820700976290250184e-01
8.670000000000000000e+02,7.745990577055716800e-20,6.058127006602799057e-20,1.096717108269041666e-08,8.577407196812572413e-09,7.820984219303709351e-01
8.680000000000000000e+02,7.694216812444015892e-20,6.017852320618814677e-20,1.094418515509362160e-08,8.559739300086345909e-09,7.821266890849783993e-01
8.690000000000000000e+02,7.642843504168301857e-20,5.977887491897209117e-20,1.092126722814560761e-08,8.542122669814236297e-09,7.821548993691878060e-01
8.700000000000000000e+02,7.591867131482127251e-20,5.938229811263681340e-20,1.089841703977815774e-08,8.524557113601677901e-09,7.821830530514548574e-01
8.710000000000000000e+02,7.541284209635674369e-20,5.898876596901192204e-20,1.087563433105453251e-08,8.507042441119199494e-09,7.822111503719830772e-01
8.720000000000000000e+02,7.491091288779414808e-20,5.859825192920534444e-20,1.085291884516603036e-08,8.489578462471012372e-09,7.822391914643619382e-01
8.730000000000000000e+02,7.441284953578505789e-20,5.821072970511816092e-20,1.083027032742822237e-08,8.472164990269710026e-09,7.822671765462319016e-01
8.740000000000000000e+02,7.391861821777575130e-20,5.782617324866974890e-20,1.080768852373578872e-08,8.454801835580240946e-09,7.822951056566674888e-01
8.750000000000000000e+02,7.342818543167759549e-20,5.744455676026519407e-20,1.078517317955911066e-08,8.437488809510929319e-09,7.823229788745819091e-01
8.760000000000000000e+02,7.294151801253548886e-20,5.706585471351502256e-20,1.076272404289101034e-08,8.420225727242498086e-09,7.823507964792818514e-01
8.770000000000000000e+02,7.245858310407604979e-20,5.669004181529485643e-20,1.074034086058077080e-08,8.403012402578884306e-09,7.823785587121954155e-01
8.780000000000000000e+02,7.197934817549221651e-20,5.631709302293793757e-20,1.071802338129700093e-08,8.385848650850184849e-09,7.824062658310232399e-01
8.790000000000000000e+02,7.150378102470294368e-20,5.594698353706780347e-20,1.069577135654337355e-08,8.368734288247513846e-09,7.824339179733640348e-01
8.800000000000000000e+02,7.103184976601488869e-20,5.557968880593481936e-20,1.067358453935204071e-08,8.351669132863494988e-09,7.824615153486663699e-01
8.810000000000000000e+02,7.056352282762389073e-20,5.521518450930099562e-20,1.065146268442012841e-08,8.334653002669479014e-09,7.824890580390014838e-01
8.820000000000000000e+02,7.009876892967943516e-20,5.485344654671954838e-20,1.062940554529658303e-08,8.317685714099127611e-09,7.825165460715373111e-01
8.830000000000000000e+02,6.963755710433597968e-20,5.449445107278354634e-20,1.060741287788195925e-08,8.300767087743813316e-09,7.825439796967037509e-01
8.840000000000000000e+02,6.917985667671495619e-20,5.413817446477058853e-20,1.058548443803732050e-08,8.283896943855180628e-09,7.825713591423614224e-01
8.850000000000000000e+02,6.872563726243450089e-20,5.378459332485052798e-20,1.056361998166854353e-08,8.267075103032394126e-09,7.825986846723534951e-01
8.860000000000000000e+02,6.827486878649838530e-20,5.343368448607549896e-20,1.054181926810560270e-08,8.250301387508172714e-09,7.826259564579670647e-01
8.870000000000000000e+02,6.782752146569455737e-20,5.308542500444318380e-20,1.052008205790858095e-08,8.233575620305553431e-09,7.826531746599710848e-01
8.880000000000000000e+02,6.738356581200869579e-20,5.273979216144068347e-20,1.049840811388195861e-08,8.216897626000118535e-09,7.826803394254584489e-01
8.890000000000000000e+02,6.694297260886806873e-20,5.239676343751549462e-20,1.047679719785859813e-08,8.200267226948652440e-09,7.827074507679450122e-01
8.900000000000000000e+02,6.650571292331455469e-20,5.205631654102147229e-20,1.045524907303926056e-08,8.183684248132525743e-09,7.827345088540862417e-01
8.910000000000000000e+02,6.607175810275020601e-20,5.171842940024535358e-20,1.043376350395438990e-08,8.167148516298681390e-09,7.827615139257599886e-01
8.920000000000000000e+02,6.564107975602644645e-20,5.138308014406690614e-20,1.041234025393587189e-08,8.150659857269659867e-09,7.827884662325268472e-01
8.930000000000000000e+02,6.521364977791173527e-20,5.105024711818586902e-20,1.039097908942705367e-08,8.134218098843838360e-09,7.828153659861083469e-01
8.940000000000000000e+02,6.478944033652111870e-20,5.071990887187845788e-20,1.036967977847626255e-08,8.117823069053505843e-09,7.828422133056794907e-01
8.950000000000000000e+02,6.436842387258375068e-20,5.039204416876622634e-20,1.034844209108698470e-08,8.101474598232114814e-09,7.828690083901457264e-01
8.960000000000000000e+02,6.395057308704170958e-20,5.006663196130521000e-20,1.032726579768764716e-08,8.085172515274495175e-09,7.828957512727935386e-01
8.970000000000000000e+02,6.353586093361577617e-20,4.974365139808120460e-20,1.030615066836055813e-08,8.068916649113765366e-09,7.829224420214421221e-01
8.980000000000000000e+02,6.312426063239502405e-20,4.942308184420686278e-20,1.028509647547080442e-08,8.052706832369447017e-09,7.829490808933643464e-01
8.990000000000000000e+02,6.271574564761434457e-20,4.910490284899825204e-20,1.026410299049988182e-08,8.036542896461305764e-09,7.829756681026747156e-01
9.000000000000000000e+02,6.231028969826943840e-20,4.878909415884557379e-20,1.024316998618732692e-08,8.020424674017111882e-09,7.830022038912235471e-01
9.010000000000000000e+02,6.190786676430055532e-20,4.847563571360822571e-20,1.022229723799356616e-08,8.004351998621127751e-09,7.830286883921820928e-01
9.020000000000000000e+02,6.150845107425489066e-20,4.816450764676217750e-20,1.020148452252482829e-08,7.988324705174267255e-09,7.830551217850780787e-01
9.030000000000000000e+02,6.111201710705903072e-20,4.785569027930313271e-20,1.018073161826118243e-08,7.972342629219789729e-09,7.830815041740021298e-01
9.040000000000000000e+02,6.071853957178565029e-20,4.754916410307895325e-20,1.016003830261680104e-08,7.956405604478319930e-09,7.831078355707657979e-01
9.050000000000000000e+02,6.032799342183443585e-20,4.724490980849547965e-20,1.013940435470095479e-08,7.940513467771600931e-09,7.831341161663134542e-01
9.060000000000000000e+02,5.994035384726377873e-20,4.694290826909364197e-20,1.011882955445981598e-08,7.924666056793465705e-09,7.831603461786460496e-01
9.070000000000000000e+02,5.955559626215273865e-20,4.664314053112252322e-20,1.009831368094781819e-08,7.908863208664322466e-09,7.831865258439867361e-01
9.080000000000000000e+02,5.917369632539515277e-20,4.634558782621232144e-20,1.007785651624234801e-08,7.893104762377829184e-09,7.832126553554931148e-01
9.090000000000000000e+02,5.879462992797108048e-20,4.605023155930389075e-20,1.005745784372365943e-08,7.877390557076584319e-09,7.832387348252677350e-01
9.100000000000000000e+02,5.841837319385243584e-20,4.575705331850069751e-20,1.003711744864643410e-08,7.861720434044866121e-09,7.832647644374298723e-01
9.110000000000000000e+02,5.804490246800865694e-20,4.546603485232497798e-20,1.001683511649558615e-08,7.846094233125607169e-09,7.832907442196754833e-01
9.120000000000000000e+02,5.767419431169986563e-20,4.517715807762822474e-20,9.996610632556938927e-09,7.830511794352157019e-09,7.833166742385428982e-01
9.130000000000000000e+02,5.730622551352906916e-20,4.489040509612508462e-20,9.976443784215806041e-09,7.814972961121603458e-09,7.833425547373938924e-01
9.140000000000000000e+02,5.694097307053799030e-20,4.460575816670718284e-20,9.956334358074038644e-09,7.799477575716327334e-09,7.833683859151818751e-01
9.150000000000000000e+02,5.657841419669661459e-20,4.432319971643826310e-20,9.936282141797262010e-09,7.784025481496663148e-09,7.833941680010203523e-01
9.160000000000000000e+02,5.621852632913495802e-20,4.404271233816599236e-20,9.916286925608606553e-09,7.768616522787755630e-09,7.834199011250333466e-01
9.170000000000000000e+02,5.586128711688576576e-20,4.376427878918158575e-20,9.896348500718816634e-09,7.753250544945605150e-09,7.834455854482541559e-01
9.180000000000000000e+02,5.550667442360645300e-20,4.348788198891141105e-20,9.876466660197665484e-09,7.737927394249170281e-09,7.834712210828547185e-01
9.190000000000000000e+02,5.515466630975568262e-20,4.321350500212443840e-20,9.856641196192222904e-09,7.722646915197795027e-09,7.834968080385411593e-01
9.200000000000000000e+02,5.480524104317606129e-20,4.294113106103006552e-20,9.836871902166316080e-09,7.707408954714975440e-09,7.835223464704891283e-01
9.210000000000000000e+02,5.445837709602021089e-20,4.267074355780843457e-20,9.817158572733045359e-09,7.692213361129445156e-09,7.835478365903560949e-01
9.220000000000000000e+02,5.411405313045380206e-20,4.240232603077255926e-20,9.797501001446612371e-09,7.677059981972856648e-09,7.835732786186324628e-01
9.230000000000000000e+02,5.377224801655354017e-20,4.213586217642846813e-20,9.777898984386655751e-09,7.661948666425916423e-09,7.835986727476436098e-01
9.240000000000000000e+02,5.343294082428673842e-20,4.187133583990131044e-20,9.758352319099006659e-09,7.646879263874552843e-09,7.836240190783143600e-01
9.250000000000000000e+02,5.309611082144547507e-20,4.160873102287677184e-20,9.738860804596416698e-09,7.631851625637727681e-09,7.836493177965689894e-01
9.260000000000000000e+02,5.276173746870515075e-20,4.134803186783281184e-20,9.719424240825297735e-09,7.616865602369516587e-09,7.836745689498528789e-01
9.270000000000000000e+02,5.242980040847293879e-20,4.108922265572562285e-20,9.700042426965460425e-09,7.601921043879433882e-09,7.836997725645620250e-01
9.280000000000000000e+02,5.210027947770822541e-20,4.083228782707968858e-20,9.680715164135982464e-09,7.587017803294193280e-09,7.837249288566735528e-01
9.290000000000000000e+02,5.177315469584663171e-20,4.057721196080476943e-20,9.661442253521783474e-09,7.572155733436089490e-09,7.837500380107216280e-01
9.300000000000000000e+02,5.144840626160739963e-20,4.032397977518621568e-20,9.642223496112328568e-09,7.557334687259390577e-09,7.837751002459599770e-01
9.310000000000000000e+02,5.112601456656273603e-20,4.007257613374789547e-20,9.623058695584910306e-09,7.542554519212484402e-09,7.838001157233959182e-01
9.320000000000000000e+02,5.080596018398867037e-20,3.982298603696249879e-20,9.603947656586262038e-09,7.527815083957093671e-09,7.838250845520400301e-01
9.330000000000000000e+02,5.048822387116548782e-20,3.957519462926781463e-20,9.584890185518695466e-09,7.513116237956992105e-09,7.838500068898194284e-01
9.340000000000000000e+02,5.017278655768946504e-20,3.932918718047008385e-20,9.565886088675571026e-09,7.498457836221521751e-09,7.838748827563875032e-01
9.350000000000000000e+02,4.985962934490518424e-20,3.908494909493121461e-20,9.546935172454028889e-09,7.483839734281997133e-09,7.838997122212870705e-01
9.360000000000000000e+02,4.954873351305048054e-20,3.884246592227647745e-20,9.528037245052881389e-09,7.469261790509139412e-09,7.839244955079606170e-01
9.370000000000000000e+02,4.924008050641658599e-20,3.860172333581502595e-20,9.509192113964930630e-09,7.454723862251898208e-09,7.839492327959283191e-01
9.380000000000000000e+02,4.893365194023774670e-20,3.836270714165625607e-20,9.490399587615267512e-09,7.440225807826983098e-09,7.839739242946409670e-01
9.390000000000000000e+02,4.862942960582784657e-20,3.812540327709886204e-20,9.471659476696961629e-09,7.425767486467713250e-09,7.839985701277861763e-01
9.400000000000000000e+02,4.832739546130343742e-20,3.788979780835869040e-20,9.452971592717918345e-09,7.411348758139346041e-09,7.840231704333764373e-01
9.410000000000000000e+02,4.802753163467828714e-20,3.765587693126468683e-20,9.434335748936691379e-09,7.396969483929852069e-09,7.840477253275131009e-01
9.420000000000000000e+02,4.772982040962250599e-20,3.742362695623671482e-20,9.415751757898841159e-09,7.382629523347146339e-09,7.840722348222365357e-01
9.430000000000000000e+02,4.743424423208727618e-20,3.719303432321360716e-20,9.397219433040267275e-09,7.368328737477953715e-09,7.840966990268620762e-01
9.440000000000000000e+02,4.714078571086249883e-20,3.696408560198781435e-20,9.378738589121345949e-09,7.354066989321824448e-09,7.841211181482343751e-01
9.450000000000000000e+02,4.684942760473857507e-20,3.673676747658580580e-20,9.360309039992151065e-09,7.339844140943045450e-09,7.841454923745978522e-01
9.460000000000000000e+02,4.656015283375947028e-20,3.651106675510689358e-20,9.341930601130954011e-09,7.325660055655095249e-09,7.841698218961544731e-01
9.470000000000000000e+02,4.627294447834368354e-20,3.628697036488856449e-20,9.323603089799801461e-09,7.311514597301870362e-09,7.841941068148650107e-01
9.480000000000000000e+02,4.598778577331137311e-20,3.606446535453867919e-20,9.305326324169654417e-09,7.297407630907314893e-09,7.842183472870831729e-01
9.490000000000000000e+02,4.570466010912454700e-20,3.584353888908412088e-20,9.287100123885312863e-09,7.283339021940215794e-09,7.842425433971942361e-01
9.500000000000000000e+02,4.542355101905025842e-20,3.562417823983258571e-20,9.268924307768753760e-09,7.269308634478813156e-09,7.842666951531839237e-01
9.510000000000000000e+02,4.514444218781209972e-20,3.540637080076513552e-20,9.250798695864116731e-09,7.255316334763053736e-09,7.842908026965054180e-01
9.520000000000000000e+02,4.486731744902621191e-20,3.519010408239229474e-20,9.232723109223682661e-09,7.241361990197199731e-09,7.843148662135148719e-01
9.530000000000000000e+02,4.459216077437933979e-20,3.497536570153708228e-20,9.214697367978557634e-09,7.227445467482553747e-09,7.843388858974593703e-01
9.540000000000000000e+02,4.431895628635105578e-20,3.476214339021733429e-20,9.196721294243100933e-09,7.213566634663762188e-09,7.843628619233313781e-01
9.550000000000000000e+02,4.404768825384859151e-20,3.455042498937255306e-20,9.178794711529090919e-09,7.199725360066461401e-09,7.843867943819677890e-01
9.560000000000000000e+02,4.377834108900599644e-20,3.434019845328961579e-20,9.160917444385196700e-09,7.185921513444290986e-09,7.844106834352713165e-01
9.570000000000000000e+02,4.351089934658288660e-20,3.413145184172002162e-20,9.143089318570257583e-09,7.172154964565987413e-09,7.844345291474772441e-01
9.580000000000000000e+02,4.324534771298507910e-20,3.392417331329419818e-20,9.125310159037756599e-09,7.158425582038004097e-09,7.844583315284096026e-01
9.590000000000000000e+02,4.298167101530561744e-20,3.371835114129749199e-20,9.107579792108686653e-09,7.144733236833703944e-09,7.844820907332921145e-01
9.600000000000000000e+02,4.271985421716816334e-20,3.351397370484448612e-20,9.089898044888070561e-09,7.131077800674436201e-09,7.845058069363907149e-01
9.610000000000000000e+02,4.245988240982652215e-20,3.331102948176065478e-20,9.072264743649991818e-09,7.117459144731941538e-09,7.845294803277990114e-01
9.620000000000000000e+02,4.220174082448138008e-20,3.310950705656715451e-20,9.054679716731490932e-09,7.103877141536399642e-09,7.845531110735652902e-01
9.630000000000000000e+02,4.194541482679674837e-20,3.290939511383744924e-20,9.037142793661122381e-09,7.090331663778536027e-09,7.845766992585169186e-01
9.640000000000000000e+02,4.169088991499417732e-20,3.271068244337918728e-20,9.019653805036378023e-09,7.076822585637602612e-09,7.846002450433362529e-01
9.650000000000000000e+02,4.143815171856610270e-20,3.251335793166571494e-20,9.002212582529421112e-09,7.063349781153125619e-09,7.846237484838956000e-01
9.660000000000000000e+02,4.118718598855011021e-20,3.231741055680555952e-20,8.984818957048935473e-09,7.049913123325316055e-09,7.846472095906159572e-01
9.670000000000000000e+02,4.093797860614445063e-20,3.212282940317693905e-20,8.967472760870866650e-09,7.036512487498722316e-09,7.846706285189071206e-01
9.680000000000000000e+02,4.069051557843955916e-20,3.192960365250179919e-20,8.950173826985741668e-09,7.023147749645918096e-09,7.846940054360025396e-01
9.690000000000000000e+02,4.044478303039681603e-20,3.173772257778573026e-20,8.932921987597815984e-09,7.009818785238768951e-09,7.847173405265351898e-01
9.700000000000000000e+02,4.020076721628251571e-20,3.154717555064329590e-20,8.915717076898917791e-09,6.996525471058110741e-09,7.847406339515268225e-01
9.710000000000000000e+02,3.995845451452799924e-20,3.135795203510105857e-20,8.898558930217709304e-09,6.983267684035031720e-09,7.847638857929304379e-01
9.720000000000000000e+02,3.971783142591596386e-20,3.117004159235917657e-20,8.881447383888428082e-09,6.970045302511567757e-09,7.847870962063820954e-01
9.730000000000000000e+02,3.947888457269046674e-20,3.098343387322422664e-20,8.864382275320858242e-09,6.956858204762280772e-09,7.848102652489079567e-01
9.740000000000000000e+02,3.924160068931573529e-20,3.079811861298064509e-20,8.847363441186285318e-09,6.943706268026732869e-09,7.848333929295094880e-01
9.750000000000000000e+02,3.900596663029613490e-20,3.061408564474106960e-20,8.830390719418234412e-09,6.930589371699519947e-09,7.848564793921284366e-01
9.760000000000000000e+02,3.877196936688651206e-20,3.043132489229360991e-20,8.813463948734829632e-09,6.917507395936646910e-09,7.848795248013300530e-01
9.770000000000000000e+02,3.853959597902885530e-20,3.024982636347587844e-20,8.796582967056920364e-09,6.904460220345218976e-09,7.849025293346661991e-01
9.780000000000000000e+02,3.830883366563698983e-20,3.006958015705279307e-20,8.779747614089627587e-09,6.891447725733606134e-09,7.849254931513406364e-01
9.790000000000000000e+02,3.807966974093980829e-20,2.989057645766802864e-20,8.762957730756879899e-09,6.878469793158379710e-09,7.849484163338841247e-01
9.800000000000000000e+02,3.785209163176155679e-20,2.971280553911778491e-20,8.746213158835568077e-09,6.865526304868566326e-09,7.849712990281856317e-01
9.810000000000000000e+02,3.762608687787074118e-20,2.953625775924393652e-20,8.729513741289873282e-09,6.852617143326773949e-09,7.849941413018762804e-01
9.820000000000000000e+02,3.740164312276931291e-20,2.936092355347198436e-20,8.712859320384138861e-09,6.839742189888398688e-09,7.850169431619887783e-01
9.830000000000000000e+02,3.717874812023114098e-20,2.918679344646470115e-20,8.696249739430616958e-09,6.826901327683971212e-09,7.850397047280474050e-01
9.840000000000000000e+02,3.695738973275701297e-20,2.901385804849132017e-20,8.679684842679350923e-09,6.814094440980799135e-09,7.850624261695360318e-01
9.850000000000000000e+02,3.673755592327896256e-20,2.884210804686074008e-20,8.663164473610776915e-09,6.801321413362715544e-09,7.850851076509630655e-01
9.860000000000000000e+02,3.651923476347343780e-20,2.867153421254376281e-20,8.646688477116555815e-09,6.788582129459592068e-09,7.851077493338126656e-01
9.870000000000000000e+02,3.630241443272090179e-20,2.850212739685156856e-20,8.630256699507825176e-09,6.775876474353478619e-09,7.851303513069201045e-01
9.880000000000000000e+02,3.608708321380703660e-20,2.833387853220436047e-20,8.613868987743131999e-09,6.763204333944512523e-09,7.851529136985979651e-01
9.890000000000000000e+02,3.587322949486289503e-20,2.816677863071120795e-20,8.597525190130141631e-09,6.750565594799245858e-09,7.851754365952676729e-01
9.900000000000000000e+02,3.566084176028512194e-20,2.800081877585605387e-20,8.581225154390149281e-09,6.737960142334419874e-09,7.851979200064787001e-01
9.910000000000000000e+02,3.544990859519616125e-20,2.783599013140960630e-20,8.564968728944324365e-09,6.725387863116628009e-09,7.852203640147517039e-01
9.920000000000000000e+02,3.524041868622358951e-20,2.767228394282775025e-20,8.548755763336174807e-09,6.712848645393727319e-09,7.852427687996106354e-01
9.930000000000000000e+02,3.503236081347130515e-20,2.750969152623193620e-20,8.532586106516483989e-09,6.700342376612497590e-09,7.852651345053910381e-01
9.940000000000000000e+02,3.482572385555889271e-20,2.734820427443668486e-20,8.516459608279964661e-09,6.687868945042828662e-09,7.852874612991384007e-01
9.950000000000000000e+02,3.462049679189051878e-20,2.718781365581605698e-20,8.500376120054415713e-09,6.675428239681482930e-09,7.853097492865703799e-01
9.960000000000000000e+02,3.441666869727393189e-20,2.702851121198695528e-20,8.484335493820664176e-09,6.663020149859958797e-09,7.853319985652134072e-01
9.970000000000000000e+02,3.421422874421429318e-20,2.687028856053062891e-20,8.468337582903417716e-09,6.650644566088019681e-09,7.853542092505726435e-01
9.980000000000000000e+02,3.401316619582624271e-20,2.671313738535047214e-20,8.452382240447472219e-09,6.638301377843395454e-09,7.853763813563596763e-01
9.990000000000000000e+02,3.381347040610707448e-20,2.655704944146932623e-20,8.436469319691316663e-09,6.625990474908957125e-09,7.853985149265494403e-01
1.000000000000000000e+03,3.361513082402032786e-20,2.640201656177553357e-20,8.420598675199797669e-09,6.613711749228911791e-09,7.854206101411175256e-01
1.001000000000000000e+03,3.341813698661842421e-20,2.624803064530218543e-20,8.404770161367569446e-09,6.601465092163436505e-09,7.854426671305060337e-01
1.002000000000000000e+03,3.322247851915353413e-20,2.609508366025913758e-20,8.388983632648748908e-09,6.589250395400400053e-09,7.854646860623211158e-01
1.003000000000000000e+03,3.302814514115577037e-20,2.594316764622587709e-20,8.373238945302923551e-09,6.577067551674798335e-09,7.854866670637997705e-01
1.004000000000000000e+03,3.283512666083544824e-20,2.579227470918300226e-20,8.357535956209024081e-09,6.564916453680977938e-09,7.855086102027161177e-01
1.005000000000000000e+03,3.264341297606901140e-20,2.564239702668499060e-20,8.341874523330707809e-09,6.552796995548521568e-09,7.855305156199050565e-01
1.006000000000000000e+03,3.245299407123562563e-20,2.549352683930695736e-20,8.326254505126095802e-09,6.540709070830293336e-09,7.855523833439725934e-01
1.007000000000000000e+03,3.226386001261087204e-20,2.534565645027643880e-20,8.310675759569433281e-09,6.528652572548822913e-09,7.855742133882822609e-01
1.008000000000000000e+03,3.207600095441685135e-20,2.519877823517568556e-20,8.295138145903152464e-09,6.516627395846769223e-09,7.855960059044025945e-01
1.009000000000000000e+03,3.188940713480364079e-20,2.505288463377013451e-20,8.279641523815676538e-09,6.504633436058520907e-09,7.856177610284820201e-01
1.010000000000000000e+03,3.170406887108036655e-20,2.490796814751885243e-20,8.264185752401736348e-09,6.492670588214852441e-09,7.856394789199836470e-01
1.011000000000000000e+03,3.151997656751306542e-20,2.476402134429418376e-20,8.248770692384624202e-09,6.480738748420912741e-09,7.856611597172920014e-01
1.012000000000000000e+03,3.133712071177191580e-20,2.462103685413811147e-20,8.233396205407290160e-09,6.468837812910589805e-09,7.856828034902747504e-01
1.013000000000000000e+03,3.115549187336784605e-20,2.447900737212713802e-20,8.218062153828986293e-09,6.456967678951707693e-09,7.857044103692081283e-01
1.014000000000000000e+03,3.097508070415685120e-20,2.433792565477867763e-20,8.202768401062481756e-09,6.445128244060878268e-09,7.857259804173014617e-01
1.015000000000000000e+03,3.079587793145845878e-20,2.419778451504591644e-20,8.187514809953576258e-09,6.433319404822728998e-09,7.857475136413470951e-01
1.016000000000000000e+03,3.061787436241237488e-20,2.405857682997249329e-20,8.172301244119695016e-09,6.421541059058755630e-09,7.857690101278775874e-01
1.017000000000000000e+03,3.044106088381381113e-20,2.392029554036688518e-20,8.157127568106912451e-09,6.409793105907872213e-09,7.857904700386391106e-01
1.018000000000000000e+03,3.026542845591318200e-20,2.378293364268161225e-20,8.141993645924921027e-09,6.398075443810039241e-09,7.858118935050121268e-01
1.019000000000000000e+03,3.009096811660921533e-20,2.364648419387359594e-20,8.126899342352373537e-09,6.386387971946446312e-09,7.858332806787137192e-01
1.020000000000000000e+03,2.991767098315239529e-20,2.351094031059032109e-20,8.111844523596309837e-09,6.374730590173972948e-09,7.858546316600008019e-01
1.021000000000000000e+03,2.974552824789849745e-20,2.337629516686229504e-20,8.096829056345516465e-09,6.363103198549919573e-09,7.858759465303433167e-01
1.022000000000000000e+03,2.957453118005507027e-20,2.324254199705405682e-20,8.081852808437115097e-09,6.351505698281001222e-09,7.858972254048348649e-01
1.023000000000000000e+03,2.940467112094811914e-20,2.310967408823100960e-20,8.066915647759244600e-09,6.339937989789564703e-09,7.859184682996673832e-01
1.024000000000000000e+03,2.923593948260388771e-20,2.297768478229210820e-20,8.052017442038928912e-09,6.328399973422372367e-09,7.859396752399355757e-01
1.025000000000000000e+03,2.906832775210077948e-20,2.284656748302407108e-20,8.037158060218611457e-09,6.316891551535672148e-09,7.859608463845306758e-01
1.026000000000000000e+03,2.890182748709974984e-20,2.271631564750789595e-20,8.022337371414658654e-09,6.305412626284465549e-09,7.859819818538208436e-01
1.027000000000000000e+03,2.873643031325059605e-20,2.258692278613860656e-20,8.007555244372166832e-09,6.293963099758240546e-09,7.860030817997458730e-01
1.028000000000000000e+03,2.857212793067956657e-20,2.245838246608396712e-20,7.992811549445661094e-09,6.282542875080653611e-09,7.860241463488999436e-01
1.029000000000000000e+03,2.840891210997077590e-20,2.233068830699521965e-20,7.978106157674067508e-09,6.271151855357762949e-09,7.860451755615710523e-01
1.030000000000000000e+03,2.824677469172667115e-20,2.220383398453742788e-20,7.963438940840951711e-09,6.259789944804649319e-09,7.860661695666376625e-01
1.031000000000000000e+03,2.808570758641486656e-20,2.207781322611393989e-20,7.948809771615364607e-09,6.248457047687826743e-09,7.860871284152028959e-01
1.032000000000000000e+03,2.792570276872149133e-20,2.195261980741594617e-20,7.934218522133311984e-09,6.237153067475854577e-09,7.861080521133467780e-01
1.033000000000000000e+03,2.776675228159972917e-20,2.182824755912461655e-20,7.919665065309578600e-09,6.225877908864630510e-09,7.861289407472260571e-01
1.034000000000000000e+03,2.760884823581545526e-20,2.170469036609372647e-20,7.905149274889304540e-09,6.214631477695720538e-09,7.861497944683333294e-01
1.035000000000000000e+03,2.745198280472224854e-20,2.158194216061269085e-20,7.890671024127659383e-09,6.203413679169709229e-09,7.861706133991966938e-01
1.036000000000000000e+03,2.729614822781278240e-20,2.145999692657413507e-20,7.876230186969453037e-09,6.192224419162989368e-09,7.861913976825479766e-01
1.037000000000000000e+03,2.714133681227924328e-20,2.133884869893808921e-20,7.861826638677935277e-09,6.181063604211664188e-09,7.862121474165560953e-01
1.038000000000000000e+03,2.698754092937039801e-20,2.121849156136155647e-20,7.847460254963351047e-09,6.169931140960187661e-09,7.862328626714405466e-01
1.039000000000000000e+03,2.683475301574799921e-20,2.109891964925837653e-20,7.833130912548715457e-09,6.158826937180978747e-09,7.862535435625755964e-01
1.040000000000000000e+03,2.668296557010781945e-20,2.098012714334420950e-20,7.818838488359395154e-09,6.147750900028257183e-09,7.862741901090506413e-01
1.041000000000000000e+03,2.653217115095545194e-20,2.086210827042373876e-20,7.804582859031830867e-09,6.136702936380386247e-09,7.862948023261364661e-01
1.042000000000000000e+03,2.638236238082574013e-20,2.074485731012619864e-20,7.790363902312048366e-09,6.125682954945565226e-09,7.863153803543845299e-01
1.043000000000000000e+03,2.623353194314518810e-20,2.062836858844988595e-20,7.776181496304201263e-09,6.114690864504879600e-09,7.863359243107967966e-01
1.044000000000000000e+03,2.608567257878200612e-20,2.051263647632315932e-20,7.762035518607039126e-09,6.103726573605908382e-09,7.863564343366046261e-01
1.045000000000000000e+03,2.593877709170065301e-20,2.039765539295593644e-20,7.747925848148418716e-09,6.092789991679039916e-09,7.863769105553689576e-01
1.046000000000000000e+03,2.579283834674007131e-20,2.028341980305789891e-20,7.733852364698979685e-09,6.081881028339324005e-09,7.863973530319705585e-01
1.047000000000000000e+03,2.564784926788740107e-20,2.016992421813374637e-20,7.719814948521939467e-09,6.070999593898080631e-09,7.864177618740010312e-01
1.048000000000000000e+03,2.550380283954227757e-20,2.005716319543827712e-20,7.705813480916732923e-09,6.060145599177987869e-09,7.864381371526572018e-01
1.049000000000000000e+03,2.536069210132136453e-20,1.994513133327407374e-20,7.691847842814302495e-09,6.049318954213350359e-09,7.864584788770364598e-01
1.050000000000000000e+03,2.521851014990611832e-20,1.983382327497630630e-20,7.677917915482833813e-09,6.038519569564179935e-09,7.864787870924302426e-01
1.051000000000000000e+03,2.507725014057721250e-20,1.972323371188581745e-20,7.664023581152548378e-09,6.027747357350263206e-09,7.864990619514489190e-01
1.052000000000000000e+03,2.493690528315353396e-20,1.961335737622749397e-20,7.650164721936692768e-09,6.017002229210760107e-09,7.865193035591936388e-01
1.053000000000000000e+03,2.479746884190497139e-20,1.950418904312111515e-20,7.636341219949926389e-09,6.006284097028012570e-09,7.865395120554078412e-01
1.054000000000000000e+03,2.465893413962698791e-20,1.939572353222329532e-20,7.622552958714540090e-09,5.995592873552900519e-09,7.865596875517139042e-01
1.055000000000000000e+03,2.452129455414688485e-20,1.928795570417290633e-20,7.608799822248921333e-09,5.984928471430847448e-09,7.865798300975529456e-01
1.056000000000000000e+03,2.438454351852860633e-20,1.918088046412892054e-20,7.595081695285494772e-09,5.974290804413436531e-09,7.865999398165612888e-01
1.057000000000000000e+03,2.424867452056031251e-20,1.907449275747161484e-20,7.581398463267868481e-09,5.963679786146424767e-09,7.866200167476561367e-01
1.058000000000000000e+03,2.411368109848565216e-20,1.896878756774909300e-20,7.567750011167490878e-09,5.953095329633517349e-09,7.866400608963987073e-01
1.059000000000000000e+03,2.397955684440660401e-20,1.886375992197214250e-20,7.554136224688629540e-09,5.942537349001854822e-09,7.866600723429233444e-01
1.060000000000000000e+03,2.384629540377486876e-20,1.875940488980681853e-20,7.540556990262607403e-09,5.932005759377064140e-09,7.866800512266238776e-01
1.061000000000000000e+03,2.371389047136075626e-20,1.865571757822749374e-20,7.527012193922301123e-09,5.921500475313245874e-09,7.866999976557194074e-01
1.062000000000000000e+03,2.358233579370521031e-20,1.855269313476267303e-20,7.513501722215209499e-09,5.911021411923845915e-09,7.867199117618751680e-01
1.063000000000000000e+03,2.345162517079869293e-20,1.845032674744005649e-20,7.500025462888713058e-09,5.900568484981647548e-09,7.867397936418447646e-01
1.064000000000000000e+03,2.332175245309800018e-20,1.834861364226463039e-20,7.486583304092794367e-09,5.890141610227922614e-09,7.867596433486390151e-01
1.065000000000000000e+03,2.319271154234749666e-20,1.824754908640401986e-20,7.473175134788992818e-09,5.879740704503819372e-09,7.867794609994557264e-01
1.066000000000000000e+03,2.306449638989427896e-20,1.814712838319029753e-20,7.459800844356663346e-09,5.869365684259462915e-09,7.867992466179088984e-01
1.067000000000000000e+03,2.293710099371658310e-20,1.804734687160008466e-20,7.446460321771113764e-09,5.859016465482045880e-09,7.868190002103577774e-01
1.068000000000000000e+03,2.281051940201215913e-20,1.794819993174717403e-20,7.433153456899531257e-09,5.848692965580693475e-09,7.868387218821474294e-01
1.069000000000000000e+03,2.268474571174036928e-20,1.784968298176817778e-20,7.419880140174338681e-09,5.838395102497652121e-09,7.868584117533294897e-01
1.070000000000000000e+03,2.255977406492362903e-20,1.775179147451368649e-20,7.406640261522083357e-09,5.828122793734309927e-09,7.868780699410689028e-01
1.071000000000000000e+03,2.243559865226354528e-20,1.765452090055199471e-20,7.393433711677377898e-09,5.817875957434501365e-09,7.868976965662922707e-01
1.072000000000000000e+03,2.231221371333741229e-20,1.755786678738788349e-20,7.380260382394095143e-09,5.807654512239311435e-09,7.869172917115097032e-01
1.073000000000000000e+03,2.218961353414096889e-20,1.746182469799249498e-20,7.367120165778787964e-09,5.797458376908807622e-09,7.869368554403035620e-01
1.074000000000000000e+03,2.206779244821478758e-20,1.736639023299528735e-20,7.354012954801945616e-09,5.787287471154590568e-09,7.869563878556493641e-01
1.075000000000000000e+03,2.194674483423121074e-20,1.727155902603853538e-20,7.340938642635471698e-09,5.777141714202973901e-09,7.869758889755440467e-01
1.076000000000000000e+03,2.182646511415527709e-20,1.717732674404992169e-20,7.327897122166646057e-09,5.767021024976041666e-09,7.869953588091451735e-01
1.077000000000000000e+03,2.170694775645154551e-20,1.708368909230964344e-20,7.314888287200378875e-09,5.756925323891638830e-09,7.870147974734117424e-01
1.078000000000000000e+03,2.158818727427914362e-20,1.699064181043432474e-20,7.301912031992012435e-09,5.746854531630405639e-09,7.870342050755469998e-01
1.079000000000000000e+03,2.147017822230926781e-20,1.689818067037192500e-20,7.288968250300625319e-09,5.736808568556766910e-09,7.870535817356809627e-01
1.080000000000000000e+03,2.135291520051799235e-20,1.680630147897139287e-20,7.276056836796838393e-09,5.726787355684913545e-09,7.870729275674590575e-01
1.081000000000000000e+03,2.123639285374917654e-20,1.671500007693587218e-20,7.263177687054214608e-09,5.716790814428583711e-09,7.870922426444434405e-01
1.082000000000000000e+03,2.112060586962633540e-20,1.662427233795696935e-20,7.250330696972303002e-09,5.706818866406381738e-09,7.871115270355207860e-01
1.083000000000000000e+03,2.100554897975585835e-20,1.653411417029724185e-20,7.237515763319552909e-09,5.696871434085333744e-09,7.871307808347227652e-01
1.084000000000000000e+03,2.089121695710180420e-20,1.644452151254199099e-20,7.224732782963078111e-09,5.686948439421386511e-09,7.871500040571741685e-01
1.085000000000000000e+03,2.077760461473052585e-20,1.635549033421712731e-20,7.211981652555482951e-09,5.677049804157720255e-09,7.871691967139325952e-01
1.086000000000000000e+03,2.066470680866189823e-20,1.626701664033494001e-20,7.199262269644290203e-09,5.667175451497364893e-09,7.871883589229726752e-01
1.087000000000000000e+03,2.055251843606268167e-20,1.617909646738064554e-20,7.186574532176140599e-09,5.657325304819111334e-09,7.872074907857439241e-01
1.088000000000000000e+03,2.044103443241587732e-20,1.609172588176822211e-20,7.173918337629332650e-09,5.647499287230441865e-09,7.872265924198816878e-01
1.089000000000000000e+03,2.033024977509506054e-20,1.600490098215408951e-20,7.161293584382149782e-09,5.637697322468617694e-09,7.872456639347538143e-01
1.090000000000000000e+03,2.022015948283902632e-20,1.591861789842180997e-20,7.148700171660991147e-09,5.627919334643937805e-09,7.872647054011635559e-01
1.091000000000000000e+03,2.011075861386434187e-20,1.583287279091459914e-20,7.136137999002726561e-09,5.618165248064279890e-09,7.872837168857185208e-01
1.092000000000000000e+03,2.000204226698518754e-20,1.574766185191625779e-20,7.123606966774949265e-09,5.608434987855624773e-09,7.873026984803901396e-01
1.093000000000000000e+03,1.989400557923826096e-20,1.566298130174181094e-20,7.111106975457279227e-09,5.598728478668592432e-09,7.873216502003989037e-01
1.094000000000000000e+03,1.978664372462441349e-20,1.557882738919714906e-20,7.098637925306229257e-09,5.589045644922960726e-09,7.873405720551459597e-01
1.095000000000000000e+03,1.967995191679190398e-20,1.549519639582722029e-20,7.086199717430921141e-09,5.579386412421005903e-09,7.873594641563100849e-01
1.096000000000000000e+03,1.957392540748247125e-20,1.541208463241776527e-20,7.073792253360132683e-09,5.569750707196014249e-09,7.873783266041378681e-01
1.097000000000000000e+03,1.946855948377606856e-20,1.532948843728709250e-20,7.061415434162878160e-09,5.560138454983675628e-09,7.873971595105313526e-01
1.098000000000000000e+03,1.936384947128358306e-20,1.524740417848430166e-20,7.049069161713862312e-09,5.550549582103118513e-09,7.874159629827770512e-01
1.099000000000000000e+03,1.925979073392415012e-20,1.516582825306571780e-20,7.036753338737857747e-09,5.540984015289010523e-09,7.874347370946592761e-01
1.100000000000000000e+03,1.915637867208411775e-20,1.508475708599147487e-20,7.024467868260409046e-09,5.531441681379775846e-09,7.874534819033376376e-01
1.101000000000000000e+03,1.905360872353443931e-20,1.500418713192557110e-20,7.012212654060497424e-09,5.521922508066664367e-09,7.874721975051820477e-01
1.102000000000000000e+03,1.895147636166935033e-20,1.492411487160211770e-20,6.999987600142580294e-09,5.512426422651333826e-09,7.874908839180020381e-01
1.103000000000000000e+03,1.884997709381527868e-20,1.484453681179056978e-20,6.987792610221991458e-09,5.502953352109520396e-09,7.875095411474583029e-01
1.104000000000000000e+03,1.874910646385002201e-20,1.476544948930057731e-20,6.975627588801727604e-09,5.493503224658386295e-09,7.875281692900780728e-01
1.105000000000000000e+03,1.864886005104231478e-20,1.468684946851493504e-20,6.963492440860456458e-09,5.484075968940687264e-09,7.875467684521587630e-01
1.106000000000000000e+03,1.854923346736393723e-20,1.460873333897863122e-20,6.951387070960147722e-09,5.474671513211165164e-09,7.875653387338976685e-01
1.107000000000000000e+03,1.845022235996373490e-20,1.453109771761497602e-20,6.939311384274699464e-09,5.465289786244717013e-09,7.875838802434648178e-01
1.108000000000000000e+03,1.835182241160773272e-20,1.445393924843953776e-20,6.927265286872282156e-09,5.455930717319118491e-09,7.876023930624600489e-01
1.109000000000000000e+03,1.825402933881004111e-20,1.437725460088304313e-20,6.915248685127900646e-09,5.446594235669544651e-09,7.876208772336880104e-01
1.110000000000000000e+03,1.815683889241873886e-20,1.430104047210958895e-20,6.903261486055453407e-09,5.437280271449446076e-09,7.876393328621145162e-01
1.111000000000000000e+03,1.806024685670523632e-20,1.422529358364429066e-20,6.891303597074932484e-09,5.427988754540135892e-09,7.876577599692585752e-01
1.112000000000000000e+03,1.796424904710599612e-20,1.415001068083156345e-20,6.879374925257430098e-09,5.418719614417685652e-09,7.876761585595530857e-01
1.113000000000000000e+03,1.786884131258919718e-20,1.407518853621647737e-20,6.867475378330295447e-09,5.409472781524035106e-09,7.876945287045576949e-01
1.114000000000000000e+03,1.777401953505568316e-20,1.400082394865964514e-20,6.855604864559257329e-09,5.400248187021479201e-09,7.877128705212589344e-01
1.115000000000000000e+03,1.767977962698964698e-20,1.392691374009628826e-20,6.843763291949409855e-09,5.391045761628974683e-09,7.877311840943821419e-01
1.116000000000000000e+03,1.758611753259467967e-20,1.385345475750493463e-20,6.831950568781955066e-09,5.381865436456384003e-09,7.877494695363256305e-01
1.117000000000000000e+03,1.749302922933986482e-20,1.378044387320384632e-20,6.820166604321544090e-09,5.372707143204094678e-09,7.877677269349580014e-01
1.118000000000000000e+03,1.740051072596405776e-20,1.370787798281156498e-20,6.808411308152026304e-09,5.363570813452181633e-09,7.877859563258361453e-01
1.119000000000000000e+03,1.730855806269396097e-20,1.363575400751228403e-20,6.796684590366116880e-09,5.354456379623864162e-09,7.878041578115126953e-01
1.120000000000000000e+03,1.721716731119858493e-20,1.356406889169083369e-20,6.784986361654292233e-09,5.345363774144254979e-09,7.878223314277917888e-01
1.121000000000000000e+03,1.712633457201633505e-20,1.349281960157516674e-20,6.773316532395038582e-09,5.336292928978623858e-09,7.878404771807874241e-01
1.122000000000000000e+03,1.703605597606877762e-20,1.342200312751927159e-20,6.761675013346611523e-09,5.327243776605018934e-09,7.878585951099063012e-01
1.123000000000000000e+03,1.694632768503418890e-20,1.335161648512589617e-20,6.750061715898648648e-09,5.318216250545008118e-09,7.878766853373848633e-01
1.124000000000000000e+03,1.685714588953171921e-20,1.328165671164310290e-20,6.738476551453027341e-09,5.309210284015758509e-09,7.878947479413467292e-01
1.125000000000000000e+03,1.676850680851841436e-20,1.321212086679735377e-20,6.726919431277048490e-09,5.300225810332173561e-09,7.879127830323917614e-01
1.126000000000000000e+03,1.668040669183344128e-20,1.314300603392013268e-20,6.715390267619670403e-09,5.291262763435214989e-09,7.879307907015730139e-01
1.127000000000000000e+03,1.659284181862120281e-20,1.307430931827027092e-20,6.703888973185722203e-09,5.282321077297815868e-09,7.879487709933881145e-01
1.128000000000000000e+03,1.650580849675751594e-20,1.300602784797534474e-20,6.692415461004546722e-09,5.273400686379271620e-09,7.879667239887288011e-01
1.129000000000000000e+03,1.641930306363040180e-20,1.293815877372551261e-20,6.680969644846099644e-09,5.264501525581020594e-09,7.879846497494888968e-01
1.130000000000000000e+03,1.633332188378930162e-20,1.287069926637821817e-20,6.669551438366241150e-09,5.255623529347664174e-09,7.880025482845770535e-01
1.131000000000000000e+03,1.624786134893986169e-20,1.280364651793202461e-20,6.658160755194069645e-09,5.246766632128757732e-09,7.880204196084819035e-01
1.132000000000000000e+03,1.616291787955989386e-20,1.273699774423539906e-20,6.646797509686997869e-09,5.237930769563372965e-09,7.880382638300096332e-01
1.133000000000000000e+03,1.607848792361305603e-20,1.267075018200468992e-20,6.635461616503310616e-09,5.229115877340621033e-09,7.880560810321147747e-01
1.134000000000000000e+03,1.599456795468513566e-20,1.260490108806824901e-20,6.624152989925561607e-09,5.220321890957069438e-09,7.880738713155435171e-01
1.135000000000000000e+03,1.591115447439554890e-20,1.253944774086127522e-20,6.612871544945595392e-09,5.211548746403832984e-09,7.880916347735752447e-01
1.136000000000000000e+03,1.582824401212927210e-20,1.247438743993324734e-20,6.601617197254253092e-09,5.202796380038723910e-09,7.881093714738068856e-01
1.137000000000000000e+03,1.574583312372335767e-20,1.240971750496633781e-20,6.590389862792338227e-09,5.194064728250302414e-09,7.881270814606384789e-01
1.138000000000000000e+03,1.566391839207338830e-20,1.234543527739050808e-20,6.579189458097580107e-09,5.185353728204807509e-09,7.881447648270324402e-01
1.139000000000000000e+03,1.558249642620498616e-20,1.228153811770715812e-20,6.568015900011107140e-09,5.176663316799399664e-09,7.881624215907646613e-01
1.140000000000000000e+03,1.550156385964580626e-20,1.221802340518666363e-20,6.556869105080934625e-09,5.167993430596664644e-09,7.881800517554898855e-01
1.141000000000000000e+03,1.542111735232812653e-20,1.215488854053898936e-20,6.545748990450682649e-09,5.159344007019183078e-09,7.881976553861037571e-01
1.142000000000000000e+03,1.534115359007227126e-20,1.209213094520940968e-20,6.534655473735833165e-09,5.150714984131182081e-09,7.882152325907614276e-01
1.143000000000000000e+03,1.526166928282350654e-20,1.202974805880088750e-20,6.523588472363693641e-09,5.142106299614049726e-09,7.882327834439423198e-01
1.144000000000000000e+03,1.518266116527087158e-20,1.196773734053818284e-20,6.512547903920325699e-09,5.133517891453282077e-09,7.882503080496473524e-01
1.145000000000000000e+03,1.510412599833421937e-20,1.190609626965915960e-20,6.501533686877799006e-09,5.124949698177582223e-09,7.882678064902425286e-01
1.146000000000000000e+03,1.502606056758726824e-20,1.184482234378577238e-20,6.490545740012416120e-09,5.116401658229648805e-09,7.882852787999704569e-01
1.147000000000000000e+03,1.494846168322640177e-20,1.178391308043441981e-20,6.479583982479832077e-09,5.107873710683880924e-09,7.883027250661580609e-01
1.148000000000000000e+03,1.487132618044362512e-20,1.172336601588260856e-20,6.468648334066743936e-09,5.099365794828629605e-09,7.883201453344015341e-01
1.149000000000000000e+03,1.479465091733471628e-20,1.166317870358721109e-20,6.457738714371171341e-09,5.090877849543281984e-09,7.883375396118068590e-01
1.150000000000000000e+03,1.471843277537809343e-20,1.160334871530746342e-20,6.446855043090745509e-09,5.082409813846421499e-09,7.883549079164369200e-01
1.151000000000000000e+03,1.464266866046883473e-20,1.154387364308278531e-20,6.435997240560351807e-09,5.073961627830710721e-09,7.883722503567985873e-01
1.152000000000000000e+03,1.456735550179883432e-20,1.148475109650557621e-20,6.425165227350269702e-09,5.065533231541472679e-09,7.883895670073675088e-01
1.153000000000000000e+03,1.449249025040620692e-20,1.142597870240538979e-20,6.414358923708691897e-09,5.057124564898377526e-09,7.884068579646023034e-01
1.154000000000000000e+03,1.441806988128123204e-20,1.136755410604114484e-20,6.403578250571463711e-09,5.048735568284734288e-09,7.884241233148323591e-01
1.155000000000000000e+03,1.434409139299967496e-20,1.130947497062199896e-20,6.392823129490220935e-09,5.040366182403665657e-09,7.884413631205211548e-01
1.156000000000000000e+03,1.427055180664843985e-20,1.125173897651300180e-20,6.382093482241709117e-09,5.032016347989681694e-09,7.884585774231226418e-01
1.157000000000000000e+03,1.419744816635385834e-20,1.119434382263290493e-20,6.371389231147374722e-09,5.023686006497425973e-09,7.884757663114468906e-01
1.158000000000000000e+03,1.412477753853342361e-20,1.113728722416541677e-20,6.360710298823984235e-09,5.015375099144051900e-09,7.884929298024047073e-01
1.159000000000000000e+03,1.405253701046517354e-20,1.108056691228238023e-20,6.350056607619950210e-09,5.007083566840188695e-09,7.885100678995177192e-01
1.160000000000000000e+03,1.398072369185881618e-20,1.102418063629432333e-20,6.339428080400334763e-09,4.998811351219686958e-09,7.885271806575984144e-01
1.161000000000000000e+03,1.390933471452661242e-20,1.096812616335346569e-20,6.328824640482878738e-09,4.990558394576589163e-09,7.885442681811797305e-01
1.162000000000000000e+03,1.383836723098435036e-20,1.091240127614476629e-20,6.318246211083441627e-09,4.982324638881506855e-09,7.885613305384544525e-01
1.163000000000000000e+03,1.376781841457486064e-20,1.085700377391521415e-20,6.307692715446761446e-09,4.974110026306422081e-09,7.885783678278175390e-01
1.164000000000000000e+03,1.369768546102221482e-20,1.080193147301925170e-20,6.297164077637006973e-09,4.965914499537442727e-09,7.885953801287781673e-01
1.165000000000000000e+03,1.362796558719950936e-20,1.074718220563157647e-20,6.286660222058586223e-09,4.957738001248064654e-09,7.886123674781070347e-01
1.166000000000000000e+03,1.355865603082010296e-20,1.069275382057783834e-20,6.276181073393719955e-09,4.949580474541313802e-09,7.886293299477619145e-01
1.167000000000000000e+03,1.348975405101908339e-20,1.063864418310230316e-20,6.265726556951487904e-09,4.941441862906746858e-09,7.886462675943751721e-01
1.168000000000000000e+03,1.342125692671017089e-20,1.058485117315151815e-20,6.255296597986567788e-09,4.933322109484316757e-09,7.886631804273256385e-01
1.169000000000000000e+03,1.335316195636209063e-20,1.053137268583366424e-20,6.244891121667018284e-09,4.925221157330042419e-09,7.886800684549482021e-01
1.170000000000000000e+03,1.328546645935357876e-20,1.047820663355449062e-20,6.234510053781605297e-09,4.917138950473488022e-09,7.886969317646617128e-01
1.171000000000000000e+03,1.321816777519070256e-20,1.042535094425596909e-20,6.224153320454449473e-09,4.909075433161351828e-09,7.887137704382450876e-01
1.172000000000000000e+03,1.315126326197268416e-20,1.037280356024481251e-20,6.213820847497983183e-09,4.901030549363539268e-09,7.887305845544222427e-01
1.173000000000000000e+03,1.308475029778278466e-20,1.032056243945833139e-20,6.203512561138741131e-09,4.893004243424140022e-09,7.887473742014896594e-01
1.174000000000000000e+03,1.301862628110756694e-20,1.026862555546467467e-20,6.193228388295245059e-09,4.884996460123240744e-09,7.887641394519748772e-01
1.175000000000000000e+03,1.295288862968265284e-20,1.021699089616589340e-20,6.182968256109766586e-09,4.877007144120245747e-09,7.887808803321897377e-01
1.176000000000000000e+03,1.288753478066130212e-20,1.016565646533602001e-20,6.172732092103364010e-09,4.869036240743149579e-09,7.887975969298905987e-01
1.177000000000000000e+03,1.282256219070745001e-20,1.011462028117748001e-20,6.162519824297114732e-09,4.861083695360490221e-09,7.888142892773470916e-01
1.178000000000000000e+03,1.275796833439455069e-20,1.006388037545087406e-20,6.152331380518157865e-09,4.853149453016384587e-09,7.888309573805248887e-01
1.179000000000000000e+03,1.269375070480337242e-20,1.001343479445344671e-20,6.142166688754888903e-09,4.845233458952180058e-09,7.888476012581779884e-01
1.180000000000000000e+03,1.262990681413677393e-20,9.963281600391979501e-21,6.132025677527092437e-09,4.837335659329847083e-09,7.888642210123026910e-01
1.181000000000000000e+03,1.256643419290256096e-20,9.913418869216861608e-21,6.121908275565404703e-09,4.829456000245615934e-09,7.888808167089988999e-01
1.182000000000000000e+03,1.250333038875635742e-20,9.863844690443238622e-21,6.111814411317378401e-09,4.821594427694215203e-09,7.888973884360697131e-01
1.183000000000000000e+03,1.244059296815571441e-20,9.814557168064293059e-21,6.101744013821704235e-09,4.813750888067607120e-09,7.889139362719038706e-01
1.184000000000000000e+03,1.237821951612100603e-20,9.765554420273462062e-21,6.091697012667968582e-09,4.805925328077270622e-09,7.889304602778379749e-01
1.185000000000000000e+03,1.231620763537041449e-20,9.716834578624196299e-21,6.081673337645823855e-09,4.798117694396638477e-09,7.889469604847205719e-01
1.186000000000000000e+03,1.225455494665122315e-20,9.668395789363729643e-21,6.071672918979087239e-09,4.790327934372919283e-09,7.889634369794712443e-01
1.187000000000000000e+03,1.219325908843004123e-20,9.620236211658318178e-21,6.061695687245275041e-09,4.782555995207550907e-09,7.889798897808038003e-01
1.188000000000000000e+03,1.213231771558015166e-20,9.572354017242997798e-21,6.051741572792610753e-09,4.774801823830056272e-09,7.889963188938182714e-01
1.189000000000000000e+03,1.207172850038831652e-20,9.524747391707029603e-21,6.041810506305487380e-09,4.767065367587598481e-09,7.890127243501743326e-01
1.190000000000000000e+03,1.201148913261767822e-20,9.477414535049762398e-21,6.031902418906836826e-09,4.759346574581717774e-09,7.890291062507366338e-01
1.191000000000000000e+03,1.195159731868872921e-20,9.430353659705541881e-21,6.022017241817573848e-09,4.751645392736083266e-09,7.890454646559489360e-01
1.192000000000000000e+03,1.189205078097637312e-20,9.383562990828587284e-21,6.012154906067220152e-09,4.743961769987414499e-09,7.890617996552289348e-01
1.193000000000000000e+03,1.183284725936230854e-20,9.337040766979076826e-21,6.002315343342169843e-09,4.736295654683380958e-09,7.890781113219799137e-01
1.194000000000000000e+03,1.177398451067620094e-20,9.290785239608930441e-21,5.992498485776004922e-09,4.728646995377188317e-09,7.890943997067773052e-01
1.195000000000000000e+03,1.171546030804780729e-20,9.244794672694246046e-21,5.982704265689454528e-09,4.721015740692423735e-09,7.891106648488779296e-01
1.196000000000000000e+03,1.165727244132469526e-20,9.199067343661387470e-21,5.972932615870479110e-09,4.713401839847562820e-09,7.891269068269313181e-01
1.197000000000000000e+03,1.159941871650408637e-20,9.153601541727488861e-21,5.963183469352582721e-09,4.705805241861357589e-09,7.891431256553746998e-01
1.198000000000000000e+03,1.154189695470810173e-20,9.108395567727849233e-21,5.953456758952537340e-09,4.698225895508708045e-09,7.891593213377638971e-01
1.199000000000000000e+03,1.148470499327489018e-20,9.063447735532301973e-21,5.943752417893311084e-09,4.690663750097630441e-09,7.891754939146973236e-01
1.200000000000000000e+03,1.142784068559353691e-20,9.018756372117599712e-21,5.934070379786689145e-09,4.683118755563567448e-09,7.891916434823124105e-01
1.201000000000000000e+03,1.137130190028061863e-20,8.974319815836851922e-21,5.924410578271951371e-09,4.675590861625736730e-09,7.892077700984603261e-01
1.202000000000000000e+03,1.131508652078305121e-20,8.930136416890623929e-21,5.914772946869566349e-09,4.668080018076966748e-09,7.892238738509107510e-01
1.203000000000000000e+03,1.125919244674525466e-20,8.886204537870717212e-21,5.905157419756785729e-09,4.660586175117089435e-09,7.892399548103906648e-01
1.204000000000000000e+03,1.120361759336206331e-20,8.842522553155961549e-21,5.895563931498305941e-09,4.653109283088494681e-09,7.892560130216326186e-01
1.205000000000000000e+03,1.114835989086719571e-20,8.799088848779890086e-21,5.885992416842483979e-09,4.645649292455072803e-09,7.892720485269010267e-01
1.206000000000000000e+03,1.109341728494473116e-20,8.755901823130777258e-21,5.876442811001859995e-09,4.638206154221240252e-09,7.892880613995942873e-01
1.207000000000000000e+03,1.103878773610853290e-20,8.712959885448706251e-21,5.866915049390203193e-09,4.630779819188070150e-09,7.893040516530719364e-01
1.208000000000000000e+03,1.098446921882974166e-20,8.670261455699516892e-21,5.857409067219406867e-09,4.623370237928330461e-09,7.893200192902197765e-01
1.209000000000000000e+03,1.093045972258026560e-20,8.627804965942348313e-21,5.847924800112913137e-09,4.615977361559790331e-09,7.893359643528014002e-01
1.210000000000000000e+03,1.087675725162000262e-20,8.585588860286156571e-21,5.838462184056539540e-09,4.608601141776135963e-09,7.893518869337093902e-01
1.211000000000000000e+03,1.082335982424327670e-20,8.543611593327346110e-21,5.829021155056513470e-09,4.601241530060010833e-09,7.893677870886713910e-01
1.212000000000000000e+03,1.077026547243474636e-20,8.501871630608925001e-21,5.819601649011425441e-09,4.593898477972259247e-09,7.893836649030133712e-01
1.213000000000000000e+03,1.071747224312177229e-20,8.460367449103752362e-21,5.810203602446643879e-09,4.586571937459640835e-09,7.893995204450771075e-01
1.214000000000000000e+03,1.066497819758364127e-20,8.419097536678962820e-21,5.800826952260308635e-09,4.579261860614102793e-09,7.894153537591359626e-01
1.215000000000000000e+03,1.061278141097273189e-20,8.378060391926174722e-21,5.791471635524785304e-09,4.571968199626454465e-09,7.894311648842553542e-01
1.216000000000000000e+03,1.056087997268238672e-20,8.337254524872578076e-21,5.782137589747227117e-09,4.564690907221022628e-09,7.894469538938406750e-01
1.217000000000000000e+03,1.050927198583548160e-20,8.296678455576525371e-21,5.772824752651779941e-09,4.557429935936448554e-09,7.894627208011063546e-01
1.218000000000000000e+03,1.045795556643293740e-20,8.256330714000189990e-21,5.763533061769523206e-09,4.550185238095639020e-09,7.894784656095368280e-01
1.219000000000000000e+03,1.040692884426717056e-20,8.216209841166794325e-21,5.754262454995700953e-09,4.542956766485077636e-09,7.894941883544086547e-01
1.220000000000000000e+03,1.035618996279684744e-20,8.176314389310538900e-21,5.745012870581310234e-09,4.535744474488417818e-09,7.895098891274490160e-01
1.221000000000000000e+03,1.030573707852638131e-20,8.136642920401075227e-21,5.735784246848356592e-09,4.528548315317592771e-09,7.895255679824246808e-01
1.222000000000000000e+03,1.025556836050467144e-20,8.097194006439435470e-21,5.726576521965566523e-09,4.521368242217496365e-09,7.895412250014953726e-01
1.223000000000000000e+03,1.020568199152826766e-20,8.057966229949586943e-21,5.717389634674073850e-09,4.514204208783952188e-09,7.895568602508388212e-01
1.224000000000000000e+03,1.015607616771495293e-20,8.018958183635356279e-21,5.708223524111044142e-09,4.507056168818488760e-09,7.895724737794642678e-01
1.225000000000000000e+03,1.010674909798257462e-20,7.980168469959606214e-21,5.699078129575845640e-09,4.499924076135994395e-09,7.895880656177109991e-01
1.226000000000000000e+03,1.005769900433422966e-20,7.941595702032337558e-21,5.689953390747299147e-09,4.492807885108733208e-09,7.896036358425534418e-01
1.227000000000000000e+03,1.000892412158563707e-20,7.903238502300647567e-21,5.680849247588111372e-09,4.485707549973045344e-09,7.896191844692093120e-01
1.228000000000000000e+03,9.960422696448503648e-21,7.865095502354674450e-21,5.671765639880211182e-09,4.478623024757517919e-09,7.896347115026614016e-01
1.229000000000000000e+03,9.912192988219161295e-21,7.827165343752172239e-21,5.662702507667579917e-09,4.471554263791358643e-09,7.896502169656012260e-01
1.230000000000000000e+03,9.864233268869896720e-21,7.789446678583962310e-21,5.653659791365000823e-09,4.464501222073912294e-09,7.896657009487333401e-01
1.231000000000000000e+03,9.816541822577434134e-21,7.751938168055844089e-21,5.644637431544805276e-09,4.457463854510433506e-09,7.896811635057541245e-01
1.232000000000000000e+03,9.769116944982379073e-21,7.714638482493352693e-21,5.635635368563763038e-09,4.450442115953300221e-09,7.896966047126450228e-01
1.233000000000000000e+03,9.721956944298635298e-21,7.677546301903089276e-21,5.626653543252928554e-09,4.443435961565854044e-09,7.897120246356907902e-01
1.234000000000000000e+03,9.675060141164906570e-21,7.640660315860288843e-21,5.617691896890157051e-09,4.436445346801791035e-09,7.897274233315856318e-01
1.235000000000000000e+03,9.628424868051987191e-21,7.603979222789425234e-21,5.608750370912821400e-09,4.429470227030212323e-09,7.897428008209461670e-01
1.236000000000000000e+03,9.582049469414755500e-21,7.567501730980730490e-21,5.599828907059647950e-09,4.422510558167475936e-09,7.897581571808491852e-01
1.237000000000000000e+03,9.535932301726715719e-21,7.531226557558612608e-21,5.590927447445998237e-09,4.415566296120229633e-09,7.897734924350184871e-01
1.238000000000000000e+03,9.490071732522800246e-21,7.495152428065844257e-21,5.582045934056821326e-09,4.408637396579398256e-09,7.897888065882263664e-01
1.239000000000000000e+03,9.444466140674279596e-21,7.459278076930277290e-21,5.573184308956342447e-09,4.401723815330643645e-09,7.898040996521300539e-01
1.240000000000000000e+03,9.399113916895283488e-21,7.423602248461795872e-21,5.564342514638564231e-09,4.394825508884469465e-09,7.898193717088133337e-01
1.241000000000000000e+03,9.354013463329064445e-21,7.388123695636311392e-21,5.555520493837580140e-09,4.387942433803897908e-09,7.898346228172843375e-01
1.242000000000000000e+03,9.309163192644333410e-21,7.352841179656976941e-21,5.546718189041820917e-09,4.381074546481771986e-09,7.898498530423067043e-01
1.243000000000000000e+03,9.264561528906761101e-21,7.317753470645901606e-21,5.537935543059580604e-09,4.374221803589188348e-09,7.898650624547595145e-01
1.244000000000000000e+03,9.220206907810250601e-21,7.282859347675612338e-21,5.529172499211187142e-09,4.367384162136400924e-09,7.898802511152379635e-01
1.245000000000000000e+03,9.176097776003909099e-21,7.248157597972105645e-21,5.520429000980405299e-09,4.360561579036147325e-09,7.898954190447390333e-01
1.246000000000000000e+03,9.132232591119563115e-21,7.213647017701638126e-21,5.511704992081423409e-09,4.353754011614052363e-09,7.899105663073440198e-01
1.247000000000000000e+03,9.088609822036495619e-21,7.179326411557056277e-21,5.503000416670356840e-09,4.346961417401722058e-09,7.899256929425952922e-01
1.248000000000000000e+03,9.045227947993660041e-21,7.145194592004112394e-21,5.494315218860324937e-09,4.340183753718951255e-09,7.899407989589695145e-01
1.249000000000000000e+03,9.002085458450358800e-21,7.111250379421059892e-21,5.485649342682820038e-09,4.333420977791888024e-09,7.899558843607343839e-01
1.250000000000000000e+03,8.959180853882800399e-21,7.077492603240173041e-21,5.477002732620092491e-09,4.326673047485732055e-09,7.899709492049011850e-01
1.251000000000000000e+03,8.916512645376219069e-21,7.043920101308273533e-21,5.468375333408750684e-09,4.319939920958973159e-09,7.899859935667781219e-01
1.252000000000000000e+03,8.874079353972754883e-21,7.010531718975788180e-21,5.459767089688849519e-09,4.313221556143560364e-09,7.900010174956693110e-01
1.253000000000000000e+03,8.831879510829036959e-21,6.977326309695263249e-21,5.451177946145593899e-09,4.306517911146410424e-09,7.900160210677863448e-01
1.254000000000000000e+03,8.789911657932501503e-21,6.944302735203716919e-21,5.442607847999374584e-09,4.299828944400695842e-09,7.900310043431204576e-01
1.255000000000000000e+03,8.748174347571318715e-21,6.911459865018960458e-21,5.434056740730590013e-09,4.293154614393564311e-09,7.900459673552037154e-01
1.256000000000000000e+03,8.706666142086958938e-21,6.878796576520517370e-21,5.425524569974869824e-09,4.286494879752601421e-09,7.900609101420871250e-01
1.257000000000000000e+03,8.665385614145369611e-21,6.846311755351453633e-21,5.417011281740078236e-09,4.279849699534257785e-09,7.900758327679657800e-01
1.258000000000000000e+03,8.624331346337826291e-21,6.814004294416480351e-21,5.408516822206698002e-09,4.273219032637177809e-09,7.900907352440638132e-01
1.259000000000000000e+03,8.583501930590457576e-21,6.781873093816267510e-21,5.400041137403610347e-09,4.266602837792953464e-09,7.901056175739386012e-01
1.260000000000000000e+03,8.542895968790479284e-21,6.749917061595843802e-21,5.391584173645187959e-09,4.260001074070242068e-09,7.901204797828658144e-01
1.261000000000000000e+03,8.502512072732677673e-21,6.718135114006964706e-21,5.383145877546027902e-09,4.253413701080532425e-09,7.901353219540656614e-01
1.262000000000000000e+03,8.462348863780882116e-21,6.686526174438548799e-21,5.374726195854542729e-09,4.246840678341535874e-09,7.901501441351691524e-01
1.263000000000000000e+03,8.422404972296489023e-21,6.655089173457158395e-21,5.366325075134549714e-09,4.240281965335353629e-09,7.901649463956555985e-01
1.264000000000000000e+03,8.382679038506157979e-21,6.623823049227877682e-21,5.357942462360316457e-09,4.233737521810636754e-09,7.901797287956621174e-01
1.265000000000000000e+03,8.343169712406982267e-21,6.592726747468380043e-21,5.349578304905427867e-09,4.227207307790908435e-09,7.901944913891001399e-01
1.266000000000000000e+03,8.303875653280856602e-21,6.561799220810516135e-21,5.341232550279655865e-09,4.220691283201637039e-09,7.902092341927052788e-01
1.267000000000000000e+03,8.264795529785182415e-21,6.531039429622555072e-21,5.332905146232303201e-09,4.214189408432406258e-09,7.902239572758442687e-01
1.268000000000000000e+03,8.225928020095040601e-21,6.500446341328822589e-21,5.324596040890460070e-09,4.207701643936877331e-09,7.902386606652701539e-01
1.269000000000000000e+03,8.187271811117475298e-21,6.470018929972380279e-21,5.316305182296978251e-09,4.201227949982638871e-09,7.902533443664052637e-01
1.270000000000000000e+03,8.148825598524314440e-21,6.439756176431494102e-21,5.308032518472487313e-09,4.194768286821917094e-09,7.902680083861017835e-01
1.271000000000000000e+03,8.110588087360727511e-21,6.409657069339562342e-21,5.299777997854472015e-09,4.188322615324965384e-09,7.902826527866900763e-01
1.272000000000000000e+03,8.072557991683293653e-21,6.379720604371678188e-21,5.291541569108165579e-09,4.181890896554495582e-09,7.902972776342206407e-01
1.273000000000000000e+03,8.034734033947358837e-21,6.349945783580965553e-21,5.283323180768616237e-09,4.175473091364439144e-09,7.903118829760841235e-01
1.274000000000000000e+03,7.997114945291704861e-21,6.320331615970236462e-21,5.275122781467510901e-09,4.169069160805694119e-09,7.903264688837975394e-01
1.275000000000000000e+03,7.959699466061157962e-21,6.290877117588793107e-21,5.266940320321436379e-09,4.162679066225103098e-09,7.903410354137179183e-01
1.276000000000000000e+03,7.922486345337357053e-21,6.261581311073452406e-21,5.258775746668736672e-09,4.156302768997091011e-09,7.903555825954308167e-01
1.277000000000000000e+03,7.885474340758721399e-21,6.232443225778474057e-21,5.250629009993581107e-09,4.149940230642076858e-09,7.903701104655174170e-01
1.278000000000000000e+03,7.848662218747990215e-21,6.203461898090280809e-21,5.242500060120481648e-09,4.143591413070294290e-09,7.903846190847858555e-01
1.279000000000000000e+03,7.812048754177637474e-21,6.174636370577056574e-21,5.234388847035473814e-09,4.137256278049236194e-09,7.903991084637119746e-01
1.280000000000000000e+03,7.775632729867932437e-21,6.145965691941965888e-21,5.226295320591077905e-09,4.130934787200934089e-09,7.904135786061430302e-01
1.281000000000000000e+03,7.739412937089702161e-21,6.117448917598103434e-21,5.218219430882791906e-09,4.124626902418159018e-09,7.904280295319768834e-01
1.282000000000000000e+03,7.703388175554069899e-21,6.089085109990642686e-21,5.210161128285372459e-09,4.118332586117233585e-09,7.904424613202984951e-01
1.283000000000000000e+03,7.667557253174330417e-21,6.060873337687036387e-21,5.202120363334854919e-09,4.112051800659461303e-09,7.904568740165409668e-01
1.284000000000000000e+03,7.631918985483195189e-21,6.032812675313325441e-21,5.194097086373445544e-09,4.105784508337235749e-09,7.904712676835855545e-01
1.285000000000000000e+03,7.596472196356638121e-21,6.004902203957396297e-21,5.186091248079463026e-09,4.099530671678441377e-09,7.904856423798169995e-01
1.286000000000000000e+03,7.561215718040107758e-21,5.977141011190218835e-21,5.178102799529152872e-09,4.093290253494710406e-09,7.904999981589618807e-01
1.287000000000000000e+03,7.526148390685466015e-21,5.949528190453640639e-21,5.170131691923182613e-09,4.087063216495151807e-09,7.905143350371504063e-01
1.288000000000000000e+03,7.491269062397342906e-21,5.922062841704572943e-21,5.162177876658701647e-09,4.080849523758356281e-09,7.905286530730221140e-01
1.289000000000000000e+03,7.456576589430803161e-21,5.894744071068331518e-21,5.154241305507011361e-09,4.074649138528090914e-09,7.905429523011586745e-01
1.290000000000000000e+03,7.422069835549575208e-21,5.867570990323385714e-21,5.146321930212168295e-09,4.068462023887982282e-09,7.905572327303378444e-01
1.291000000000000000e+03,7.387747671893837586e-21,5.840542716944605365e-21,5.138419702436154471e-09,4.062288142818342100e-09,7.905714943628266989e-01
1.292000000000000000e+03,7.353608977581307705e-21,5.813658374929187571e-21,5.130534574214375157e-09,4.056127458799921393e-09,7.905857372418204632e-01
1.293000000000000000e+03,7.319652639417649686e-21,5.786917094464917523e-21,5.122666497795987363e-09,4.049979935618479974e-09,7.905999614382416274e-01
1.294000000000000000e+03,7.285877551542667488e-21,5.760318011228696669e-21,5.114815425435835792e-09,4.043845536905860024e-09,7.906141669933832716e-01
1.295000000000000000e+03,7.252282615272387684e-21,5.733860266674603151e-21,5.106981309320138106e-09,4.037724226369072932e-09,7.906283539750396105e-01
1.296000000000000000e+03,7.218866739740497951e-21,5.707543008228997537e-21,5.099164102055150148e-09,4.031615967957787660e-09,7.906425224347847225e-01
1.297000000000000000e+03,7.185628841650332429e-21,5.681365389160679035e-21,5.091363756534389391e-09,4.025520725804442033e-09,7.906566724166945725e-01
1.298000000000000000e+03,7.152567844980691944e-21,5.655326568209172731e-21,5.083580225770231715e-09,4.019438463991078723e-09,7.906708039376086905e-01
1.299000000000000000e+03,7.119682681087749776e-21,5.629425710217449494e-21,5.075813463004438455e-09,4.013369147027702974e-09,7.906849170639417279e-01
1.300000000000000000e+03,7.086972288753532429e-21,5.603661985478095322e-21,5.068063421782228775e-09,4.007312739419233694e-09,7.906990118150547531e-01
1.301000000000000000e+03,7.054435613597021414e-21,5.578034569500388176e-21,5.060330055570183429e-09,4.001269205526088785e-09,7.907130881950421575e-01
1.302000000000000000e+03,7.022071608132429181e-21,5.552542643187017096e-21,5.052613317832434718e-09,3.995238509716738751e-09,7.907271462108823590e-01
1.303000000000000000e+03,6.989879232230242669e-21,5.527185393537864399e-21,5.044913162398694859e-09,3.989220616903284638e-09,7.907411859209361182e-01
1.304000000000000000e+03,6.957857452832761955e-21,5.501962013072675831e-21,5.037229543299083732e-09,3.983215492159225321e-09,7.907552073853790775e-01
1.305000000000000000e+03,6.926005243483090009e-21,5.476871699319705096e-21,5.029562414460099478e-09,3.977223100377783931e-09,7.907692106460757486e-01
1.306000000000000000e+03,6.894321584505575776e-21,5.451913655256096554e-21,5.021911729869223298e-09,3.971243406616963768e-09,7.907831957692293967e-01
1.307000000000000000e+03,6.862805463450941732e-21,5.427087089382587973e-21,5.014277443935694282e-09,3.965276376183594813e-09,7.907971628054270008e-01
1.308000000000000000e+03,6.831455874758885024e-21,5.402391215439177072e-21,5.006659511284127018e-09,3.959321974455557726e-09,7.908111117866004625e-01
1.309000000000000000e+03,6.800271819574768066e-21,5.377825252346485223e-21,4.999057886657286436e-09,3.953380166866404903e-09,7.908250427381841030e-01
1.310000000000000000e+03,6.769252305897209468e-21,5.353388424618788180e-21,4.991472525060769143e-09,3.947450919237282415e-09,7.908389557226349620e-01
1.311000000000000000e+03,6.738396348465048502e-21,5.329079961683232191e-21,4.983903381717289287e-09,3.941534197305708374e-09,7.908528507524127393e-01
1.312000000000000000e+03,6.707702968291405471e-21,5.304899097795675372e-21,4.976350411758007836e-09,3.935629966688072696e-09,7.908667278311141136e-01
1.313000000000000000e+03,6.677171192857489692e-21,5.280845072289717973e-21,4.968813570398865156e-09,3.929738193089211587e-09,7.908805869675156197e-01
1.314000000000000000e+03,6.646800056364971558e-21,5.256917130126724650e-21,4.961292813163612889e-09,3.923858842740297929e-09,7.908944282283177918e-01
1.315000000000000000e+03,6.616588599536066485e-21,5.233114521240846532e-21,4.953788095772025455e-09,3.917991881942352563e-09,7.909082516642753635e-01
1.316000000000000000e+03,6.586535869099574937e-21,5.209436500202942688e-21,4.946299373789926558e-09,3.912137276840608443e-09,7.909220573204148730e-01
1.317000000000000000e+03,6.556640918147451800e-21,5.185882326653180102e-21,4.938826602928271218e-09,3.906294993773562654e-09,7.909358452587681443e-01
1.318000000000000000e+03,6.526902806416441287e-21,5.162451265331062380e-21,4.931369739290845013e-09,3.900464999324063916e-09,7.909496155291266817e-01
1.319000000000000000e+03,6.497320599949579703e-21,5.139142585730682276e-21,4.923928739156236635e-09,3.894647260087084110e-09,7.909633681568003505e-01
1.320000000000000000e+03,6.467893370982976347e-21,5.115955562206739615e-21,4.916503558926770241e-09,3.888841742775670183e-09,7.909771031721921641e-01
1.321000000000000000e+03,6.438620198094558494e-21,5.092889474233330613e-21,4.909094155275966946e-09,3.883048414445110100e-09,7.909908206327370683e-01
1.322000000000000000e+03,6.409500166020842483e-21,5.069943605777793439e-21,4.901700485044537606e-09,3.877267242044198110e-09,7.910045205483354769e-01
1.323000000000000000e+03,6.380532365270737372e-21,5.047117245267669495e-21,4.894322504978507369e-09,3.871498192413059267e-09,7.910182029228702838e-01
1.324000000000000000e+03,6.351715892379482555e-21,5.024409685868180263e-21,4.886960171954831666e-09,3.865741232519677584e-09,7.910318677660398423e-01
1.325000000000000000e+03,6.323049850041187861e-21,5.001820225919511206e-21,4.879613443117192798e-09,3.859996329823864603e-09,7.910455151459749867e-01
1.326000000000000000e+03,6.294533346963714726e-21,4.979348168307699227e-21,4.872282275799075448e-09,3.854263451822181023e-09,7.910591451087601866e-01
1.327000000000000000e+03,6.266165497369966421e-21,4.956992820210826701e-21,4.864966627170640796e-09,3.848542565875725133e-09,7.910727577002832911e-01
1.328000000000000000e+03,6.237945421387499158e-21,4.934753493491033232e-21,4.857666454570705530e-09,3.842833639537529251e-09,7.910863529795683080e-01
1.329000000000000000e+03,6.209872245262892395e-21,4.912629504714980912e-21,4.850381715707634241e-09,3.837136640595516865e-09,7.910999309949583447e-01
1.330000000000000000e+03,6.181945101046027973e-21,4.890620174817823180e-21,4.843112368448317375e-09,3.831451536836725549e-09,7.911134917698147140e-01
1.331000000000000000e+03,6.154163126501146011e-21,4.868724829233850586e-21,4.835858370781237621e-09,3.825778296173765516e-09,7.911270353345164486e-01
1.332000000000000000e+03,6.126525465242535700e-21,4.846942798114281864e-21,4.828619680955658761e-09,3.820116886842059174e-09,7.911405617445519400e-01
1.333000000000000000e+03,6.099031266559784990e-21,4.825273415752443812e-21,4.821396257377665616e-09,3.814467276973867100e-09,7.911540710094087103e-01
1.334000000000000000e+03,6.071679685069540113e-21,4.803716020559128418e-21,4.814188058366495659e-09,3.808829434600635581e-09,7.911675631327561575e-01
1.335000000000000000e+03,6.044469880938388337e-21,4.782269955306824096e-21,4.806995042360433369e-09,3.803203327869056188e-09,7.911810381234605227e-01
1.336000000000000000e+03,6.017401020019087415e-21,4.760934567546736697e-21,4.799817168057072768e-09,3.797588925398679117e-09,7.911944960470052024e-01
1.337000000000000000e+03,5.990472273714787527e-21,4.739709209038172574e-21,4.792654394338244161e-09,3.791986195855609114e-09,7.912079369493523195e-01
1.338000000000000000e+03,5.963682818525848679e-21,4.718593235490082551e-21,4.785506679938619938e-09,3.786395107768775430e-09,7.912213608731898384e-01
1.339000000000000000e+03,5.937031836371931419e-21,4.697586006929330569e-21,4.778373983732100226e-09,3.780815629847141522e-09,7.912347678768697490e-01
1.340000000000000000e+03,5.910518514821942342e-21,4.676686887719588113e-21,4.771256264948745130e-09,3.775247731020422191e-09,7.912481580070772624e-01
1.341000000000000000e+03,5.884142046814600462e-21,4.655895246283676803e-21,4.764153482982938324e-09,3.769691380240226880e-09,7.912615312888581220e-01
1.342000000000000000e+03,5.857901630552659274e-21,4.635210455153873538e-21,4.757065597338851854e-09,3.764146546543760031e-09,7.912748877479132137e-01
1.343000000000000000e+03,5.831796469618018678e-21,4.614631891241395485e-21,4.749992567754609258e-09,3.758613199297016314e-09,7.912882274411151551e-01
1.344000000000000000e+03,5.805825772870009554e-21,4.594158935303089768e-21,4.742934354151301464e-09,3.753091307786313882e-09,7.913015503791197558e-01
1.345000000000000000e+03,5.779988754097989098e-21,4.573790971895673824e-21,4.735890916379530376e-09,3.747580841201789636e-09,7.913148565648807642e-01
1.346000000000000000e+03,5.754284632142678920e-21,4.553527389541834826e-21,4.728862214346395161e-09,3.742081768794547824e-09,7.913281460055744398e-01
1.347000000000000000e+03,5.728712631135304613e-21,4.533367581187054993e-21,4.721848208241643429e-09,3.736594060276099767e-09,7.913414187593210691e-01
1.348000000000000000e+03,5.703271980326224092e-21,4.513310943720801337e-21,4.714848858428265016e-09,3.731117685451261932e-09,7.913546748760599270e-01
1.349000000000000000e+03,5.677961913717770117e-21,4.493356877660032178e-21,4.707864125168548789e-09,3.725652613978861683e-09,7.913679143927029314e-01
1.350000000000000000e+03,5.652781670229449945e-21,4.473504787481548705e-21,4.700893968787732889e-09,3.720198815667590000e-09,7.913811373684217498e-01
1.351000000000000000e+03,5.627730494005651759e-21,4.453754081651594862e-21,4.693938349959242244e-09,3.714756260524463516e-09,7.913943438470424363e-01
1.352000000000000000e+03,5.602807634183115708e-21,4.434104172461726743e-21,4.686997229542844068e-09,3.709324918641895749e-09,7.914075338601581633e-01
1.353000000000000000e+03,5.578012344746384589e-21,4.414554475904557758e-21,4.680070568493489251e-09,3.703904760116031217e-09,7.914207074249983709e-01
1.354000000000000000e+03,5.553343884610097485e-21,4.395104412048951605e-21,4.673158327959183535e-09,3.698495755383742537e-09,7.914338645998569843e-01
1.355000000000000000e+03,5.528801517635508369e-21,4.375753404579367663e-21,4.666260469324870279e-09,3.693097874859996105e-09,7.914470053992347376e-01
1.356000000000000000e+03,5.504384512249737281e-21,4.356500880681221515e-21,4.659376953920572184e-09,3.687711088861482639e-09,7.914601298266941143e-01
1.357000000000000000e+03,5.480092141453728330e-21,4.337346271118963354e-21,4.652507743054133585e-09,3.682335367692345772e-09,7.914732378876345731e-01
1.358000000000000000e+03,5.455923683180549398e-21,4.318289010722504691e-21,4.645652798342661796e-09,3.676970682079002768e-09,7.914863296264333936e-01
1.359000000000000000e+03,5.431878420076838216e-21,4.299328538062473464e-21,4.638812081557008056e-09,3.671617002919757785e-09,7.914994050992871788e-01
1.360000000000000000e+03,5.407955639268162403e-21,4.280464295074533569e-21,4.631985554449470767e-09,3.666274300986147482e-09,7.915124643392585924e-01
1.361000000000000000e+03,5.384154632310576311e-21,4.261695727279552503e-21,4.625173178738188258e-09,3.660942547130678333e-09,7.915255074036892102e-01
1.362000000000000000e+03,5.360474695566265383e-21,4.243022283864637127e-21,4.618374916456439778e-09,3.655621712378236289e-09,7.915385343343023239e-01
1.363000000000000000e+03,5.336915130066266474e-21,4.224443417653808373e-21,4.611590729864705450e-09,3.650311767923576699e-09,7.915515451716308437e-01
1.364000000000000000e+03,5.313475241315899266e-21,4.205958584800447530e-21,4.604820581311285508e-09,3.645012684887474772e-09,7.915645399260067272e-01
1.365000000000000000e+03,5.290154339331854720e-21,4.187567245204890528e-21,4.598064433291585984e-09,3.639724434698685738e-09,7.915775186501986527e-01
1.366000000000000000e+03,5.266951738763853660e-21,4.169268862230785842e-21,4.591322248581965636e-09,3.634446988871201242e-09,7.915904813681295948e-01
1.367000000000000000e+03,5.243866758507213615e-21,4.151062902471124857e-21,4.584593989930635917e-09,3.629180318820825760e-09,7.916034280880202001e-01
1.368000000000000000e+03,5.220898721639507542e-21,4.132948835745019692e-21,4.577879620027075977e-09,3.623924395880697407e-09,7.916163588109517146e-01
1.369000000000000000e+03,5.198046955762223046e-21,4.114926135541181677e-21,4.571179101826883028e-09,3.618679191709776607e-09,7.916292735639175460e-01
1.370000000000000000e+03,5.175310792832593337e-21,4.096994278927904433e-21,4.564492398432492907e-09,3.613444678237848090e-09,7.916421724086456502e-01
1.371000000000000000e+03,5.152689569080941730e-21,4.079152746155506800e-21,4.557819473047221915e-09,3.608220827337320861e-09,7.916550553778235466e-01
1.372000000000000000e+03,5.130182624726135283e-21,4.061401020670684018e-21,4.551160288749192565e-09,3.603007610854514644e-09,7.916679225210806470e-01
1.373000000000000000e+03,5.107789304351975448e-21,4.043738589306499970e-21,4.544514808849153724e-09,3.597805000797628412e-09,7.916807738841390440e-01
1.374000000000000000e+03,5.085508956932010974e-21,4.026164942311163278e-21,4.537882996940680542e-09,3.592612969384008793e-09,7.916936095104374349e-01
1.375000000000000000e+03,5.063340935586119919e-21,4.008679573020988603e-21,4.531264816710988324e-09,3.587431488769650841e-09,7.917064294144660064e-01
1.376000000000000000e+03,5.041284597581406416e-21,3.991281978108749825e-21,4.524660231967494952e-09,3.582260531290229369e-09,7.917192336301737132e-01
1.377000000000000000e+03,5.019339304431028710e-21,3.973971657614308347e-21,4.518069206752807264e-09,3.577100069510221070e-09,7.917320222018305875e-01
1.378000000000000000e+03,4.997504421705289509e-21,3.956748114560447999e-21,4.511491705201759428e-09,3.571950075898272525e-09,7.917447951372285075e-01
1.379000000000000000e+03,4.975779318829557026e-21,3.939610854955691711e-21,4.504927691383821798e-09,3.566810522847090167e-09,7.917575524395239484e-01
1.380000000000000000e+03,4.954163369260194173e-21,3.922559387978008900e-21,4.498377129485809400e-09,3.561681382857804372e-09,7.917702941160306152e-01
1.381000000000000000e+03,4.932655950556874969e-21,3.905593226263586845e-21,4.491839983903248987e-09,3.556562628823100143e-09,7.917830202251715521e-01
1.382000000000000000e+03,4.911256444301241083e-21,3.888711885505783615e-21,4.485316219192814505e-09,3.551454233685117958e-09,7.917957308089738078e-01
1.383000000000000000e+03,4.889964235776841620e-21,3.871914884247102055e-21,4.478805799805079924e-09,3.546356170264010247e-09,7.918084259019110283e-01
1.384000000000000000e+03,4.868778714143710392e-21,3.855201744150679702e-21,4.472308690266799241e-09,3.541268411523845219e-09,7.918211055580306468e-01
1.385000000000000000e+03,4.847699272655442300e-21,3.838571990005004308e-21,4.465824855405337947e-09,3.536190930597254360e-09,7.918337698168177452e-01
1.386000000000000000e+03,4.826725308478658465e-21,3.822025149607380782e-21,4.459354260209478388e-09,3.531123700698328252e-09,7.918464187082669969e-01
1.387000000000000000e+03,4.805856222580732035e-21,3.805560753642403506e-21,4.452896869750830983e-09,3.526066695029224152e-09,7.918590522458093250e-01
1.388000000000000000e+03,4.785091419781649115e-21,3.789178335998637148e-21,4.446452649256223287e-09,3.521019887092197964e-09,7.918716704834749542e-01
1.389000000000000000e+03,4.764430308812393787e-21,3.772877433431259937e-21,4.440021564187234230e-09,3.515983250397419229e-09,7.918842734361889457e-01
1.390000000000000000e+03,4.743872301988274277e-21,3.756657585447447510e-21,4.433603579961038032e-09,3.510956758373712544e-09,7.918968611092123133e-01
1.391000000000000000e+03,4.723416815186781533e-21,3.740518334325464449e-21,4.427198661951667309e-09,3.505940384402965799e-09,7.919094335056158229e-01
1.392000000000000000e+03,4.703063268160435479e-21,3.724459225507320763e-21,4.420806775806011783e-09,3.500934102206149311e-09,7.919219906569771039e-01
1.393000000000000000e+03,4.682811084350095448e-21,3.708479807430407253e-21,4.414427887294213567e-09,3.495937885707018375e-09,7.919345326195428303e-01
1.394000000000000000e+03,4.662659690795842288e-21,3.692579631216302088e-21,4.408061962249522867e-09,3.490951708758248245e-09,7.919470594230815230e-01
1.395000000000000000e+03,4.642608517946490348e-21,3.676758250732531471e-21,4.401708966410822640e-09,3.485975545216300180e-09,7.919595711160303253e-01
1.396000000000000000e+03,4.622656999975839469e-21,3.661015222722240394e-21,4.395368865744101592e-09,3.481009369082033465e-09,7.919720677396948627e-01
1.397000000000000000e+03,4.602804574780077988e-21,3.645350106835738769e-21,4.389041626465265333e-09,3.476053154550043007e-09,7.919845493353177002e-01
1.398000000000000000e+03,4.583050683774222474e-21,3.629762465337996305e-21,4.382727214870974634e-09,3.471106875748812133e-09,7.919970159153516542e-01
1.399000000000000000e+03,4.563394771901050737e-21,3.614251863340973603e-21,4.376425597370159357e-09,3.466170506979580012e-09,7.920094675121266414e-01
1.400000000000000000e+03,4.543836287712028495e-21,3.598817868820692970e-21,4.370136740585153688e-09,3.461244022752170986e-09,7.920219041678582261e-01
1.401000000000000000e+03,4.524374683211132260e-21,3.583460052290857239e-21,4.363860611225698335e-09,3.456327397490017412e-09,7.920343258899880112e-01
1.402000000000000000e+03,4.505009413688002865e-21,3.568177986809347527e-21,4.357597175950270315e-09,3.451420605551961664e-09,7.920467326811370112e-01
1.403000000000000000e+03,4.485739937836075685e-21,3.552971248108621479e-21,4.351346401501316230e-09,3.446523621374516306e-09,7.920591245471483299e-01
1.404000000000000000e+03,4.466565717856109155e-21,3.537839414871715584e-21,4.345108254828443448e-09,3.441636419758089266e-09,7.920715015405237480e-01
1.405000000000000000e+03,4.447486219368450385e-21,3.522782068406222845e-21,4.338882703026965549e-09,3.436758975570653825e-09,7.920838637036773378e-01
1.406000000000000000e+03,4.428500911167449751e-21,3.507798792440995082e-21,4.332669713120775684e-09,3.431891263566246164e-09,7.920962110666615041e-01
1.407000000000000000e+03,4.409609265302990925e-21,3.492889173343027466e-21,4.326469252162289020e-09,3.427033258612496286e-09,7.921085436813698477e-01
1.408000000000000000e+03,4.390810757306303906e-21,3.478052800128312939e-21,4.320281287475911769e-09,3.422184935719223230e-09,7.921208615836693445e-01
1.409000000000000000e+03,4.372104866059837607e-21,3.463289264424243701e-21,4.314105786554297027e-09,3.417346270019571219e-09,7.921331648079560361e-01
1.410000000000000000e+03,4.353491073678922745e-21,3.448598160269710212e-21,4.307942716964305089e-09,3.412517236590085059e-09,7.921454533626660632e-01
1.411000000000000000e+03,4.334968865537729762e-21,3.433979084421467748e-21,4.301792046394383529e-09,3.407697810769977862e-09,7.921577272955802052e-01
1.412000000000000000e+03,4.316537730365340387e-21,3.419431636142271313e-21,4.295653742772365990e-09,3.402887967970008073e-09,7.921699866278846258e-01
1.413000000000000000e+03,4.298197159962533609e-21,3.404955417037914136e-21,4.289527774006591950e-09,3.398087683526747617e-09,7.921822313678124061e-01
1.414000000000000000e+03,4.279946649154428876e-21,3.390550031045172550e-21,4.283414107958493127e-09,3.393296932705287608e-09,7.921944615162502812e-01
1.415000000000000000e+03,4.261785696017167288e-21,3.376215084713446161e-21,4.277312712689609467e-09,3.388515690996649892e-09,7.922066770904676591e-01
1.416000000000000000e+03,4.243713801783777265e-21,3.361950187225654568e-21,4.271223556389765045e-09,3.383743934157706792e-09,7.922188781468987306e-01
1.417000000000000000e+03,4.225730470827629596e-21,3.347754950108832910e-21,4.265146607382168468e-09,3.378981637938447243e-09,7.922310647165243802e-01
1.418000000000000000e+03,4.207835210385430795e-21,3.333628987153729555e-21,4.259081833864801466e-09,3.374228778016008318e-09,7.922432368373034661e-01
1.419000000000000000e+03,4.190027530800787778e-21,3.319571914610286487e-21,4.253029204175664289e-09,3.369485330207515414e-09,7.922553945548558296e-01
1.420000000000000000e+03,4.172306945608862272e-21,3.305583351187913145e-21,4.246988686900640881e-09,3.364751270487724362e-09,7.922675379065456935e-01
1.421000000000000000e+03,4.154672971389785721e-21,3.291662917912321375e-21,4.240960250746976644e-09,3.360026574860414690e-09,7.922796669147277315e-01
1.422000000000000000e+03,4.137125127703352215e-21,3.277810238108011497e-21,4.234943864497646193e-09,3.355311219356099164e-09,7.922917815946327602e-01
1.423000000000000000e+03,4.119662937134349303e-21,3.264024937607520459e-21,4.228939497078369047e-09,3.350605180262360501e-09,7.923038819962262558e-01
1.424000000000000000e+03,4.102285925324341113e-21,3.250306644473549643e-21,4.222947117611654300e-09,3.345908433856513210e-09,7.923159681310046887e-01
1.425000000000000000e+03,4.084993620723156426e-21,3.236654988934772341e-21,4.216966695182256042e-09,3.341220956354199696e-09,7.923280400035962456e-01
1.426000000000000000e+03,4.067785554569244948e-21,3.223069603392400345e-21,4.210998198835434627e-09,3.336542723930261265e-09,7.923400976169956422e-01
1.427000000000000000e+03,4.050661261144248380e-21,3.209550122726787487e-21,4.205041597859719260e-09,3.331873713051339595e-09,7.923521409983662611e-01
1.428000000000000000e+03,4.033620277614430938e-21,3.196096184175179724e-21,4.199096861644220175e-09,3.327213900367528892e-09,7.923641702003291210e-01
1.429000000000000000e+03,4.016662143992723481e-21,3.182707427094537624e-21,4.193163959659280051e-09,3.322563262482080122e-09,7.923761852498748537e-01
1.430000000000000000e+03,3.999786402947241691e-21,3.169383492974501405e-21,4.187242861275929434e-09,3.317921775978970946e-09,7.923881861889279232e-01
1.431000000000000000e+03,3.982992600048941105e-21,3.156124025566453824e-21,4.181333536043178361e-09,3.313289417572720531e-09,7.924001730577336922e-01
1.432000000000000000e+03,3.966280283799099227e-21,3.142928670900528919e-21,4.175435953738050031e-09,3.308666164142656338e-09,7.924121458935515783e-01
1.433000000000000000e+03,3.949649005475303583e-21,3.129797077089909316e-21,4.169550084224708640e-09,3.304051992543081546e-09,7.924241047118736336e-01
1.434000000000000000e+03,3.933098319112117180e-21,3.116728894424869542e-21,4.163675897453625580e-09,3.299446879716863080e-09,7.924360495337070542e-01
1.435000000000000000e+03,3.916627781545933876e-21,3.103723775487989887e-21,4.157813363528741546e-09,3.294850802833304423e-09,7.924479804059699761e-01
1.436000000000000000e+03,3.900236952391200659e-21,3.090781374881676442e-21,4.151962452702542326e-09,3.290263739015492822e-09,7.924598973369414434e-01
1.437000000000000000e+03,3.883925393854235149e-21,3.077901349210179609e-21,4.146123135197535027e-09,3.285685665334633929e-09,7.924718003287408719e-01
1.438000000000000000e+03,3.867692670722352362e-21,3.065083357104795194e-21,4.140295381212256719e-09,3.281116558850426899e-09,7.924836893858846487e-01
1.439000000000000000e+03,3.851538350592088917e-21,3.052327059502558131e-21,4.134479161183926609e-09,3.276556396924134057e-09,7.924955645406802640e-01
1.440000000000000000e+03,3.835462003719182873e-21,3.039632119481193670e-21,4.128674445648190952e-09,3.272005157059114949e-09,7.925074258417144080e-01
1.441000000000000000e+03,3.819463202950372487e-21,3.026998202053965215e-21,4.122881205184698704e-09,3.267462816695271958e-09,7.925192733145689505e-01
1.442000000000000000e+03,3.803541523598128013e-21,3.014424974225772299e-21,4.117099410299851150e-09,3.262929353282735973e-09,7.925311070021247017e-01
1.443000000000000000e+03,3.787696543664310848e-21,3.001912105080758956e-21,4.111329031686210707e-09,3.258404744390896644e-09,7.925429269411945477e-01
1.444000000000000000e+03,3.771927843844378228e-21,2.989459265808758016e-21,4.105570040247250170e-09,3.253888967752574246e-09,7.925547331684579255e-01
1.445000000000000000e+03,3.756235007382010127e-21,2.977066129500688135e-21,4.099822406959104360e-09,3.249382001056633916e-09,7.925665256965962469e-01
1.446000000000000000e+03,3.740617620066784597e-21,2.964732371276505881e-21,4.094086102886437102e-09,3.244883822101011174e-09,7.925783045484274814e-01
1.447000000000000000e+03,3.725075270276314255e-21,2.952457668360875978e-21,4.088361099247235940e-09,3.240394408890812645e-09,7.925900697684081786e-01
1.448000000000000000e+03,3.709607548934047355e-21,2.940241699830124417e-21,4.082647367385730239e-09,3.235913739376159365e-09,7.926018213638260645e-01
1.449000000000000000e+03,3.694214049354417001e-21,2.928084146608653300e-21,4.076944878620405024e-09,3.231441791460869278e-09,7.926135593362142462e-01
1.450000000000000000e+03,3.678894367236219259e-21,2.915984691496891645e-21,4.071253604253385341e-09,3.226978543046093502e-09,7.926252836902012433e-01
1.451000000000000000e+03,3.663648100867255247e-21,2.903943019424985125e-21,4.065573515814304819e-09,3.222523972325097021e-09,7.926369944584924498e-01
1.452000000000000000e+03,3.648474850986653480e-21,2.891958817290336727e-21,4.059904584927178394e-09,3.218078057619745351e-09,7.926486916877794053e-01
1.453000000000000000e+03,3.633374220718416258e-21,2.880031773773108688e-21,4.054246783254390603e-09,3.213640777189565608e-09,7.926603754026879667e-01
1.454000000000000000e+03,3.618345815461178980e-21,2.868161579392270060e-21,4.048600082390636139e-09,3.209212109306689073e-09,7.926720456448982377e-01
1.455000000000000000e+03,3.603389243093002707e-21,2.856347926583787587e-21,4.042964454108453526e-09,3.204792032356794522e-09,7.926837024500896778e-01
1.456000000000000000e+03,3.588504113975439677e-21,2.844590509725762853e-21,4.037339870381865943e-09,3.200380524881933851e-09,7.926953458538605890e-01
1.457000000000000000e+03,3.573690040820395874e-21,2.832889024951500091e-21,4.031726303255493950e-09,3.195977565384715261e-09,7.927069758688882750e-01
1.458000000000000000e+03,3.558946638686088832e-21,2.821243170259562923e-21,4.026123724857399127e-09,3.191583132465112314e-09,7.927185925162184565e-01
1.459000000000000000e+03,3.544273525012348579e-21,2.809652645593747099e-21,4.020532107456650877e-09,3.187197204925323968e-09,7.927301958400509996e-01
1.460000000000000000e+03,3.529670319597650921e-21,2.798117152611230501e-21,4.014951423455433472e-09,3.182819761521560006e-09,7.927417858476338841e-01
1.461000000000000000e+03,3.515136644445392871e-21,2.786636394674957822e-21,4.009381645231755174e-09,3.178450780967395254e-09,7.927533625409388662e-01
1.462000000000000000e+03,3.500672123747469586e-21,2.775210076867421123e-21,4.003822745136467079e-09,3.174090241961562849e-09,7.927649259241561497e-01
1.463000000000000000e+03,3.486276384087903843e-21,2.763837906229086950e-21,3.998274695742503390e-09,3.169738123473766237e-09,7.927764760257741683e-01
1.464000000000000000e+03,3.471949054306091467e-21,2.752519591628495744e-21,3.992737469706659532e-09,3.165394404611521701e-09,7.927880128928384007e-01
1.465000000000000000e+03,3.457689765463086278e-21,2.741254843590441429e-21,3.987211039747781885e-09,3.161059064436350562e-09,7.927995365493141211e-01
1.466000000000000000e+03,3.443498150703299507e-21,2.730043374317517757e-21,3.981695378503553042e-09,3.156732082000443954e-09,7.928110470336492410e-01
1.467000000000000000e+03,3.429373845446372828e-21,2.718884897785696341e-21,3.976190458767619670e-09,3.152413436469686095e-09,7.928225443825305252e-01
1.468000000000000000e+03,3.415316487407569142e-21,2.707779129757352260e-21,3.970696253531155032e-09,3.148103107152628763e-09,7.928340286298678485e-01
1.469000000000000000e+03,3.401325716481879737e-21,2.696725787637358724e-21,3.965212735866079281e-09,3.143801073346897921e-09,7.928454997913826352e-01
1.470000000000000000e+03,3.387401174721355872e-21,2.685724590519111162e-21,3.959739878915220973e-09,3.139507314404997177e-09,7.928569578830697573e-01
1.471000000000000000e+03,3.373542506363375938e-21,2.674775259303332640e-21,3.954277655941898274e-09,3.135221809886423814e-09,7.928684029497221619e-01
1.472000000000000000e+03,3.359749357852028914e-21,2.663877516494964247e-21,3.948826040372108481e-09,3.130944539333813452e-09,7.928798349999677253e-01
1.473000000000000000e+03,3.346021377659474220e-21,2.653031086171547861e-21,3.943385005601544298e-09,3.126675482247433934e-09,7.928912540383499241e-01
1.474000000000000000e+03,3.332358216268264529e-21,2.642235693976366909e-21,3.937954524989554599e-09,3.122414618088440694e-09,7.929026600673411140e-01
1.475000000000000000e+03,3.318759526360539051e-21,2.631491067335107467e-21,3.932534572098035009e-09,3.118161926546963928e-09,7.929140531073328724e-01
1.476000000000000000e+03,3.305224962698362716e-21,2.620796935393129367e-21,3.927125120567142365e-09,3.113917387482533803e-09,7.929254332066791866e-01
1.477000000000000000e+03,3.291754182131603309e-21,2.610153028849748577e-21,3.921726144140802486e-09,3.109680980740717264e-09,7.929368003899738282e-01
1.478000000000000000e+03,3.278346843414085652e-21,2.599559079919899156e-21,3.916337616463482647e-09,3.105452686118842978e-09,7.929481546902786837e-01
1.479000000000000000e+03,3.265002607372162011e-21,2.589014822460188382e-21,3.910959511295688676e-09,3.101232483528007965e-09,7.929594961469135228e-01
1.480000000000000000e+03,3.251721136956278118e-21,2.578519991962859787e-21,3.905591802592336175e-09,3.097020352998987803e-09,7.929708247910958185e-01
1.481000000000000000e+03,3.238502097150131343e-21,2.568074325483595235e-21,3.900234464410775489e-09,3.092816274608466184e-09,7.929821406456677435e-01
1.482000000000000000e+03,3.225345154920238414e-21,2.557677561583108084e-21,3.894887470865991595e-09,3.088620228420632646e-09,7.929934437191601404e-01
1.483000000000000000e+03,3.212249979235534385e-21,2.547329440498854893e-21,3.889550796169761185e-09,3.084432194706383375e-09,7.930047340540662404e-01
1.484000000000000000e+03,3.199216241127712174e-21,2.537029703993602779e-21,3.884224414719804536e-09,3.080252153773661079e-09,7.930160116651912006e-01
1.485000000000000000e+03,3.186243613506829814e-21,2.526778095276055908e-21,3.878908300892327780e-09,3.076080085882670222e-09,7.930272765600130391e-01
1.486000000000000000e+03,3.173331771143316932e-21,2.516574358991149100e-21,3.873602429034206884e-09,3.071915971244678431e-09,7.930385287399226435e-01
1.487000000000000000e+03,3.160480390793799280e-21,2.506418241362423711e-21,3.868306773630981406e-09,3.067759790206871107e-09,7.930497682135282389e-01
1.488000000000000000e+03,3.147689151159881208e-21,2.496309490257926036e-21,3.863021309272457850e-09,3.063611523346264952e-09,7.930609950280730347e-01
1.489000000000000000e+03,3.134957732887724739e-21,2.486247855014208525e-21,3.857746010667852031e-09,3.059471151267375051e-09,7.930722092141364588e-01
1.490000000000000000e+03,3.122285818404771712e-21,2.476233086339808729e-21,3.852480852460115978e-09,3.055338654494575919e-09,7.930834107957989154e-01
1.491000000000000000e+03,3.109673091988227520e-21,2.466264936448719623e-21,3.847225809323893492e-09,3.051214013647189587e-09,7.930945998159141253e-01
1.492000000000000000e+03,3.097119239882825330e-21,2.456343159047768374e-21,3.841980856126097409e-09,3.047097209436104910e-09,7.931057763022066887e-01
1.493000000000000000e+03,3.084623950238546698e-21,2.446467509344773332e-21,3.836745967865032414e-09,3.042988222686098625e-09,7.931169402855663408e-01
1.494000000000000000e+03,3.072186913031652427e-21,2.436637743899508645e-21,3.831521119587599226e-09,3.038887034162383846e-09,7.931280917719357726e-01
1.495000000000000000e+03,3.059807820083426902e-21,2.426853620790682769e-21,3.826306286427249781e-09,3.034793624789460964e-09,7.931392307914664208e-01
1.496000000000000000e+03,3.047486365101777050e-21,2.417114899575601512e-21,3.821101443671107146e-09,3.030707975613475138e-09,7.931503573748973634e-01
1.497000000000000000e+03,3.035222243584989634e-21,2.407421341138174927e-21,3.815906566654765520e-09,3.026630067623498129e-09,7.931614715285887351e-01
1.498000000000000000e+03,3.023015152760348252e-21,2.397772707698797859e-21,3.810721630699225979e-09,3.022559881773911402e-09,7.931725732533511097e-01
1.499000000000000000e+03,3.010864791601482132e-21,2.388168762854252051e-21,3.805546611146243562e-09,3.018497399045025222e-09,7.931836625529712359e-01
1.500000000000000000e+03,2.998770860939914339e-21,2.378609271747660436e-21,3.800381483513524551e-09,3.014442600669422159e-09,7.931947394613956259e-01
1.501000000000000000e+03,2.986733063380477711e-21,2.369094000926496447e-21,3.795226223403092228e-09,3.010395467965461343e-09,7.932058040182143888e-01
1.502000000000000000e+03,2.974751103239421422e-21,2.359622718221927514e-21,3.790080806436984337e-09,3.006355982195195307e-09,7.932168562446666460e-01
1.503000000000000000e+03,2.962824686479227271e-21,2.350195192799724316e-21,3.784945208187613578e-09,3.002324124639106580e-09,7.932278961778529425e-01
1.504000000000000000e+03,2.950953520852569571e-21,2.340811195210613313e-21,3.779819404374815258e-09,2.998299876671259944e-09,7.932389238493738892e-01
1.505000000000000000e+03,2.939137315906054151e-21,2.331470497409381826e-21,3.774703370885873339e-09,2.994283219795456842e-09,7.932499392906569025e-01
1.506000000000000000e+03,2.927375782888241292e-21,2.322172872629241195e-21,3.769597083672499227e-09,2.990274135495492942e-09,7.932609425149074189e-01
1.507000000000000000e+03,2.915668634738428684e-21,2.312918095431246070e-21,3.764500518750337115e-09,2.986272605308967459e-09,7.932719335366940072e-01
1.508000000000000000e+03,2.904015586104665642e-21,2.303705941793129808e-21,3.759413652236197868e-09,2.982278610953225542e-09,7.932829123975990715e-01
1.509000000000000000e+03,2.892416353371478226e-21,2.294536188953947005e-21,3.754336460398402063e-09,2.978292134136274298e-09,7.932938791053970595e-01
1.510000000000000000e+03,2.880870654509872774e-21,2.285408615387991811e-21,3.749268919476524091e-09,2.974313156532835088e-09,7.933048336655753596e-01
1.511000000000000000e+03,2.869378209066541665e-21,2.276323000792008180e-21,3.744211005679812253e-09,2.970341659777301735e-09,7.933157760797714397e-01
1.512000000000000000e+03,2.857938738302112363e-21,2.267279126241218404e-21,3.739162695380496724e-09,2.966377625677388455e-09,7.933267063618718584e-01
1.513000000000000000e+03,2.846551965112017280e-21,2.258276774178860651e-21,3.734123965024928026e-09,2.962421036212710834e-09,7.933376245565898488e-01
1.514000000000000000e+03,2.835217614042457924e-21,2.249315728286541153e-21,3.729094791168275600e-09,2.958471873376491163e-09,7.933485306898411249e-01
1.515000000000000000e+03,2.823935411139740005e-21,2.240395773414870258e-21,3.724075150289937073e-09,2.954530119094163867e-09,7.933594247860813464e-01
1.516000000000000000e+03,2.812705084039350701e-21,2.231516695702171564e-21,3.719065018922921305e-09,2.950595755389299669e-09,7.933703068853100726e-01
1.517000000000000000e+03,2.801526362047778711e-21,2.222678282555576582e-21,3.714064373775584140e-09,2.946668764369663867e-09,7.933811770134147068e-01
1.518000000000000000e+03,2.790398976083652265e-21,2.213880322651405032e-21,3.709073191668203097e-09,2.942749128238609926e-09,7.933920351987098218e-01
1.519000000000000000e+03,2.779322658616738680e-21,2.205122605815423158e-21,3.704091449465593992e-09,2.938836829146485989e-09,7.934028814462681378e-01
1.520000000000000000e+03,2.768297143684628483e-21,2.196404923168495569e-21,3.699119124112369103e-09,2.934931849394247870e-09,7.934137157852428901e-01
1.521000000000000000e+03,2.757322166928296274e-21,2.187727067086088041e-21,3.694156192693955383e-09,2.931034171390833606e-09,7.934245382443840811e-01
1.522000000000000000e+03,2.746397465509165368e-21,2.179088831071614308e-21,3.689202632339309754e-09,2.927143777494051962e-09,7.934353488298259149e-01
1.523000000000000000e+03,2.735522778061472254e-21,2.170490009766065707e-21,3.684258420169541261e-09,2.923260650032429508e-09,7.934461475419273269e-01
1.524000000000000000e+03,2.724697844694706729e-21,2.161930398974943357e-21,3.679323533313257754e-09,2.919384771350710103e-09,7.934569343842896583e-01
1.525000000000000000e+03,2.713922407104423967e-21,2.153409795817750942e-21,3.674397949068801236e-09,2.915516124021949796e-09,7.934677093864658248e-01
1.526000000000000000e+03,2.703196208487053335e-21,2.144927998614633803e-21,3.669481644802888874e-09,2.911654690706071007e-09,7.934784725875020372e-01
1.527000000000000000e+03,2.692518993510134132e-21,2.136484806785047559e-21,3.664574597922994264e-09,2.907800454022473820e-09,7.934892240072163316e-01
1.528000000000000000e+03,2.681890508229444167e-21,2.128080020869564000e-21,3.659676785776739522e-09,2.903953396588600794e-09,7.934999636784202393e-01
1.529000000000000000e+03,2.671310500214081774e-21,2.119713442591348125e-21,3.654788185834133098e-09,2.900113501113328553e-09,7.935106916329913718e-01
1.530000000000000000e+03,2.660778718560586778e-21,2.111384874861309250e-21,3.649908775720390650e-09,2.896280750414501531e-09,7.935214078995319609e-01
1.531000000000000000e+03,2.650294913823354250e-21,2.103094121701641216e-21,3.645038533134052020e-09,2.892455127324422039e-09,7.935321124952418037e-01
1.532000000000000000e+03,2.639858837988811615e-21,2.094840988233529912e-21,3.640177435824062127e-09,2.888636614682271222e-09,7.935428054287531063e-01
1.533000000000000000e+03,2.629470244488650773e-21,2.086625280789469602e-21,3.635325461620401054e-09,2.884825195498620392e-09,7.935534867386386804e-01
1.534000000000000000e+03,2.619128888246000764e-21,2.078446806801346830e-21,3.630482588510771133e-09,2.881020852811641813e-09,7.935641564372410972e-01
1.535000000000000000e+03,2.608834525538376786e-21,2.070305374747712449e-21,3.625648794463761861e-09,2.877223569623243733e-09,7.935748145315848490e-01
1.536000000000000000e+03,2.598586913989643954e-21,2.062200794147647984e-21,3.620824057428915659e-09,2.873433328899067913e-09,7.935854610233238349e-01
1.537000000000000000e+03,2.588385812645847404e-21,2.054132875641649799e-21,3.616008355453889738e-09,2.869650113689997069e-09,7.935960959165958561e-01
1.538000000000000000e+03,2.578230981967732389e-21,2.046101431072605426e-21,3.611201666686681211e-09,2.865873907255634339e-09,7.936067192517405333e-01
1.539000000000000000e+03,2.568122183820526316e-21,2.038106273357333281e-21,3.606403969373958258e-09,2.862104692895532786e-09,7.936173310591077001e-01
1.540000000000000000e+03,2.558059181376515279e-21,2.030147216407029725e-21,3.601615241736497478e-09,2.858342453846563795e-09,7.936279313579401862e-01
1.541000000000000000e+03,2.548041739117223147e-21,2.022224075203038983e-21,3.596835461983188059e-09,2.854587173397878635e-09,7.936385201851695603e-01
1.542000000000000000e+03,2.538069622934786945e-21,2.014336665803587125e-21,3.592064608465580132e-09,2.850838834909903003e-09,7.936490975666758985e-01
1.543000000000000000e+03,2.528142600118259053e-21,2.006484805370871855e-21,3.587302659671476606e-09,2.847097421862453300e-09,7.936596635320390947e-01
1.544000000000000000e+03,2.518260439282020545e-21,1.998668312053366373e-21,3.582549594135989331e-09,2.843362917697554110e-09,7.936702180903915105e-01
1.545000000000000000e+03,2.508422910367335471e-21,1.990887005054803776e-21,3.577805390455435319e-09,2.839635305926007603e-09,7.936807612569830583e-01
1.546000000000000000e+03,2.498629784653259444e-21,1.983140704684931709e-21,3.573070027314755297e-09,2.835914570209495350e-09,7.936912930701083280e-01
1.547000000000000000e+03,2.488880834777481441e-21,1.975429232236997641e-21,3.568343483529514220e-09,2.832200694195477617e-09,7.937018135356452841e-01
1.548000000000000000e+03,2.479175834619126071e-21,1.967752409975254771e-21,3.563625737890052172e-09,2.828493661507593524e-09,7.937123226588561620e-01
1.549000000000000000e+03,2.469514559290882844e-21,1.960110061121518510e-21,3.558916769160685304e-09,2.824793455734497825e-09,7.937228204414235044e-01
1.550000000000000000e+03,2.459896785246019414e-21,1.952502009970495453e-21,3.554216556244818534e-09,2.821100060604524650e-09,7.937333068936962555e-01
1.551000000000000000e+03,2.450322290219481979e-21,1.944928081896703189e-21,3.549525078112209076e-09,2.817413460005970383e-09,7.937437820567231350e-01
1.552000000000000000e+03,2.440790853243182346e-21,1.937388103252328300e-21,3.544842313832757586e-09,2.813733637849220024e-09,7.937542459559935315e-01
1.553000000000000000e+03,2.431302254532797640e-21,1.929881901302549351e-21,3.540168242423661327e-09,2.810060577981221680e-09,7.937646986114436087e-01
1.554000000000000000e+03,2.421856275531517125e-21,1.922409304316362539e-21,3.535502842923232584e-09,2.806394264325584901e-09,7.937751400604717844e-01
1.555000000000000000e+03,2.412452698988534758e-21,1.914970141551777609e-21,3.530846094516651628e-09,2.802734680870203994e-09,7.937855703262758356e-01
1.556000000000000000e+03,2.403091308928804187e-21,1.907564243279823148e-21,3.526197976504036306e-09,2.799081811711569671e-09,7.937959894375108405e-01
1.557000000000000000e+03,2.393771890593696792e-21,1.900191440669611820e-21,3.521558468225118555e-09,2.795435640895306000e-09,7.938063974000176826e-01
1.558000000000000000e+03,2.384494230450870943e-21,1.892851565881835615e-21,3.516927549084767891e-09,2.791796152561597441e-09,7.938167942322622572e-01
1.559000000000000000e+03,2.375258116205947199e-21,1.885544452089352986e-21,3.512305198581496467e-09,2.788163330985001465e-09,7.938271799703079390e-01
1.560000000000000000e+03,2.366063336800055382e-21,1.878269933357414817e-21,3.507691396315390905e-09,2.784537160406725272e-09,7.938375546183185083e-01
1.561000000000000000e+03,2.356909682323958035e-21,1.871027844649659629e-21,3.503086121872088636e-09,2.780917625051178508e-09,7.938479181793637318e-01
1.562000000000000000e+03,2.347796944000101286e-21,1.863818021815610835e-21,3.498489354806113108e-09,2.777304709115176486e-09,7.938582706561059243e-01
1.563000000000000000e+03,2.338724914298461034e-21,1.856640301708840444e-21,3.493901074823768377e-09,2.773698396952127253e-09,7.938686120619578013e-01
1.564000000000000000e+03,2.329693386861871038e-21,1.849494522163613769e-21,3.489321261683432830e-09,2.770098673047042466e-09,7.938789424366733405e-01
1.565000000000000000e+03,2.320702156527642981e-21,1.842380521910874503e-21,3.484749895238827758e-09,2.766505521900006252e-09,7.938892618032213910e-01
1.566000000000000000e+03,2.311751019216948881e-21,1.835298140524159182e-21,3.480186955283801879e-09,2.762918927952848130e-09,7.938995701820099615e-01
1.567000000000000000e+03,2.302839771991330208e-21,1.828247218507293204e-21,3.475632421646902483e-09,2.759338875728623862e-09,7.939098676093979678e-01
1.568000000000000000e+03,2.293968213116958493e-21,1.821227597275585180e-21,3.471086274299067318e-09,2.755765349812038978e-09,7.939201541075274760e-01
1.569000000000000000e+03,2.285136142031275733e-21,1.814239119174725866e-21,3.466548493314804587e-09,2.752198334886712440e-09,7.939304297038662916e-01
1.570000000000000000e+03,2.276343359291945221e-21,1.807281627376766139e-21,3.462019058805797234e-09,2.748637815586005371e-09,7.939406944033784441e-01
1.571000000000000000e+03,2.267589666587512985e-21,1.800354965972176060e-21,3.457497950947508788e-09,2.745083776640477164e-09,7.939509482249155203e-01
1.572000000000000000e+03,2.258874866748486412e-21,1.793458979982411580e-21,3.452985150006759916e-09,2.741536202906042299e-09,7.939611912031174779e-01
1.573000000000000000e+03,2.250198763740873719e-21,1.786593515249232989e-21,3.448480636342782660e-09,2.737995079203612281e-09,7.939714233417700662e-01
1.574000000000000000e+03,2.241561162591482708e-21,1.779758418443586397e-21,3.443984390303368330e-09,2.734460390339925288e-09,7.939816446435914443e-01
1.575000000000000000e+03,2.232961869369151216e-21,1.772953537053311254e-21,3.439496392205507748e-09,2.730932121096032646e-09,7.939918551113459566e-01
1.576000000000000000e+03,2.224400691293515519e-21,1.766178719491701488e-21,3.435016622512630006e-09,2.727410256402194587e-09,7.940020547577907317e-01
1.577000000000000000e+03,2.215877436664534836e-21,1.759433815076366919e-21,3.430545061736979016e-09,2.723894781314592636e-09,7.940122436215457657e-01
1.578000000000000000e+03,2.207391914884122305e-21,1.752718673952958155e-21,3.426081690483389153e-09,2.720385680906050774e-09,7.940224217252185301e-01
1.579000000000000000e+03,2.198943936354560454e-21,1.746033147043158964e-21,3.421626489301924682e-09,2.716882940192785295e-09,7.940325890880859383e-01
1.580000000000000000e+03,2.190533312526037065e-21,1.739377086125378977e-21,3.417179438770836874e-09,2.713386544267003506e-09,7.940427457455999649e-01
1.581000000000000000e+03,2.182159855958057889e-21,1.732750343817011807e-21,3.412740519602426996e-09,2.709896478277534466e-09,7.940528917191830294e-01
1.582000000000000000e+03,2.173823380292582556e-21,1.726152773596713022e-21,3.408309712612046475e-09,2.706412727472850242e-09,7.940630270359793075e-01
1.583000000000000000e+03,2.165523700204741079e-21,1.719584229705473923e-21,3.403886998651308682e-09,2.702935277054176822e-09,7.940731517013157603e-01
1.584000000000000000e+03,2.157260631411062320e-21,1.713044567225463174e-21,3.399472358630846323e-09,2.699464112306444255e-09,7.940832657317637988e-01
1.585000000000000000e+03,2.149033990676575849e-21,1.706533642100685787e-21,3.395065773541571226e-09,2.695999218639269731e-09,7.940933691623096591e-01
1.586000000000000000e+03,2.140843595824151958e-21,1.700051311037422697e-21,3.390667224479730879e-09,2.692540581438096083e-09,7.941034619966998997e-01
1.587000000000000000e+03,2.132689265649598994e-21,1.693597431506196003e-21,3.386276692522640673e-09,2.689088186074220529e-09,7.941135442393388866e-01
1.588000000000000000e+03,2.124570819912325605e-21,1.687171861727878764e-21,3.381894158722749294e-09,2.685642017889693663e-09,7.941236158922220234e-01
1.589000000000000000e+03,2.116488079423923367e-21,1.680774460763417563e-21,3.377519604257817090e-09,2.682202062347291021e-09,7.941336769640108262e-01
1.590000000000000000e+03,2.108440865998035421e-21,1.674405088520906354e-21,3.373153010361396913e-09,2.678768305050486185e-09,7.941437274923632827e-01
1.591000000000000000e+03,2.100429002465574716e-21,1.668063605677174027e-21,3.368794358356996265e-09,2.675340731626558580e-09,7.941537675013669029e-01
1.592000000000000000e+03,2.092452312589451945e-21,1.661749873624515332e-21,3.364443629531117896e-09,2.671919327648300833e-09,7.941637970081460995e-01
1.593000000000000000e+03,2.084510621085106266e-21,1.655463754536846948e-21,3.360100805174864509e-09,2.668504078747007090e-09,7.941738160466095264e-01
1.594000000000000000e+03,2.076603753687213195e-21,1.649205111362074292e-21,3.355765866700736660e-09,2.665094970607879686e-09,7.941838246385470867e-01
1.595000000000000000e+03,2.068731537136204974e-21,1.642973807846716529e-21,3.351438795631231315e-09,2.661691989017578381e-09,7.941938228104381547e-01
1.596000000000000000e+03,2.060893799128399899e-21,1.636769708448859427e-21,3.347119573528089782e-09,2.658295119731066613e-09,7.942038105704852802e-01
1.597000000000000000e+03,2.053090368316728675e-21,1.630592678384658100e-21,3.342808182002795877e-09,2.654904348553840284e-09,7.942137879305991577e-01
1.598000000000000000e+03,2.045321074315708362e-21,1.624442583671364619e-21,3.338504602734103466e-09,2.651519661419683153e-09,7.942237549255416473e-01
1.599000000000000000e+03,2.037585747730107884e-21,1.618319291044849120e-21,3.334208817524536207e-09,2.648141044264167341e-09,7.942337115616724397e-01
1.600000000000000000e+03,2.029884220058616171e-21,1.612222667942134590e-21,3.329920808152617528e-09,2.644768483002846372e-09,7.942436578454602492e-01
1.601000000000000000e+03,2.022216323695980996e-21,1.606152582492829113e-21,3.325640556384756797e-09,2.641401963523712112e-09,7.942535937783762323e-01
1.602000000000000000e+03,2.014581891984594558e-21,1.600108903573174347e-21,3.321368044068780700e-09,2.638041471782729580e-09,7.942635193632576751e-01
1.603000000000000000e+03,2.006980759208333891e-21,1.594091500861290751e-21,3.317103253133373657e-09,2.634686993902742520e-09,7.942734346342662510e-01
1.604000000000000000e+03,1.999412760584389579e-21,1.588100244753459063e-21,3.312846165584113971e-09,2.631338516043562206e-09,7.942833396188229145e-01
1.605000000000000000e+03,1.991877732209013587e-21,1.582135006312124332e-21,3.308596763422845634e-09,2.627996024322737186e-09,7.942932343329727196e-01
1.606000000000000000e+03,1.984375511038932537e-21,1.576195657300554755e-21,3.304355028625167857e-09,2.624659504879394254e-09,7.943031188060405423e-01
1.607000000000000000e+03,1.976905934962670307e-21,1.570282070204170789e-21,3.300120943267627315e-09,2.621328943916739406e-09,7.943129930629816426e-01
1.608000000000000000e+03,1.969468842802694766e-21,1.564394118238970151e-21,3.295894489540993987e-09,2.618004327723558331e-09,7.943228571276739203e-01
1.609000000000000000e+03,1.962064074273540458e-21,1.558531675303518002e-21,3.291675649689810796e-09,2.614685642601309950e-09,7.943327110153467485e-01
1.610000000000000000e+03,1.954691469966764910e-21,1.552694615964922256e-21,3.287464405996110970e-09,2.611372874847237459e-09,7.943425547313215374e-01
1.611000000000000000e+03,1.947350871358177640e-21,1.546882815533160377e-21,3.283260740800382112e-09,2.608066010886147300e-09,7.943523883060111812e-01
1.612000000000000000e+03,1.940042120837952744e-21,1.541096150006833230e-21,3.279064636561462344e-09,2.604765037186798568e-09,7.943622117550701578e-01
1.613000000000000000e+03,1.932765061636442230e-21,1.535334496025199638e-21,3.274876075740549322e-09,2.601469940187631709e-09,7.943720250847537967e-01
1.614000000000000000e+03,1.925519537821320225e-21,1.529597730871875341e-21,3.270695040804579678e-09,2.598180706309105502e-09,7.943818282948086340e-01
1.615000000000000000e+03,1.918305394293136782e-21,1.523885732489414579e-21,3.266521514226895321e-09,2.594897321984710131e-09,7.943916213877617594e-01
1.616000000000000000e+03,1.911122476852059253e-21,1.518198379564994788e-21,3.262355478609394018e-09,2.591619773813780114e-09,7.944014043860356811e-01
1.617000000000000000e+03,1.903970632139005039e-21,1.512535551466401057e-21,3.258196916591487834e-09,2.588348048460360722e-09,7.944111773232297447e-01
1.618000000000000000e+03,1.896849707644241315e-21,1.506897128193424617e-21,3.254045810873385366e-09,2.585082132576954751e-09,7.944209402150730348e-01
1.619000000000000000e+03,1.889759551633720468e-21,1.501282990366417840e-21,3.249902144098197002e-09,2.581822012790991907e-09,7.944306930839640790e-01
1.620000000000000000e+03,1.882700013214215275e-21,1.495693019280152769e-21,3.245765898971514632e-09,2.578567675803641330e-09,7.944404359601879850e-01
1.621000000000000000e+03,1.875670942359041727e-21,1.490127096889513367e-21,3.241637058314613835e-09,2.575319108372245991e-09,7.944501688635066117e-01
1.622000000000000000e+03,1.868672189879332956e-21,1.484585105813179052e-21,3.237515605024052312e-09,2.572076297323617561e-09,7.944598918171111857e-01
1.623000000000000000e+03,1.861703607392984368e-21,1.479066929265367970e-21,3.233401522026558348e-09,2.568839229442538661e-09,7.944696048242408937e-01
1.624000000000000000e+03,1.854765047334649293e-21,1.473572451128783285e-21,3.229294792304673002e-09,2.565607891604414926e-09,7.944793079028253935e-01
1.625000000000000000e+03,1.847856362962274361e-21,1.468101555956132293e-21,3.225195398916673988e-09,2.562382270785186282e-09,7.944890010837410976e-01
1.626000000000000000e+03,1.840977408353118993e-21,1.462654128890549027e-21,3.221103324998343361e-09,2.559162353929448300e-09,7.944986843695132084e-01
1.627000000000000000e+03,1.834128038349335465e-21,1.457230055676442286e-21,3.217018553676232670e-09,2.555948127975175383e-09,7.945083577632393590e-01
1.628000000000000000e+03,1.827308108544247416e-21,1.451829222646357744e-21,3.212941068051151601e-09,2.552739579836603919e-09,7.945180212673490505e-01
1.629000000000000000e+03,1.820517475358280004e-21,1.446451516792184696e-21,3.208870851339385909e-09,2.549536696535492609e-09,7.945276748895372387e-01
1.630000000000000000e+03,1.813755995994033085e-21,1.441096825768496342e-21,3.204807886802410226e-09,2.546339465214366040e-09,7.945373186643553964e-01
1.631000000000000000e+03,1.807023528451772903e-21,1.435765037833575708e-21,3.200752157782513075e-09,2.543147873039527764e-09,7.945469526142334704e-01
1.632000000000000000e+03,1.800319931464070849e-21,1.430456041806535866e-21,3.196703647595339491e-09,2.539961907131173041e-09,7.945565767542487334e-01
1.633000000000000000e+03,1.793645064504416354e-21,1.425169727114739003e-21,3.192662339552462301e-09,2.536781554653163584e-09,7.945661911145798229e-01
1.634000000000000000e+03,1.786998787841284359e-21,1.419905983792985420e-21,3.188628217065353346e-09,2.533606802818031171e-09,7.945757957162626894e-01
1.635000000000000000e+03,1.780380962533657157e-21,1.414664702500928157e-21,3.184601263646107267e-09,2.530437638924614780e-09,7.945853905827667818e-01
1.636000000000000000e+03,1.773791450392813112e-21,1.409445774466849376e-21,3.180581462847642549e-09,2.527274050264169382e-09,7.945949757254281431e-01
1.637000000000000000e+03,1.767230113976037672e-21,1.404249091496239965e-21,3.176568798260336138e-09,2.524116024141530185e-09,7.946045511508754711e-01
1.638000000000000000e+03,1.760696816591176385e-21,1.399074546025429920e-21,3.172563253528102179e-09,2.520963547977732251e-09,7.946141168893172679e-01
1.639000000000000000e+03,1.754191422324578191e-21,1.393922031069991663e-21,3.168564812406901390e-09,2.517816609224022996e-09,7.946236729528792786e-01
1.640000000000000000e+03,1.747713795970546573e-21,1.388791440190784805e-21,3.164573458645720947e-09,2.514675195306514303e-09,7.946332193478831130e-01
1.641000000000000000e+03,1.741263803035421626e-21,1.383682667496090286e-21,3.160589176001211025e-09,2.511539293635487883e-09,7.946427560740736418e-01
1.642000000000000000e+03,1.734841309734303346e-21,1.378595607654880475e-21,3.156611948239111273e-09,2.508408891635068316e-09,7.946522831336181314e-01
1.643000000000000000e+03,1.728446183046189646e-21,1.373530155969279844e-21,3.152641759242189613e-09,2.505283976881258400e-09,7.946618005476973057e-01
1.644000000000000000e+03,1.722078290662686062e-21,1.368486208318966532e-21,3.148678592925123700e-09,2.502164537007810134e-09,7.946713083482104256e-01
1.645000000000000000e+03,1.715737500999610230e-21,1.363463661122487102e-21,3.144722433263358358e-09,2.499050559641669062e-09,7.946808065500206020e-01
1.646000000000000000e+03,1.709423683130938510e-21,1.358462411323277193e-21,3.140773264179651970e-09,2.495942032382825806e-09,7.946902951731373843e-01
1.647000000000000000e+03,1.703136706841156671e-21,1.353482356438652923e-21,3.136831069646995941e-09,2.492838942899823995e-09,7.946997742471213488e-01
1.648000000000000000e+03,1.696876442650959774e-21,1.348523394544161766e-21,3.132895833743787649e-09,2.489741278907278737e-09,7.947092437899718753e-01
1.649000000000000000e+03,1.690642761795585272e-21,1.343585424284958145e-21,3.128967540622098967e-09,2.486649028193049089e-09,7.947187038247943702e-01
1.650000000000000000e+03,1.684435536196011325e-21,1.338668344810958272e-21,3.125046174462188361e-09,2.483562178504353482e-09,7.947281543549569172e-01
1.651000000000000000e+03,1.678254638465756430e-21,1.333772055834133927e-21,3.121131719492507908e-09,2.480480717659335294e-09,7.947375953946148597e-01
1.652000000000000000e+03,1.672099941912391384e-21,1.328896457639908364e-21,3.117224160000100541e-09,2.477404633574656771e-09,7.947470269749791205e-01
1.653000000000000000e+03,1.665971320553321755e-21,1.324041451023473290e-21,3.113323480367766931e-09,2.474333914153147215e-09,7.947564490988460184e-01
1.654000000000000000e+03,1.659868649049219732e-21,1.319206937289539659e-21,3.109429664957455765e-09,2.471268547288605185e-09,7.947658617717656693e-01
1.655000000000000000e+03,1.653791802705406316e-21,1.314392818242282780e-21,3.105542698119509973e-09,2.468208520852224874e-09,7.947752649953233606e-01
1.656000000000000000e+03,1.647740657514142789e-21,1.309598996226824098e-21,3.101662564279009081e-09,2.465153822775805105e-09,7.947846587718150335e-01
1.657000000000000000e+03,1.641715090145450756e-21,1.304825374166792283e-21,3.097789247926206588e-09,2.462104441128736683e-09,7.947940431315575482e-01
1.658000000000000000e+03,1.635714977941943549e-21,1.300071855504808424e-21,3.093922733614360273e-09,2.459060364012448772e-09,7.948034180995020570e-01
1.659000000000000000e+03,1.629740198884792183e-21,1.295338344166535646e-21,3.090063005902756408e-09,2.456021579497958413e-09,7.948127836896439202e-01
1.660000000000000000e+03,1.623790631571714271e-21,1.290624744577784154e-21,3.086210049321710089e-09,2.452988075663317820e-09,7.948221399261005127e-01
1.661000000000000000e+03,1.617866155268943101e-21,1.285930961689046526e-21,3.082363848477965009e-09,2.449959840645730063e-09,7.948314868329030558e-01
1.662000000000000000e+03,1.611966649917002418e-21,1.281256900973050053e-21,3.078524388073357954e-09,2.446936862642856431e-09,7.948408244295996905e-01
1.663000000000000000e+03,1.606091996105476359e-21,1.276602468410562222e-21,3.074691652864348170e-09,2.443919129891612069e-09,7.948501527347903162e-01
1.664000000000000000e+03,1.600242075055178623e-21,1.271967570451952236e-21,3.070865627635111657e-09,2.440906630600096045e-09,7.948594717509180896e-01
1.665000000000000000e+03,1.594416768626211841e-21,1.267352114076796855e-21,3.067046297220000366e-09,2.437899353067100747e-09,7.948687814973108834e-01
1.666000000000000000e+03,1.588615959326112912e-21,1.262756006783682183e-21,3.063233646526453028e-09,2.434897285668719423e-09,7.948780819999694547e-01
1.667000000000000000e+03,1.582839530295567826e-21,1.258179156530764656e-21,3.059427660514830565e-09,2.431900416749541730e-09,7.948873732612815601e-01
1.668000000000000000e+03,1.577087365277367894e-21,1.253621471748121065e-21,3.055628324145446334e-09,2.428908734651334574e-09,7.948966552830396548e-01
1.669000000000000000e+03,1.571359348599578363e-21,1.249082861326979339e-21,3.051835622352390002e-09,2.425922227697209868e-09,7.949059280680659256e-01
1.670000000000000000e+03,1.565655365239891560e-21,1.244563234675209773e-21,3.048049540174987632e-09,2.422940884304526003e-09,7.949151916229765247e-01
1.671000000000000000e+03,1.559975300786649378e-21,1.240062501719503552e-21,3.044270062689466643e-09,2.419964692995348375e-09,7.949244459794823081e-01
1.672000000000000000e+03,1.554319041453442163e-21,1.235580572860528676e-21,3.040497175044393465e-09,2.416993642315036199e-09,7.949336911585015431e-01
1.673000000000000000e+03,1.548686474029548373e-21,1.231117358938987697e-21,3.036730862370770176e-09,2.414027720770993505e-09,7.949429271734560487e-01
1.674000000000000000e+03,1.543077485880038577e-21,1.226672771267626530e-21,3.032971109788410409e-09,2.411066916900136476e-09,7.949521540507979989e-01
1.675000000000000000e+03,1.537491964990283064e-21,1.222246721637202952e-21,3.029217902499859092e-09,2.408111219285999126e-09,7.949613718110895011e-01
1.676000000000000000e+03,1.531929799965398888e-21,1.217839122324873614e-21,3.025471225796624431e-09,2.405160616580826052e-09,7.949705804746277638e-01
1.677000000000000000e+03,1.526390880003244342e-21,1.213449886064378612e-21,3.021731065013089053e-09,2.402215097452320205e-09,7.949797800559443850e-01
1.678000000000000000e+03,1.520875094883781016e-21,1.209078926029336870e-21,3.017997405512193172e-09,2.399274650555606011e-09,7.949889705582493526e-01
1.679000000000000000e+03,1.515382334975203484e-21,1.204726155885362667e-21,3.014270232704219443e-09,2.396339264641654142e-09,7.949981520043757355e-01
1.680000000000000000e+03,1.509912491248105423e-21,1.200391489767019364e-21,3.010549532081833985e-09,2.393408928517366743e-09,7.950073244143880391e-01
1.681000000000000000e+03,1.504465455244090149e-21,1.196074842233076893e-21,3.006835289164535419e-09,2.390483630961686838e-09,7.950164877923509010e-01
1.682000000000000000e+03,1.499041119064447504e-21,1.191776128275338310e-21,3.003127489482464457e-09,2.387563360747795314e-09,7.950256421379064964e-01
1.683000000000000000e+03,1.493639375348128480e-21,1.187495263313538336e-21,2.999426118538452441e-09,2.384648106637627947e-09,7.950347874544778648e-01
1.684000000000000000e+03,1.488260117337520424e-21,1.183232163250293486e-21,2.995731161946224203e-09,2.381737857497165776e-09,7.950439237510991131e-01
1.685000000000000000e+03,1.482903238833335330e-21,1.178986744459001814e-21,2.992042605346800706e-09,2.378832602278051835e-09,7.950530510585182009e-01
1.686000000000000000e+03,1.477568634212828308e-21,1.174758923748663655e-21,2.988360434451748600e-09,2.375932329952233962e-09,7.950621693959509795e-01
1.687000000000000000e+03,1.472256198379887599e-21,1.170548618332520381e-21,2.984684634948888660e-09,2.373037029453373110e-09,7.950712787764964151e-01
1.688000000000000000e+03,1.466965826772313607e-21,1.166355745862887399e-21,2.981015192522833853e-09,2.370146689751907099e-09,7.950803792268000825e-01
1.689000000000000000e+03,1.461697415400320580e-21,1.162180224430430985e-21,2.977352092939381618e-09,2.367261299858726601e-09,7.950894707658358040e-01
1.690000000000000000e+03,1.456450860844462090e-21,1.158021972575634154e-21,2.973695322048226185e-09,2.364380848853762507e-09,7.950985534137441357e-01
1.691000000000000000e+03,1.451226060229924010e-21,1.153880909256291513e-21,2.970044865737298622e-09,2.361505325824956536e-09,7.951076271835121334e-01
1.692000000000000000e+03,1.446022911218413974e-21,1.149756953837857603e-21,2.966400709922512276e-09,2.358634719853209446e-09,7.951166920786035819e-01
1.693000000000000000e+03,1.440841312013475750e-21,1.145650026139719815e-21,2.962762840564927599e-09,2.355769020112087317e-09,7.951257481219451417e-01
1.694000000000000000e+03,1.435681161374563186e-21,1.141560046411766741e-21,2.959131243706177811e-09,2.352908215825241189e-09,7.951347953321360462e-01
1.695000000000000000e+03,1.430542358585614649e-21,1.137486935295083970e-21,2.955505905410354913e-09,2.350052296190394952e-09,7.951438337133364120e-01
1.696000000000000000e+03,1.425424803447024674e-21,1.133430613829876545e-21,2.951886811753480505e-09,2.347201250400024034e-09,7.951528632650175510e-01
1.697000000000000000e+03,1.420328396254097249e-21,1.129391003450773751e-21,2.948273948784732106e-09,2.344355067636111492e-09,7.951618839906129388e-01
1.698000000000000000e+03,1.415253037858415649e-21,1.125368026036917409e-21,2.944667302659603522e-09,2.341513737178788258e-09,7.951708958984768927e-01
1.699000000000000000e+03,1.410198629625891389e-21,1.121361603901994991e-21,2.941066859559435882e-09,2.338677248391236678e-09,7.951798990185365845e-01
1.700000000000000000e+03,1.405165073454089138e-21,1.117371659761709088e-21,2.937472605733679956e-09,2.335845590657171375e-09,7.951888933696991124e-01
1.701000000000000000e+03,1.400152271726978078e-21,1.113398116704633990e-21,2.933884527411604131e-09,2.333018753324503287e-09,7.951978789645105516e-01
1.702000000000000000e+03,1.395160127318841882e-21,1.109440898222291601e-21,2.930302610815961922e-09,2.330196725772555123e-09,7.952068558283462707e-01
1.703000000000000000e+03,1.390188543630847314e-21,1.105499928211241563e-21,2.926726842245575612e-09,2.327379497421290628e-09,7.952158239802021855e-01
1.704000000000000000e+03,1.385237424590055115e-21,1.101575130981343005e-21,2.923157208079800137e-09,2.324567057753660457e-09,7.952247834390854253e-01
1.705000000000000000e+03,1.380306674626708138e-21,1.097666431231116371e-21,2.919593694737056515e-09,2.321759396268650573e-09,7.952337342192239422e-01
1.706000000000000000e+03,1.375396198665012086e-21,1.093773754031207881e-21,2.916036288661349636e-09,2.318956502450809745e-09,7.952426763232639528e-01
1.707000000000000000e+03,1.370505902129095553e-21,1.089897024869006408e-21,2.912484976340812407e-09,2.316158365869280434e-09,7.952516097711361809e-01
1.708000000000000000e+03,1.365635690951794819e-21,1.086036169634053804e-21,2.908939744332497183e-09,2.313364976152080506e-09,7.952605345845412677e-01
1.709000000000000000e+03,1.360785471556779568e-21,1.082191114575288694e-21,2.905400579230554542e-09,2.310576322899850633e-09,7.952694507659825440e-01
1.710000000000000000e+03,1.355955150840757216e-21,1.078361786311543165e-21,2.901867467634096905e-09,2.307792395712325311e-09,7.952783583165764503e-01
1.711000000000000000e+03,1.351144636156932302e-21,1.074548111822841860e-21,2.898340396117262456e-09,2.305013184173970933e-09,7.952872572393023809e-01
1.712000000000000000e+03,1.346353835367113980e-21,1.070750018491916479e-21,2.894819351346433251e-09,2.302238677947367043e-09,7.952961475390696311e-01
1.713000000000000000e+03,1.341582656811124398e-21,1.066967434109563405e-21,2.891304320020833315e-09,2.299468866789948464e-09,7.953050292448563541e-01
1.714000000000000000e+03,1.336831009318109962e-21,1.063200286838804105e-21,2.887795288902773252e-09,2.296703740481959113e-09,7.953139023765769533e-01
1.715000000000000000e+03,1.332098802171234180e-21,1.059448505188791221e-21,2.884292244747345278e-09,2.293943288774458733e-09,7.953227669463850402e-01
1.716000000000000000e+03,1.327385945100322840e-21,1.055712018032943724e-21,2.880795174291755894e-09,2.291187501432567069e-09,7.953316229765818868e-01
1.717000000000000000e+03,1.322692348318372034e-21,1.051990754622169810e-21,2.877304064339899318e-09,2.288436368268604034e-09,7.953404704878171971e-01
1.718000000000000000e+03,1.318017922523586943e-21,1.048284644584109510e-21,2.873818901772922645e-09,2.285689879145184189e-09,7.953493094972308164e-01
1.719000000000000000e+03,1.313362578882127452e-21,1.044593617914402930e-21,2.870339673517739218e-09,2.282948023960897422e-09,7.953581400221650943e-01
1.720000000000000000e+03,1.308726229014952216e-21,1.040917604945527046e-21,2.866866366524038801e-09,2.280210792586624310e-09,7.953669620643284421e-01
1.721000000000000000e+03,1.304108785004129269e-21,1.037256536389526148e-21,2.863398967783683720e-09,2.277478174963175279e-09,7.953757756384117750e-01
1.722000000000000000e+03,1.299510159393442017e-21,1.033610343336835217e-21,2.859937464337788286e-09,2.274750161103648069e-09,7.953845807710206994e-01
1.723000000000000000e+03,1.294930265194747633e-21,1.029978957212111808e-21,2.856481843296549631e-09,2.272026741000944392e-09,7.953933774628479947e-01
1.724000000000000000e+03,1.290369015847423058e-21,1.026362309781285814e-21,2.853032091755596577e-09,2.269307904647217362e-09,7.954021657186519656e-01
1.725000000000000000e+03,1.285826325218393409e-21,1.022760333142277394e-21,2.849588196801072671e-09,2.266593642017367585e-09,7.954109455400711903e-01
1.726000000000000000e+03,1.281302107629901097e-21,1.019172959750505192e-21,2.846150145576379310e-09,2.263883943129570451e-09,7.954197169282181124e-01
1.727000000000000000e+03,1.276796277857541915e-21,1.015600122447964499e-21,2.842717925283621664e-09,2.261178798114567393e-09,7.954284799076456469e-01
1.728000000000000000e+03,1.272308751119233060e-21,1.012041754423107913e-21,2.839291523164801061e-09,2.258478197131474623e-09,7.954372345021035740e-01
1.729000000000000000e+03,1.267839443066353863e-21,1.008497789189315545e-21,2.835870926487570527e-09,2.255782130323966545e-09,7.954459807230769286e-01
1.730000000000000000e+03,1.263388269755475616e-21,1.004968160585851782e-21,2.832456122487238674e-09,2.253090587826235177e-09,7.954547185881026827e-01
1.731000000000000000e+03,1.258955147680528743e-21,1.001452802804324625e-21,2.829047098443751259e-09,2.250403559826323651e-09,7.954634481215469011e-01
1.732000000000000000e+03,1.254539993784840234e-21,9.979516503773783814e-22,2.825643841714369786e-09,2.247721036545248997e-09,7.954721693380562009e-01
1.733000000000000000e+03,1.250142725449179154e-21,9.944646381881690811e-22,2.822246339712613137e-09,2.245043008262725811e-09,7.954808822575483163e-01
1.734000000000000000e+03,1.245763260474112000e-21,9.909917014285272284e-22,2.818854579873987484e-09,2.242369465227113167e-09,7.954895868829653383e-01
1.735000000000000000e+03,1.241401517082866581e-21,9.875327756308025994e-22,2.815468549667728115e-09,2.239700397731192217e-09,7.954982832237689205e-01
1.736000000000000000e+03,1.237057413920876870e-21,9.840877966805138783e-22,2.812088236601118143e-09,2.237035796145341516e-09,7.955069713065532344e-01
1.737000000000000000e+03,1.232730870074374993e-21,9.806567007836612632e-22,2.808713628267242476e-09,2.234375650847844154e-09,7.955156511368087768e-01
1.738000000000000000e+03,1.228421805022749108e-21,9.772394244560913450e-22,2.805344712242102668e-09,2.231719952204561865e-09,7.955243227207237089e-01
1.739000000000000000e+03,1.224130138649940617e-21,9.738359045231495376e-22,2.801981476115414934e-09,2.229068690571853731e-09,7.955329860574843481e-01
1.740000000000000000e+03,1.219855791236739696e-21,9.704460781255513427e-22,2.798623907477984054e-09,2.226421856313778647e-09,7.955416411489700801e-01
1.741000000000000000e+03,1.215598683497796628e-21,9.670698827608278359e-22,2.795271994011695255e-09,2.223779439901323075e-09,7.955502880096535501e-01
1.742000000000000000e+03,1.211358736546098361e-21,9.637072562543970327e-22,2.791925723413543868e-09,2.221141431850768649e-09,7.955589266662486114e-01
1.743000000000000000e+03,1.207135871909881716e-21,9.603581367432134205e-22,2.788585083439709175e-09,2.218507822690240986e-09,7.955675571332111451e-01
1.744000000000000000e+03,1.202930011491487501e-21,9.570224626555771031e-22,2.785250061815783383e-09,2.215878602916876625e-09,7.955761794229284645e-01
1.745000000000000000e+03,1.198741077583249818e-21,9.537001727412983026e-22,2.781920646278086819e-09,2.213253763070234474e-09,7.955847935602807786e-01
1.746000000000000000e+03,1.194568992890502458e-21,9.503912060634625040e-22,2.778596824632082597e-09,2.210633293717386297e-09,7.955933995606212505e-01
1.747000000000000000e+03,1.190413680528453779e-21,9.470955020109061180e-22,2.775278584750647396e-09,2.208017185486054393e-09,7.956019974421557617e-01
1.748000000000000000e+03,1.186275064003704363e-21,9.438130002717725600e-22,2.771965914536394625e-09,2.205405429007241247e-09,7.956105872160735837e-01
1.749000000000000000e+03,1.182153067209325924e-21,9.405436408281805840e-22,2.768658801915208766e-09,2.202798014906487884e-09,7.956191688852056743e-01
1.750000000000000000e+03,1.178047614429280417e-21,9.372873639887788931e-22,2.765357234851587916e-09,2.200194933883922619e-09,7.956277424685073152e-01
1.751000000000000000e+03,1.173958630345670298e-21,9.340441103760404563e-22,2.762061201370824229e-09,2.197596176688905488e-09,7.956363079855826026e-01
1.752000000000000000e+03,1.169886040024463883e-21,9.308138208934562481e-22,2.758770689530703991e-09,2.195001734046891835e-09,7.956448654383393437e-01
1.753000000000000000e+03,1.165829768901456939e-21,9.275964367348918070e-22,2.755485687393339645e-09,2.192411596684921054e-09,7.956534148282654595e-01
1.754000000000000000e+03,1.161789742769533145e-21,9.243918993765440333e-22,2.752206182999668638e-09,2.189825755316221932e-09,7.956619561582045641e-01
1.755000000000000000e+03,1.157765887817120439e-21,9.212001506055252618e-22,2.748932164465126782e-09,2.187244200711542916e-09,7.956704894306206866e-01
1.756000000000000000e+03,1.153758130609556135e-21,9.180211325323974172e-22,2.745663619940749264e-09,2.184666923733253869e-09,7.956790146712867662e-01
1.757000000000000000e+03,1.149766398092748832e-21,9.148547875601940703e-22,2.742400537626882399e-09,2.182093915266096172e-09,7.956875319001930347e-01
1.758000000000000000e+03,1.145790617573737798e-21,9.117010583653591858e-22,2.739142905731826261e-09,2.179525166175448972e-09,7.956960411282878454e-01
1.759000000000000000e+03,1.141830716705738617e-21,9.085598879038427659e-22,2.735890712440631355e-09,2.176960667325277352e-09,7.957045423730598754e-01
1.760000000000000000e+03,1.137886623515379675e-21,9.054312194303548836e-22,2.732643945984762533e-09,2.174400409627909577e-09,7.957130356565063067e-01
1.761000000000000000e+03,1.133958266409922707e-21,9.023149964898692093e-22,2.729402594664513932e-09,2.171844384027677118e-09,7.957215209926296051e-01
1.762000000000000000e+03,1.130045574167078118e-21,8.992111629240128103e-22,2.726166646829707128e-09,2.169292581520217735e-09,7.957299984001032778e-01
1.763000000000000000e+03,1.126148475920629919e-21,8.961196628357847689e-22,2.722936090849964747e-09,2.166744993071264543e-09,7.957384678811594281e-01
1.764000000000000000e+03,1.122266901163163996e-21,8.930404406181475910e-22,2.719710915125996101e-09,2.164201609689088831e-09,7.957469294448258346e-01
1.765000000000000000e+03,1.118400779745283258e-21,8.899734409637396102e-22,2.716491108092475368e-09,2.161662422452060484e-09,7.957553831162670344e-01
1.766000000000000000e+03,1.114550041892185118e-21,8.869186088377867079e-22,2.713276658263198618e-09,2.159127422446968844e-09,7.957638289009026922e-01
1.767000000000000000e+03,1.110714618162672097e-21,8.838758894685646345e-22,2.710067554136366671e-09,2.156596600749302726e-09,7.957722668048244907e-01
1.768000000000000000e+03,1.106894439460766462e-21,8.808452283476726645e-22,2.706863784227188837e-09,2.154069948427232461e-09,7.957806968266859515e-01
1.769000000000000000e+03,1.103089437023775851e-21,8.778265712329838047e-22,2.703665337043187433e-09,2.151547456552188718e-09,7.957891189688395261e-01
1.770000000000000000e+03,1.099299542459010457e-21,8.748198641835488897e-22,2.700472201178656438e-09,2.149029116288065238e-09,7.957975332425540893e-01
1.771000000000000000e+03,1.095524687711578053e-21,8.718250535396246504e-22,2.697284365240681766e-09,2.146514918846494838e-09,7.958059396733125901e-01
1.772000000000000000e+03,1.091764805080424502e-21,8.688420859083889184e-22,2.694101817893180775e-09,2.144004855455533178e-09,7.958143382762608020e-01
1.773000000000000000e+03,1.088019827185306888e-21,8.658709081442500617e-22,2.690924547780158930e-09,2.141498917314515795e-09,7.958227290620675243e-01
1.774000000000000000e+03,1.084289686972314944e-21,8.629114673706026575e-22,2.687752543543447865e-09,2.138997095651030165e-09,7.958311120528395177e-01
1.775000000000000000e+03,1.080574317737183278e-21,8.599637109795325843e-22,2.684585793884864286e-09,2.136499381723849301e-09,7.958394872648569818e-01
1.776000000000000000e+03,1.076873653124474727e-21,8.570275866369194201e-22,2.681424287569101378e-09,2.134005766839332676e-09,7.958478547137938230e-01
1.777000000000000000e+03,1.073187627113813531e-21,8.541030422709814843e-22,2.678268013394313023e-09,2.131516242326697244e-09,7.958562144142221628e-01
1.778000000000000000e+03,1.069516174012535772e-21,8.511900260533778388e-22,2.675116960178320561e-09,2.129030799494322453e-09,7.958645663673722392e-01
1.779000000000000000e+03,1.065859228460439304e-21,8.482884864299723857e-22,2.671971116774938444e-09,2.126549429709932168e-09,7.958729105862010211e-01
1.780000000000000000e+03,1.062216725428659236e-21,8.453983721194958723e-22,2.668830472075733647e-09,2.124072124401193141e-09,7.958812470951575069e-01
1.781000000000000000e+03,1.058588600228302072e-21,8.425196320823499640e-22,2.665695015036358135e-09,2.121598874981103728e-09,7.958895758944001253e-01
1.782000000000000000e+03,1.054974788476538250e-21,8.396522155250961279e-22,2.662564734595839610e-09,2.119129672862419094e-09,7.958978969891935540e-01
1.783000000000000000e+03,1.051375226101583797e-21,8.367960718942916229e-22,2.659439619693124299e-09,2.116664509445304716e-09,7.959062103803465904e-01
1.784000000000000000e+03,1.047789849353036960e-21,8.339511508889893298e-22,2.656319659297398909e-09,2.114203376152121807e-09,7.959145160681949660e-01
1.785000000000000000e+03,1.044218594813894775e-21,8.311174024890817422e-22,2.653204842443063827e-09,2.111746264502922024e-09,7.959228140705607579e-01
1.786000000000000000e+03,1.040661399379532214e-21,8.282947769261498342e-22,2.650095158181020038e-09,2.109293166045522585e-09,7.959311044110980449e-01
1.787000000000000000e+03,1.037118200268010051e-21,8.254832246726254732e-22,2.646990595609229316e-09,2.106844072331355069e-09,7.959393871010128629e-01
1.788000000000000000e+03,1.033588934987747635e-21,8.226826964303005394e-22,2.643891143794604794e-09,2.104398974889297566e-09,7.959476621526069273e-01
1.789000000000000000e+03,1.030073541355195184e-21,8.198931431546507248e-22,2.640796791822004463e-09,2.101957865290955765e-09,7.959559295892359998e-01
1.790000000000000000e+03,1.026571957509733404e-21,8.171145160446457843e-22,2.637707528836741221e-09,2.099520735128123526e-09,7.959641894240018223e-01
1.791000000000000000e+03,1.023084121910561351e-21,8.143467665547936506e-22,2.634623344041252649e-09,2.097087576047175392e-09,7.959724416737495867e-01
1.792000000000000000e+03,1.019609973322408996e-21,8.115898463730670014e-22,2.631544226662859985e-09,2.094658379695846209e-09,7.959806863486178496e-01
1.793000000000000000e+03,1.016149450812048927e-21,8.088437074172046838e-22,2.628470165948994883e-09,2.092233137716803923e-09,7.959889234509970324e-01
1.794000000000000000e+03,1.012702493752321052e-21,8.061083018598363546e-22,2.625401151181818177e-09,2.089811841815842774e-09,7.959971529970263360e-01
1.795000000000000000e+03,1.009269041825295147e-21,8.033835821211162682e-22,2.622337171690773169e-09,2.087394483746552733e-09,7.960053750070165135e-01
1.796000000000000000e+03,1.005849035017868305e-21,8.006695008407459473e-22,2.619278216845572798e-09,2.084981055241086976e-09,7.960135894811715129e-01
1.797000000000000000e+03,1.002442413603118770e-21,7.979660108867348126e-22,2.616224276011904112e-09,2.082571548035864034e-09,7.960217964227728205e-01
1.798000000000000000e+03,9.990491181359643192e-22,7.952730653475319881e-22,2.613175338543919127e-09,2.080165953854101462e-09,7.960299958337987425e-01
1.799000000000000000e+03,9.956690894745457325e-22,7.925906175488877802e-22,2.610131393844052391e-09,2.077764264452928741e-09,7.960381877147250096e-01
1.800000000000000000e+03,9.923022687789138074e-22,7.899186210740754719e-22,2.607092431363978446e-09,2.075366471679938716e-09,7.960463720859135561e-01
1.801000000000000000e+03,9.889485974998559584e-22,7.872570297364187032e-22,2.604058440579593751e-09,2.072972567404889780e-09,7.960545489691474019e-01
1.802000000000000000e+03,9.856080173812046990e-22,7.846057975677383364e-22,2.601029411001219538e-09,2.070582543492481287e-09,7.960627183740486279e-01
1.803000000000000000e+03,9.822804704340661040e-22,7.819648788133117483e-22,2.598005332109645453e-09,2.068196391791972439e-09,7.960708803136077316e-01
1.804000000000000000e+03,9.789658989559786746e-22,7.793342279536138337e-22,2.594986193410400045e-09,2.065814104197638848e-09,7.960790348108522929e-01
1.805000000000000000e+03,9.756642455424209577e-22,7.767137996926494239e-22,2.591971984468392678e-09,2.063435672621262575e-09,7.960871818776499298e-01
1.806000000000000000e+03,9.723754530822995286e-22,7.741035489702919341e-22,2.588962694900346070e-09,2.061061089028154195e-09,7.960953215308836928e-01
1.807000000000000000e+03,9.690994647449254540e-22,7.715034309384810136e-22,2.585958314344386234e-09,2.058690345377194605e-09,7.961034537786549903e-01
1.808000000000000000e+03,9.658362239781916173e-22,7.689134009634553263e-22,2.582958832459156987e-09,2.056323433629686691e-09,7.961115786239316705e-01
1.809000000000000000e+03,9.625856745114685724e-22,7.663334146467984139e-22,2.579964238935548128e-09,2.053960345808731584e-09,7.961196960839126424e-01
1.810000000000000000e+03,9.593477603606467567e-22,7.637634278161931034e-22,2.576974523514321415e-09,2.051601073978007351e-09,7.961278061764298641e-01
1.811000000000000000e+03,9.561224258193387144e-22,7.612033965015591600e-22,2.573989675966686298e-09,2.049245610180895940e-09,7.961359089023083424e-01
1.812000000000000000e+03,9.529096154464856252e-22,7.586532769431395597e-22,2.571009686064893646e-09,2.046893946464980547e-09,7.961440042639014170e-01
1.813000000000000000e+03,9.497092740593387564e-22,7.561130255844337935e-22,2.568034543566949452e-09,2.044546074865881273e-09,7.961520922635436648e-01
1.814000000000000000e+03,9.465213467560447528e-22,7.535825990884769595e-22,2.565064238281331374e-09,2.042201987454125651e-09,7.961601729017363516e-01
1.815000000000000000e+03,9.433457789117979151e-22,7.510619543551977706e-22,2.562098760060751795e-09,2.039861676385554970e-09,7.961682461987477089e-01
1.816000000000000000e+03,9.401825161700809797e-22,7.485510484961776820e-22,2.559138098782443212e-09,2.037525133836426574e-09,7.961763121755002226e-01
1.817000000000000000e+03,9.370315044439466901e-22,7.460498388241131948e-22,2.556182244355551990e-09,2.035192351977743975e-09,7.961843708412281728e-01
1.818000000000000000e+03,9.338926898927033237e-22,7.435582828484666217e-22,2.553231186661361745e-09,2.032863322966147515e-09,7.961924222084824088e-01
1.819000000000000000e+03,9.307660189394673619e-22,7.410763382955185156e-22,2.550284915604676971e-09,2.030538039001532468e-09,7.962004662996990945e-01
1.820000000000000000e+03,9.276514382816823773e-22,7.386039630972709092e-22,2.547343421146556649e-09,2.028216492299874085e-09,7.962085031263574919e-01
1.821000000000000000e+03,9.245488948872449810e-22,7.361411154031053031e-22,2.544406693297845278e-09,2.025898675128299224e-09,7.962165327047227015e-01
1.822000000000000000e+03,9.214583359825649970e-22,7.336877535586497232e-22,2.541474722090348944e-09,2.023584579750161147e-09,7.962245550432915930e-01
1.823000000000000000e+03,9.183797090504734585e-22,7.312438361059032285e-22,2.538547497574823197e-09,2.021274198428129863e-09,7.962325701445943649e-01
1.824000000000000000e+03,9.153129618334808902e-22,7.288093218033143893e-22,2.535625009833744309e-09,2.018967523482586120e-09,7.962405780241792463e-01
1.825000000000000000e+03,9.122580423365221347e-22,7.263841696191868577e-22,2.532707248992791371e-09,2.016664547276713952e-09,7.962485787011911453e-01
1.826000000000000000e+03,9.092148988235098028e-22,7.239683387080714919e-22,2.529794205215234695e-09,2.014365262154041514e-09,7.962565721754665260e-01
1.827000000000000000e+03,9.061834798007327200e-22,7.215617884186895635e-22,2.526885868659549014e-09,2.012069660463064182e-09,7.962645584505237961e-01
1.828000000000000000e+03,9.031637340142986150e-22,7.191644782868612662e-22,2.523982229475685791e-09,2.009777734540272458e-09,7.962725375280355067e-01
1.829000000000000000e+03,9.001556104658943955e-22,7.167763680483265976e-22,2.521083277852586061e-09,2.007489476748657644e-09,7.962805094080832591e-01
1.830000000000000000e+03,8.971590584155159285e-22,7.143974176583231700e-22,2.518189004029724979e-09,2.005204879535670732e-09,7.962884741085148876e-01
1.831000000000000000e+03,8.941740273677435320e-22,7.120275872676126151e-22,2.515299398262495547e-09,2.002923935369417827e-09,7.962964316506363494e-01
1.832000000000000000e+03,8.912004670789971268e-22,7.096668372148334756e-22,2.512414450846260964e-09,2.000646636720022528e-09,7.963043820441890741e-01
1.833000000000000000e+03,8.882383275325100551e-22,7.073151280183460016e-22,2.509534152049499817e-09,1.998372976039289692e-09,7.963123253003939750e-01
1.834000000000000000e+03,8.852875589522335804e-22,7.049724203949549545e-22,2.506658492156281394e-09,1.996102945816194777e-09,7.963202614406019730e-01
1.835000000000000000e+03,8.823481118142273340e-22,7.026386752517674749e-22,2.503787461502145053e-09,1.993836538556851596e-09,7.963281904769389241e-01
1.836000000000000000e+03,8.794199368447651696e-22,7.003138536953412497e-22,2.500921050472655973e-09,1.991573746813370583e-09,7.963361124242517297e-01
1.837000000000000000e+03,8.765029850095956596e-22,6.979979170175152914e-22,2.498059249476703752e-09,1.989314563146624906e-09,7.963440272937277742e-01
1.838000000000000000e+03,8.735972075104011297e-22,6.956908266871641742e-22,2.495202048939990440e-09,1.987058980105428271e-09,7.963519350866070656e-01
1.839000000000000000e+03,8.707025557886576060e-22,6.933925443714682753e-22,2.492349439319601727e-09,1.984806990289913494e-09,7.963598358148989975e-01
1.840000000000000000e+03,8.678189815240011602e-22,6.911030319338103923e-22,2.489501411102983733e-09,1.982558586348675834e-09,7.963677295006212908e-01
1.841000000000000000e+03,8.649464366416066287e-22,6.888222514114238590e-22,2.486657954832800186e-09,1.980313760917645591e-09,7.963756161433145353e-01
1.842000000000000000e+03,8.620848732859859374e-22,6.865501650192331211e-22,2.483819061035337058e-09,1.978072506633608780e-09,7.963834957483109100e-01
1.843000000000000000e+03,8.592342438277367559e-22,6.842867351456153728e-22,2.480984720243097818e-09,1.975834816124566761e-09,7.963913683156281786e-01
1.844000000000000000e+03,8.563945008649231863e-22,6.820319243586211798e-22,2.478154923002140121e-09,1.973600682030217639e-09,7.963992338458467657e-01
1.845000000000000000e+03,8.535655972388313370e-22,6.797856954284377997e-22,2.475329659921175589e-09,1.971370097069797898e-09,7.964070923517209133e-01
1.846000000000000000e+03,8.507474860137344567e-22,6.775480113083211592e-22,2.472508921616696303e-09,1.969143053990087484e-09,7.964149438548947524e-01
1.847000000000000000e+03,8.479401204891128103e-22,6.753188351288152429e-22,2.469692698751884556e-09,1.966919545551420524e-09,7.964227883677383879e-01
1.848000000000000000e+03,8.451434541767135765e-22,6.730981301846490929e-22,2.466880981973386059e-09,1.964699564492122348e-09,7.964306258992913667e-01
1.849000000000000000e+03,8.423574408044461545e-22,6.708858599489164683e-22,2.464073761925739694e-09,1.962483103572278929e-09,7.964384564683427703e-01
1.850000000000000000e+03,8.395820343319365875e-22,6.686819880735122823e-22,2.461271029300155114e-09,1.960270155577771867e-09,7.964462800893410410e-01
1.851000000000000000e+03,8.368171889498961807e-22,6.664864783909184135e-22,2.458472774836354461e-09,1.958060713328317343e-09,7.964540967750410871e-01
1.852000000000000000e+03,8.340628590729174139e-22,6.642992949115542357e-22,2.455678989305067154e-09,1.955854769672531576e-09,7.964619065401620235e-01
1.853000000000000000e+03,8.313189993330196314e-22,6.621204018051644044e-22,2.452889663492485928e-09,1.953652317435818441e-09,7.964697093851987875e-01
1.854000000000000000e+03,8.285855645818806941e-22,6.599497634210989555e-22,2.450104788210187623e-09,1.951453349482567250e-09,7.964775053185021436e-01
1.855000000000000000e+03,8.258625098890956492e-22,6.577873442913682746e-22,2.447324354293387833e-09,1.949257858728102614e-09,7.964852943617720671e-01
1.856000000000000000e+03,8.231497905540146170e-22,6.556331091143630637e-22,2.444548352639482972e-09,1.947065838093350814e-09,7.964930765190308959e-01
1.857000000000000000e+03,8.204473620789858121e-22,6.534870227496791573e-22,2.441776774132207740e-09,1.944877280491950253e-09,7.965008517959826229e-01
1.858000000000000000e+03,8.177551801799127048e-22,6.513490502187880242e-22,2.439009609676078923e-09,1.942692178834618975e-09,7.965086201905636765e-01
1.859000000000000000e+03,8.150732007720497243e-22,6.492191567045041275e-22,2.436246850157258995e-09,1.940510526029968194e-09,7.965163817060282314e-01
1.860000000000000000e+03,8.124013799979941640e-22,6.470973075698535841e-22,2.433488486530290971e-09,1.938332315043429814e-09,7.965241363468034130e-01
1.861000000000000000e+03,8.097396742077999206e-22,6.449834683554214023e-22,2.430734509762212841e-09,1.936157538892324782e-09,7.965318841347794887e-01
1.862000000000000000e+03,8.070880399679624086e-22,6.428776047667202786e-22,2.427984910862782341e-09,1.933986190610834050e-09,7.965396250850644844e-01
1.863000000000000000e+03,8.044464340465675529e-22,6.407796826627331010e-22,2.425239680843214696e-09,1.931818263218036735e-09,7.965473592063183617e-01
1.864000000000000000e+03,8.018148134069084784e-22,6.386896680597618934e-22,2.422498810699950032e-09,1.929653749731768288e-09,7.965550865117739798e-01
1.865000000000000000e+03,7.991931352214928882e-22,6.366075271436619849e-22,2.419762291459933655e-09,1.927492643208031929e-09,7.965628070206446365e-01
1.866000000000000000e+03,7.965813568769591698e-22,6.345332262620004282e-22,2.417030114198878546e-09,1.925334936719992393e-09,7.965705207434463642e-01
1.867000000000000000e+03,7.939794359699826650e-22,6.324667319315935511e-22,2.414302270032348352e-09,1.923180623383444820e-09,7.965782276954396224e-01
1.868000000000000000e+03,7.913873302981016419e-22,6.304080108194757032e-22,2.411578750091222382e-09,1.921029696301636439e-09,7.965859278818782085e-01
1.869000000000000000e+03,7.888049978596382079e-22,6.283570297493565756e-22,2.408859545524600667e-09,1.918882148587198425e-09,7.965936213060961224e-01
1.870000000000000000e+03,7.862323968554084184e-22,6.263137557142878575e-22,2.406144647508205217e-09,1.916737973403351907e-09,7.966013079838398792e-01
1.871000000000000000e+03,7.836694856925137637e-22,6.242781558699661162e-22,2.403434047259253560e-09,1.914597163946240630e-09,7.966089879310579436e-01
1.872000000000000000e+03,7.811162229786320277e-22,6.222501975175878823e-22,2.400727736022304850e-09,1.912459713394912169e-09,7.966166611477610848e-01
1.873000000000000000e+03,7.785725675116207461e-22,6.202298481105226966e-22,2.398025705040470262e-09,1.910325614933999638e-09,7.966243276369551207e-01
1.874000000000000000e+03,7.760384782764155937e-22,6.182170752484283968e-22,2.395327945548748812e-09,1.908194861737924605e-09,7.966319874002779633e-01
1.875000000000000000e+03,7.735139144573046143e-22,6.162118466866769839e-22,2.392634448814825969e-09,1.906067447002239794e-09,7.966396404375086782e-01
1.876000000000000000e+03,7.709988354414325107e-22,6.142141303527125192e-22,2.389945206153192804e-09,1.903943363996853608e-09,7.966472867641187783e-01
1.877000000000000000e+03,7.684932008058900486e-22,6.122238943267976556e-22,2.387260208888436957e-09,1.901822606009296292e-09,7.966549263998450314e-01
1.878000000000000000e+03,7.659969703262272695e-22,6.102411068380513750e-22,2.384579448384735757e-09,1.899705166334842569e-09,7.966625593547169704e-01
1.879000000000000000e+03,7.635101039563813131e-22,6.082657362553374966e-22,2.381902915986536207e-09,1.897591038250433120e-09,7.966701856378932689e-01
1.880000000000000000e+03,7.610325618358143009e-22,6.062977511008448340e-22,2.379230603043521778e-09,1.895480215059188061e-09,7.966778052680063560e-01
1.881000000000000000e+03,7.585643043006320085e-22,6.043371200470676792e-22,2.376562500948358728e-09,1.893372690083475176e-09,7.966854182576439403e-01
1.882000000000000000e+03,7.561052918828384139e-22,6.023838119206252193e-22,2.373898601137657282e-09,1.891268456679345459e-09,7.966930246190725429e-01
1.883000000000000000e+03,7.536554853036093307e-22,6.004377956980762119e-22,2.371238895074110742e-09,1.889167508225953055e-09,7.967006243657743791e-01
1.884000000000000000e+03,7.512148454686382969e-22,5.984990404913381532e-22,2.368583374234919914e-09,1.887069838082050114e-09,7.967082174979784881e-01
1.885000000000000000e+03,7.487833334700838521e-22,5.965675155651539959e-22,2.365932030120910296e-09,1.884975439643173922e-09,7.967158040236864691e-01
1.886000000000000000e+03,7.463609105847186504e-22,5.946431903391393898e-22,2.363284854253726283e-09,1.882884306350725621e-09,7.967233839635041726e-01
1.887000000000000000e+03,7.439475382844562483e-22,5.927260343741619942e-22,2.360641838212243240e-09,1.880796431651435464e-09,7.967309573212498774e-01
1.888000000000000000e+03,7.415431782133852357e-22,5.908160173679259441e-22,2.358002973562929239e-09,1.878711808985568048e-09,7.967385241023871023e-01
1.889000000000000000e+03,7.391477921973716146e-22,5.889131091558230970e-22,2.355368251893079930e-09,1.876630431791746427e-09,7.967460843048396191e-01
1.890000000000000000e+03,7.367613422304445055e-22,5.870172797097960004e-22,2.352737664770325573e-09,1.874552293505478495e-09,7.967536379320353523e-01
1.891000000000000000e+03,7.343837904992554577e-22,5.851284991531112225e-22,2.350111203823444927e-09,1.872477387608568205e-09,7.967611849865637863e-01
1.892000000000000000e+03,7.320150993676760880e-22,5.832467377616813605e-22,2.347488860696361188e-09,1.870405707636005153e-09,7.967687254887191317e-01
1.893000000000000000e+03,7.296552313817770044e-22,5.813719659514664682e-22,2.344870627067033549e-09,1.868337247138191380e-09,7.967762594540702681e-01
1.894000000000000000e+03,7.273041492616779628e-22,5.795041542698061486e-22,2.342256494624291190e-09,1.866271999655330201e-09,7.967837868903803189e-01
1.895000000000000000e+03,7.249618158920146077e-22,5.776432733959710959e-22,2.339646455039891517e-09,1.864209958721232896e-09,7.967913078087038858e-01
1.896000000000000000e+03,7.226281943331651957e-22,5.757892941538848597e-22,2.337040500007349273e-09,1.862151117906520280e-09,7.967988222286539468e-01
1.897000000000000000e+03,7.203032478272514472e-22,5.739421875032976693e-22,2.334438621264306389e-09,1.860095470792527847e-09,7.968063301596340908e-01
1.898000000000000000e+03,7.179869397954934958e-22,5.721019245483278574e-22,2.331840810587090379e-09,1.858043011001271210e-09,7.968138316154907974e-01
1.899000000000000000e+03,7.156792338305587368e-22,5.702684765242946309e-22,2.329247059768892902e-09,1.855993732155124982e-09,7.968213266046909604e-01
1.900000000000000000e+03,7.133800936949028756e-22,5.684418147952516015e-22,2.326657360617197230e-09,1.853947627870877824e-09,7.968288151286174736e-01
1.901000000000000000e+03,7.110894833238445504e-22,5.666219108682581337e-22,2.324071704966630154e-09,1.851904691808405614e-09,7.968362971980659237e-01
1.902000000000000000e+03,7.088073668236259551e-22,5.648087363915927814e-22,2.321490084675537867e-09,1.849864917667356108e-09,7.968437728330429737e-01
1.903000000000000000e+03,7.065337084781684518e-22,5.630022631388352133e-22,2.318912491651040029e-09,1.847828299137396095e-09,7.968512420327524826e-01
1.904000000000000000e+03,7.042684727281972962e-22,5.612024630115587536e-22,2.316338917783505890e-09,1.845794829909025334e-09,7.968587048026883890e-01
1.905000000000000000e+03,7.020116241794742355e-22,5.594093080368309047e-22,2.313769354976125587e-09,1.843764503667407648e-09,7.968661611418188517e-01
1.906000000000000000e+03,6.997631275977946047e-22,5.576227703696641120e-22,2.311203795131123111e-09,1.841737314102458808e-09,7.968736110516685400e-01
1.907000000000000000e+03,6.975229479259581735e-22,5.558428223090293821e-22,2.308642230208510942e-09,1.839713254963944823e-09,7.968810545399173106e-01
1.908000000000000000e+03,6.952910502669696393e-22,5.540694362886771767e-22,2.306084652173564914e-09,1.837692320033702735e-09,7.968884916265385199e-01
1.909000000000000000e+03,6.930673998941491011e-22,5.523025848714495247e-22,2.303531053033057200e-09,1.835674503109102177e-09,7.968959223241515177e-01
1.910000000000000000e+03,6.908519622362595169e-22,5.505422407392918937e-22,2.300981424788724101e-09,1.833659797971960959e-09,7.969033466405873734e-01
1.911000000000000000e+03,6.886447028751649313e-22,5.487883766981914884e-22,2.298435759431951818e-09,1.831648198406878081e-09,7.969107645886791547e-01
1.912000000000000000e+03,6.864455875571039357e-22,5.470409656865453604e-22,2.295894048983923252e-09,1.829639698231257697e-09,7.969181761854331469e-01
1.913000000000000000e+03,6.842545821953022757e-22,5.452999807693067280e-22,2.293356285507226659e-09,1.827634291278035103e-09,7.969255814404839766e-01
1.914000000000000000e+03,6.820716528669456237e-22,5.435653951436281015e-22,2.290822461098650902e-09,1.825631971416784943e-09,7.969329803677730473e-01
1.915000000000000000e+03,6.798967658060513814e-22,5.418371821241094875e-22,2.288292567868074979e-09,1.823632732506439354e-09,7.969403729722623897e-01
1.916000000000000000e+03,6.777298874033559260e-22,5.401153151473879889e-22,2.285766597940732427e-09,1.821636568412636011e-09,7.969477592566821533e-01
1.917000000000000000e+03,6.755709842081977526e-22,5.383997677822100988e-22,2.283244543466240413e-09,1.819643473043798508e-09,7.969551392341708285e-01
1.918000000000000000e+03,6.734200229295808729e-22,5.366905137257424351e-22,2.280726396624947934e-09,1.817653440341054885e-09,7.969625129216922899e-01
1.919000000000000000e+03,6.712769704364716986e-22,5.349875267889870529e-22,2.278212149631747460e-09,1.815666464231035808e-09,7.969698803180038649e-01
1.920000000000000000e+03,6.691417937439523758e-22,5.332907809019562526e-22,2.275701794691818294e-09,1.813682538645272988e-09,7.969772414275775319e-01
1.921000000000000000e+03,6.670144600162905182e-22,5.316002501093843766e-22,2.273195324013452007e-09,1.811701657507575992e-09,7.969845962505837100e-01
1.922000000000000000e+03,6.648949365690297062e-22,5.299159085753927354e-22,2.270692729817680403e-09,1.809723814751821588e-09,7.969919447873199392e-01
1.923000000000000000e+03,6.627831908792369763e-22,5.282377305981714375e-22,2.268194004375926718e-09,1.807749004374233628e-09,7.969992870480318015e-01
1.924000000000000000e+03,6.606791905710417019e-22,5.265656905975375814e-22,2.265699139963378686e-09,1.805777220393288571e-09,7.970066230516713590e-01
1.925000000000000000e+03,6.585829034255448220e-22,5.248997631120930042e-22,2.263208128895511459e-09,1.803808456842093218e-09,7.970139528097160975e-01
1.926000000000000000e+03,6.564942973658241418e-22,5.232399227896514317e-22,2.260720963479291396e-09,1.801842707737479799e-09,7.970212763296583569e-01
1.927000000000000000e+03,6.544133404564743851e-22,5.215861443935400685e-22,2.258237636013913493e-09,1.799879967103483221e-09,7.970285936251191306e-01
1.928000000000000000e+03,6.523400009143870414e-22,5.199384028082889909e-22,2.255758138830401418e-09,1.797920228992983211e-09,7.970359047114843332e-01
1.929000000000000000e+03,6.502742471099884913e-22,5.182966730357269066e-22,2.253282464298627788e-09,1.795963487476365532e-09,7.970432095983978060e-01
1.930000000000000000e+03,6.482160475642650644e-22,5.166609301990359524e-22,2.250810604819773591e-09,1.794009736657664002e-09,7.970505082995703594e-01
1.931000000000000000e+03,6.461653709424510118e-22,5.150311495285733511e-22,2.248342552807071012e-09,1.792058970627449867e-09,7.970578008186749441e-01
1.932000000000000000e+03,6.441221860542020085e-22,5.134073063682673234e-22,2.245878300688902462e-09,1.790111183486859743e-09,7.970650871588900177e-01
1.933000000000000000e+03,6.420864618550231440e-22,5.117893761837109781e-22,2.243417840916307243e-09,1.788166369377847683e-09,7.970723673337127835e-01
1.934000000000000000e+03,6.400581674480494671e-22,5.101773345582590119e-22,2.240961165971805908e-09,1.786224522471794893e-09,7.970796413587952767e-01
1.935000000000000000e+03,6.380372720828460415e-22,5.085711571799619494e-22,2.238508268367858814e-09,1.784285636925821783e-09,7.970869092329867511e-01
1.936000000000000000e+03,6.360237451439632385e-22,5.069708198467031470e-22,2.236059140609276553e-09,1.782349706902541239e-09,7.970941709604739689e-01
1.937000000000000000e+03,6.340175561529784298e-22,5.053762984619227204e-22,2.233613775202658906e-09,1.780416726556883501e-09,7.971014265415442557e-01
1.938000000000000000e+03,6.320186747711265555e-22,5.037875690391602198e-22,2.231172164668021698e-09,1.778486690053884682e-09,7.971086759763819085e-01
1.939000000000000000e+03,6.300270708083435316e-22,5.022046077154946672e-22,2.228734301573237287e-09,1.776559591618157131e-09,7.971159192749466271e-01
1.940000000000000000e+03,6.280427142098771812e-22,5.006273907399699813e-22,2.226300178489370537e-09,1.774635425495291323e-09,7.971231564556802152e-01
1.941000000000000000e+03,6.260655750657090567e-22,4.990558944711902919e-22,2.223869788026475467e-09,1.772714185945339333e-09,7.971303875297912622e-01
1.942000000000000000e+03,6.240956235967050475e-22,4.974900953684114797e-22,2.221443122786987352e-09,1.770795867213055566e-09,7.971376125045431804e-01
1.943000000000000000e+03,6.221328301539204277e-22,4.959299699969078252e-22,2.219020175365441476e-09,1.768880463548676356e-09,7.971448313926962070e-01
1.944000000000000000e+03,6.201771652283948278e-22,4.943754950340063382e-22,2.216600938385674758e-09,1.766967969231331873e-09,7.971520442097234094e-01
1.945000000000000000e+03,6.182285994526177461e-22,4.928266472646464928e-22,2.214185404508637227e-09,1.765058378555227445e-09,7.971592509647682512e-01
1.946000000000000000e+03,6.162871035980132740e-22,4.912834035858170129e-22,2.211773566426004537e-09,1.763151685847497632e-09,7.971664516709850989e-01
1.947000000000000000e+03,6.143526485689359519e-22,4.897457409940176735e-22,2.209365416841147023e-09,1.761247885425224272e-09,7.971736463329721634e-01
1.948000000000000000e+03,6.124252054025940338e-22,4.882136365892343527e-22,2.206960948471212537e-09,1.759346971611421116e-09,7.971808349532153448e-01
1.949000000000000000e+03,6.105047452709172063e-22,4.866870675834116182e-22,2.204560154056240743e-09,1.757448938767450014e-09,7.971880175434831184e-01
1.950000000000000000e+03,6.085912394805529213e-22,4.851660112979251327e-22,2.202163026361609088e-09,1.755553781286018409e-09,7.971951941208123005e-01
1.951000000000000000e+03,6.066846594752467246e-22,4.836504451509746179e-22,2.199769558189137701e-09,1.753661493547535635e-09,7.972023646836713384e-01
1.952000000000000000e+03,6.047849768215710029e-22,4.821403466615409450e-22,2.197379742327816313e-09,1.751772069936101703e-09,7.972095292370104946e-01
1.953000000000000000e+03,6.028921632144280835e-22,4.806356934463839216e-22,2.194993571575906108e-09,1.749885504830348955e-09,7.972166877800969109e-01
1.954000000000000000e+03,6.010061904744559652e-22,4.791364632225936791e-22,2.192611038733761866e-09,1.748001792614418967e-09,7.972238403141007623e-01
1.955000000000000000e+03,5.991270305605026652e-22,4.776426338198816413e-22,2.190232136651638449e-09,1.746120927724676327e-09,7.972309868460308868e-01
1.956000000000000000e+03,5.972546555562678062e-22,4.761541831731810228e-22,2.187856858183444376e-09,1.744242904624852067e-09,7.972381273942571456e-01
1.957000000000000000e+03,5.953890376787279023e-22,4.746710893185945708e-22,2.185485196219874131e-09,1.742367717793158670e-09,7.972452619705894250e-01
1.958000000000000000e+03,5.935301492667882306e-22,4.731933303855003212e-22,2.183117143649202691e-09,1.740495361695102710e-09,7.972523905821046197e-01
1.959000000000000000e+03,5.916779627787679309e-22,4.717208845994183000e-22,2.180752693350143241e-09,1.738625830795617113e-09,7.972595132392951145e-01
1.960000000000000000e+03,5.898324508004013616e-22,4.702537302901935629e-22,2.178391838223447540e-09,1.736759119590968200e-09,7.972666299591694150e-01
1.961000000000000000e+03,5.879935860480309295e-22,4.687918458854464347e-22,2.176034571206083380e-09,1.734895222586521689e-09,7.972737407498737827e-01
1.962000000000000000e+03,5.861613413665184723e-22,4.673352099166475581e-22,2.173680885265991090e-09,1.733034134321043821e-09,7.972808456237467922e-01
1.963000000000000000e+03,5.843356897238185177e-22,4.658838010094923818e-22,2.171330773384356645e-09,1.731175849332947009e-09,7.972879445883043203e-01
1.964000000000000000e+03,5.825166042100500194e-22,4.644375978822010196e-22,2.168984228554405631e-09,1.729320362155622266e-09,7.972950376445049336e-01
1.965000000000000000e+03,5.807040580398858078e-22,4.629965793558272415e-22,2.166641243792546200e-09,1.727467667357513624e-09,7.973021248011086248e-01
1.966000000000000000e+03,5.788980245500469065e-22,4.615607243533828718e-22,2.164301812131338030e-09,1.725617759540856477e-09,7.973092060767258404e-01
1.967000000000000000e+03,5.770984772065699083e-22,4.601300118890539919e-22,2.161965926648975942e-09,1.723770633303272207e-09,7.973162814712340118e-01
1.968000000000000000e+03,5.753053895875968915e-22,4.587044210687491907e-22,2.159633580407231087e-09,1.721926283241421838e-09,7.973233509902762917e-01
1.969000000000000000e+03,5.735187353925115504e-22,4.572839310895107833e-22,2.157304766487728600e-09,1.720084703950420392e-09,7.973304146316151364e-01
1.970000000000000000e+03,5.717384884320440718e-22,4.558685212392971092e-22,2.154979477956921889e-09,1.718245890024630574e-09,7.973374723984161250e-01
1.971000000000000000e+03,5.699646226450229636e-22,4.544581709065235028e-22,2.152657707931269908e-09,1.716409836095319128e-09,7.973445242926288090e-01
1.972000000000000000e+03,5.681971120875038016e-22,4.530528595808885249e-22,2.150339449538660766e-09,1.714576536835780400e-09,7.973515703316654823e-01
1.973000000000000000e+03,5.664359309356222006e-22,4.516525668449243211e-22,2.148024695931395567e-09,1.712745986931336974e-09,7.973586105296991411e-01
1.974000000000000000e+03,5.646810534826323215e-22,4.502572723690233405e-22,2.145713440277221359e-09,1.710918181062169473e-09,7.973656448929744567e-01
1.975000000000000000e+03,5.629324541301664591e-22,4.488669559104988806e-22,2.143405675728245273e-09,1.709093113901293690e-09,7.973726734303858699e-01
1.976000000000000000e+03,5.611901073952455026e-22,4.474815973220794913e-22,2.141101395449547526e-09,1.707270780148492154e-09,7.973796961586828713e-01
1.977000000000000000e+03,5.594539879147946209e-22,4.461011765467532570e-22,2.138800592638598247e-09,1.705451174512470192e-09,7.973867130869302100e-01
1.978000000000000000e+03,5.577240704449332632e-22,4.447256736223241068e-22,2.136503260524879041e-09,1.703634291729985925e-09,7.973937242255603186e-01
1.979000000000000000e+03,5.560003298568139101e-22,4.433550686778898448e-22,2.134209392356241539e-09,1.701820126554198401e-09,7.974007295860175981e-01
1.980000000000000000e+03,5.542827411343448107e-22,4.419893419249666983e-22,2.131918981392332143e-09,1.700008673722270648e-09,7.974077291680260471e-01
1.981000000000000000e+03,5.525712793749003585e-22,4.406284736681120247e-22,2.129632020909440539e-09,1.698199927997719461e-09,7.974147229775960799e-01
1.982000000000000000e+03,5.508659197884286553e-22,4.392724443064735188e-22,2.127348504199205166e-09,1.696393884178228951e-09,7.974217110312162848e-01
1.983000000000000000e+03,5.491666377034709829e-22,4.379212343273401694e-22,2.125068424594041570e-09,1.694590537072600123e-09,7.974286933355206886e-01
1.984000000000000000e+03,5.474734085563585400e-22,4.365748243008248865e-22,2.122791775427632953e-09,1.692789881481799341e-09,7.974356698931480691e-01
1.985000000000000000e+03,5.457862078932412511e-22,4.352331948823493083e-22,2.120518550044789335e-09,1.690991912210080391e-09,7.974426407042577436e-01
1.986000000000000000e+03,5.441050113634226196e-22,4.338963268099649909e-22,2.118248741777568921e-09,1.689196624056132408e-09,7.974496057713273967e-01
1.987000000000000000e+03,5.424297947295827675e-22,4.325642009095097848e-22,2.115982343986977929e-09,1.687404011834677562e-09,7.974565650936555894e-01
1.988000000000000000e+03,5.407605338684355828e-22,4.312367981039514159e-22,2.113719350067776094e-09,1.685614070414687012e-09,7.974635186836124268e-01
1.989000000000000000e+03,5.390972047625170932e-22,4.299140994017343875e-22,2.111459753418591049e-09,1.683826794675816810e-09,7.974704665573623119e-01
1.990000000000000000e+03,5.374397835070486596e-22,4.285960858964554490e-22,2.109203547470822082e-09,1.682042179508761533e-09,7.974774087241242038e-01
1.991000000000000000e+03,5.357882462986738599e-22,4.272827387602706721e-22,2.106950725646601162e-09,1.680260219790953772e-09,7.974843451905119229e-01
1.992000000000000000e+03,5.341425694361894581e-22,4.259740392491294092e-22,2.104701281363495876e-09,1.678480910408567561e-09,7.974912759691918929e-01
1.993000000000000000e+03,5.325027293282145178e-22,4.246699687059546175e-22,2.102455208066654494e-09,1.676704246270667913e-09,7.974982010734523730e-01
1.994000000000000000e+03,5.308687024936343625e-22,4.233705085581223165e-22,2.100212499232742522e-09,1.674930222300971487e-09,7.975051205117877906e-01
1.995000000000000000e+03,5.292404655597269323e-22,4.220756403204243982e-22,2.097973148364730636e-09,1.673158833451233468e-09,7.975120342962351838e-01
1.996000000000000000e+03,5.276179952574839395e-22,4.207853455853027141e-22,2.095737148975462742e-09,1.671390074664229376e-09,7.975189424309805375e-01
1.997000000000000000e+03,5.260012684215546335e-22,4.194996060259189493e-22,2.093504494589414969e-09,1.669623940887367768e-09,7.975258449181499287e-01
1.998000000000000000e+03,5.243902619920783490e-22,4.182184034027923098e-22,2.091275178751997324e-09,1.667860427100687823e-09,7.975327417676381092e-01
1.999000000000000000e+03,5.227849530135557499e-22,4.169417195623995086e-22,2.089049195027121774e-09,1.666099528313067960e-09,7.975396329962622932e-01
2.000000000000000000e+03,5.211853186390797620e-22,4.156695364273309884e-22,2.086826537016193901e-09,1.664341239524569677e-09,7.975465186024967013e-01
2.001000000000000000e+03,5.195913361165804087e-22,4.144018359986139332e-22,2.084607198305157629e-09,1.662585555737132587e-09,7.975533985917633295e-01
2.002000000000000000e+03,5.180029827963507958e-22,4.131386003542681968e-22,2.082391172496445071e-09,1.660832471950247436e-09,7.975602729621553699e-01
2.003000000000000000e+03,5.164202361239569060e-22,4.118798116498264360e-22,2.080178453182426518e-09,1.659081983164483196e-09,7.975671417162717436e-01
2.004000000000000000e+03,5.148430736537334962e-22,4.106254521267830466e-22,2.077969034001618182e-09,1.657334084417047569e-09,7.975740048567813156e-01
2.005000000000000000e+03,5.132714730387540278e-22,4.093755041117328550e-22,2.075762908600413519e-09,1.655588770780117725e-09,7.975808624003215552e-01
2.006000000000000000e+03,5.117054120343827282e-22,4.081299500101243534e-22,2.073560070649380750e-09,1.653846037337314470e-09,7.975877143599588992e-01
2.007000000000000000e+03,5.101448684949449325e-22,4.068887723017363034e-22,2.071360513831802278e-09,1.652105879166884620e-09,7.975945607414616223e-01
2.008000000000000000e+03,5.085898203667446473e-22,4.056519535401983223e-22,2.069164231817208625e-09,1.650368291341125703e-09,7.976014015531853740e-01
2.009000000000000000e+03,5.070402456938991403e-22,4.044194763600746001e-22,2.066971218286829960e-09,1.648633268956628922e-09,7.976082368108964316e-01
2.010000000000000000e+03,5.054961226221167909e-22,4.031913234724870171e-22,2.064781466950947030e-09,1.646900807118063309e-09,7.976150665232547565e-01
2.011000000000000000e+03,5.039574293981634162e-22,4.019674776687788775e-22,2.062594971548791494e-09,1.645170900954667027e-09,7.976218906998094882e-01
2.012000000000000000e+03,5.024241443667000966e-22,4.007479218184939993e-22,2.060411725837653602e-09,1.643443545613614817e-09,7.976287093520001426e-01
2.013000000000000000e+03,5.008962459679881410e-22,3.995326388607458121e-22,2.058231723585412758e-09,1.641718736226135657e-09,7.976355224795986798e-01
2.014000000000000000e+03,4.993737127381981948e-22,3.983216118129632226e-22,2.056054958573692384e-09,1.639996467944764421e-09,7.976423300875419287e-01
2.015000000000000000e+03,4.978565233092901511e-22,3.971148237728785169e-22,2.053881424599268613e-09,1.638276735953149969e-09,7.976491321901862941e-01
2.016000000000000000e+03,4.963446564128225991e-22,3.959122579144246033e-22,2.051711115491731830e-09,1.636559535450796972e-09,7.976559287970539369e-01
2.017000000000000000e+03,4.948380908743443054e-22,3.947138974810849110e-22,2.049544025092339803e-09,1.634844861627063903e-09,7.976627199083503594e-01
2.018000000000000000e+03,4.933368056104818087e-22,3.935197257893986208e-22,2.047380147243796627e-09,1.633132709676991554e-09,7.976695055266267431e-01
2.019000000000000000e+03,4.918407796273825019e-22,3.923297262256979627e-22,2.045219475785537790e-09,1.631423074789167260e-09,7.976762856526986578e-01
2.020000000000000000e+03,4.903499920245376212e-22,3.911438822495285756e-22,2.043062004571365670e-09,1.629715952161285613e-09,7.976830602863664854e-01
2.021000000000000000e+03,4.888644219998884055e-22,3.899621774023807027e-22,2.040907727492642018e-09,1.628011337038057118e-09,7.976898294359202612e-01
2.022000000000000000e+03,4.873840488405958331e-22,3.887845952999637489e-22,2.038756638441777038e-09,1.626309224680722658e-09,7.976965931175148405e-01
2.023000000000000000e+03,4.859088519301312973e-22,3.876111196310549547e-22,2.036608731343681689e-09,1.624609610363748287e-09,7.977033513412705723e-01
2.024000000000000000e+03,4.844388107392547341e-22,3.864417341513536295e-22,2.034464000119913537e-09,1.622912489350498880e-09,7.977101041133402015e-01
2.025000000000000000e+03,4.829739048246823645e-22,3.852764226856850151e-22,2.032322438684749305e-09,1.621217856903750772e-09,7.977168514426029589e-01
2.026000000000000000e+03,4.815141138346043705e-22,3.841151691343665759e-22,2.030184040970078461e-09,1.619525708313870911e-09,7.977235933447769378e-01
2.027000000000000000e+03,4.800594175110359779e-22,3.829579574675380242e-22,2.028048800937209150e-09,1.617836038876476978e-09,7.977303298267954812e-01
2.028000000000000000e+03,4.786097956885419980e-22,3.818047717301347440e-22,2.025916712573453593e-09,1.616148843914876732e-09,7.977370608991805057e-01
2.029000000000000000e+03,4.771652282904986615e-22,3.806555960363143481e-22,2.023787769878215326e-09,1.614464118758032953e-09,7.977437865706569209e-01
2.030000000000000000e+03,4.757256953284308277e-22,3.795104145655142587e-22,2.021661966861973004e-09,1.612781858725190290e-09,7.977505068409399547e-01
2.031000000000000000e+03,4.742911769029415656e-22,3.783692115706410002e-22,2.019539297552020624e-09,1.611102059161971766e-09,7.977572217162919310e-01
2.032000000000000000e+03,4.728616532020203823e-22,3.772319713782052870e-22,2.017419755987087129e-09,1.609424715442531520e-09,7.977639312127530191e-01
2.033000000000000000e+03,4.714371045068752736e-22,3.760986783826504516e-22,2.015303336244039448e-09,1.607749822946903497e-09,7.977706353343800849e-01
2.034000000000000000e+03,4.700175111816362399e-22,3.749693170435025285e-22,2.013190032395817060e-09,1.606077377050159384e-09,7.977773340844682703e-01
2.035000000000000000e+03,4.686028536769936764e-22,3.738438718868731477e-22,2.011079838528655130e-09,1.604407373130112974e-09,7.977840274625438433e-01
2.036000000000000000e+03,4.671931125237057885e-22,3.727223275034997036e-22,2.008972748715944777e-09,1.602739806560217989e-09,7.977907154711906257e-01
2.037000000000000000e+03,4.657882683412120505e-22,3.716046685525736104e-22,2.006868757056857442e-09,1.601074672727315037e-09,7.977973981095537459e-01
2.038000000000000000e+03,4.643883018382267827e-22,3.704908797692796413e-22,2.004767857680797606e-09,1.599411967065601643e-09,7.978040753884945158e-01
2.039000000000000000e+03,4.629931938056635221e-22,3.693809459555608215e-22,2.002670044718722368e-09,1.597751685018437596e-09,7.978107473230039437e-01
2.040000000000000000e+03,4.616029251229651066e-22,3.682748519804399023e-22,2.000575312332216429e-09,1.596093822041109184e-09,7.978174139220114425e-01
2.041000000000000000e+03,4.602174767491105787e-22,3.671725827742978541e-22,1.998483654676357475e-09,1.594438373577376966e-09,7.978240751914414952e-01
2.042000000000000000e+03,4.588368297224362283e-22,3.660741233319953210e-22,1.996395065900486280e-09,1.592785335074216133e-09,7.978307311412735636e-01
2.043000000000000000e+03,4.574609651664088689e-22,3.649794587174499019e-22,1.994309540174927535e-09,1.591134702003071324e-09,7.978373817855315409e-01
2.044000000000000000e+03,4.560898642907541238e-22,3.638885740594481929e-22,1.992227071697724754e-09,1.589486469843068794e-09,7.978440271311790788e-01
2.045000000000000000e+03,4.547235083901722221e-22,3.628014545555020677e-22,1.990147654690891493e-09,1.587840634099227615e-09,7.978506671887367618e-01
2.046000000000000000e+03,4.533618788407291370e-22,3.617180854657819505e-22,1.988071283386410070e-09,1.586197190277366125e-09,7.978573019652968057e-01
2.047000000000000000e+03,4.520049570995307389e-22,3.606384521113188276e-22,1.985997952026481798e-09,1.584556133877460079e-09,7.978639314610588285e-01
2.048000000000000000e+03,4.506527247061072455e-22,3.595625398811329148e-22,1.983927654871303715e-09,1.582917460426215364e-09,7.978705556825852474e-01
2.049000000000000000e+03,4.493051632802274606e-22,3.584903342319181548e-22,1.981860386191176869e-09,1.581281165477181328e-09,7.978771746460679992e-01
2.050000000000000000e+03,4.479622545278203503e-22,3.574218206821215815e-22,1.979796140294344671e-09,1.579647244586084457e-09,7.978837883536997744e-01
2.051000000000000000e+03,4.466239802301035073e-22,3.563569848104705195e-22,1.977734911480787411e-09,1.578015693305561718e-09,7.978903968095782950e-01
2.052000000000000000e+03,4.452903222487354835e-22,3.552958122568486096e-22,1.975676694066558739e-09,1.576386507190246478e-09,7.978970000124622208e-01
2.053000000000000000e+03,4.439612625185854652e-22,3.542382887207845930e-22,1.973621482353353276e-09,1.574759681791296705e-09,7.979035979652733257e-01
2.054000000000000000e+03,4.426367830568056446e-22,3.531843999651402605e-22,1.971569270670323905e-09,1.573135212674009986e-09,7.979101906671286493e-01
2.055000000000000000e+03,4.413168659623840618e-22,3.521341318227673241e-22,1.969520053373900202e-09,1.571513095448889121e-09,7.979167781291678363e-01
2.056000000000000000e+03,4.400014934100550739e-22,3.510874701877135434e-22,1.967473824822358837e-09,1.569893325733974179e-09,7.979233603657818197e-01
2.057000000000000000e+03,4.386906476560167711e-22,3.500444010157570586e-22,1.965430579402993564e-09,1.568275899158519939e-09,7.979299373854706889e-01
2.058000000000000000e+03,4.373843110296176930e-22,3.490049103191843275e-22,1.963390311496602699e-09,1.566660811340867564e-09,7.979365091939735199e-01
2.059000000000000000e+03,4.360824659332993702e-22,3.479689841697081252e-22,1.961353015478693912e-09,1.565048057902664253e-09,7.979430758010147562e-01
2.060000000000000000e+03,4.347850948479349495e-22,3.469366087026734164e-22,1.959318685745004403e-09,1.563437634489046029e-09,7.979496372202310450e-01
2.061000000000000000e+03,4.334921803338037256e-22,3.459077701131100449e-22,1.957287316717613351e-09,1.561829536752237857e-09,7.979561934583209171e-01
2.062000000000000000e+03,4.322037050294244868e-22,3.448824546593432882e-22,1.955258902841426811e-09,1.560223760369145700e-09,7.979627445254400264e-01
2.063000000000000000e+03,4.309196516482538802e-22,3.438606486575880414e-22,1.953233438570936207e-09,1.558620301018278600e-09,7.979692904288121502e-01
2.064000000000000000e+03,4.296400029784388998e-22,3.428423384799129544e-22,1.951210918370681968e-09,1.557019154371698965e-09,7.979758311683984306e-01
2.065000000000000000e+03,4.283647418839142338e-22,3.418275105609283840e-22,1.949191336721839537e-09,1.555420316126570827e-09,7.979823667503493922e-01
2.066000000000000000e+03,4.270938513024867731e-22,3.408161513975636610e-22,1.947174688115131263e-09,1.553823782005560195e-09,7.979888971901460959e-01
2.067000000000000000e+03,4.258273142511910697e-22,3.398082475440615064e-22,1.945160967076864391e-09,1.552229547735387711e-09,7.979954224909400207e-01
2.068000000000000000e+03,4.245651138170408291e-22,3.388037856099805368e-22,1.943150168128424856e-09,1.550637609038890199e-09,7.980019426560381879e-01
2.069000000000000000e+03,4.233072331606438846e-22,3.378027522614093625e-22,1.941142285804277143e-09,1.549047961641711517e-09,7.980084576849509892e-01
2.070000000000000000e+03,4.220536555104292034e-22,3.368051342192337678e-22,1.939137314627032242e-09,1.547460601265526506e-09,7.980149675801376796e-01
2.071000000000000000e+03,4.208043641698024500e-22,3.358109182621644077e-22,1.937135249141735520e-09,1.545875523643094641e-09,7.980214723406680033e-01
2.072000000000000000e+03,4.195593425181734624e-22,3.348200912333884138e-22,1.935136083922280268e-09,1.544292724550198094e-09,7.980279719760631219e-01
2.073000000000000000e+03,4.183185740043753640e-22,3.338326400329339941e-22,1.933139813542726456e-09,1.542712199771918821e-09,7.980344665007447214e-01
2.074000000000000000e+03,4.170820421526345710e-22,3.328485516180255262e-22,1.931146432606392255e-09,1.541133945105515498e-09,7.980409559235276395e-01
2.075000000000000000e+03,4.158497305548921336e-22,3.318678129979671007e-22,1.929155935711956185e-09,1.539557956337942406e-09,7.980474402499596609e-01
2.076000000000000000e+03,4.146216228702885877e-22,3.308904112361877403e-22,1.927168317452455391e-09,1.537984229256391432e-09,7.980539194881894893e-01
2.077000000000000000e+03,4.133977028295175153e-22,3.299163334552563879e-22,1.925183572436937927e-09,1.536412759672779512e-09,7.980603936527236320e-01
2.078000000000000000e+03,4.121779542364386527e-22,3.289455668320985376e-22,1.923201695299574150e-09,1.534843543402796768e-09,7.980668627497837786e-01
2.079000000000000000e+03,4.109623609671412087e-22,3.279780986020133698e-22,1.921222680696941910e-09,1.533276576285845487e-09,7.980733267887690774e-01
2.080000000000000000e+03,4.097509069671822058e-22,3.270139160549115102e-22,1.919246523296726855e-09,1.531711854168766998e-09,7.980797857784918126e-01
2.081000000000000000e+03,4.085435762510607048e-22,3.260530065312753267e-22,1.917273217776774478e-09,1.530149372888069904e-09,7.980862397182992840e-01
2.082000000000000000e+03,4.073403529024479667e-22,3.250953574285874721e-22,1.915302758827679605e-09,1.528589128301170624e-09,7.980926886132566622e-01
2.083000000000000000e+03,4.061412210734518753e-22,3.241409562018586348e-22,1.913335141150846247e-09,1.527031116290188708e-09,7.980991324769685091e-01
2.084000000000000000e+03,4.049461649882616281e-22,3.231897903604564777e-22,1.911370359477196353e-09,1.525475332748322340e-09,7.981055713166833598e-01
2.085000000000000000e+03,4.037551689380685190e-22,3.222418474638934188e-22,1.909408408544825599e-09,1.523921773561135241e-09,7.981120051327978970e-01
2.086000000000000000e+03,4.025682172796815823e-22,3.212971151243262499e-22,1.907449283093903400e-09,1.522370434619423672e-09,7.981184339277017648e-01
2.087000000000000000e+03,4.013852944345003046e-22,3.203555810041118601e-22,1.905492977863200822e-09,1.520821311808757144e-09,7.981248577017532320e-01
2.088000000000000000e+03,4.002063848903554022e-22,3.194172328180505492e-22,1.903539487600213207e-09,1.519274401021188612e-09,7.981312764551753425e-01
2.089000000000000000e+03,3.990314732062939288e-22,3.184820583394381787e-22,1.901588807085424272e-09,1.517729698185246591e-09,7.981376901936434454e-01
2.090000000000000000e+03,3.978605440055698506e-22,3.175500453958120096e-22,1.899640931100527072e-09,1.516187199247055797e-09,7.981440989317263313e-01
2.091000000000000000e+03,3.966935819803260864e-22,3.166211818673529244e-22,1.897695854452199654e-09,1.514646900163942214e-09,7.981505026795610025e-01
2.092000000000000000e+03,3.955305718869010417e-22,3.156954556828344379e-22,1.895753571951212539e-09,1.513108796886198928e-09,7.981569014420082375e-01
2.093000000000000000e+03,3.943714985428682428e-22,3.147728548202656929e-22,1.893814078399608253e-09,1.511572885361178397e-09,7.981632952261884517e-01
2.094000000000000000e+03,3.932163468306868589e-22,3.138533673116051925e-22,1.891877368609536227e-09,1.510039161557012686e-09,7.981696840460852371e-01
2.095000000000000000e+03,3.920651016999898715e-22,3.129369812392156969e-22,1.889943437415728752e-09,1.508507621446788048e-09,7.981760679089376920e-01
2.096000000000000000e+03,3.909177481671912251e-22,3.120236847385024566e-22,1.888012279675165140e-09,1.506978261022396689e-09,7.981824468226839109e-01
2.097000000000000000e+03,3.897742713138736125e-22,3.111134659973554629e-22,1.886083890260822790e-09,1.505451076293075967e-09,7.981888207978331540e-01
2.098000000000000000e+03,3.886346562847878306e-22,3.102063132495820560e-22,1.884158264053467007e-09,1.503926063254787815e-09,7.981951898347062757e-01
2.099000000000000000e+03,3.874988882878605858e-22,3.093022147800307159e-22,1.882235395943092776e-09,1.502403217916031745e-09,7.982015539364849532e-01
2.100000000000000000e+03,3.863669525950441415e-22,3.084011589266622372e-22,1.880315280834475974e-09,1.500882536309092639e-09,7.982079131128515526e-01
2.101000000000000000e+03,3.852388345423897154e-22,3.075031340795013286e-22,1.878397913648993992e-09,1.499364014486199325e-09,7.982142673772034680e-01
2.102000000000000000e+03,3.841145195317989196e-22,3.066081286746197277e-22,1.876483289334656955e-09,1.497847648491361558e-09,7.982206167273955266e-01
2.103000000000000000e+03,3.829939930225696519e-22,3.057161311962161680e-22,1.874571402826297588e-09,1.496333434371509040e-09,7.982269611685540722e-01
2.104000000000000000e+03,3.818772405371373516e-22,3.048271301755818023e-22,1.872662249074907174e-09,1.494821368172478973e-09,7.982333006984676516e-01
2.105000000000000000e+03,3.807642476551489560e-22,3.039411141911821117e-22,1.870755823019978360e-09,1.493311445940439641e-09,7.982396353201098860e-01
2.106000000000000000e+03,3.796550000224555263e-22,3.030580718728170268e-22,1.868852119634964107e-09,1.491803663743399168e-09,7.982459650337595525e-01
2.107000000000000000e+03,3.785494833463553044e-22,3.021779919036387341e-22,1.866951133905435984e-09,1.490298017682389418e-09,7.982522898523145560e-01
2.108000000000000000e+03,3.774476833946457467e-22,3.013008630143415841e-22,1.865052860825806881e-09,1.488794503864091485e-09,7.982586097880808307e-01
2.109000000000000000e+03,3.763495859976923475e-22,3.004266739827249481e-22,1.863157295410945863e-09,1.487293118399742158e-09,7.982649248472059034e-01
2.110000000000000000e+03,3.752551770423770530e-22,2.995554136310226832e-22,1.861264432667638996e-09,1.485793857392943560e-09,7.982712350353378117e-01
2.111000000000000000e+03,3.741644424732181781e-22,2.986870708287751941e-22,1.859374267601356712e-09,1.484296716954873543e-09,7.982775403628967759e-01
2.112000000000000000e+03,3.730773682963817575e-22,2.978216344944222280e-22,1.857486795237489608e-09,1.482801693213295967e-09,7.982838408408238218e-01
2.113000000000000000e+03,3.719939405798566945e-22,2.969590935936041912e-22,1.855602010623682335e-09,1.481308782305247801e-09,7.982901364756380680e-01
2.114000000000000000e+03,3.709141454525853180e-22,2.960994371411968827e-22,1.853719908826966175e-09,1.479817980388296013e-09,7.982964272767210101e-01
2.115000000000000000e+03,3.698379691017385397e-22,2.952426541967487898e-22,1.851840484921562264e-09,1.478329283618884677e-09,7.983027132498952128e-01
2.116000000000000000e+03,3.687653977727582193e-22,2.943887338637598981e-22,1.849963733990419115e-09,1.476842688149698329e-09,7.983089943953175505e-01
2.117000000000000000e+03,3.676964177703991220e-22,2.935376652946421372e-22,1.848089651131787668e-09,1.475358190155548794e-09,7.983152707186177421e-01
2.118000000000000000e+03,3.666310154569013546e-22,2.926894376903919816e-22,1.846218231451412291e-09,1.473875785832925198e-09,7.983215422340572687e-01
2.119000000000000000e+03,3.655691772563794728e-22,2.918440402968628646e-22,1.844349470085991279e-09,1.472395471382374609e-09,7.983278089448663239e-01
2.120000000000000000e+03,3.645108896478770498e-22,2.910014624030320759e-22,1.842483362169604280e-09,1.470917243000761694e-09,7.983340708535314745e-01
2.121000000000000000e+03,3.634561391675467945e-22,2.901616933422451400e-22,1.840619902845965116e-09,1.469441096888512960e-09,7.983403279604138758e-01
2.122000000000000000e+03,3.624049124049501902e-22,2.893247224905074471e-22,1.838759087250971368e-09,1.467967029241956025e-09,7.983465802671483313e-01
2.123000000000000000e+03,3.613571960072724872e-22,2.884905392685672758e-22,1.836900910535286623e-09,1.466495036264843076e-09,7.983528277731081202e-01
2.124000000000000000e+03,3.603129766816287885e-22,2.876591331472320370e-22,1.835045367877450246e-09,1.465025114196463425e-09,7.983590704850094255e-01
2.125000000000000000e+03,3.592722411892603516e-22,2.868304936425610192e-22,1.833192454455749104e-09,1.463557259288415661e-09,7.983653084165278635e-01
2.126000000000000000e+03,3.582349763501668356e-22,2.860046103154071805e-22,1.831342165473112603e-09,1.462091467803343505e-09,7.983715415767888013e-01
2.127000000000000000e+03,3.572011690383257069e-22,2.851814727676333268e-22,1.829494496134074052e-09,1.460627735996616869e-09,7.983777699703858977e-01
2.128000000000000000e+03,3.561708061797664503e-22,2.843610706429383900e-22,1.827649441636112771e-09,1.459166060121458924e-09,7.983839936039444085e-01
2.129000000000000000e+03,3.551438747555584402e-22,2.835433936309053604e-22,1.825806997186154482e-09,1.457706436450689574e-09,7.983902124908253128e-01
2.130000000000000000e+03,3.541203618036931427e-22,2.827284314637344938e-22,1.823967158011556887e-09,1.456248861261032811e-09,7.983964266377463481e-01
2.131000000000000000e+03,3.531002544187297271e-22,2.819161739185861191e-22,1.822129919359671680e-09,1.454793330846188856e-09,7.984026360521145893e-01
2.132000000000000000e+03,3.520835397506034911e-22,2.811066108173017633e-22,1.820295276493066335e-09,1.453339841516496458e-09,7.984088407439385859e-01
2.133000000000000000e+03,3.510702050027401797e-22,2.802997320207032870e-22,1.818463224681089344e-09,1.451888389570498773e-09,7.984150407139093408e-01
2.134000000000000000e+03,3.500602374320315817e-22,2.794955274325580140e-22,1.816633759200992912e-09,1.450438971316347072e-09,7.984212359646400969e-01
2.135000000000000000e+03,3.490536243498816730e-22,2.786939870016650461e-22,1.814806875344628774e-09,1.448991583083671819e-09,7.984274265042723417e-01
2.136000000000000000e+03,3.480503531214642683e-22,2.778951007212739579e-22,1.812982568415896344e-09,1.447546221221687185e-09,7.984336123465813895e-01
2.137000000000000000e+03,3.470504111685584542e-22,2.770988586239665999e-22,1.811160833746828069e-09,1.446102882073592912e-09,7.984397934897786708e-01
2.138000000000000000e+03,3.460537859613193300e-22,2.763052507829349550e-22,1.809341666655995478e-09,1.444661561984121092e-09,7.984459699389602205e-01
2.139000000000000000e+03,3.450604650240691037e-22,2.755142673116303711e-22,1.807525062479885801e-09,1.443222257298637647e-09,7.984521416917824688e-01
2.140000000000000000e+03,3.440704359290033072e-22,2.747258983632542901e-22,1.805711016541201920e-09,1.441784964361392423e-09,7.984583087514737221e-01
2.141000000000000000e+03,3.430836863036803885e-22,2.739401341333928123e-22,1.803899524189272009e-09,1.440349679530278578e-09,7.984644711171571263e-01
2.142000000000000000e+03,3.421002038292627480e-22,2.731569648639286953e-22,1.802090580792189453e-09,1.438916399198480516e-09,7.984706287993250662e-01
2.143000000000000000e+03,3.411199762369595056e-22,2.723763808368618736e-22,1.800284181719366165e-09,1.437485119763102236e-09,7.984767818102074255e-01
2.144000000000000000e+03,3.401429913120823317e-22,2.715983723752759503e-22,1.798480322364137773e-09,1.436055837631220643e-09,7.984829301571101379e-01
2.145000000000000000e+03,3.391692368883324977e-22,2.708229298396426782e-22,1.796678998114867932e-09,1.434628549201305410e-09,7.984890738448898739e-01
2.146000000000000000e+03,3.381987008477438413e-22,2.700500436294337972e-22,1.794880204355739929e-09,1.433203250872594664e-09,7.984952128808135985e-01
2.147000000000000000e+03,3.372313711239074294e-22,2.692797041868236069e-22,1.793083936485000367e-09,1.431779939065686401e-09,7.985013472779297627e-01
2.148000000000000000e+03,3.362672357029090383e-22,2.685119019928952697e-22,1.791290189921217605e-09,1.430358610203425656e-09,7.985074770416367151e-01
2.149000000000000000e+03,3.353062826226878512e-22,2.677466275706240746e-22,1.789498960101179898e-09,1.428939260727738450e-09,7.985136021799894568e-01
2.150000000000000000e+03,3.343484999713231516e-22,2.669838714828339580e-22,1.787710242472029526e-09,1.427521887089773455e-09,7.985197227017108990e-01
2.151000000000000000e+03,3.333938758864446012e-22,2.662236243283391549e-22,1.785924032489322230e-09,1.426106485730205790e-09,7.985258386060338776e-01
2.152000000000000000e+03,3.324423985550590191e-22,2.654658767465065744e-22,1.784140325617294806e-09,1.424693053104508627e-09,7.985319498966982898e-01
2.153000000000000000e+03,3.314940562137833179e-22,2.647106194180768594e-22,1.782359117331312523e-09,1.423281585688385909e-09,7.985380565839248490e-01
2.154000000000000000e+03,3.305488371498708511e-22,2.639578430640175741e-22,1.780580403124613129e-09,1.421872079972662439e-09,7.985441586785527734e-01
2.155000000000000000e+03,3.296067297012494523e-22,2.632075384410775784e-22,1.778804178509785434e-09,1.420464532440306668e-09,7.985502561784612041e-01
2.156000000000000000e+03,3.286677222507946617e-22,2.624596963437753061e-22,1.777030438989090486e-09,1.419058939577978957e-09,7.985563490883405002e-01
2.157000000000000000e+03,3.277318032305669131e-22,2.617143076033000537e-22,1.775259180078415684e-09,1.417655297870985990e-09,7.985624374061066622e-01
2.158000000000000000e+03,3.267989611173231201e-22,2.609713630877722352e-22,1.773490397284141849e-09,1.416253603805545588e-09,7.985685211345628920e-01
2.159000000000000000e+03,3.258691844395089400e-22,2.602308537053062968e-22,1.771724086142164846e-09,1.414853853886313634e-09,7.985746002737270643e-01
2.160000000000000000e+03,3.249424617736575293e-22,2.594927704058381878e-22,1.769960242199643018e-09,1.413456044647371724e-09,7.985806748352602957e-01
2.161000000000000000e+03,3.240187817431954291e-22,2.587571041762576850e-22,1.768198861009672210e-09,1.412060172626793631e-09,7.985867448305462579e-01
2.162000000000000000e+03,3.230981330207436662e-22,2.580238460406392134e-22,1.766439938145003940e-09,1.410666234368801976e-09,7.985928102657079419e-01
2.163000000000000000e+03,3.221805043232456112e-22,2.572929870576809609e-22,1.764683469172620554e-09,1.409274226410648522e-09,7.985988711456525335e-01
2.164000000000000000e+03,3.212658844122627796e-22,2.565645183223954741e-22,1.762929449656380552e-09,1.407884145292678483e-09,7.986049274785752550e-01
2.165000000000000000e+03,3.203542620972500882e-22,2.558384309687640190e-22,1.761177875176068761e-09,1.406495987573798382e-09,7.986109792761210135e-01
2.166000000000000000e+03,3.194456262359557116e-22,2.551147161669084824e-22,1.759428741330815902e-09,1.405109749816917058e-09,7.986170265435728055e-01
2.167000000000000000e+03,3.185399657337505800e-22,2.543933651255398324e-22,1.757682043736642485e-09,1.403725428603335296e-09,7.986230692891226335e-01
2.168000000000000000e+03,3.176372695418397468e-22,2.536743690894325459e-22,1.755937778017791191e-09,1.402343020519793214e-09,7.986291075204514645e-01
2.169000000000000000e+03,3.167375266571436643e-22,2.529577193367858111e-22,1.754195939807202304e-09,1.400962522144742167e-09,7.986351412366837765e-01
2.170000000000000000e+03,3.158407261221637532e-22,2.522434071834054197e-22,1.752456524746903923e-09,1.399583930072306309e-09,7.986411704418397983e-01
2.171000000000000000e+03,3.149468570248379119e-22,2.515314239831270859e-22,1.750719528488345116e-09,1.398207240915611579e-09,7.986471951466096453e-01
2.172000000000000000e+03,3.140559085001169005e-22,2.508217611265278222e-22,1.748984946702308643e-09,1.396832451300613279e-09,7.986532153603296269e-01
2.173000000000000000e+03,3.131678697290155295e-22,2.501144100371248140e-22,1.747252775074841849e-09,1.395459557845832428e-09,7.986592310812379303e-01
2.174000000000000000e+03,3.122827299342511052e-22,2.494093621732922746e-22,1.745523009284059830e-09,1.394088557173824204e-09,7.986652423136035850e-01
2.175000000000000000e+03,3.114004783835013358e-22,2.487066090270592912e-22,1.743795645019352359e-09,1.392719445905304547e-09,7.986712490555900601e-01
2.176000000000000000e+03,3.105211043858528809e-22,2.480061421245639409e-22,1.742070677962600480e-09,1.391352220662499419e-09,7.986772513097596393e-01
2.177000000000000000e+03,3.096445972980478346e-22,2.473079530289379078e-22,1.740348103824246541e-09,1.389986878086186372e-09,7.986832490763341452e-01
2.178000000000000000e+03,3.087709465208881231e-22,2.466120333416589120e-22,1.738627918324339765e-09,1.388623414844295783e-09,7.986892423668358054e-01
2.179000000000000000e+03,3.079001414984591614e-22,2.459183746982363167e-22,1.736910117189270956e-09,1.387261827608631302e-09,7.986952311922435044e-01
2.180000000000000000e+03,3.070321717200879917e-22,2.452269687683744746e-22,1.735194696163918405e-09,1.385902113056637124e-09,7.987012155584155559e-01
2.181000000000000000e+03,3.061670267158955891e-22,2.445378072536803260e-22,1.733481650987654275e-09,1.384544267859274415e-09,7.987071954701266963e-01
2.182000000000000000e+03,3.053046960570766759e-22,2.438508818891623891e-22,1.731770977396896247e-09,1.383188288690266713e-09,7.987131709352236486e-01
2.183000000000000000e+03,3.044451693589071540e-22,2.431661844457868491e-22,1.730062671143183690e-09,1.381834172241451982e-09,7.987191419651689106e-01
2.184000000000000000e+03,3.035884362811086484e-22,2.424837067277150521e-22,1.728356727996400357e-09,1.380481915208018475e-09,7.987251085650262095e-01
2.185000000000000000e+03,3.027344865272468428e-22,2.418034405746323951e-22,1.726653143742518252e-09,1.379131514302613952e-09,7.987310707426439338e-01
2.186000000000000000e+03,3.018833098431643575e-22,2.411253778596314480e-22,1.724951914175792145e-09,1.377782966244201699e-09,7.987370285058219554e-01
2.187000000000000000e+03,3.010348960167880148e-22,2.404495104864521756e-22,1.723253035098732066e-09,1.376436267743110889e-09,7.987429818536482262e-01
2.188000000000000000e+03,3.001892348779068125e-22,2.397758303933374649e-22,1.721556502321901893e-09,1.375091415523854155e-09,7.987489307898042457e-01
2.189000000000000000e+03,2.993463162982868393e-22,2.391043295535590408e-22,1.719862311665644844e-09,1.373748406329066416e-09,7.987548753240744093e-01
2.190000000000000000e+03,2.985061301926380961e-22,2.384349999744861463e-22,1.718170458966728635e-09,1.372407236915090836e-09,7.987608154667188431e-01
2.191000000000000000e+03,2.976686665187043035e-22,2.377678336938005438e-22,1.716480940080000050e-09,1.371067904031057977e-09,7.987667512155168792e-01
2.192000000000000000e+03,2.968339152721366648e-22,2.371028227812122674e-22,1.714793750849918966e-09,1.369730404429509692e-09,7.987726825751596538e-01
2.193000000000000000e+03,2.960018664905913105e-22,2.364399593376072010e-22,1.713108887135156842e-09,1.368394734862270878e-09,7.987786095434051825e-01
2.194000000000000000e+03,2.951725102493092515e-22,2.357792354951179843e-22,1.711426344784076398e-09,1.367060892081626550e-09,7.987845321231764606e-01
2.195000000000000000e+03,2.943458366671729485e-22,2.351206434194054120e-22,1.709746119670792765e-09,1.365728872854349378e-09,7.987904503139430235e-01
2.196000000000000000e+03,2.935218359043417356e-22,2.344641753120098461e-22,1.708068207682618529e-09,1.364398673976282675e-09,7.987963641261133230e-01
2.197000000000000000e+03,2.927004981601994532e-22,2.338098234056323580e-22,1.706392604709188175e-09,1.363070292245861515e-09,7.988022735706608035e-01
2.198000000000000000e+03,2.918818136763083251e-22,2.331575799650135751e-22,1.704719306660695142e-09,1.361743724470030389e-09,7.988081786540531803e-01
2.199000000000000000e+03,2.910657727319246349e-22,2.325074372840846121e-22,1.703048309442803639e-09,1.360418967448411789e-09,7.988140793807005924e-01
2.200000000000000000e+03,2.902523656440270795e-22,2.318593876871632536e-22,1.701379608957731430e-09,1.359096017981008300e-09,7.988199757569642845e-01
2.201000000000000000e+03,2.894415827697845545e-22,2.312134235320678856e-22,1.699713201119666200e-09,1.357774872887248428e-09,7.988258677951258768e-01
2.202000000000000000e+03,2.886334145072734411e-22,2.305695372068320363e-22,1.698049081860047729e-09,1.356455528987587623e-09,7.988317555000956638e-01
2.203000000000000000e+03,2.878278512950199626e-22,2.299277211320983403e-22,1.696387247125977840e-09,1.355137983118378300e-09,7.988376388788911431e-01
2.204000000000000000e+03,2.870248836109479758e-22,2.292879677601480039e-22,1.694727692875096844e-09,1.353822232127032278e-09,7.988435179402064712e-01
2.205000000000000000e+03,2.862245019715468152e-22,2.286502695711435957e-22,1.693070415071699927e-09,1.352508272850642713e-09,7.988493926836264247e-01
2.206000000000000000e+03,2.854266969316514283e-22,2.280146190765169155e-22,1.691415409686435850e-09,1.351196102136710139e-09,7.988552631119769654e-01
2.207000000000000000e+03,2.846314590852135471e-22,2.273810088199814242e-22,1.689762672701880282e-09,1.349885716849988424e-09,7.988611292327586488e-01
2.208000000000000000e+03,2.838387790648218983e-22,2.267494313771845793e-22,1.688112200110724487e-09,1.348577113871313068e-09,7.988669910583306999e-01
2.209000000000000000e+03,2.830486475438348323e-22,2.261198793519766280e-22,1.686463987929506724e-09,1.347270290076252912e-09,7.988728485867722107e-01
2.210000000000000000e+03,2.822610552301935079e-22,2.254923453774398228e-22,1.684818032162826554e-09,1.345965242341938099e-09,7.988787018228324932e-01
2.211000000000000000e+03,2.814759928710227777e-22,2.248668221157283665e-22,1.683174328831674949e-09,1.344661967546850594e-09,7.988845507643924648e-01
2.212000000000000000e+03,2.806934512476596930e-22,2.242433022574917613e-22,1.681532873944723682e-09,1.343360462568110201e-09,7.988903954144580544e-01
2.213000000000000000e+03,2.799134211807679861e-22,2.236217785233320932e-22,1.679893663529826634e-09,1.342060724290937924e-09,7.988962357718361051e-01
2.214000000000000000e+03,2.791358935301835156e-22,2.230022436672842000e-22,1.678256693634184203e-09,1.340762749630377112e-09,7.989020718439798774e-01
2.215000000000000000e+03,2.783608591912470541e-22,2.223846904726111163e-22,1.676621960303341804e-09,1.339466535506962763e-09,7.989079036425243974e-01
2.216000000000000000e+03,2.775883090984637892e-22,2.217691117524018831e-22,1.674989459604169568e-09,1.338172078851097728e-09,7.989137311749603398e-01
2.217000000000000000e+03,2.768182342217747502e-22,2.211555003467250176e-22,1.673359187603423683e-09,1.336879376586653645e-09,7.989195544450472530e-01
2.218000000000000000e+03,2.760506255656094064e-22,2.205438491234398390e-22,1.671731140362913383e-09,1.335588425636540349e-09,7.989253734584377264e-01
2.219000000000000000e+03,2.752854741707213662e-22,2.199341509807348787e-22,1.670105313951496100e-09,1.334299222938812112e-09,7.989311882265907050e-01
2.220000000000000000e+03,2.745227711154331312e-22,2.193263988450074761e-22,1.668481704453606733e-09,1.333011765434627200e-09,7.989369987555009489e-01
2.221000000000000000e+03,2.737625075154536129e-22,2.187205856723202163e-22,1.666860307969185059e-09,1.331726050077855163e-09,7.989428050514684188e-01
2.222000000000000000e+03,2.730046745234583403e-22,2.181167044485146237e-22,1.665241120612149176e-09,1.330442073836590784e-09,7.989486071227421826e-01
2.223000000000000000e+03,2.722492633273437089e-22,2.175147481857952699e-22,1.663624138500744990e-09,1.329159833673114387e-09,7.989544049721176711e-01
2.224000000000000000e+03,2.714962651503331052e-22,2.169147099238071371e-22,1.662009357759123647e-09,1.327879326551137109e-09,7.989601986005110401e-01
2.225000000000000000e+03,2.707456712520383308e-22,2.163165827320580305e-22,1.660396774524790094e-09,1.326600549451370100e-09,7.989659880127426561e-01
2.226000000000000000e+03,2.699974729268288623e-22,2.157203597095668231e-22,1.658786384939587218e-09,1.325323499370214883e-09,7.989717732211090162e-01
2.227000000000000000e+03,2.692516615068321365e-22,2.151260339826547016e-22,1.657178185169081032e-09,1.324048173307007404e-09,7.989775542283736876e-01
2.228000000000000000e+03,2.685082283578331436e-22,2.145335987038946040e-22,1.655572171378369778e-09,1.322774568258258374e-09,7.989833310359185647e-01
2.229000000000000000e+03,2.677671648799591296e-22,2.139430470530933213e-22,1.653968339737182670e-09,1.321502681224387762e-09,7.989891036453430351e-01
2.230000000000000000e+03,2.670284625066692819e-22,2.133543722359815738e-22,1.652366686414541062e-09,1.320232509202341788e-09,7.989948720565802631e-01
2.231000000000000000e+03,2.662921127052510705e-22,2.127675674853070327e-22,1.650767207582700170e-09,1.318964049193027422e-09,7.990006362704840104e-01
2.232000000000000000e+03,2.655581069800115737e-22,2.121826260634917367e-22,1.649169899437861469e-09,1.317697298218535315e-09,7.990063962892408611e-01
2.233000000000000000e+03,2.648264368688289541e-22,2.115995412619194131e-22,1.647574758179798612e-09,1.316432253318580030e-09,7.990121521240972635e-01
2.234000000000000000e+03,2.640970939440993898e-22,2.110183063987887904e-22,1.645981780018652515e-09,1.315168911537960806e-09,7.990179037844861165e-01
2.235000000000000000e+03,2.633700698129615467e-22,2.104389148185172226e-22,1.644390961177283030e-09,1.313907269923560760e-09,7.990236512750494846e-01
2.236000000000000000e+03,2.626453561142667184e-22,2.098613598906028345e-22,1.642802297873288724e-09,1.312647325517926512e-09,7.990293946004526360e-01
2.237000000000000000e+03,2.619229445190802450e-22,2.092856350107971004e-22,1.641215786322954193e-09,1.311389075367250069e-09,7.990351337683259114e-01
2.238000000000000000e+03,2.612028267329497471e-22,2.087117336027813817e-22,1.639631422756327071e-09,1.310132516532599245e-09,7.990408687887802230e-01
2.239000000000000000e+03,2.604849944960689894e-22,2.081396491162124086e-22,1.638049203419219612e-09,1.308877646078430196e-09,7.990465996664289916e-01
2.240000000000000000e+03,2.597694395827822928e-22,2.075693750284297562e-22,1.636469124571074764e-09,1.307624461084042830e-09,7.990523264084048449e-01
2.241000000000000000e+03,2.590561538004295402e-22,2.070009048429406323e-22,1.634891182478639892e-09,1.306372958634818078e-09,7.990580490221013132e-01
2.242000000000000000e+03,2.583451289892046474e-22,2.064342320870795388e-22,1.633315373415978156e-09,1.305123135808139270e-09,7.990637675065501710e-01
2.243000000000000000e+03,2.576363570218406711e-22,2.058693503150069811e-22,1.631741693663376007e-09,1.303874989692975853e-09,7.990694818649169973e-01
2.244000000000000000e+03,2.569298298040018134e-22,2.053062531081971104e-22,1.630170139510720775e-09,1.302628517393740938e-09,7.990751921052312579e-01
2.245000000000000000e+03,2.562255392744176158e-22,2.047449340750311669e-22,1.628600707259272284e-09,1.301383716028503359e-09,7.990808982384433046e-01
2.246000000000000000e+03,2.555234774061028873e-22,2.041853868476117730e-22,1.627033393230359826e-09,1.300140582709480884e-09,7.990866002621762609e-01
2.247000000000000000e+03,2.548236362012402136e-22,2.036276050829358647e-22,1.625468193733745607e-09,1.298899114551122395e-09,7.990922981811874326e-01
2.248000000000000000e+03,2.541260076953557827e-22,2.030715824626062723e-22,1.623905105095029446e-09,1.297659308668938048e-09,7.990979919931959774e-01
2.249000000000000000e+03,2.534305839528577729e-22,2.025173126924266690e-22,1.622344123628050308e-09,1.296421162177564909e-09,7.991036817012511229e-01
2.250000000000000000e+03,2.527373570716069569e-22,2.019647895036097201e-22,1.620785245664911721e-09,1.295184672199155806e-09,7.991093673041296253e-01
2.251000000000000000e+03,2.520463191826373104e-22,2.014140066557323931e-22,1.619228467555166587e-09,1.293949835883079051e-09,7.991150488088825110e-01
2.252000000000000000e+03,2.513574624470054518e-22,2.008649579331026700e-22,1.617673785646510786e-09,1.292716650383420781e-09,7.991207262265058731e-01
2.253000000000000000e+03,2.506707790589736933e-22,2.003176371453522779e-22,1.616121196306099417e-09,1.291485112863491024e-09,7.991263995642062801e-01
2.254000000000000000e+03,2.499862612429793341e-22,1.997720381250087293e-22,1.614570695901954672e-09,1.290255220480864135e-09,7.991320688253189530e-01
2.255000000000000000e+03,2.493039012526284840e-22,1.992281547281937299e-22,1.613022280797270694e-09,1.289026970392483542e-09,7.991377340152763242e-01
2.256000000000000000e+03,2.486236913721777980e-22,1.986859808364983747e-22,1.611475947360776913e-09,1.287800359767447466e-09,7.991433951444110173e-01
2.257000000000000000e+03,2.479456239176760223e-22,1.981455103556435779e-22,1.609931691975004062e-09,1.286575385779052695e-09,7.991490522189361734e-01
2.258000000000000000e+03,2.472696912369217701e-22,1.976067372163597189e-22,1.608389511036928960e-09,1.285352045611185994e-09,7.991547052445767685e-01
2.259000000000000000e+03,2.465958857091148235e-22,1.970696553746459797e-22,1.606849400956629729e-09,1.284130336460738234e-09,7.991603542287395445e-01
2.260000000000000000e+03,2.459241997432799834e-22,1.965342588093365075e-22,1.605311358147905769e-09,1.282910255522460786e-09,7.991659991757558146e-01
2.261000000000000000e+03,2.452546257785906596e-22,1.960005415220244309e-22,1.603775379031218798e-09,1.281691799989075117e-09,7.991716400854698144e-01
2.262000000000000000e+03,2.445871562847820334e-22,1.954684975395083923e-22,1.602241460037248492e-09,1.280474967067906776e-09,7.991772769618248340e-01
2.263000000000000000e+03,2.439217837611690970e-22,1.949381209135678646e-22,1.600709597601324727e-09,1.279259753980162643e-09,7.991829098152112287e-01
2.264000000000000000e+03,2.432585007386079422e-22,1.944094057199584554e-22,1.599179788177147201e-09,1.278046157955069115e-09,7.991885386519749224e-01
2.265000000000000000e+03,2.425972997778893294e-22,1.938823460562917390e-22,1.597652028227149810e-09,1.276834176216599163e-09,7.991941634709095466e-01
2.266000000000000000e+03,2.419381734675042617e-22,1.933569360432949864e-22,1.596126314208617461e-09,1.275623805992352532e-09,7.991997842757359027e-01
2.267000000000000000e+03,2.412811144257689957e-22,1.928331698239487052e-22,1.594602642588459097e-09,1.274415044508503530e-09,7.992054010645517348e-01
2.268000000000000000e+03,2.406261152981800388e-22,1.923110415638223136e-22,1.593081009826558832e-09,1.273207888992623158e-09,7.992110138399297625e-01
2.269000000000000000e+03,2.399731687616461168e-22,1.917905454526186695e-22,1.591561412404551079e-09,1.272002336684547022e-09,7.992166226013169839e-01
2.270000000000000000e+03,2.393222675226740097e-22,1.912716757058486800e-22,1.590043846814731784e-09,1.270798384848219118e-09,7.992222273580418257e-01
2.271000000000000000e+03,2.386734043157875591e-22,1.907544265612940504e-22,1.588528309550397158e-09,1.269596030748969379e-09,7.992278281199184375e-01
2.272000000000000000e+03,2.380265719060120048e-22,1.902387922799717072e-22,1.587014797123180769e-09,1.268395271660561260e-09,7.992334248929571228e-01
2.273000000000000000e+03,2.373817630854887022e-22,1.897247671438001124e-22,1.585503306041367549e-09,1.267196104850282012e-09,7.992390176808746860e-01
2.274000000000000000e+03,2.367389706734578662e-22,1.892123454564220389e-22,1.583993832810511079e-09,1.265998527584992682e-09,7.992446064885915247e-01
2.275000000000000000e+03,2.360981875177253057e-22,1.887015215456028382e-22,1.582486373943995861e-09,1.264802537147799315e-09,7.992501913274361325e-01
2.276000000000000000e+03,2.354594064954201005e-22,1.881922897607511341e-22,1.580980925968952896e-09,1.263608130822146687e-09,7.992557722021254030e-01
2.277000000000000000e+03,2.348226205127516972e-22,1.876846444745514903e-22,1.579477485425498474e-09,1.262415305903399043e-09,7.992613491184489272e-01
2.278000000000000000e+03,2.341878225046850491e-22,1.871785800829221402e-22,1.577976048865412546e-09,1.261224059699255953e-09,7.992669220842066879e-01
2.279000000000000000e+03,2.335550054336482783e-22,1.866740910021472505e-22,1.576476612844266237e-09,1.260034389511094645e-09,7.992724911013751043e-01
2.280000000000000000e+03,2.329241622895780026e-22,1.861711716700600560e-22,1.574979173922508557e-09,1.258846292642506084e-09,7.992780561709468268e-01
2.281000000000000000e+03,2.322952860908564394e-22,1.856698165477957575e-22,1.573483728672600626e-09,1.257659766411776723e-09,7.992836172972347386e-01
2.282000000000000000e+03,2.316683698828959224e-22,1.851700201194649452e-22,1.571990273670258932e-09,1.256474808150389024e-09,7.992891744913859231e-01
2.283000000000000000e+03,2.310434067405095450e-22,1.846717768906656114e-22,1.570498805511337677e-09,1.255291415193607941e-09,7.992947277568278608e-01
2.284000000000000000e+03,2.304203897651609731e-22,1.841750813873776684e-22,1.569009320794016267e-09,1.254109584873569410e-09,7.993002770939002799e-01
2.285000000000000000e+03,2.297993120845880054e-22,1.836799281568859469e-22,1.567521816116986339e-09,1.252929314526131474e-09,7.993058225051354881e-01
2.286000000000000000e+03,2.291801668532344967e-22,1.831863117667751009e-22,1.566036288083140574e-09,1.251750601484617900e-09,7.993113639893910660e-01
2.287000000000000000e+03,2.285629472511321335e-22,1.826942268055873676e-22,1.564552733292685591e-09,1.250573443084877631e-09,7.993169015485839246e-01
2.288000000000000000e+03,2.279476464873197123e-22,1.822036678844397422e-22,1.563071148367295206e-09,1.249397836676972228e-09,7.993224351828320806e-01
2.289000000000000000e+03,2.273342577976333041e-22,1.817146296378499266e-22,1.561591529935842397e-09,1.248223779631550121e-09,7.993279649018287802e-01
2.290000000000000000e+03,2.267227744440082460e-22,1.812271067208907405e-22,1.560113874630386438e-09,1.247051269321018329e-09,7.993334907148766932e-01
2.291000000000000000e+03,2.261131897162612373e-22,1.807410938098285316e-22,1.558638179099204723e-09,1.245880303124528907e-09,7.993390126274013685e-01
2.292000000000000000e+03,2.255054969290878451e-22,1.802565856002240240e-22,1.557164439986921609e-09,1.244710878415494102e-09,7.993445306431145037e-01
2.293000000000000000e+03,2.248996894221349619e-22,1.797735768076554587e-22,1.555692653935696246e-09,1.243542992567105308e-09,7.993500447669443787e-01
2.294000000000000000e+03,2.242957605614920372e-22,1.792920621700167553e-22,1.554222817596248693e-09,1.242376642968822076e-09,7.993555550099786799e-01
2.295000000000000000e+03,2.236937037402279970e-22,1.788120364450411454e-22,1.552754927632374870e-09,1.241211827009889925e-09,7.993610613765542716e-01
2.296000000000000000e+03,2.230935123781493735e-22,1.783334944119245300e-22,1.551288980720091879e-09,1.240048542091188465e-09,7.993665638723037592e-01
2.297000000000000000e+03,2.224951799214709788e-22,1.778564308712352254e-22,1.549824973546157761e-09,1.238886785625265099e-09,7.993720625049456352e-01
2.298000000000000000e+03,2.218986998417068498e-22,1.773808406421760720e-22,1.548362902801134142e-09,1.237726555017892209e-09,7.993775572759644898e-01
2.299000000000000000e+03,2.213040656356545900e-22,1.769067185638976967e-22,1.546902765180012613e-09,1.236567847677744133e-09,7.993830481865129567e-01
2.300000000000000000e+03,2.207112708263297469e-22,1.764340594969981146e-22,1.545444557389501363e-09,1.235410661027479938e-09,7.993885352408129918e-01
2.301000000000000000e+03,2.201203089616019094e-22,1.759628583232191457e-22,1.543988276139256862e-09,1.234254992502288614e-09,7.993940184497667634e-01
2.302000000000000000e+03,2.195311736164179436e-22,1.754931099440616355e-22,1.542533918158232049e-09,1.233100839540821320e-09,7.993994978166377718e-01
2.303000000000000000e+03,2.189438583902667806e-22,1.750248092797987218e-22,1.541081480177693898e-09,1.231948199578826842e-09,7.994049733416934700e-01
2.304000000000000000e+03,2.183583569067697804e-22,1.745579512703200511e-22,1.539630958929048974e-09,1.230797070055626558e-09,7.994104450275253404e-01
2.305000000000000000e+03,2.177746628142348600e-22,1.740925308742175259e-22,1.538182351148449995e-09,1.229647448408236911e-09,7.994159128728447472e-01
2.306000000000000000e+03,2.171927697844019114e-22,1.736285430693632015e-22,1.536735653568651001e-09,1.228499332075983208e-09,7.994213768797042707e-01
2.307000000000000000e+03,2.166126715156983102e-22,1.731659828542920200e-22,1.535290862942737510e-09,1.227352718510864612e-09,7.994268370479072905e-01
2.308000000000000000e+03,2.160343617313616506e-22,1.727048452492334239e-22,1.533847976031661943e-09,1.226207605185532713e-09,7.994322933866955250e-01
2.309000000000000000e+03,2.154578341784890060e-22,1.722451252932688230e-22,1.532406989598232707e-09,1.225063989573793015e-09,7.994377459052056656e-01
2.310000000000000000e+03,2.148830826299887666e-22,1.717868180451370899e-22,1.530967900421718277e-09,1.223921869156894408e-09,7.994431946089495256e-01
2.311000000000000000e+03,2.143101008817040169e-22,1.713299185812859666e-22,1.529530705278136925e-09,1.222781241410222520e-09,7.994486395013995494e-01
2.312000000000000000e+03,2.137388827524500101e-22,1.708744219965766559e-22,1.528095400941175312e-09,1.221642103808823006e-09,7.994540805871129807e-01
2.313000000000000000e+03,2.131694220852379520e-22,1.704203234063515393e-22,1.526661984191607173e-09,1.220504453842740788e-09,7.994595178768522103e-01
2.314000000000000000e+03,2.126017127479023857e-22,1.699676179442560332e-22,1.525230451822529374e-09,1.219368289002057805e-09,7.994649513750589076e-01
2.315000000000000000e+03,2.120357486329131127e-22,1.695163007636655449e-22,1.523800800638788261e-09,1.218233606787677999e-09,7.994703810872035854e-01
2.316000000000000000e+03,2.114715236571851623e-22,1.690663670376581539e-22,1.522373027456381815e-09,1.217100404711754760e-09,7.994758070203831224e-01
2.317000000000000000e+03,2.109090317608306754e-22,1.686178119567611662e-22,1.520947129094223416e-09,1.215968680282065490e-09,7.994812291773856217e-01
2.318000000000000000e+03,2.103482669073769350e-22,1.681706307295307267e-22,1.519523102376406455e-09,1.214838431006686820e-09,7.994866475585540311e-01
2.319000000000000000e+03,2.097892230843460023e-22,1.677248185842355501e-22,1.518100944137106621e-09,1.213709654406705898e-09,7.994920621675670747e-01
2.320000000000000000e+03,2.092318943021958321e-22,1.672803707685722168e-22,1.516680651213653849e-09,1.212582348014792885e-09,7.994974730141639618e-01
2.321000000000000000e+03,2.086762745960457566e-22,1.668372825489204497e-22,1.515262220459748393e-09,1.211456509370414262e-09,7.995028801040416910e-01
2.322000000000000000e+03,2.081223580244003928e-22,1.663955492087135264e-22,1.513845648736976432e-09,1.210332136008558155e-09,7.995082834358681056e-01
2.323000000000000000e+03,2.075701386672018715e-22,1.659551660494155621e-22,1.512430932901340884e-09,1.209209225467335090e-09,7.995136830133944272e-01
2.324000000000000000e+03,2.070196106279404613e-22,1.655161283899216777e-22,1.511018069819270864e-09,1.208087775284142771e-09,7.995190788344702648e-01
2.325000000000000000e+03,2.064707680310415384e-22,1.650784315667161985e-22,1.509607056349258276e-09,1.206967782997333468e-09,7.995244709018456408e-01
2.326000000000000000e+03,2.059236050252948094e-22,1.646420709348284012e-22,1.508197889367553557e-09,1.205849246153735156e-09,7.995298592145589911e-01
2.327000000000000000e+03,2.053781157829772514e-22,1.642070418696434336e-22,1.506790565762532373e-09,1.204732162322523956e-09,7.995352437801152012e-01
2.328000000000000000e+03,2.048342944978782814e-22,1.637733397639731708e-22,1.505385082420930295e-09,1.203616529074400276e-09,7.995406246080026813e-01
2.329000000000000000e+03,2.042921353877570569e-22,1.633409600289247879e-22,1.503981436246563761e-09,1.202502343988504870e-09,7.995460017043494183e-01
2.330000000000000000e+03,2.037516326918625353e-22,1.629098980919388129e-22,1.502579624142828590e-09,1.201389604638531092e-09,7.995513750719757118e-01
2.331000000000000000e+03,2.032127806704384030e-22,1.624801493974805291e-22,1.501179643009679112e-09,1.200278308598290375e-09,7.995567447156964880e-01
2.332000000000000000e+03,2.026755736056991113e-22,1.620517094082727629e-22,1.499781489751458680e-09,1.199168453451341859e-09,7.995621106445752746e-01
2.333000000000000000e+03,2.021400058026477624e-22,1.616245736044339175e-22,1.498385161283635605e-09,1.198060036785189297e-09,7.995674728644776019e-01
2.334000000000000000e+03,2.016060715891151121e-22,1.611987374839470888e-22,1.496990654533822451e-09,1.196953056195299921e-09,7.995728313801951925e-01
2.335000000000000000e+03,2.010737653154777098e-22,1.607741965629591116e-22,1.495597966440415941e-09,1.195847509287898030e-09,7.995781861980354455e-01
2.336000000000000000e+03,2.005430813535552142e-22,1.603509463744131773e-22,1.494207093945103117e-09,1.194743393670366597e-09,7.995835373234155830e-01
2.337000000000000000e+03,2.000140140970031964e-22,1.599289824672518488e-22,1.492818033996449441e-09,1.193640706945807315e-09,7.995888847552911072e-01
2.338000000000000000e+03,1.994865579610391560e-22,1.595083004083081017e-22,1.491430783548535395e-09,1.192539446727635994e-09,7.995942284966437441e-01
2.339000000000000000e+03,1.989607073824996029e-22,1.590888957824141753e-22,1.490045339562054562e-09,1.191439610640981939e-09,7.995995685548487053e-01
2.340000000000000000e+03,1.984364568201482482e-22,1.586707641921728211e-22,1.488661699007306368e-09,1.190341196321564022e-09,7.996049049393336716e-01
2.341000000000000000e+03,1.979138007554516194e-22,1.582539012558089223e-22,1.487279858870725432e-09,1.189244201400128520e-09,7.996102376476126317e-01
2.342000000000000000e+03,1.973927336890072968e-22,1.578383026080486231e-22,1.485899816128752580e-09,1.188148623509512822e-09,7.996155666840464304e-01
2.343000000000000000e+03,1.968732501436252842e-22,1.574239638999919043e-22,1.484521567771599544e-09,1.187054460284191099e-09,7.996208920467667847e-01
2.344000000000000000e+03,1.963553446611378346e-22,1.570108807986673535e-22,1.483145110779886483e-09,1.185961709357413090e-09,7.996262137383142177e-01
2.345000000000000000e+03,1.958390118051822920e-22,1.565990489876822605e-22,1.481770442146227465e-09,1.184870368366596903e-09,7.996315317576492276e-01
2.346000000000000000e+03,1.953242461615631204e-22,1.561884641692230264e-22,1.480397558878689330e-09,1.183780434969011120e-09,7.996368461088604329e-01
2.347000000000000000e+03,1.948110423361084130e-22,1.557791220623846688e-22,1.479026457985259093e-09,1.182691906829744282e-09,7.996421568014517867e-01
2.348000000000000000e+03,1.942993949560446331e-22,1.553710184027952981e-22,1.477657136484905832e-09,1.181604781619397053e-09,7.996474638428189285e-01
2.349000000000000000e+03,1.937892986694475877e-22,1.549641489418503067e-22,1.476289591404097845e-09,1.180519057008774205e-09,7.996527672365307815e-01
2.350000000000000000e+03,1.932807481437067379e-22,1.545585094463295574e-22,1.474923819765751723e-09,1.179434730666443195e-09,7.996580669866473201e-01
2.351000000000000000e+03,1.927737380657919660e-22,1.541540956988639839e-22,1.473559818591842520e-09,1.178351800262759220e-09,7.996633630990366282e-01
2.352000000000000000e+03,1.922682631436376258e-22,1.537509034993300804e-22,1.472197584914595710e-09,1.177270263481032784e-09,7.996686555828903531e-01
2.353000000000000000e+03,1.917643181062020226e-22,1.533489286631838961e-22,1.470837115777627872e-09,1.176190118005336429e-09,7.996739444418272669e-01
2.354000000000000000e+03,1.912618977031856238e-22,1.529481670226694676e-22,1.469478408234477205e-09,1.175111361530267949e-09,7.996792296813124423e-01
2.355000000000000000e+03,1.907609967046678781e-22,1.525486144264949934e-22,1.468121459346487180e-09,1.174033991759019547e-09,7.996845113085014889e-01
2.356000000000000000e+03,1.902616099005601875e-22,1.521502667377029321e-22,1.466766266179249051e-09,1.172958006387500099e-09,7.996897893233634314e-01
2.357000000000000000e+03,1.897637321004031815e-22,1.517531198352252993e-22,1.465412825801664448e-09,1.171883403116751964e-09,7.996950637276324381e-01
2.358000000000000000e+03,1.892673581342151889e-22,1.513571696146893277e-22,1.464061135293125717e-09,1.170810179659694575e-09,7.997003345254990458e-01
2.359000000000000000e+03,1.887724828513860272e-22,1.509624119882280243e-22,1.462711191735622554e-09,1.169738333740222603e-09,7.997056017273208584e-01
2.360000000000000000e+03,1.882791011224875459e-22,1.505688428831957551e-22,1.461362992228401915e-09,1.168667863083793883e-09,7.997108653351873153e-01
2.361000000000000000e+03,1.877872078370608524e-22,1.501764582416839646e-22,1.460016533871496166e-09,1.167598765414140753e-09,7.997161253496511968e-01
2.362000000000000000e+03,1.872967979035317473e-22,1.497852540210880699e-22,1.458671813765652768e-09,1.166531038458130979e-09,7.997213817730924879e-01
2.363000000000000000e+03,1.868078662496330553e-22,1.493952261933913494e-22,1.457328829016216242e-09,1.165464679940668391e-09,7.997266346040972085e-01
2.364000000000000000e+03,1.863204078212503845e-22,1.490063707456210113e-22,1.455987576724726902e-09,1.164399687588699130e-09,7.997318838448055356e-01
2.365000000000000000e+03,1.858344175850349207e-22,1.486186836807581437e-22,1.454648054009918012e-09,1.163336059138809300e-09,7.997371294946080678e-01
2.366000000000000000e+03,1.853498905272159669e-22,1.482321610189033815e-22,1.453310257999126963e-09,1.162273792346902981e-09,7.997423715615177287e-01
2.367000000000000000e+03,1.848668216523700359e-22,1.478467987947899842e-22,1.451974185819275281e-09,1.161212884969287709e-09,7.997476100541514032e-01
2.368000000000000000e+03,1.843852059853849603e-22,1.474625930586763410e-22,1.450639834612888837e-09,1.160153334770153224e-09,7.997528449780550996e-01
2.369000000000000000e+03,1.839050385692114306e-22,1.470795398745893360e-22,1.449307201521081717e-09,1.159095139508245593e-09,7.997580763358853595e-01
2.370000000000000000e+03,1.834263144646352782e-22,1.466976353210052887e-22,1.447976283682316063e-09,1.158038296942648370e-09,7.997633041320726388e-01
2.371000000000000000e+03,1.829490287510913174e-22,1.463168754919747840e-22,1.446647078239381824e-09,1.156982804842127880e-09,7.997685283754313312e-01
2.372000000000000000e+03,1.824731765273069754e-22,1.459372564961965477e-22,1.445319582345097692e-09,1.155928660978328829e-09,7.997737490713170416e-01
2.373000000000000000e+03,1.819987529113474782e-22,1.455587744575367326e-22,1.443993793163318805e-09,1.154875863130365157e-09,7.997789662242309472e-01
2.374000000000000000e+03,1.815257530403682685e-22,1.451814255152421300e-22,1.442669707867625051e-09,1.153824409087022614e-09,7.997841798400705526e-01
2.375000000000000000e+03,1.810541720697000002e-22,1.448052058228657674e-22,1.441347323634679014e-09,1.152774296638732211e-09,7.997893899242511928e-01
2.376000000000000000e+03,1.805840051732034676e-22,1.444301115474514686e-22,1.440026637647642023e-09,1.151725523571523326e-09,7.997945964756084658e-01
2.377000000000000000e+03,1.801152475429128193e-22,1.440561388711495700e-22,1.438707647093936006e-09,1.150678087680333864e-09,7.997997994968633062e-01
2.378000000000000000e+03,1.796478943893001854e-22,1.436832839913635760e-22,1.437390349167952303e-09,1.149631986770700602e-09,7.998049989943067928e-01
2.379000000000000000e+03,1.791819409412095913e-22,1.433115431206541443e-22,1.436074741071136034e-09,1.148587218658515586e-09,7.998101949776027508e-01
2.380000000000000000e+03,1.787173824469196515e-22,1.429409124848957459e-22,1.434760820021127691e-09,1.147543781155754572e-09,7.998153874447564426e-01
2.381000000000000000e+03,1.782542141710089259e-22,1.425713883238895685e-22,1.433448583227244053e-09,1.146501672075806972e-09,7.998205763994623574e-01
2.382000000000000000e+03,1.777924313967130210e-22,1.422029668914215854e-22,1.432138027909943402e-09,1.145460889234391741e-09,7.998257618408980418e-01
2.383000000000000000e+03,1.773320294236897639e-22,1.418356444546721282e-22,1.430829151283434670e-09,1.144421430445246120e-09,7.998309437704113067e-01
2.384000000000000000e+03,1.768730035695510118e-22,1.414694172948087595e-22,1.429521950568551471e-09,1.143383293525333972e-09,7.998361221879706218e-01
2.385000000000000000e+03,1.764153491708659608e-22,1.411042817083514919e-22,1.428216423001474724e-09,1.142346476306356212e-09,7.998412970953329149e-01
2.386000000000000000e+03,1.759590615815244102e-22,1.407402340067848745e-22,1.426912565821132618e-09,1.141310976632160278e-09,7.998464685012989239e-01
2.387000000000000000e+03,1.755041361729620350e-22,1.403772705152944075e-22,1.425610376271593858e-09,1.140276792349005259e-09,7.998516364135739298e-01
2.388000000000000000e+03,1.750505683348628373e-22,1.400153875729373414e-22,1.424309851608365816e-09,1.139243921307400499e-09,7.998568008365161131e-01
2.389000000000000000e+03,1.745983534733226483e-22,1.396545815315668643e-22,1.423010989084061973e-09,1.138212361353798231e-09,7.998619617733397913e-01
2.390000000000000000e+03,1.741474870109291320e-22,1.392948487562390818e-22,1.421713785949565553e-09,1.137182110334307616e-09,7.998671192280668585e-01
2.391000000000000000e+03,1.736979643877334260e-22,1.389361856268573691e-22,1.420418239462497376e-09,1.136153166108561387e-09,7.998722732105262301e-01
2.392000000000000000e+03,1.732497810615699458e-22,1.385785885363451587e-22,1.419124346890424278e-09,1.135125526535286310e-09,7.998774237244014040e-01
2.393000000000000000e+03,1.728029325079302077e-22,1.382220538918263019e-22,1.417832105510439738e-09,1.134099189482400161e-09,7.998825707745617075e-01
2.394000000000000000e+03,1.723574142198879497e-22,1.378665781145721239e-22,1.416541512609158701e-09,1.133074152827074800e-09,7.998877143671142553e-01
2.395000000000000000e+03,1.719132217070957763e-22,1.375121576385169628e-22,1.415252565475065955e-09,1.132050414444010264e-09,7.998928545054490025e-01
2.396000000000000000e+03,1.714703504961451893e-22,1.371587889103737209e-22,1.413965261402026892e-09,1.131027972206786379e-09,7.998979911891950234e-01
2.397000000000000000e+03,1.710287961306608856e-22,1.368064683909225822e-22,1.412679597690638498e-09,1.130006823998912243e-09,7.999031244212614356e-01
2.398000000000000000e+03,1.705885541709028291e-22,1.364551925549041370e-22,1.411395571645515584e-09,1.128986967713441996e-09,7.999082542091162651e-01
2.399000000000000000e+03,1.701496201944257265e-22,1.361049578908411998e-22,1.410113180581313897e-09,1.127968401251991097e-09,7.999133805606939429e-01
2.400000000000000000e+03,1.697119897963362959e-22,1.357557608993791061e-22,1.408832421825469335e-09,1.126951122511442294e-09,7.999185034734049848e-01
2.401000000000000000e+03,1.692756585865860327e-22,1.354075980940780183e-22,1.407553292696313430e-09,1.125935129390905928e-09,7.999236229514700147e-01
2.402000000000000000e+03,1.688406221925538652e-22,1.350604660012787085e-22,1.406275790525025896e-09,1.124920419791031108e-09,7.999287389929736758e-01
2.403000000000000000e+03,1.684068762563693416e-22,1.347143611597482169e-22,1.404999912633925898e-09,1.123906991611471219e-09,7.999338516003925426e-01
2.404000000000000000e+03,1.679744164371668058e-22,1.343692801211622280e-22,1.403725656355750938e-09,1.122894842755314931e-09,7.999389607727850349e-01
2.405000000000000000e+03,1.675432384113882512e-22,1.340252194516230804e-22,1.402453019036792495e-09,1.121883971142228645e-09,7.999440665133586981e-01
2.406000000000000000e+03,1.671133378711561310e-22,1.336821757305646996e-22,1.401181998023877233e-09,1.120874374699819078e-09,7.999491688307562853e-01
2.407000000000000000e+03,1.666847105250819339e-22,1.333401455502207342e-22,1.399912590671672659e-09,1.119866051359635701e-09,7.999542677320505835e-01
2.408000000000000000e+03,1.662573520982797023e-22,1.329991255153454461e-22,1.398644794343375964e-09,1.118858999055260161e-09,7.999593632209760496e-01
2.409000000000000000e+03,1.658312583309578838e-22,1.326591122425944840e-22,1.397378606399425688e-09,1.117853215717505534e-09,7.999644553009417347e-01
2.410000000000000000e+03,1.654064249785080345e-22,1.323201023607872300e-22,1.396114024198733396e-09,1.116848699277009738e-09,7.999695439761795868e-01
2.411000000000000000e+03,1.649828478125318243e-22,1.319820925124529507e-22,1.394851045107859594e-09,1.115845447677704726e-09,7.999746292561438210e-01
2.412000000000000000e+03,1.645605226209818382e-22,1.316450793520678380e-22,1.393589666502771485e-09,1.114843458862397069e-09,7.999797111441768749e-01
2.413000000000000000e+03,1.641394452080251950e-22,1.313090595471906542e-22,1.392329885768267665e-09,1.113842730782788221e-09,7.999847896450098528e-01
2.414000000000000000e+03,1.637196113939759566e-22,1.309740297784155006e-22,1.391071700297976264e-09,1.112843261399544412e-09,7.999898647648187033e-01
2.415000000000000000e+03,1.633010170144113677e-22,1.306399867378386200e-22,1.389815107487405799e-09,1.111845048669716678e-09,7.999949365061798101e-01
2.416000000000000000e+03,1.628836579204333332e-22,1.303069271294399156e-22,1.388560104736686866e-09,1.110848090550357089e-09,8.000000048690780741e-01
2.417000000000000000e+03,1.624675299789135549e-22,1.299748476701753376e-22,1.387306689453199679e-09,1.109852385008239571e-09,8.000050698563866414e-01
2.418000000000000000e+03,1.620526290719505717e-22,1.296437450898216941e-22,1.386054859047484696e-09,1.108857930019005629e-09,8.000101314756239423e-01
2.419000000000000000e+03,1.616389510976382030e-22,1.293136161308083213e-22,1.384804610940344169e-09,1.107864723566184973e-09,8.000151897341641893e-01
2.420000000000000000e+03,1.612264919701570966e-22,1.289844575467123790e-22,1.383555942564205962e-09,1.106872763628738793e-09,8.000202446294453207e-01
2.421000000000000000e+03,1.608152476173374819e-22,1.286562661030092402e-22,1.382308851342757741e-09,1.105882048187858977e-09,8.000252961656281192e-01
2.422000000000000000e+03,1.604052139830813234e-22,1.283290385769383900e-22,1.381063334712219578e-09,1.104892575226219929e-09,8.000303443407633663e-01
2.423000000000000000e+03,1.599963870248361362e-22,1.280027717571818343e-22,1.379819390100147036e-09,1.103904342725603319e-09,8.000353891573317444e-01
2.424000000000000000e+03,1.595887627157116748e-22,1.276774624442984210e-22,1.378577014944131652e-09,1.102917348671027159e-09,8.000404306144072164e-01
2.425000000000000000e+03,1.591823370447491690e-22,1.273531074521107124e-22,1.377336206694696694e-09,1.101931591063157652e-09,8.000454687149701760e-01
2.426000000000000000e+03,1.587771060154394717e-22,1.270297036067487198e-22,1.376096962803045163e-09,1.100947067910533072e-09,8.000505034673975890e-01
2.427000000000000000e+03,1.583730656463945483e-22,1.267072477460952589e-22,1.374859280727375114e-09,1.099963777225194594e-09,8.000555348786343446e-01
2.428000000000000000e+03,1.579702119714817421e-22,1.263857367196206277e-22,1.373623157934586747e-09,1.098981717021659560e-09,8.000605629524442097e-01
2.429000000000000000e+03,1.575685410384649727e-22,1.260651673877160077e-22,1.372388591888996154e-09,1.098000885311513991e-09,8.000655876920349518e-01
2.430000000000000000e+03,1.571680489090791691e-22,1.257455366219435853e-22,1.371155580053442698e-09,1.097021280105949343e-09,8.000706091012599330e-01
2.431000000000000000e+03,1.567687316599194598e-22,1.254268413065070245e-22,1.369924119897521743e-09,1.096042899428985814e-09,8.000756271894651217e-01
2.432000000000000000e+03,1.563705853826254205e-22,1.251090783365855803e-22,1.368694208899728700e-09,1.095065741303373675e-09,8.000806419599593156e-01
2.433000000000000000e+03,1.559736061837775360e-22,1.247922446194064079e-22,1.367465844547098176e-09,1.094089803760358961e-09,8.000856534173392820e-01
2.434000000000000000e+03,1.555777901848569989e-22,1.244763370741840246e-22,1.366239024335393598e-09,1.093115084839595586e-09,8.000906615673205602e-01
2.435000000000000000e+03,1.551831335213599504e-22,1.241613526308878277e-22,1.365013745761857186e-09,1.092141582578746646e-09,8.000956664133723750e-01
2.436000000000000000e+03,1.547896323431792579e-22,1.238472882302712468e-22,1.363790006329056344e-09,1.091169295014096325e-09,8.001006679549008682e-01
2.437000000000000000e+03,1.543972828145638896e-22,1.235341408249751095e-22,1.362567803545036063e-09,1.090198220190646882e-09,8.001056661945508131e-01
2.438000000000000000e+03,1.540060811139274267e-22,1.232219073794778245e-22,1.361347134922138332e-09,1.089228356162119675e-09,8.001106611389148249e-01
2.439000000000000000e+03,1.536160234341921068e-22,1.229105848700155882e-22,1.360127997980548260e-09,1.088259700990688816e-09,8.001156527962690612e-01
2.440000000000000000e+03,1.532271059833333369e-22,1.226001702831105258e-22,1.358910390253651517e-09,1.087292252734365424e-09,8.001206411641414995e-01
2.441000000000000000e+03,1.528393249818903484e-22,1.222906606162083489e-22,1.357694309266492485e-09,1.086326009452992824e-09,8.001256262463757318e-01
2.442000000000000000e+03,1.524526766651028934e-22,1.219820528776598305e-22,1.356479752555177638e-09,1.085360969208463471e-09,8.001306080418729705e-01
2.443000000000000000e+03,1.520671572809077090e-22,1.216743440862658646e-22,1.355266717649570305e-09,1.084397130061045447e-09,8.001355865520758393e-01
2.444000000000000000e+03,1.516827630912719504e-22,1.213675312717304083e-22,1.354055202085602010e-09,1.083434490073775613e-09,8.001405617769503653e-01
2.445000000000000000e+03,1.512994903729370443e-22,1.210616114756745800e-22,1.352845203412429865e-09,1.082473047321912631e-09,8.001455337177321159e-01
2.446000000000000000e+03,1.509173354162215418e-22,1.207565817515032417e-22,1.351636719182280231e-09,1.081512799892204081e-09,8.001505023824027063e-01
2.447000000000000000e+03,1.505362945249515992e-22,1.204524391632141283e-22,1.350429746950303763e-09,1.080553745872657752e-09,8.001554677782305447e-01
2.448000000000000000e+03,1.501563640173674026e-22,1.201491807857887001e-22,1.349224284283197935e-09,1.079595883356422776e-09,8.001604299095307349e-01
2.449000000000000000e+03,1.497775402245157724e-22,1.198468037040932669e-22,1.348020328745286627e-09,1.078639210432299173e-09,8.001653887788751085e-01
2.450000000000000000e+03,1.493998194903049187e-22,1.195453050133376893e-22,1.346817877899444498e-09,1.077683725189196362e-09,8.001703443898431356e-01
2.451000000000000000e+03,1.490231981721029554e-22,1.192446818201466307e-22,1.345616929312939984e-09,1.076729425726160855e-09,8.001752967510071812e-01
2.452000000000000000e+03,1.486476726411015279e-22,1.189449312414498193e-22,1.344417480561207034e-09,1.075776310142779318e-09,8.001802458665685513e-01
2.453000000000000000e+03,1.482732392823523945e-22,1.186460504051493537e-22,1.343219529228691731e-09,1.074824376545582389e-09,8.001851917406023196e-01
2.454000000000000000e+03,1.478998944945945345e-22,1.183480364501638300e-22,1.342023072907801770e-09,1.073873623048853456e-09,8.001901343782853449e-01
2.455000000000000000e+03,1.475276346896056988e-22,1.180508865257410311e-22,1.340828109193522755e-09,1.072924047768799103e-09,8.001950737847659534e-01
2.456000000000000000e+03,1.471564562924850218e-22,1.177545977907473867e-22,1.339634635686454364e-09,1.071975648817446376e-09,8.002000099587942561e-01
2.457000000000000000e+03,1.467863557412724440e-22,1.174591674148387426e-22,1.338442649989828572e-09,1.071028424313634775e-09,8.002049429026891758e-01
2.458000000000000000e+03,1.464173294873857130e-22,1.171645925786225083e-22,1.337252149713961949e-09,1.070082372384901190e-09,8.002098726210996604e-01
2.459000000000000000e+03,1.460493739951980524e-22,1.168708704736493108e-22,1.336063132472889860e-09,1.069137491167824009e-09,8.002147991232876345e-01
2.460000000000000000e+03,1.456824857431064042e-22,1.165779983011962406e-22,1.334875595894622476e-09,1.068193778797293136e-09,8.002197224089624417e-01
2.461000000000000000e+03,1.453166612216453711e-22,1.162859732724436695e-22,1.333689537604385261e-09,1.067251233408466484e-09,8.002246424797606617e-01
2.462000000000000000e+03,1.449518969341279317e-22,1.159947926086902720e-22,1.332504955230921889e-09,1.066309853139092900e-09,8.002295593372127369e-01
2.463000000000000000e+03,1.445881893964663894e-22,1.157044535408291546e-22,1.331321846405307853e-09,1.065369636125054287e-09,8.002344729801068590e-01
2.464000000000000000e+03,1.442255351365802519e-22,1.154149533097323599e-22,1.330140208755942511e-09,1.064430580504239699e-09,8.002393834104027937e-01
2.465000000000000000e+03,1.438639306960689838e-22,1.151262891667340651e-22,1.328960039924410066e-09,1.063492684421368222e-09,8.002442906273228296e-01
2.466000000000000000e+03,1.435033726295929202e-22,1.148384583745655706e-22,1.327781337560290457e-09,1.062555946037036054e-09,8.002491946372823906e-01
2.467000000000000000e+03,1.431438575037709119e-22,1.145514582056211637e-22,1.326604099311437088e-09,1.061620363512115876e-09,8.002540954480249491e-01
2.468000000000000000e+03,1.427853818986752249e-22,1.142652859425960825e-22,1.325428322838267617e-09,1.060685935014019441e-09,8.002589930647252547e-01
2.469000000000000000e+03,1.424279424065398604e-22,1.139799388773897329e-22,1.324254005802282070e-09,1.059752658706891343e-09,8.002638874895107168e-01
2.470000000000000000e+03,1.420715356313493902e-22,1.136954143114880535e-22,1.323081145862670361e-09,1.058820532755480847e-09,8.002687787264270991e-01
2.471000000000000000e+03,1.417161581891384963e-22,1.134117095561369714e-22,1.321909740679509556e-09,1.057889555327101270e-09,8.002736667809919879e-01
2.472000000000000000e+03,1.413618067087005588e-22,1.131288219329278925e-22,1.320739787920816624e-09,1.056959724597456436e-09,8.002785516603405647e-01
2.473000000000000000e+03,1.410084778316010801e-22,1.128467487729936866e-22,1.319571285263160543e-09,1.056031038743519683e-09,8.002834333674643252e-01
2.474000000000000000e+03,1.406561682119587842e-22,1.125654874176373894e-22,1.318404230390099557e-09,1.055103495949770396e-09,8.002883119068709972e-01
2.475000000000000000e+03,1.403048745163222606e-22,1.122850352182392907e-22,1.317238620991501021e-09,1.054177094407714856e-09,8.002931872846420491e-01
2.476000000000000000e+03,1.399545934232417080e-22,1.120053895349016842e-22,1.316074454759982047e-09,1.053251832303531682e-09,8.002980595012137988e-01
2.477000000000000000e+03,1.396053216231967119e-22,1.117265477372633902e-22,1.314911729390670652e-09,1.052327707826030134e-09,8.003029285575529173e-01
2.478000000000000000e+03,1.392570558191491503e-22,1.114485072051273765e-22,1.313750442586856439e-09,1.051404719172922830e-09,8.003077944564885859e-01
2.479000000000000000e+03,1.389097927257613958e-22,1.111712653282341928e-22,1.312590592053085498e-09,1.050482864549085566e-09,8.003126572056069588e-01
2.480000000000000000e+03,1.385635290703372753e-22,1.108948195060880449e-22,1.311432175504488729e-09,1.049562142165297312e-09,8.003175168106168025e-01
2.481000000000000000e+03,1.382182615925492141e-22,1.106191671468941713e-22,1.310275190664694449e-09,1.048642550228541314e-09,8.003223732692149595e-01
2.482000000000000000e+03,1.378739870427039826e-22,1.103443056681468962e-22,1.309119635249840858e-09,1.047724086947883863e-09,8.003272265853147438e-01
2.483000000000000000e+03,1.375307021836982010e-22,1.100702324965149243e-22,1.307965506987523020e-09,1.046806750533725495e-09,8.003320767569074290e-01
2.484000000000000000e+03,1.371884037889211873e-22,1.097969450675998242e-22,1.306812803597317930e-09,1.045890539195835813e-09,8.003369237864593755e-01
2.485000000000000000e+03,1.368470886439921969e-22,1.095244408262516247e-22,1.305661522807702634e-09,1.044975451146682476e-09,8.003417676731109376e-01
2.486000000000000000e+03,1.365067535469527802e-22,1.092527172276162981e-22,1.304511662358371158e-09,1.044061484611786467e-09,8.003466084191783736e-01
2.487000000000000000e+03,1.361673953071649919e-22,1.089817717365393145e-22,1.303363219990184683e-09,1.043148637824439924e-09,8.003514460322852520e-01
2.488000000000000000e+03,1.358290107456276931e-22,1.087116018269465085e-22,1.302216193448617781e-09,1.042236909020152451e-09,8.003562805190047591e-01
2.489000000000000000e+03,1.354915966954053950e-22,1.084422049819611586e-22,1.301070580488317011e-09,1.041326296438115222e-09,8.003611118831733817e-01
2.490000000000000000e+03,1.351551500003955886e-22,1.081735786931182401e-22,1.299926378861720152e-09,1.040416798313989216e-09,8.003659401273397478e-01
2.491000000000000000e+03,1.348196675153970410e-22,1.079057204606890726e-22,1.298783586320098865e-09,1.039508412883324152e-09,8.003707652547483731e-01
2.492000000000000000e+03,1.344851461066462909e-22,1.076386277947049643e-22,1.297642200619124791e-09,1.038601138391751222e-09,8.003755872737638999e-01
2.493000000000000000e+03,1.341515826520763747e-22,1.073722982138491204e-22,1.296502219521804597e-09,1.037694973084671662e-09,8.003804061881280019e-01
2.494000000000000000e+03,1.338189740413533614e-22,1.071067292461285559e-22,1.295363640799291230e-09,1.036789915214073131e-09,8.003852220017015906e-01
2.495000000000000000e+03,1.334873171757292743e-22,1.068419184288727786e-22,1.294226462229918598e-09,1.035885963038886024e-09,8.003900347193345644e-01
2.496000000000000000e+03,1.331566089675079699e-22,1.065778633081959772e-22,1.293090681594469480e-09,1.034983114820129160e-09,8.003948443460469075e-01
2.497000000000000000e+03,1.328268463402769929e-22,1.063145614383290116e-22,1.291956296678843177e-09,1.034081368814740875e-09,8.003996508806014987e-01
2.498000000000000000e+03,1.324980262285462988e-22,1.060520103826117881e-22,1.290823305270970962e-09,1.033180723285527732e-09,8.004044543250954380e-01
2.499000000000000000e+03,1.321701455782231079e-22,1.057902077136794113e-22,1.289691705165857535e-09,1.032281176503336904e-09,8.004092546835315236e-01
2.500000000000000000e+03,1.318432013460914185e-22,1.055291510134173271e-22,1.288561494160942403e-09,1.031382726746994338e-09,8.004140519646583130e-01
2.501000000000000000e+03,1.315171905007988826e-22,1.052688378720897051e-22,1.287432670066168940e-09,1.030485372295144005e-09,8.004188461693930723e-01
2.502000000000000000e+03,1.311921100215643963e-22,1.050092658882808874e-22,1.286305230691802710e-09,1.029589111425980715e-09,8.004236372981594627e-01
2.503000000000000000e+03,1.308679568980620079e-22,1.047504326691314868e-22,1.285179173847679967e-09,1.028693942419873110e-09,8.004284253533930915e-01
2.504000000000000000e+03,1.305447281310368539e-22,1.044923358299906637e-22,1.284054497349650776e-09,1.027799863556266489e-09,8.004332103331236459e-01
2.505000000000000000e+03,1.302224207310949635e-22,1.042349729946193572e-22,1.282931199008089268e-09,1.026906873115984031e-09,8.004379922399167402e-01
2.506000000000000000e+03,1.299010317203630571e-22,1.039783417954424170e-22,1.281809276644612197e-09,1.026014969384030722e-09,8.004427710726408352e-01
2.507000000000000000e+03,1.295805581322436670e-22,1.037224398745863063e-22,1.280688728090133001e-09,1.025124150660186652e-09,8.004475468359395496e-01
2.508000000000000000e+03,1.292609970102600028e-22,1.034672648825621956e-22,1.279569551173882839e-09,1.024234415246392712e-09,8.004523195372658106e-01
2.509000000000000000e+03,1.289423454091215369e-22,1.032128144785022367e-22,1.278451743734344266e-09,1.023345761449411843e-09,8.004570891821302103e-01
2.510000000000000000e+03,1.286246003941847347e-22,1.029590863296334234e-22,1.277335303614348943e-09,1.022458187575944739e-09,8.004618557733402806e-01
2.511000000000000000e+03,1.283077590407782975e-22,1.027060781111404587e-22,1.276220228654781145e-09,1.021571691931565268e-09,8.004666193141038999e-01
2.512000000000000000e+03,1.279918184342711999e-22,1.024537875062160299e-22,1.275106516695616693e-09,1.020686272821512499e-09,8.004713798079996501e-01
2.513000000000000000e+03,1.276767756707693351e-22,1.022022122071783870e-22,1.273994165583245780e-09,1.019801928562138255e-09,8.004761372633631966e-01
2.514000000000000000e+03,1.273626278571400823e-22,1.019513499141626882e-22,1.272883173171144230e-09,1.018918657468215067e-09,8.004808916829143639e-01
2.515000000000000000e+03,1.270493721109504759e-22,1.017011983359679434e-22,1.271773537319686759e-09,1.018036457861699322e-09,8.004856430707401049e-01
2.516000000000000000e+03,1.267370055604668766e-22,1.014517551899938078e-22,1.270665255896572561e-09,1.017155328071450437e-09,8.004903914318115543e-01
2.517000000000000000e+03,1.264255253439732312e-22,1.012030182014212982e-22,1.269558326770410727e-09,1.016275266425354856e-09,8.004951367698287523e-01
2.518000000000000000e+03,1.261149286101588685e-22,1.009549851030915047e-22,1.268452747814998841e-09,1.015396271249392993e-09,8.004998790837782874e-01
2.519000000000000000e+03,1.258052125178817785e-22,1.007076536363272148e-22,1.267348516907350977e-09,1.014518340876194555e-09,8.005046183759100265e-01
2.520000000000000000e+03,1.254963742363036759e-22,1.004610215509587740e-22,1.266245631929454840e-09,1.013641473645646307e-09,8.005093546511190539e-01
2.521000000000000000e+03,1.251884109447838775e-22,1.002150866053371221e-22,1.265144090767608572e-09,1.012765667905373294e-09,8.005140879177579105e-01
2.522000000000000000e+03,1.248813198336012663e-22,9.996984656529858239e-23,1.264043891320129872e-09,1.011890922000613933e-09,8.005188181747590059e-01
2.523000000000000000e+03,1.245750981023548207e-22,9.972529920445239934e-23,1.262945031481601716e-09,1.011017234277405909e-09,8.005235454241019788e-01
2.524000000000000000e+03,1.242697429607120983e-22,9.948144230430429469e-23,1.261847509150809779e-09,1.010144603084137958e-09,8.005282696670208420e-01
2.525000000000000000e+03,1.239652516281301736e-22,9.923827365382436757e-23,1.260751322228300391e-09,1.009273026767461943e-09,8.005329909023088941e-01
2.526000000000000000e+03,1.236616213333995229e-22,9.899579104977620939e-23,1.259656468612113730e-09,1.008402503675921286e-09,8.005377091319004768e-01
2.527000000000000000e+03,1.233588493159512675e-22,9.875399229702778684e-23,1.258562946211462289e-09,1.007533032163424292e-09,8.005424243549434937e-01
2.528000000000000000e+03,1.230569328254748333e-22,9.851287520936640035e-23,1.257470752943274503e-09,1.006664610597902046e-09,8.005471365768722647e-01
2.529000000000000000e+03,1.227558691209309345e-22,9.827243760814269261e-23,1.256379886722515079e-09,1.005797237347827025e-09,8.005518458048731523e-01
2.530000000000000000e+03,1.224556554717186044e-22,9.803267732271800643e-23,1.255290345474491377e-09,1.004930910787087875e-09,8.005565520439262839e-01
2.531000000000000000e+03,1.221562891568623182e-22,9.779359218976565912e-23,1.254202127126947838e-09,1.004065629288143461e-09,8.005612552963832229e-01
2.532000000000000000e+03,1.218577674645681489e-22,9.755518005336678063e-23,1.253115229605879623e-09,1.003201391223279356e-09,8.005659555656335913e-01
2.533000000000000000e+03,1.215600876923108017e-22,9.731743876500991378e-23,1.252029650836769662e-09,1.002338194964886181e-09,8.005706528555397439e-01
2.534000000000000000e+03,1.212632471474962869e-22,9.708036618454332933e-23,1.250945388751778713e-09,1.001476038895565691e-09,8.005753471739168736e-01
2.535000000000000000e+03,1.209672431474297583e-22,9.684396017902920105e-23,1.249862441289818982e-09,1.000614921396654675e-09,8.005800385233206029e-01
2.536000000000000000e+03,1.206720730192365904e-22,9.660821862349425296e-23,1.248780806396144670e-09,9.997548408562626681e-10,8.005847269077223105e-01
2.537000000000000000e+03,1.203777340998844781e-22,9.637313940089436513e-23,1.247700482022984764e-09,9.988957956692390747e-10,8.005894123320838052e-01
2.538000000000000000e+03,1.200842237355431915e-22,9.613872040126999280e-23,1.246621466123301753e-09,9.980377842287365445e-10,8.005940947996013080e-01
2.539000000000000000e+03,1.197915392819409628e-22,9.590495952176393983e-23,1.245543756654854948e-09,9.971808049266613726e-10,8.005987743094472586e-01
2.540000000000000000e+03,1.194996781042009272e-22,9.567185466733649420e-23,1.244467351578883608e-09,9.963248561613875797e-10,8.006034508637995817e-01
2.541000000000000000e+03,1.192086375768915527e-22,9.543940375076913082e-23,1.243392248861009600e-09,9.954699363381237659e-10,8.006081244675674613e-01
2.542000000000000000e+03,1.189184150839886235e-22,9.520760469268159145e-23,1.242318446471222308e-09,9.946160438694210003e-10,8.006127951288218858e-01
2.543000000000000000e+03,1.186290080195132052e-22,9.497645542056479377e-23,1.241245942390935097e-09,9.937631771653866535e-10,8.006174628463738063e-01
2.544000000000000000e+03,1.183404137860413054e-22,9.474595386907362348e-23,1.240174734597802627e-09,9.929113346370078029e-10,8.006221276222144079e-01
2.545000000000000000e+03,1.180526297954231590e-22,9.451609798013248196e-23,1.239104821073586093e-09,9.920605146975394481e-10,8.006267894575680444e-01
2.546000000000000000e+03,1.177656534685343996e-22,9.428688570253383144e-23,1.238036199801912397e-09,9.912107157585745762e-10,8.006314483511627333e-01
2.547000000000000000e+03,1.174794822348117626e-22,9.405831499224523411e-23,1.236968868763744507e-09,9.903619362335365182e-10,8.006361043049752269e-01
2.548000000000000000e+03,1.171941135334759285e-22,9.383038381266777281e-23,1.235902825950597525e-09,9.895141745406896794e-10,8.006407573181189008e-01
2.549000000000000000e+03,1.169095448132190530e-22,9.360309013541954153e-23,1.234838069361662584e-09,9.886674291117238137e-10,8.006454073956480455e-01
2.550000000000000000e+03,1.166257735312598812e-22,9.337643193910410346e-23,1.233774596994211551e-09,9.878216983791014681e-10,8.006500545445546235e-01
2.551000000000000000e+03,1.163427971543842479e-22,9.315040720967925536e-23,1.232712406854946152e-09,9.869769807802397947e-10,8.006546987697982232e-01
2.552000000000000000e+03,1.160606131583028585e-22,9.292501393989355430e-23,1.231651496953593318e-09,9.861332747518377463e-10,8.006593400738534205e-01
2.553000000000000000e+03,1.157792190271782932e-22,9.270025012927753677e-23,1.230591865298241337e-09,9.852905787300454411e-10,8.006639784598724718e-01
2.554000000000000000e+03,1.154986122536820421e-22,9.247611378413331552e-23,1.229533509896268154e-09,9.844488911506149167e-10,8.006686139312052530e-01
2.555000000000000000e+03,1.152187903395903162e-22,9.225260291851565890e-23,1.228476428761025615e-09,9.836082104596243199e-10,8.006732464957736495e-01
2.556000000000000000e+03,1.149397507957802624e-22,9.202971555307418770e-23,1.227420619912179225e-09,9.827685351014600064e-10,8.006778761560777724e-01
2.557000000000000000e+03,1.146614911421911018e-22,9.180744971580552700e-23,1.226366081375677549e-09,9.819298635271129554e-10,8.006825029159581053e-01
2.558000000000000000e+03,1.143840089078237060e-22,9.158580344198402248e-23,1.225312811184127748e-09,9.810921941937517379e-10,8.006871267800064196e-01
2.559000000000000000e+03,1.141073016301622311e-22,9.136477477353866966e-23,1.224260807370975539e-09,9.802555255583495031e-10,8.006917477521703352e-01
2.560000000000000000e+03,1.138313668555382382e-22,9.114436175882870030e-23,1.223210067974754417e-09,9.794198560755331028e-10,8.006963658312098442e-01
2.561000000000000000e+03,1.135562021388150266e-22,9.092456245336780444e-23,1.222160591036059215e-09,9.785851842056212184e-10,8.007009810192355914e-01
2.562000000000000000e+03,1.132818050436790149e-22,9.070537491988666669e-23,1.221112374601030387e-09,9.777515084156041565e-10,8.007055933202391618e-01
2.563000000000000000e+03,1.130081731423368870e-22,9.048679722834273462e-23,1.220065416718457644e-09,9.769188271795613685e-10,8.007102027423462776e-01
2.564000000000000000e+03,1.127353040162420475e-22,9.026882745514741350e-23,1.219019715447982064e-09,9.760871389706204276e-10,8.007148092858485944e-01
2.565000000000000000e+03,1.124631952550334088e-22,9.005146368323912325e-23,1.217975268849014561e-09,9.752564422619992764e-10,8.007194129513119929e-01
2.566000000000000000e+03,1.121918444565024541e-22,8.983470400222057269e-23,1.216932074980701767e-09,9.744267355287542665e-10,8.007240137410354119e-01
2.567000000000000000e+03,1.119212492271241840e-22,8.961854650810174948e-23,1.215890131908017593e-09,9.735980172452595325e-10,8.007286116529750419e-01
2.568000000000000000e+03,1.116514071809846668e-22,8.940298930345582587e-23,1.214849437690461463e-09,9.727702858871554153e-10,8.007332066897767664e-01
2.569000000000000000e+03,1.113823159411350193e-22,8.918803049754654708e-23,1.213809990397095421e-09,9.719435399330022037e-10,8.007377988502408783e-01
2.570000000000000000e+03,1.111139731394525813e-22,8.897366820718322710e-23,1.212771788105425166e-09,9.711177778738911454e-10,8.007423881379673869e-01
2.571000000000000000e+03,1.108463764157588478e-22,8.875990055582522182e-23,1.211734828892143689e-09,9.702929982040067301e-10,8.007469745597057820e-01
2.572000000000000000e+03,1.105795234184261656e-22,8.854672567357296003e-23,1.210699110840088075e-09,9.694691994208068080e-10,8.007515581209150302e-01
2.573000000000000000e+03,1.103134118043266927e-22,8.833414169701247250e-23,1.209664632038046973e-09,9.686463800235963236e-10,8.007561388247067535e-01
2.574000000000000000e+03,1.100480392381018058e-22,8.812214676881612360e-23,1.208631390573101728e-09,9.678245385094087834e-10,8.007607166735024595e-01
2.575000000000000000e+03,1.097834033922151616e-22,8.791073903789524923e-23,1.207599384531512919e-09,9.670036733749203517e-10,8.007652916700255252e-01
2.576000000000000000e+03,1.095195019473541987e-22,8.769991666022695253e-23,1.206568612003455548e-09,9.661837831258060911e-10,8.007698638219166165e-01
2.577000000000000000e+03,1.092563325925717847e-22,8.748967779795112439e-23,1.205539071084927557e-09,9.653648662670977242e-10,8.007744331324868625e-01
2.578000000000000000e+03,1.089938930253492232e-22,8.728002061989660645e-23,1.204510759878806340e-09,9.645469213092429386e-10,8.007789996050281855e-01
2.579000000000000000e+03,1.087321809514452252e-22,8.707094330156347644e-23,1.203483676493545731e-09,9.637299467682007197e-10,8.007835632437588780e-01
2.580000000000000000e+03,1.084711940846155783e-22,8.686244402487218590e-23,1.202457819040423350e-09,9.629139411629519503e-10,8.007881240535901224e-01
2.581000000000000000e+03,1.082109301466733550e-22,8.665452097749974678e-23,1.201433185634545011e-09,9.620989030083999267e-10,8.007926820335505846e-01
2.582000000000000000e+03,1.079513868672085572e-22,8.644717235357557706e-23,1.200409774392066840e-09,9.612848308233241131e-10,8.007972371852396520e-01
2.583000000000000000e+03,1.076925619841027009e-22,8.624039635393431434e-23,1.199387583436246513e-09,9.604717231334719368e-10,8.008017895113768159e-01
2.584000000000000000e+03,1.074344532429013136e-22,8.603419118596081515e-23,1.198366610890806997e-09,9.596595784701302465e-10,8.008063390190472974e-01
2.585000000000000000e+03,1.071770583975645818e-22,8.582855506340559058e-23,1.197346854888636836e-09,9.588483953683512173e-10,8.008108857124213165e-01
2.586000000000000000e+03,1.069203752101540106e-22,8.562348620578328228e-23,1.196328313568662575e-09,9.580381723604953786e-10,8.008154295894370778e-01
2.587000000000000000e+03,1.066644014497057365e-22,8.541898283874134457e-23,1.195310985063576300e-09,9.572289079805858926e-10,8.008199706536393014e-01
2.588000000000000000e+03,1.064091348936342085e-22,8.521504319402134713e-23,1.194294867515848614e-09,9.564206007641307109e-10,8.008245089033162456e-01
2.589000000000000000e+03,1.061545733262613154e-22,8.501166550923517262e-23,1.193279959061575865e-09,9.556132492458604421e-10,8.008290443404226799e-01
2.590000000000000000e+03,1.059007145398879902e-22,8.480884802808690301e-23,1.192266257842799347e-09,9.548068519624625972e-10,8.008335769646129920e-01
2.591000000000000000e+03,1.056475563350392180e-22,8.460658900092057643e-23,1.191253762010619432e-09,9.540014074590143668e-10,8.008381067765392158e-01
2.592000000000000000e+03,1.053950965198725277e-22,8.440488668475779126e-23,1.190242469718887485e-09,9.531969142897128142e-10,8.008426337827113661e-01
2.593000000000000000e+03,1.051433329099496403e-22,8.420373934245098576e-23,1.189232379121947253e-09,9.523933710086083854e-10,8.008471579892522119e-01
2.594000000000000000e+03,1.048922633290254840e-22,8.400314524312949115e-23,1.188223488383877984e-09,9.515907761748955554e-10,8.008516794001181438e-01
2.595000000000000000e+03,1.046418856081000878e-22,8.380310266140778921e-23,1.187215795668113723e-09,9.507891283442086141e-10,8.008561980167603345e-01
2.596000000000000000e+03,1.043921975853374957e-22,8.360360987780598651e-23,1.186209299136816316e-09,9.499884260736097718e-10,8.008607138427422667e-01
2.597000000000000000e+03,1.041431971062361194e-22,8.340466517877631016e-23,1.185203996953103618e-09,9.491886679221390278e-10,8.008652268827074483e-01
2.598000000000000000e+03,1.038948820240463092e-22,8.320626685708022981e-23,1.184199887286114534e-09,9.483898524553644906e-10,8.008697371428004086e-01
2.599000000000000000e+03,1.036472501997599625e-22,8.300841321123140270e-23,1.183196968311235045e-09,9.475919782393100453e-10,8.008742446253884761e-01
2.600000000000000000e+03,1.034002995019710867e-22,8.281110254591021171e-23,1.182195238208847921e-09,9.467950438454333264e-10,8.008787493341024133e-01
2.601000000000000000e+03,1.031540278069102298e-22,8.261433317198696963e-23,1.181194695165062092e-09,9.459990478511683486e-10,8.008832512738071063e-01
2.602000000000000000e+03,1.029084329979832979e-22,8.241810340573282157e-23,1.180195337366762173e-09,9.452039888311557373e-10,8.008877504465350405e-01
2.603000000000000000e+03,1.026635129659980738e-22,8.222241156904739115e-23,1.179197163004510842e-09,9.444098653600692053e-10,8.008922468519003024e-01
2.604000000000000000e+03,1.024192656091422819e-22,8.202725598993273988e-23,1.178200170272617903e-09,9.436166760183013853e-10,8.008967404918662103e-01
2.605000000000000000e+03,1.021756888329167963e-22,8.183263500246969265e-23,1.177204357368692162e-09,9.428244193919671387e-10,8.009012313710636155e-01
2.606000000000000000e+03,1.019327805501655813e-22,8.163854694685264418e-23,1.176209722494304623e-09,9.420330940735808099e-10,8.009057194969261273e-01
2.607000000000000000e+03,1.016905386815577495e-22,8.144499016861925751e-23,1.175216263860880283e-09,9.412426986534341086e-10,8.009102048683497399e-01
2.608000000000000000e+03,1.014489611544592751e-22,8.125196301890025657e-23,1.174223979677005049e-09,9.404532317227001058e-10,8.009146874869575994e-01
2.609000000000000000e+03,1.012080459033825036e-22,8.105946385448935637e-23,1.173232868153903950e-09,9.396646918744810644e-10,8.009191673542651602e-01
2.610000000000000000e+03,1.009677908700106600e-22,8.086749103754943640e-23,1.172242927506035047e-09,9.388770777006403373e-10,8.009236444685708944e-01
2.611000000000000000e+03,1.007281940025605082e-22,8.067604293583763603e-23,1.171254155943990369e-09,9.380903877946391839e-10,8.009281188322194822e-01
2.612000000000000000e+03,1.004892532568552950e-22,8.048511792280990302e-23,1.170266551687249170e-09,9.373046207529944685e-10,8.009325904441355615e-01
2.613000000000000000e+03,1.002509665961737226e-22,8.029471437832544375e-23,1.169280112962771316e-09,9.365197751837458883e-10,8.009370593080151757e-01
2.614000000000000000e+03,1.000133319904881339e-22,8.010483068781892833e-23,1.168294837996440506e-09,9.357358496971013876e-10,8.009415254302033604e-01
2.615000000000000000e+03,9.977634741703971789e-23,7.991546524236801102e-23,1.167310725020070708e-09,9.349528429064694794e-10,8.009459888157833829e-01
2.616000000000000000e+03,9.954001086025648283e-23,7.972661643854257308e-23,1.166327772270774601e-09,9.341707534269428162e-10,8.009504494677041064e-01
2.617000000000000000e+03,9.930432031114600819e-23,7.953828267805869248e-23,1.165345977984160841e-09,9.333895798714749617e-10,8.009549073881656600e-01
2.618000000000000000e+03,9.906927376734211152e-23,7.935046236792576878e-23,1.164365340395154007e-09,9.326093208528172338e-10,8.009593625797165606e-01
2.619000000000000000e+03,9.883486923341984577e-23,7.916315392111130045e-23,1.163385857741978716e-09,9.318299749915665516e-10,8.009638150494280406e-01
2.620000000000000000e+03,9.860110472103052828e-23,7.897635575584029024e-23,1.162407528268058208e-09,9.310515409081886229e-10,8.009682648007442340e-01
2.621000000000000000e+03,9.836797824898016977e-23,7.879006629596604312e-23,1.161430350223259664e-09,9.302740172276175851e-10,8.009727118365665977e-01
2.622000000000000000e+03,9.813548784305655914e-23,7.860428397098051063e-23,1.160454321862179674e-09,9.294974025796346472e-10,8.009771561607623713e-01
2.623000000000000000e+03,9.790363153589084897e-23,7.841900721591008330e-23,1.159479441442818675e-09,9.287216955978919131e-10,8.009815977782415164e-01
2.624000000000000000e+03,9.767240736688456914e-23,7.823423447062418837e-23,1.158505707226019708e-09,9.279468949119615219e-10,8.009860366884863359e-01
2.625000000000000000e+03,9.744181338203761669e-23,7.804996418039571852e-23,1.157533117473724106e-09,9.271729991541823252e-10,8.009904728926505735e-01
2.626000000000000000e+03,9.721184763437304421e-23,7.786619479617748458e-23,1.156561670454309699e-09,9.264000069631895696e-10,8.009949063929204804e-01
2.627000000000000000e+03,9.698250818341742084e-23,7.768292477444421737e-23,1.155591364436724660e-09,9.256279169822988968e-10,8.009993371951876773e-01
2.628000000000000000e+03,9.675379309569806639e-23,7.750015257721883998e-23,1.154622197696700042e-09,9.248567278600745127e-10,8.010037653052457518e-01
2.629000000000000000e+03,9.652570044482162131e-23,7.731787667133807768e-23,1.153654168518015157e-09,9.240864382418085035e-10,8.010081907205264251e-01
2.630000000000000000e+03,9.629822831025090964e-23,7.713609552885018645e-23,1.152687275178191286e-09,9.233170467744747170e-10,8.010126134443024126e-01
2.631000000000000000e+03,9.607137477845091664e-23,7.695480762702051304e-23,1.151721515962455100e-09,9.225485521070240661e-10,8.010170334762576339e-01
2.632000000000000000e+03,9.584513794202697513e-23,7.677401144801668583e-23,1.150756889153721716e-09,9.217809528868363375e-10,8.010214508163608915e-01
2.633000000000000000e+03,9.561951589994899104e-23,7.659370547917126733e-23,1.149793393035544835e-09,9.210142477630815436e-10,8.010258654657351762e-01
2.634000000000000000e+03,9.539450675820187968e-23,7.641388821321923923e-23,1.148831025900226004e-09,9.202484353898091316e-10,8.010302774236974788e-01
2.635000000000000000e+03,9.517010862948523871e-23,7.623455814878211807e-23,1.147869786045528027e-09,9.194835144320377910e-10,8.010346866953498290e-01
2.636000000000000000e+03,9.494631963259733032e-23,7.605571378941700377e-23,1.146909671767545073e-09,9.187194835545663882e-10,8.010390932868267644e-01
2.637000000000000000e+03,9.472313789323559286e-23,7.587735364398365128e-23,1.145950681370642501e-09,9.179563414266252026e-10,8.010434972024109701e-01
2.638000000000000000e+03,9.450056154347398083e-23,7.569947622620939658e-23,1.144992813161455039e-09,9.171940867168509083e-10,8.010478984443352157e-01
2.639000000000000000e+03,9.427858872145373929e-23,7.552208005468871001e-23,1.144036065445418829e-09,9.164327180934890264e-10,8.010522970153788336e-01
2.640000000000000000e+03,9.405721757141417834e-23,7.534516365283380202e-23,1.143080436527401947e-09,9.156722342240011175e-10,8.010566929180846785e-01
2.641000000000000000e+03,9.383644624409096585e-23,7.516872554966542519e-23,1.142125924716814519e-09,9.149126337848958233e-10,8.010610861597811105e-01
2.642000000000000000e+03,9.361627289672249864e-23,7.499276427890139595e-23,1.141172528327985086e-09,9.141539154508964196e-10,8.010654767428461165e-01
2.643000000000000000e+03,9.339669569307861982e-23,7.481727837952938945e-23,1.140220245680813250e-09,9.133960779021303601e-10,8.010698646705324277e-01
2.644000000000000000e+03,9.317771280339620168e-23,7.464226639573029734e-23,1.139269075100288051e-09,9.126391198234418889e-10,8.010742499467070621e-01
2.645000000000000000e+03,9.295932240409505223e-23,7.446772687664565619e-23,1.138319014913309725e-09,9.118830399017890069e-10,8.010786325758028070e-01
2.646000000000000000e+03,9.274152267790091893e-23,7.429365837591178736e-23,1.137370063450475390e-09,9.111278368207535773e-10,8.010830125567367510e-01
2.647000000000000000e+03,9.252431181357427862e-23,7.412005945220111211e-23,1.136422219043037288e-09,9.103735092673725966e-10,8.010873898910418900e-01
2.648000000000000000e+03,9.230768800635427474e-23,7.394692866941399230e-23,1.135475480028628740e-09,9.096200559347304756e-10,8.010917645811217458e-01
2.649000000000000000e+03,9.209164945743144930e-23,7.377426459653408581e-23,1.134529844745077454e-09,9.088674755204296854e-10,8.010961366332740585e-01
2.650000000000000000e+03,9.187619437452320619e-23,7.360206580756948953e-23,1.133585311537765780e-09,9.081157667261049958e-10,8.011005060520764998e-01
2.651000000000000000e+03,9.166132097175562693e-23,7.343033088097613588e-23,1.132641878758486510e-09,9.073649282505330610e-10,8.011048728351061188e-01
2.652000000000000000e+03,9.144702746862340505e-23,7.325905840000644442e-23,1.131699544752877797e-09,9.066149587941310410e-10,8.011092369857787387e-01
2.653000000000000000e+03,9.123331209114815472e-23,7.308824695270096410e-23,1.130758307874989602e-09,9.058658570590697186e-10,8.011135985031535567e-01
2.654000000000000000e+03,9.102017307086699188e-23,7.291789513163043453e-23,1.129818166475049693e-09,9.051176217462878946e-10,8.011179573879475546e-01
2.655000000000000000e+03,9.080760864530421310e-23,7.274800153411240607e-23,1.128879118905554377e-09,9.043702515583803853e-10,8.011223136407777945e-01
2.656000000000000000e+03,9.059561705842759901e-23,7.257856476248543566e-23,1.127941163527221312e-09,9.036237452032259336e-10,8.011266672611493389e-01
2.657000000000000000e+03,9.038419656032542368e-23,7.240958342448020213e-23,1.127004298705279805e-09,9.028781013988575445e-10,8.011310182544094660e-01
2.658000000000000000e+03,9.017334540670939685e-23,7.224105613233802649e-23,1.126068522803550888e-09,9.021333188627325055e-10,8.011353666264542372e-01
2.659000000000000000e+03,8.996306185967115335e-23,7.207298150319857350e-23,1.125133834194150973e-09,9.013893963167779811e-10,8.011397123813058796e-01
2.660000000000000000e+03,8.975334418712271771e-23,7.190535815864290171e-23,1.124200231250798309e-09,9.006463324819010156e-10,8.011440555209915493e-01
2.661000000000000000e+03,8.954419066256292176e-23,7.173818472475811570e-23,1.123267712346147182e-09,8.999041260789925231e-10,8.011483960483297695e-01
2.662000000000000000e+03,8.933559956510439393e-23,7.157145983205911338e-23,1.122336275852370046e-09,8.991627758281431205e-10,8.011527339658200964e-01
2.663000000000000000e+03,8.912756917985046979e-23,7.140518211623290905e-23,1.121405920146146250e-09,8.984222804582008892e-10,8.011570692805997096e-01
2.664000000000000000e+03,8.892009779788342533e-23,7.123935021727570295e-23,1.120476643608798312e-09,8.976826386961622669e-10,8.011614019948977150e-01
2.665000000000000000e+03,8.871318371629128998e-23,7.107396278003881613e-23,1.119548444626913964e-09,8.969438492742456824e-10,8.011657321118866859e-01
2.666000000000000000e+03,8.850682523811184609e-23,7.090901845415001464e-23,1.118621321591927180e-09,8.962059109291334447e-10,8.011700596353098502e-01
2.667000000000000000e+03,8.830102067207373802e-23,7.074451589380903222e-23,1.117695272897124821e-09,8.954688223996143817e-10,8.011743845695187272e-01
2.668000000000000000e+03,8.809576833270678056e-23,7.058045375734610170e-23,1.116770296939306368e-09,8.947325824211985841e-10,8.011787069134639339e-01
2.669000000000000000e+03,8.789106654008702945e-23,7.041683070771847204e-23,1.115846392115820345e-09,8.939971897325932991e-10,8.011830266686026381e-01
2.670000000000000000e+03,8.768691362025995936e-23,7.025364541269651258e-23,1.114923556830194934e-09,8.932626430782875594e-10,8.011873438371822642e-01
2.671000000000000000e+03,8.748330790474341782e-23,7.009089654471837495e-23,1.114001789486100387e-09,8.925289412069403189e-10,8.011916584251381757e-01
2.672000000000000000e+03,8.728024773103616766e-23,6.992858278088286956e-23,1.113081088494079585e-09,8.917960828715145586e-10,8.011959704373847746e-01
2.673000000000000000e+03,8.707773144258249281e-23,6.976670280236325828e-23,1.112161452271392116e-09,8.910640668220163995e-10,8.012002798713949714e-01
2.674000000000000000e+03,8.687575738775788775e-23,6.960525529475247371e-23,1.111242879229333389e-09,8.903328918100817148e-10,8.012045867304393720e-01
2.675000000000000000e+03,8.667432392091069834e-23,6.944423894806514096e-23,1.110325367786776200e-09,8.896025565892068104e-10,8.012088910140469089e-01
2.676000000000000000e+03,8.647342940155522722e-23,6.928365245646425170e-23,1.109408916360117389e-09,8.888730599114482845e-10,8.012131927222743144e-01
2.677000000000000000e+03,8.627307219460484607e-23,6.912349451848758795e-23,1.108493523366495774e-09,8.881444005305127536e-10,8.012174918561701942e-01
2.678000000000000000e+03,8.607325067090335437e-23,6.896376383723676500e-23,1.107579187230876751e-09,8.874165772043934910e-10,8.012217884150346636e-01
2.679000000000000000e+03,8.587396320699944902e-23,6.880445912080883773e-23,1.106665906383443571e-09,8.866895887011555213e-10,8.012260824035275508e-01
2.680000000000000000e+03,8.567520818459592296e-23,6.864557908148692571e-23,1.105753679252767931e-09,8.859634337887544743e-10,8.012303738274328957e-01
2.681000000000000000e+03,8.547698399120607296e-23,6.848712243603066606e-23,1.104842504274520597e-09,8.852381112389804790e-10,8.012346626909141456e-01
2.682000000000000000e+03,8.527928901979850053e-23,6.832908790537746165e-23,1.103932379887165105e-09,8.845136198238075051e-10,8.012389489963281930e-01
2.683000000000000000e+03,8.508212166847704827e-23,6.817147421454167062e-23,1.103023304528066496e-09,8.837899583142776003e-10,8.012432327460308201e-01
2.684000000000000000e+03,8.488548034051008146e-23,6.801428009262169465e-23,1.102115276634100324e-09,8.830671254807734456e-10,8.012475139421822989e-01
2.685000000000000000e+03,8.468936344461270073e-23,6.785750427343793149e-23,1.101208294645555506e-09,8.823451201014965435e-10,8.012517925916057271e-01
2.686000000000000000e+03,8.449376939499550159e-23,6.770114549483595366e-23,1.100302357007029949e-09,8.816239409536385125e-10,8.012560686971297308e-01
2.687000000000000000e+03,8.429869661144061715e-23,6.754520249907853584e-23,1.099397462168689728e-09,8.809035868186732849e-10,8.012603422614676951e-01
2.688000000000000000e+03,8.410414351916143459e-23,6.738967403280937909e-23,1.098493608584713774e-09,8.801840564821015083e-10,8.012646132881193761e-01
2.689000000000000000e+03,8.391010854871332817e-23,6.723455884700352849e-23,1.097590794712388739e-09,8.794653487330168962e-10,8.012688817816395748e-01
2.690000000000000000e+03,8.371659013590746020e-23,6.707985569640305359e-23,1.096689019011237350e-09,8.787474623569269203e-10,8.012731477417326387e-01
2.691000000000000000e+03,8.352358672170926536e-23,6.692556333994191909e-23,1.095788279941934803e-09,8.780303961414838285e-10,8.012774111692544388e-01
2.692000000000000000e+03,8.333109675253233604e-23,6.677168054096450922e-23,1.094888575970411786e-09,8.773141488795565865e-10,8.012816720660212999e-01
2.693000000000000000e+03,8.313911867989276820e-23,6.661820606712261918e-23,1.093989905563576095e-09,8.765987193680981575e-10,8.012859304369106539e-01
2.694000000000000000e+03,8.294765096067557546e-23,6.646513869043998977e-23,1.093092267193061622e-09,8.758841064092093599e-10,8.012901862880995596e-01
2.695000000000000000e+03,8.275669205735329575e-23,6.631247718670437701e-23,1.092195659338379085e-09,8.751703088023371063e-10,8.012944396176142625e-01
2.696000000000000000e+03,8.256624043706475639e-23,6.616022033575554821e-23,1.091300080475027792e-09,8.744573253482430098e-10,8.012986904276631073e-01
2.697000000000000000e+03,8.237629457219558022e-23,6.600836692150351391e-23,1.090405529082378668e-09,8.737451548494364124e-10,8.013029387192571740e-01
2.698000000000000000e+03,8.218685294021341657e-23,6.585691573168424842e-23,1.089512003641747547e-09,8.730337961071309814e-10,8.013071844908292718e-01
2.699000000000000000e+03,8.199791402326904901e-23,6.570586555806649450e-23,1.088619502631341513e-09,8.723232479241607272e-10,8.013114277446221623e-01
2.700000000000000000e+03,8.180947630896554478e-23,6.555521519648484178e-23,1.087728024536689229e-09,8.716135091056134175e-10,8.013156684796014506e-01
2.701000000000000000e+03,8.162153829026011281e-23,6.540496344735436999e-23,1.086837567849615860e-09,8.709045784658799133e-10,8.013199066986849139e-01
2.702000000000000000e+03,8.143409846493608336e-23,6.525510911513907858e-23,1.085948131061474456e-09,8.701964548218134889e-10,8.013241424074540875e-01
2.703000000000000000e+03,8.124715533589045753e-23,6.510565100830015328e-23,1.085059712667207205e-09,8.694891369922372460e-10,8.013283756107102418e-01
2.704000000000000000e+03,8.106070741128545189e-23,6.495658793933610921e-23,1.084172311167625346e-09,8.687826237986732732e-10,8.013326063114607489e-01
2.705000000000000000e+03,8.087475320400590212e-23,6.480791872435693276e-23,1.083285925062407709e-09,8.680769140598366216e-10,8.013368345110060131e-01
2.706000000000000000e+03,8.068929123168466542e-23,6.465964218336798704e-23,1.082400552850657201e-09,8.673720065956013257e-10,8.013410602121854298e-01
2.707000000000000000e+03,8.050432001682996180e-23,6.451175714040284269e-23,1.081516193032830822e-09,8.666679002289695070e-10,8.013452834197746233e-01
2.708000000000000000e+03,8.031983808705223275e-23,6.436426242354769292e-23,1.080632844114023986e-09,8.659645937866009762e-10,8.013495041385471085e-01
2.709000000000000000e+03,8.013584397507552002e-23,6.421715686473457231e-23,1.079750504604380807e-09,8.652620860962297416e-10,8.013537223705773371e-01
2.710000000000000000e+03,7.995233621861571967e-23,6.407043929994528155e-23,1.078869173017709187e-09,8.645603759895996726e-10,8.013579381189792628e-01
2.711000000000000000e+03,7.976931336044364733e-23,6.392410856925434001e-23,1.077988847872582002e-09,8.638594623032504252e-10,8.013621513878205205e-01
2.712000000000000000e+03,7.958677394802146958e-23,6.377816351632970628e-23,1.077109527687671596e-09,8.631593438719695835e-10,8.013663621795192871e-01
2.713000000000000000e+03,7.940471653375744532e-23,6.363260298850441277e-23,1.076231210985422464e-09,8.624600195299264139e-10,8.013705704931544105e-01
2.714000000000000000e+03,7.922313967483329265e-23,6.348742583711487301e-23,1.075353896289955589e-09,8.617614881154321866e-10,8.013747763304417404e-01
2.715000000000000000e+03,7.904204193335909553e-23,6.334263091752536719e-23,1.074477582129405022e-09,8.610637484714782561e-10,8.013789796945021138e-01
2.716000000000000000e+03,7.886142187616171480e-23,6.319821708912505640e-23,1.073602267033284136e-09,8.603667994459021179e-10,8.013831805919879869e-01
2.717000000000000000e+03,7.868127807521622988e-23,6.305418321497995402e-23,1.072727949538596839e-09,8.596706398868516672e-10,8.013873790243037920e-01
2.718000000000000000e+03,7.850160910726242197e-23,6.291052816175941030e-23,1.071854628184871180e-09,8.589752686419553296e-10,8.013915749905229369e-01
2.719000000000000000e+03,7.832241355332077598e-23,6.276725079982948189e-23,1.070982301507777858e-09,8.582806845597664220e-10,8.013957684935032466e-01
2.720000000000000000e+03,7.814368999952243838e-23,6.262435000325899736e-23,1.070110968050681387e-09,8.575868864900253691e-10,8.013999595314953428e-01
2.721000000000000000e+03,7.796543703613761229e-23,6.248182464969173399e-23,1.069240626351588216e-09,8.568938732820850614e-10,8.014041481064346772e-01
2.722000000000000000e+03,7.778765325829642942e-23,6.233967362046115773e-23,1.068371274953221795e-09,8.562016437866556892e-10,8.014083342180313707e-01
2.723000000000000000e+03,7.761033726610874467e-23,6.219789580088097016e-23,1.067502912404919707e-09,8.555101968599803507e-10,8.014125178662487858e-01
2.724000000000000000e+03,7.743348766437832647e-23,6.205649008041450898e-23,1.066635537258958509e-09,8.548195313663788389e-10,8.014166990564511872e-01
2.725000000000000000e+03,7.725710306231296809e-23,6.191545535201484900e-23,1.065769148066789852e-09,8.541296461693739585e-10,8.014208777939283435e-01
2.726000000000000000e+03,7.708118207411545569e-23,6.177479051246889280e-23,1.064903743387410101e-09,8.534405401366063224e-10,8.014250540822130953e-01
2.727000000000000000e+03,7.690572331848162045e-23,6.163449446199411748e-23,1.064039321780683542e-09,8.527522121344547830e-10,8.014292279230459393e-01
2.728000000000000000e+03,7.673072541846472183e-23,6.149456610434133628e-23,1.063175881805681193e-09,8.520646610296182082e-10,8.014333993191088412e-01
2.729000000000000000e+03,7.655618700149280958e-23,6.135500434669305365e-23,1.062313422021125829e-09,8.513778856878752275e-10,8.014375682725245476e-01
2.730000000000000000e+03,7.638210669965901207e-23,6.121580810028378534e-23,1.061451940989634178e-09,8.506918849828642371e-10,8.014417347899238653e-01
2.731000000000000000e+03,7.620848314969669814e-23,6.107697627969123534e-23,1.060591437277609388e-09,8.500066577864434372e-10,8.014458988734551870e-01
2.732000000000000000e+03,7.603531499303547760e-23,6.093850780327357974e-23,1.059731909456258872e-09,8.493222029749381135e-10,8.014500605258924049e-01
2.733000000000000000e+03,7.586260087571601320e-23,6.080040159309402351e-23,1.058873356100648425e-09,8.486385194282866765e-10,8.014542197505454268e-01
2.734000000000000000e+03,7.569033944826746353e-23,6.066265657485490231e-23,1.058015775788226123e-09,8.479556060293102613e-10,8.014583765516916092e-01
2.735000000000000000e+03,7.551852936569107317e-23,6.052527167744678636e-23,1.057159167098817155e-09,8.472734616575877651e-10,8.014625309287882748e-01
2.736000000000000000e+03,7.534716928733078602e-23,6.038824583332419192e-23,1.056303528613033770e-09,8.465920851948627134e-10,8.014666828827787803e-01
2.737000000000000000e+03,7.517625787715676275e-23,6.025157797867609853e-23,1.055448858916469290e-09,8.459114755276174459e-10,8.014708324153534402e-01
2.738000000000000000e+03,7.500579380344953727e-23,6.011526705333160382e-23,1.054595156595497899e-09,8.452316315459454629e-10,8.014749795310730507e-01
2.739000000000000000e+03,7.483577573902865034e-23,5.997931200082960680e-23,1.053742420240706403e-09,8.445525521447208515e-10,8.014791242358827450e-01
2.740000000000000000e+03,7.466620236144707635e-23,5.984371176789695895e-23,1.052890648449870843e-09,8.438742362164387273e-10,8.014832665280493540e-01
2.741000000000000000e+03,7.449707235224416141e-23,5.970846530469221466e-23,1.052039839817663884e-09,8.431966826548005456e-10,8.014874064093815420e-01
2.742000000000000000e+03,7.432838439733423001e-23,5.957357156481297811e-23,1.051189992941330722e-09,8.425198903549903794e-10,8.014915438811767157e-01
2.743000000000000000e+03,7.416013718702375899e-23,5.943902950511566473e-23,1.050341106421154996e-09,8.418438582112929496e-10,8.014956789415981220e-01
2.744000000000000000e+03,7.399232941550685539e-23,5.930483808586530616e-23,1.049493178853528046e-09,8.411685851193742655e-10,8.014998115931266653e-01
2.745000000000000000e+03,7.382495978158561109e-23,5.917099627073149483e-23,1.048646208841354017e-09,8.404940699763938108e-10,8.015039418347329470e-01
2.746000000000000000e+03,7.365802698861159853e-23,5.903750302722013128e-23,1.047800194993467528e-09,8.398203116873181033e-10,8.015080696683339889e-01
2.747000000000000000e+03,7.349152974409188021e-23,5.890435732638216014e-23,1.046955135919265059e-09,8.391473091609876577e-10,8.015121950991581645e-01
2.748000000000000000e+03,7.332546675973214936e-23,5.877155814257916482e-23,1.046111030229525928e-09,8.384750613069613952e-10,8.015163181321132146e-01
2.749000000000000000e+03,7.315983675180102737e-23,5.863910445366642727e-23,1.045267876541825779e-09,8.378035670382947293e-10,8.015204387702911104e-01
2.750000000000000000e+03,7.299463844059169917e-23,5.850699524053997468e-23,1.044425673473084506e-09,8.371328252652438946e-10,8.015245570146523058e-01
2.751000000000000000e+03,7.282987055040511538e-23,5.837522948743583689e-23,1.043584419639518278e-09,8.364628348996915692e-10,8.015286728682936568e-01
2.752000000000000000e+03,7.266553180960714487e-23,5.824380618181696382e-23,1.042744113657654288e-09,8.357935948536931054e-10,8.015327863342840420e-01
2.753000000000000000e+03,7.250162095090773115e-23,5.811272431480079976e-23,1.041904754148542129e-09,8.351251040457800592e-10,8.015368974184737816e-01
2.754000000000000000e+03,7.233813671130000174e-23,5.798198288060176994e-23,1.041066339737108183e-09,8.344573613931416793e-10,8.015410061224919058e-01
2.755000000000000000e+03,7.217507783204274159e-23,5.785158087691969909e-23,1.040228869052129152e-09,8.337903658173684357e-10,8.015451124492726231e-01
2.756000000000000000e+03,7.201244305867543938e-23,5.772151730489079338e-23,1.039392340726672323e-09,8.331241162439334808e-10,8.015492164022200994e-01
2.757000000000000000e+03,7.185023114075664601e-23,5.759179116886745854e-23,1.038556753394542209e-09,8.324586115991940160e-10,8.015533179850667933e-01
2.758000000000000000e+03,7.168844083204272023e-23,5.746240147618094403e-23,1.037722105693068558e-09,8.317938508071170014e-10,8.015574171965651473e-01
2.759000000000000000e+03,7.152707089023918812e-23,5.733334723749534318e-23,1.036888396259721946e-09,8.311298327945485022e-10,8.015615140381658899e-01
2.760000000000000000e+03,7.136612007734280016e-23,5.720462746692482524e-23,1.036055623737276213e-09,8.304665564930910792e-10,8.015656085118469942e-01
2.761000000000000000e+03,7.120558715925834362e-23,5.707624118191640335e-23,1.035223786768468801e-09,8.298040208375883934e-10,8.015697006227859855e-01
2.762000000000000000e+03,7.104547090616029509e-23,5.694818740328592812e-23,1.034392884001460767e-09,8.291422247668265522e-10,8.015737903758196614e-01
2.763000000000000000e+03,7.088577009252575789e-23,5.682046515475275650e-23,1.033562914090548577e-09,8.284811672169305195e-10,8.015778777685020895e-01
2.764000000000000000e+03,7.072648349636915644e-23,5.669307346321337156e-23,1.032733875685226291e-09,8.278208471254942285e-10,8.015819628035626421e-01
2.765000000000000000e+03,7.056760989991611193e-23,5.656601135874855300e-23,1.031905767440197346e-09,8.271612634318473475e-10,8.015860454814099922e-01
2.766000000000000000e+03,7.040914808925235739e-23,5.643927787439582501e-23,1.031078588010462136e-09,8.265024150738889362e-10,8.015901258008691910e-01
2.767000000000000000e+03,7.025109685415979154e-23,5.631287204634702153e-23,1.030252336049106754e-09,8.258443009911256795e-10,8.015942037638457141e-01
2.768000000000000000e+03,7.009345498866477631e-23,5.618679291397220762e-23,1.029427010215533023e-09,8.251869201251869113e-10,8.015982793694290676e-01
2.769000000000000000e+03,6.993622129096067183e-23,5.606103952020972019e-23,1.028602609174554181e-09,8.245302714257271684e-10,8.016023526203247540e-01
2.770000000000000000e+03,6.977939456299780045e-23,5.593561091114740996e-23,1.027779131590585179e-09,8.238743538444672847e-10,8.016064235216023848e-01
2.771000000000000000e+03,6.962297361068496174e-23,5.581050613597690288e-23,1.026956576130800443e-09,8.232191663346853652e-10,8.016104920777432641e-01
2.772000000000000000e+03,6.946695724406347620e-23,5.568572424706369496e-23,1.026134941467914441e-09,8.225647078524127852e-10,8.016145582916329726e-01
2.773000000000000000e+03,6.931134427686260152e-23,5.556126429956652713e-23,1.025314226273831830e-09,8.219109773509732480e-10,8.016186221641916632e-01
2.774000000000000000e+03,6.915613352650461074e-23,5.543712535171689432e-23,1.024494429219905745e-09,8.212579737852528976e-10,8.016226836983331161e-01
2.775000000000000000e+03,6.900132381417027901e-23,5.531330646477144965e-23,1.023675548978092337e-09,8.206056961111543795e-10,8.016267428975352161e-01
2.776000000000000000e+03,6.884691396503392374e-23,5.518980670328791653e-23,1.022857584224633172e-09,8.199541432898520646e-10,8.016307997671151542e-01
2.777000000000000000e+03,6.869290280822374333e-23,5.506662513470988050e-23,1.022040533639683826e-09,8.193033142818004701e-10,8.016348543086672107e-01
2.778000000000000000e+03,6.853928917677487977e-23,5.494376082967379310e-23,1.021224395906827094e-09,8.186532080514504293e-10,8.016389065250468793e-01
2.779000000000000000e+03,6.838607190766911505e-23,5.482121286198775420e-23,1.020409169713876592e-09,8.180038235671092984e-10,8.016429564196076996e-01
2.780000000000000000e+03,6.823324984156042848e-23,5.469898030838784376e-23,1.019594853748990662e-09,8.173551597974744493e-10,8.016470039958590865e-01
2.781000000000000000e+03,6.808082182298187194e-23,5.457706224836413696e-23,1.018781446703955042e-09,8.167072157091789211e-10,8.016510492524738796e-01
2.782000000000000000e+03,6.792878670009422572e-23,5.445545776448291887e-23,1.017968947270626401e-09,8.160599902717508854e-10,8.016550921909426641e-01
2.783000000000000000e+03,6.777714332500643824e-23,5.433416594248302806e-23,1.017157354145924577e-09,8.154134824592269579e-10,8.016591328132354199e-01
2.784000000000000000e+03,6.762589055341814646e-23,5.421318587116901586e-23,1.016346666026681111e-09,8.147676912487239685e-10,8.016631711244623926e-01
2.785000000000000000e+03,6.747502724496471876e-23,5.409251664244052199e-23,1.015536881615011983e-09,8.141226156210485928e-10,8.016672071292441082e-01
2.786000000000000000e+03,6.732455226323634498e-23,5.397215735086605205e-23,1.014727999618827784e-09,8.134782545544435566e-10,8.016712408251457367e-01
2.787000000000000000e+03,6.717446447507212849e-23,5.385210709394025795e-23,1.013920018741399654e-09,8.128346070285980147e-10,8.016752722148505761e-01
2.788000000000000000e+03,6.702476275118597823e-23,5.373236497208893382e-23,1.013112937690970087e-09,8.121916720248763691e-10,8.016793012988048250e-01
2.789000000000000000e+03,6.687544596585611359e-23,5.361293008845661589e-23,1.012306755176266927e-09,8.115494485232594592e-10,8.016833280757365010e-01
2.790000000000000000e+03,6.672651299674273350e-23,5.349380154909439120e-23,1.011501469903925045e-09,8.109079355053242724e-10,8.016873525476402307e-01
2.791000000000000000e+03,6.657796272541131123e-23,5.337497846296518741e-23,1.010697080586594360e-09,8.102671319544794844e-10,8.016913747135906432e-01
2.792000000000000000e+03,6.642979403726566175e-23,5.325645994230709449e-23,1.009893585942144304e-09,8.096270368616435369e-10,8.016953945759847100e-01
2.793000000000000000e+03,6.628200582118423205e-23,5.313824510228537145e-23,1.009090984688344009e-09,8.089876492201438282e-10,8.016994121397271744e-01
2.794000000000000000e+03,6.613459696964877071e-23,5.302033306089997017e-23,1.008289275545000784e-09,8.083489680244648790e-10,8.017034274092976753e-01
2.795000000000000000e+03,6.598756637897571222e-23,5.290272293909382781e-23,1.007488457237686145e-09,8.077109922720523098e-10,8.017074403875751321e-01
2.796000000000000000e+03,6.584091294888179658e-23,5.278541386037569771e-23,1.006688528491312345e-09,8.070737209577074513e-10,8.017114510753784451e-01
2.797000000000000000e+03,6.569463558247769809e-23,5.266840495109314619e-23,1.005889488030207852e-09,8.064371530778898214e-10,8.017154594756751296e-01
2.798000000000000000e+03,6.554873318631459844e-23,5.255169534032146244e-23,1.005091334579003472e-09,8.058012876291652305e-10,8.017194655913398860e-01
2.799000000000000000e+03,6.540320467062434021e-23,5.243528416024011651e-23,1.004294066866498172e-09,8.051661236141278780e-10,8.017234694279632423e-01
2.800000000000000000e+03,6.525804894925812486e-23,5.231917054563615991e-23,1.003497683624923100e-09,8.045316600339466278e-10,8.017274709870243488e-01
2.801000000000000000e+03,6.511326493968017677e-23,5.220335363425308297e-23,1.002702183590042496e-09,8.038978958938662759e-10,8.017314702712785568e-01
2.802000000000000000e+03,6.496885156297162242e-23,5.208783256673650703e-23,1.001907565501414880e-09,8.032648302025378452e-10,8.017354672838864493e-01
2.803000000000000000e+03,6.482480774363694521e-23,5.197260648648785885e-23,1.001113828099604831e-09,8.026324619699225088e-10,8.017394620285529516e-01
2.804000000000000000e+03,6.468113240971812599e-23,5.185767453941213895e-23,1.000320970128129961e-09,8.020007902035375350e-10,8.017434545042179117e-01
2.805000000000000000e+03,6.453782449259751261e-23,5.174303587421864243e-23,9.995289903306015599e-10,8.013698139132344957e-10,8.017474447121093473e-01
2.806000000000000000e+03,6.439488292729338629e-23,5.162868964253526993e-23,9.987378874554833678e-10,8.007395321131265972e-10,8.017514326538631719e-01
2.807000000000000000e+03,6.425230665214590473e-23,5.151463499880769960e-23,9.979476602514204829e-10,8.001099438201900216e-10,8.017554183338756468e-01
2.808000000000000000e+03,6.411009460905474008e-23,5.140087110037167412e-23,9.971583074711091206e-10,7.994810480555455390e-10,8.017594017574878329e-01
2.809000000000000000e+03,6.396824574360022539e-23,5.128739710702982861e-23,9.963698278733846241e-10,7.988528438380336932e-10,8.017633829228610898e-01
2.810000000000000000e+03,6.382675900445265693e-23,5.117421218127007987e-23,9.955822202142219461e-10,7.982253301877403481e-10,8.017673618317371353e-01
2.811000000000000000e+03,6.368563334368358860e-23,5.106131548825594616e-23,9.947954832517498107e-10,7.975985061259908979e-10,8.017713384854052716e-01
2.812000000000000000e+03,6.354486771682073929e-23,5.094870619569791283e-23,9.940096157472937884e-10,7.969723706734821829e-10,8.017753128819790076e-01
2.813000000000000000e+03,6.340446108237858272e-23,5.083638347395777516e-23,9.932246164582176681e-10,7.963469228520474862e-10,8.017792850239406910e-01
2.814000000000000000e+03,6.326441240245424075e-23,5.072434649603531991e-23,9.924404841474114255e-10,7.957221616845910828e-10,8.017832549104265683e-01
2.815000000000000000e+03,6.312472064269621531e-23,5.061259443786992197e-23,9.916572175830089479e-10,7.950980861999677786e-10,8.017872225423623433e-01
2.816000000000000000e+03,6.298538477203511782e-23,5.050112647826028745e-23,9.908748155343588372e-10,7.944746954318976487e-10,8.017911879246355511e-01
2.817000000000000000e+03,6.284640376259466083e-23,5.038994179852707509e-23,9.900932767707977014e-10,7.938519884138184930e-10,8.017951510619052424e-01
2.818000000000000000e+03,6.270777659009445285e-23,5.027903958274397487e-23,9.893126000681743344e-10,7.932299641826635698e-10,8.017991119571321601e-01
2.819000000000000000e+03,6.256950223342613867e-23,5.016841901740068210e-23,9.885327842023652410e-10,7.926086217736944056e-10,8.018030706116038298e-01
2.820000000000000000e+03,6.243157967460827207e-23,5.005807929155463017e-23,9.877538279487295241e-10,7.919879602230224546e-10,8.018070270279240574e-01
2.821000000000000000e+03,6.229400789879747128e-23,4.994801959670419589e-23,9.869757300824476159e-10,7.913679785657388441e-10,8.018109812078474397e-01
2.822000000000000000e+03,6.215678589449924391e-23,4.983823912727437847e-23,9.861984893820314184e-10,7.907486758437449825e-10,8.018149331573620753e-01
2.823000000000000000e+03,6.201991265352771450e-23,4.972873708007055318e-23,9.854221046288747309e-10,7.901300510972540026e-10,8.018188828784486022e-01
2.824000000000000000e+03,6.188338717107470830e-23,4.961951265460665763e-23,9.846465746085372410e-10,7.895121033701316602e-10,8.018228303734417084e-01
2.825000000000000000e+03,6.174720844561403082e-23,4.951056505303924651e-23,9.838718981094152455e-10,7.888948317090028753e-10,8.018267756452078787e-01
2.826000000000000000e+03,6.161137547888532824e-23,4.940189348018173862e-23,9.830980739226674107e-10,7.882782351636295468e-10,8.018307186975907053e-01
2.827000000000000000e+03,6.147588727577361100e-23,4.929349714313423600e-23,9.823251008404750052e-10,7.876623127811482060e-10,8.018346595309702174e-01
2.828000000000000000e+03,6.134074284434032217e-23,4.918537525150814336e-23,9.815529776567084001e-10,7.870470636097753719e-10,8.018385981454786426e-01
2.829000000000000000e+03,6.120594119588126574e-23,4.907752701756164960e-23,9.807817031680319760e-10,7.864324867011166255e-10,8.018425345424510242e-01
2.830000000000000000e+03,6.107148134487161703e-23,4.896995165618816100e-23,9.800112761732037076e-10,7.858185811101342472e-10,8.018464687249695633e-01
2.831000000000000000e+03,6.093736230892890638e-23,4.886264838494816883e-23,9.792416954726578512e-10,7.852053458958124760e-10,8.018504006988914634e-01
2.832000000000000000e+03,6.080358310906002575e-23,4.875561642378641368e-23,9.784729598726540823e-10,7.845927801167633198e-10,8.018543304649687897e-01
2.833000000000000000e+03,6.067014276940584085e-23,4.864885499504558585e-23,9.777050681813645183e-10,7.839808828315729371e-10,8.018582580223919676e-01
2.834000000000000000e+03,6.053704031690182590e-23,4.854236332349627106e-23,9.769380192035721106e-10,7.833696530994131300e-10,8.018621833737605842e-01
2.835000000000000000e+03,6.040427478188103346e-23,4.843614063637544199e-23,9.761718117505515241e-10,7.827590899807957336e-10,8.018661065177530300e-01
2.836000000000000000e+03,6.027184519742677319e-23,4.833018616325614891e-23,9.754064446298001035e-10,7.821491925356002032e-10,8.018700274555314866e-01
2.837000000000000000e+03,6.013975059975025121e-23,4.822449913614459194e-23,9.746419166512915654e-10,7.815399598247702653e-10,8.018739461873468644e-01
2.838000000000000000e+03,6.000799002834544141e-23,4.811907878961028358e-23,9.738782266301657830e-10,7.809313909125608506e-10,8.018778627126271763e-01
2.839000000000000000e+03,5.987656252588466635e-23,4.801392436102120048e-23,9.731153733852289006e-10,7.803234848705094911e-10,8.018817770352925089e-01
2.840000000000000000e+03,5.974546713790563363e-23,4.790903509006406414e-23,9.723533557340436034e-10,7.797162407698073371e-10,8.018856891599743797e-01
2.841000000000000000e+03,5.961470291315723101e-23,4.780441021891554588e-23,9.715921724987152457e-10,7.791096576842121767e-10,8.018895990902421556e-01
2.842000000000000000e+03,5.948426890349865733e-23,4.770004899215193588e-23,9.708318225044353926e-10,7.785037346887187435e-10,8.018935068284311907e-01
2.843000000000000000e+03,5.935416416365410853e-23,4.759595065655475763e-23,9.700723045756519739e-10,7.778984708565150016e-10,8.018974123756666961e-01
2.844000000000000000e+03,5.922438775123311369e-23,4.749211446126817245e-23,9.693136175365548390e-10,7.772938652616715171e-10,8.019013157342320675e-01
2.845000000000000000e+03,5.909493872679740898e-23,4.738853965788381494e-23,9.685557602123256269e-10,7.766899169806621256e-10,8.019052169081077874e-01
2.846000000000000000e+03,5.896581615400597007e-23,4.728522550047504102e-23,9.677987314316832077e-10,7.760866250930682771e-10,8.019091159015970804e-01
2.847000000000000000e+03,5.883701909961027494e-23,4.718217124541061793e-23,9.670425300269862529e-10,7.754839886786621901e-10,8.019130127162261701e-01
2.848000000000000000e+03,5.870854663338730068e-23,4.707937615152875617e-23,9.662871548333121699e-10,7.748820068203970062e-10,8.019169073545914239e-01
2.849000000000000000e+03,5.858039782819162141e-23,4.697683948014495594e-23,9.655326046894902507e-10,7.742806786046818275e-10,8.019207998197906972e-01
2.850000000000000000e+03,5.845257175972235475e-23,4.687456049484303363e-23,9.647788784344362275e-10,7.736800031180800252e-10,8.019246901150492990e-01
2.851000000000000000e+03,5.832506750671084128e-23,4.677253846135295855e-23,9.640259749104097103e-10,7.730799794454142726e-10,8.019285782390451756e-01
2.852000000000000000e+03,5.819788415069858188e-23,4.667077264779818872e-23,9.632738929595168669e-10,7.724806066739705865e-10,8.019324641931673270e-01
2.853000000000000000e+03,5.807102077631279710e-23,4.656926232477488155e-23,9.625226314284296954e-10,7.718818838949507536e-10,8.019363479791027371e-01
2.854000000000000000e+03,5.794447647097355281e-23,4.646800676525692562e-23,9.617721891637114197e-10,7.712838102020462707e-10,8.019402296012528852e-01
2.855000000000000000e+03,5.781825032513828644e-23,4.636700524465728393e-23,9.610225650160322153e-10,7.706863846925962944e-10,8.019441090644312542e-01
2.856000000000000000e+03,5.769234143237103191e-23,4.626625704046361994e-23,9.602737578415036587e-10,7.700896064616703010e-10,8.019479863665879282e-01
2.857000000000000000e+03,5.756674888882006519e-23,4.616576143244671280e-23,9.595257664931624891e-10,7.694934746056467802e-10,8.019518615096306036e-01
2.858000000000000000e+03,5.744147179354049521e-23,4.606551770264445295e-23,9.587785898264850083e-10,7.688979882220763366e-10,8.019557344946841582e-01
2.859000000000000000e+03,5.731650924850548982e-23,4.596552513524585611e-23,9.580322266997440090e-10,7.683031464078716117e-10,8.019596053198999597e-01
2.860000000000000000e+03,5.719186035820765393e-23,4.586578301668889966e-23,9.572866759675071349e-10,7.677089482610608035e-10,8.019634739877221641e-01
2.861000000000000000e+03,5.706752423017283805e-23,4.576629063564002204e-23,9.565419364893733558e-10,7.671153928805717724e-10,8.019673404973540753e-01
2.862000000000000000e+03,5.694349997493311372e-23,4.566704728323624517e-23,9.557980071297068226e-10,7.665224793704221244e-10,8.019712048493535805e-01
2.863000000000000000e+03,5.681978670581279824e-23,4.556805225306943462e-23,9.550548867542220580e-10,7.659302068396097131e-10,8.019750670483899446e-01
2.864000000000000000e+03,5.669638353881719413e-23,4.546930484084720472e-23,9.543125742282712800e-10,7.653385743965590528e-10,8.019789270988798568e-01
2.865000000000000000e+03,5.657328959299673380e-23,4.537080434461070240e-23,9.535710684231284924e-10,7.647475811529064964e-10,8.019827850036707062e-01
2.866000000000000000e+03,5.645050399011183434e-23,4.527255006448022436e-23,9.528303682105238892e-10,7.641572262193475824e-10,8.019866407642773920e-01
2.867000000000000000e+03,5.632802585456996152e-23,4.517454130271720676e-23,9.520904724617310607e-10,7.635675087067965353e-10,8.019904943828621846e-01
2.868000000000000000e+03,5.620585431343644440e-23,4.507677736365441845e-23,9.513513800478949705e-10,7.629784277253237518e-10,8.019943458608450593e-01
2.869000000000000000e+03,5.608398849657124404e-23,4.497925755407757351e-23,9.506130898424981948e-10,7.623899823907364363e-10,8.019981952037421591e-01
2.870000000000000000e+03,5.596242753664210732e-23,4.488198118283576649e-23,9.498756007217472154e-10,7.618021718181227668e-10,8.020020424140593684e-01
2.871000000000000000e+03,5.584117056918545752e-23,4.478494756102768254e-23,9.491389115657736929e-10,7.612149951251300108e-10,8.020058874937182614e-01
2.872000000000000000e+03,5.572021673250270400e-23,4.468815600198833776e-23,9.484030212570444190e-10,7.606284514318728126e-10,8.020097304453026599e-01
2.873000000000000000e+03,5.559956516771056507e-23,4.459160582133510571e-23,9.476679286813812296e-10,7.600425398618513631e-10,8.020135712721665477e-01
2.874000000000000000e+03,5.547921501852555288e-23,4.449529633667342656e-23,9.469336327244523122e-10,7.594572595370683462e-10,8.020174099762517050e-01
2.875000000000000000e+03,5.535916543144380056e-23,4.439922686765764474e-23,9.462001322749901444e-10,7.588726095791740670e-10,8.020212465565647042e-01
2.876000000000000000e+03,5.523941555558928233e-23,4.430339673616603419e-23,9.454674262223608247e-10,7.582885891125753062e-10,8.020250810145164166e-01
2.877000000000000000e+03,5.511996454288006375e-23,4.420780526633996587e-23,9.447355134595623944e-10,7.577051972652412016e-10,8.020289133522376934e-01
2.878000000000000000e+03,5.500081154781209298e-23,4.411245178452840085e-23,9.440043928796845053e-10,7.571224331678902324e-10,8.020327435747295342e-01
2.879000000000000000e+03,5.488195572772703720e-23,4.401733561925472379e-23,9.432740633806560226e-10,7.565402959535545020e-10,8.020365716853750104e-01
2.880000000000000000e+03,5.476339624277088167e-23,4.392245610095987979e-23,9.425445238647108729e-10,7.559587847532887384e-10,8.020403976818352154e-01
2.881000000000000000e+03,5.464513225538530511e-23,4.382781256218479344e-23,9.418157732297944648e-10,7.553778986994149105e-10,8.020442215667900054e-01
2.882000000000000000e+03,5.452716293082648412e-23,4.373340433757889119e-23,9.410878103786320704e-10,7.547976369257923024e-10,8.020480433405159371e-01
2.883000000000000000e+03,5.440948743689331889e-23,4.363923076372914920e-23,9.403606342142068350e-10,7.542179985649867976e-10,8.020518630017233752e-01
2.884000000000000000e+03,5.429210494379097004e-23,4.354529117931671032e-23,9.396342436375433473e-10,7.536389827510861889e-10,8.020556805524391430e-01
2.885000000000000000e+03,5.417501462452167525e-23,4.345158492509198124e-23,9.389086375546083932e-10,7.530605886193921564e-10,8.020594959917950462e-01
2.886000000000000000e+03,5.405821565484326607e-23,4.335811134413131346e-23,9.381838148757683255e-10,7.524828153109964378e-10,8.020633093213594966e-01
2.887000000000000000e+03,5.394170721303654931e-23,4.326486978166743822e-23,9.374597745119174450e-10,7.519056619699863020e-10,8.020671205454774633e-01
2.888000000000000000e+03,5.382548847989027249e-23,4.317185958492171166e-23,9.367365153743621954e-10,7.513291277406585013e-10,8.020709296684067624e-01
2.889000000000000000e+03,5.370955863899332825e-23,4.307908010325577130e-23,9.360140363800559754e-10,7.507532117702755408e-10,8.020747366927757360e-01
2.890000000000000000e+03,5.359391687638821854e-23,4.298653068789808073e-23,9.352923364457317403e-10,7.501779132044252984e-10,8.020785416196475337e-01
2.891000000000000000e+03,5.347856238055389251e-23,4.289421069209121319e-23,9.345714144877413217e-10,7.496032311896952998e-10,8.020823444515141620e-01
2.892000000000000000e+03,5.336349434241459787e-23,4.280211947096624414e-23,9.338512694223457684e-10,7.490291648715920489e-10,8.020861451898227967e-01
2.893000000000000000e+03,5.324871195549904290e-23,4.271025638194457633e-23,9.331319001686454265e-10,7.484557134016866279e-10,8.020899438401128956e-01
2.894000000000000000e+03,5.313421441590414420e-23,4.261862078430013285e-23,9.324133056481003815e-10,7.478828759300840445e-10,8.020937404043658736e-01
2.895000000000000000e+03,5.302000092236522717e-23,4.252721203940762152e-23,9.316954847859213627e-10,7.473106516098868023e-10,8.020975348845859054e-01
2.896000000000000000e+03,5.290607067616088741e-23,4.243602951069463349e-23,9.309784365095583809e-10,7.467390395964817676e-10,8.021013272833360519e-01
2.897000000000000000e+03,5.279242288114501705e-23,4.234507256368071080e-23,9.302621597494193409e-10,7.461680390483552523e-10,8.021051176039959429e-01
2.898000000000000000e+03,5.267905674357605832e-23,4.225434056569044934e-23,9.295466534360151320e-10,7.455976491221607430e-10,8.021089058479231593e-01
2.899000000000000000e+03,5.256597147224844147e-23,4.216383288595931688e-23,9.288319165024203861e-10,7.450278689746856261e-10,8.021126920144373562e-01
2.900000000000000000e+03,5.245316627839655859e-23,4.207354889576989284e-23,9.281179478827289250e-10,7.444586977653717105e-10,8.021164761048632519e-01
2.901000000000000000e+03,5.234064037580761701e-23,4.198348796848169646e-23,9.274047465141969857e-10,7.438901346569707686e-10,8.021202581213908722e-01
2.902000000000000000e+03,5.222839298064813626e-23,4.189364947949165494e-23,9.266923113343234788e-10,7.433221788149747116e-10,8.021240380689914629e-01
2.903000000000000000e+03,5.211642331170655841e-23,4.180403280618062430e-23,9.259806412852978431e-10,7.427548294067920285e-10,8.021278159506864958e-01
2.904000000000000000e+03,5.200473059034159683e-23,4.171463732770007834e-23,9.252697353132492749e-10,7.421880855980742764e-10,8.021315917642189985e-01
2.905000000000000000e+03,5.189331404001684620e-23,4.162546242513143509e-23,9.245595923601177144e-10,7.416219465556495738e-10,8.021353655122605009e-01
2.906000000000000000e+03,5.178217288679743477e-23,4.153650748149899317e-23,9.238502113726203800e-10,7.410564114478694986e-10,8.021391371950188365e-01
2.907000000000000000e+03,5.167130635907966655e-23,4.144777188160630295e-23,9.231415912975899852e-10,7.404914794418030856e-10,8.021429068112405636e-01
2.908000000000000000e+03,5.156071368747417126e-23,4.135925501218624194e-23,9.224337310800187668e-10,7.399271497060197716e-10,8.021466743629228624e-01
2.909000000000000000e+03,5.145039410516427733e-23,4.127095626187343765e-23,9.217266296696006559e-10,7.393634214102127183e-10,8.021504398492238508e-01
2.910000000000000000e+03,5.134034684786935994e-23,4.118287502143808521e-23,9.210202860202394161e-10,7.388002937295074928e-10,8.021542032715578419e-01
2.911000000000000000e+03,5.123057115363436882e-23,4.109501068364477049e-23,9.203146990864307622e-10,7.382377658420692405e-10,8.021579646341583381e-01
2.912000000000000000e+03,5.112106626280066416e-23,4.100736264308003094e-23,9.196098678228743090e-10,7.376758369261275238e-10,8.021617239411908962e-01
2.913000000000000000e+03,5.101183141829081544e-23,4.091993029630261319e-23,9.189057911897381620e-10,7.371145061627892525e-10,8.021654811952184660e-01
2.914000000000000000e+03,5.090286586529067723e-23,4.083271304159952265e-23,9.182024681470943709e-10,7.365537727317630914e-10,8.021692363974004536e-01
2.915000000000000000e+03,5.079416885122851822e-23,4.074571027909958808e-23,9.174998976546730491e-10,7.359936358135063033e-10,8.021729895500416818e-01
2.916000000000000000e+03,5.068573962578292062e-23,4.065892141066901301e-23,9.167980786721349307e-10,7.354340945874456912e-10,8.021767406544177970e-01
2.917000000000000000e+03,5.057757744101234310e-23,4.057234584027375713e-23,9.160970101615490857e-10,7.348751482386382627e-10,8.021804897158727465e-01
2.918000000000000000e+03,5.046968155134189651e-23,4.048598297360256702e-23,9.153966910873011036e-10,7.343167959510776846e-10,8.021842367366021076e-01
2.919000000000000000e+03,5.036205121362625631e-23,4.039983221825976898e-23,9.146971204173818408e-10,7.337590369112923121e-10,8.021879817184441874e-01
2.920000000000000000e+03,5.025468568705634009e-23,4.031389298373846190e-23,9.139982971218464861e-10,7.332018703079785407e-10,8.021917246638309296e-01
2.921000000000000000e+03,5.014758423320960696e-23,4.022816468146516834e-23,9.133002201738740757e-10,7.326452953329332457e-10,8.021954655758786190e-01
2.922000000000000000e+03,5.004074611585451995e-23,4.014264672455493802e-23,9.126028885463532025e-10,7.320893111767116009e-10,8.021992044566348401e-01
2.923000000000000000e+03,4.993417060112527151e-23,4.005733852784702398e-23,9.119063012152005604e-10,7.315339170293728852e-10,8.022029413049733826e-01
2.924000000000000000e+03,4.982785695736028230e-23,3.997223950805924268e-23,9.112104571565571127e-10,7.309791120834034289e-10,8.022066761222564901e-01
2.925000000000000000e+03,4.972180445528222818e-23,3.988734908383083249e-23,9.105153553502159288e-10,7.304248955346203085e-10,8.022104089103181401e-01
2.926000000000000000e+03,4.961601236778113799e-23,3.980266667565614996e-23,9.098209947757978175e-10,7.298712665810806054e-10,8.022141396736384156e-01
2.927000000000000000e+03,4.951047997014116991e-23,3.971819170590445336e-23,9.091273744170430503e-10,7.293182244235621016e-10,8.022178684160957696e-01
2.928000000000000000e+03,4.940520654004743520e-23,3.963392359855213685e-23,9.084344932620928101e-10,7.287657682607603588e-10,8.022215951354281227e-01
2.929000000000000000e+03,4.930019135715588484e-23,3.954986177936237537e-23,9.077423502957275482e-10,7.282138972926836740e-10,8.022253198338091806e-01
2.930000000000000000e+03,4.919543370343120535e-23,3.946600567586981975e-23,9.070509445057014301e-10,7.276626107204810266e-10,8.022290425120738311e-01
2.931000000000000000e+03,4.909093286308927251e-23,3.938235471727293902e-23,9.063602748818273706e-10,7.271119077445635506e-10,8.022327631684492699e-01
2.932000000000000000e+03,4.898668812230333649e-23,3.929890833453088704e-23,9.056703404106855593e-10,7.265617875664912308e-10,8.022364818053159263e-01
2.933000000000000000e+03,4.888269876961167158e-23,3.921566596033330992e-23,9.049811400832749844e-10,7.260122493885221921e-10,8.022401984219424964e-01
2.934000000000000000e+03,4.877896409589162124e-23,3.913262702927912695e-23,9.042926728946886614e-10,7.254632924170326784e-10,8.022439130185433642e-01
2.935000000000000000e+03,4.867548339420721882e-23,3.904979097790704058e-23,9.036049378414389442e-10,7.249149158632115736e-10,8.022476255994261951e-01
2.936000000000000000e+03,4.857225595969190255e-23,3.896715724438863247e-23,9.029179339194122178e-10,7.243671189374876859e-10,8.022513361686527400e-01
2.937000000000000000e+03,4.846928108984222458e-23,3.888472526871044754e-23,9.022316601294572271e-10,7.238199008530143500e-10,8.022550447289298337e-01
2.938000000000000000e+03,4.836655808429752224e-23,3.880249449251686567e-23,9.015461154734370472e-10,7.232732608228576328e-10,8.022587512820003042e-01
2.939000000000000000e+03,4.826408624475786257e-23,3.872046435907643551e-23,9.008612989528291837e-10,7.227271980594672482e-10,8.022624558292970054e-01
2.940000000000000000e+03,4.816186487499402824e-23,3.863863431331289581e-23,9.001772095690336973e-10,7.221817117753506061e-10,8.022661583724167711e-01
2.941000000000000000e+03,4.805989328090778506e-23,3.855700380196950365e-23,8.994938463246249351e-10,7.216368011862477382e-10,8.022698589155339288e-01
2.942000000000000000e+03,4.795817077060923545e-23,3.847557227350995787e-23,8.988112082249329964e-10,7.210924655093950459e-10,8.022735574620663002e-01
2.943000000000000000e+03,4.785669665442867326e-23,3.839433917806772353e-23,8.981292942784085192e-10,7.205487039626822998e-10,8.022772540134087693e-01
2.944000000000000000e+03,4.775547024485522300e-23,3.831330396753706807e-23,8.974481034956141406e-10,7.200055157664665437e-10,8.022809485718470635e-01
2.945000000000000000e+03,4.765449085658215511e-23,3.823246609558710256e-23,8.967676348902142181e-10,7.194629001439500122e-10,8.022846411400981204e-01
2.946000000000000000e+03,4.755375780634180542e-23,3.815182501752491897e-23,8.960878874760080430e-10,7.189208563187189589e-10,8.022883317212201604e-01
2.947000000000000000e+03,4.745327041303677211e-23,3.807138019018355957e-23,8.954088602695286353e-10,7.183793835127288504e-10,8.022920203140363471e-01
2.948000000000000000e+03,4.735302799757394762e-23,3.799113107210191469e-23,8.947305522870471088e-10,7.178384809497896925e-10,8.022957069196995361e-01
2.949000000000000000e+03,4.725302988307308662e-23,3.791107712358560151e-23,8.940529625486389877e-10,7.172981478568273769e-10,8.022993915394630582e-01
2.950000000000000000e+03,4.715327539466862944e-23,3.783121780664269392e-23,8.933760900745768720e-10,7.167583834627840480e-10,8.023030741766895568e-01
2.951000000000000000e+03,4.705376385962646390e-23,3.775155258504908588e-23,8.926999338876677398e-10,7.162191869999677517e-10,8.023067548362703416e-01
2.952000000000000000e+03,4.695449460743875833e-23,3.767208092409348558e-23,8.920244930151928925e-10,7.156805576993269588e-10,8.023104335175890167e-01
2.953000000000000000e+03,4.685546696959419356e-23,3.759280229068663059e-23,8.913497664846878861e-10,7.151424947926151941e-10,8.023141102207270725e-01
2.954000000000000000e+03,4.675668027946530943e-23,3.751371615333107178e-23,8.906757533219181100e-10,7.146049975119160269e-10,8.023177849477568513e-01
2.955000000000000000e+03,4.665813387266157037e-23,3.743482198215124249e-23,8.900024525577218457e-10,7.140680650903147429e-10,8.023214576973352052e-01
2.956000000000000000e+03,4.655982708658519902e-23,3.735611924881558787e-23,8.893298632196800407e-10,7.135316967605128153e-10,8.023251284706471864e-01
2.957000000000000000e+03,4.646175926070716464e-23,3.727760742659302391e-23,8.886579843374927759e-10,7.129958917560002277e-10,8.023287972678813107e-01
2.958000000000000000e+03,4.636392973665158949e-23,3.719928599043197765e-23,8.879868149447288558e-10,7.124606493126693029e-10,8.023324640884618164e-01
2.959000000000000000e+03,4.626633785815426563e-23,3.712115441713105136e-23,8.873163540781758517e-10,7.119259686721988022e-10,8.023361289354478121e-01
2.960000000000000000e+03,4.616898297084403652e-23,3.704321218503372898e-23,8.866466007737815396e-10,7.113918490763245622e-10,8.023397918127570527e-01
2.961000000000000000e+03,4.607186442241171548e-23,3.696545877410076312e-23,8.859775540700147352e-10,7.108582897683256288e-10,8.023434527238031411e-01
2.962000000000000000e+03,4.597498156266222482e-23,3.688789366592508613e-23,8.853092130090049421e-10,7.103252899934159262e-10,8.023471116709036677e-01
2.963000000000000000e+03,4.587833374329413184e-23,3.681051634352123213e-23,8.846415766324330218e-10,7.097928489947903346e-10,8.023507686545326978e-01
2.964000000000000000e+03,4.578192031789840279e-23,3.673332629150849071e-23,8.839746439816218733e-10,7.092609660172409163e-10,8.023544236773229033e-01
2.965000000000000000e+03,4.568574064197636445e-23,3.665632299598453545e-23,8.833084140979983102e-10,7.087296403048174423e-10,8.023580767410052328e-01
2.966000000000000000e+03,4.558979407308276767e-23,3.657950594483272166e-23,8.826428860259804381e-10,7.081988711068649840e-10,8.023617278506216532e-01
2.967000000000000000e+03,4.549407997076647191e-23,3.650287462735275189e-23,8.819780588119644615e-10,7.076686576709923605e-10,8.023653770074858915e-01
2.968000000000000000e+03,4.539859769661750028e-23,3.642642853450285131e-23,8.813139315053680689e-10,7.071389992478540699e-10,8.023690242136457540e-01
2.969000000000000000e+03,4.530334661420986940e-23,3.635016715883431618e-23,8.806505031576552904e-10,7.066098950899905822e-10,8.023726694714581331e-01
2.970000000000000000e+03,4.520832608911134595e-23,3.627408999452160650e-23,8.799877728226562026e-10,7.060813444525197588e-10,8.023763127840826126e-01
2.971000000000000000e+03,4.511353548876530365e-23,3.619819653713307172e-23,8.793257395543950628e-10,7.055533465887761628e-10,8.023799541525085122e-01
2.972000000000000000e+03,4.501897418258451009e-23,3.612248628373521120e-23,8.786644024090380094e-10,7.050259007524263674e-10,8.023835935761751692e-01
2.973000000000000000e+03,4.492464154188063229e-23,3.604695873298540310e-23,8.780037604436440184e-10,7.044990061993744690e-10,8.023872310562771837e-01
2.974000000000000000e+03,4.483053693995816461e-23,3.597161338516083916e-23,8.773438127181239782e-10,7.039726621884346889e-10,8.023908665947467878e-01
2.975000000000000000e+03,4.473665975196301329e-23,3.589644974211652428e-23,8.766845582924071816e-10,7.034468679806194809e-10,8.023945001960369749e-01
2.976000000000000000e+03,4.464300935507604164e-23,3.582146730727475587e-23,8.760259962303529601e-10,7.029216228390375812e-10,8.023981318634324511e-01
2.977000000000000000e+03,4.454958512849990447e-23,3.574666558541967679e-23,8.753681255996330172e-10,7.023969260249628328e-10,8.024017615946619220e-01
2.978000000000000000e+03,4.445638645308582863e-23,3.567204408284924331e-23,8.747109454645264785e-10,7.018727768009013706e-10,8.024053893919926850e-01
2.979000000000000000e+03,4.436341271166174054e-23,3.559760230736471025e-23,8.740544548924752981e-10,7.013491744304836753e-10,8.024090152561059730e-01
2.980000000000000000e+03,4.427066328895066333e-23,3.552333976816947975e-23,8.733986529526091888e-10,7.008261181765654691e-10,8.024126391852729467e-01
2.981000000000000000e+03,4.417813757132844159e-23,3.544925597596207695e-23,8.727435387110823911e-10,7.003036073031499808e-10,8.024162611818340674e-01
2.982000000000000000e+03,4.408583494717443249e-23,3.537535044290252501e-23,8.720891112381046056e-10,6.997816410748195688e-10,8.024198812450940022e-01
2.983000000000000000e+03,4.399375480684514532e-23,3.530162268275780076e-23,8.714353696075574906e-10,6.992602187597099528e-10,8.024234993750770650e-01
2.984000000000000000e+03,4.390189654255704468e-23,3.522807221095286292e-23,8.707823128948069771e-10,6.987393396306360063e-10,8.024271155758370133e-01
2.985000000000000000e+03,4.381025954826832516e-23,3.515469854428758127e-23,8.701299401744770148e-10,6.982190029595890411e-10,8.024307298512028952e-01
2.986000000000000000e+03,4.371884321992713457e-23,3.508150120109438227e-23,8.694782505254919619e-10,6.976992080209556775e-10,8.024343422038249241e-01
2.987000000000000000e+03,4.362764695531880088e-23,3.500847970113314216e-23,8.688272430281751462e-10,6.971799540895288880e-10,8.024379526355622794e-01
2.988000000000000000e+03,4.353667015397225692e-23,3.493563356551151788e-23,8.681769167625018588e-10,6.966612404390105939e-10,8.024415611473679766e-01
2.989000000000000000e+03,4.344591221716777519e-23,3.486296231677177492e-23,8.675272708083634324e-10,6.961430663438252589e-10,8.024451677411339467e-01
2.990000000000000000e+03,4.335537254796476824e-23,3.479046547892538804e-23,8.668783042462316733e-10,6.956254310799057104e-10,8.024487724199836913e-01
2.991000000000000000e+03,4.326505055130764203e-23,3.471814257752453479e-23,8.662300161593929735e-10,6.951083339262210458e-10,8.024523751879729661e-01
2.992000000000000000e+03,4.317494563400206259e-23,3.464599313947182415e-23,8.655824056336009980e-10,6.945917741610705529e-10,8.024559760461322799e-01
2.993000000000000000e+03,4.308505720469532535e-23,3.457401669318507733e-23,8.649354717568087814e-10,6.940757510654739097e-10,8.024595749966247915e-01
2.994000000000000000e+03,4.299538467388435433e-23,3.450221276856604784e-23,8.642892136194532784e-10,6.935602639226480962e-10,8.024631720418794467e-01
2.995000000000000000e+03,4.290592745383953601e-23,3.443058089695944377e-23,8.636436303130485364e-10,6.930453120172836112e-10,8.024667671850627126e-01
2.996000000000000000e+03,4.281668495861970686e-23,3.435912061097890174e-23,8.629987209306030078e-10,6.925308946321332829e-10,8.024703604257396039e-01
2.997000000000000000e+03,4.272765660402172465e-23,3.428783144466168192e-23,8.623544845657207151e-10,6.920170110512082881e-10,8.024739517644025044e-01
2.998000000000000000e+03,4.263884180766542143e-23,3.421671293351802710e-23,8.617109203144302506e-10,6.915036605608696168e-10,8.024775412020384024e-01
